student_id,semester,hostel_resident,internet_access,attendance_percentage,avg_assignment_score,lms_login_frequency,library_visits_per_month,disciplinary_actions,dropout,engagement_index,academic_risk_score,attendance_volatility,resource_utilization_score,composite_dropout_risk
S00001,1,0,1,56.68,23.61,28,2,3,0,43.1283,91.39,0.2133,0.3769,0.7204
S00002,7,1,1,62.94,33.13,27,4,2,1,48.8853,76.87,0.1264,0.6538,0.5729
S00003,6,1,1,80.01,49.4,38,2,0,0,58.3925,50.6,0.1105,0.5769,0.4538
S00004,4,0,0,71.64,41.19,38,4,1,0,58.8907,63.81,0.0057,0.1538,0.6107
S00005,4,0,1,64.84,33.66,6,1,0,0,31.4184,66.34,0.1001,0.3385,0.6708
S00006,7,0,1,58.45,25.18,20,0,0,1,35.2444,74.82,0.1888,0.3,0.7009
S00007,1,1,1,56.8,24.6,16,3,0,0,37.9808,75.4,0.2117,0.6154,0.6148
S00008,6,1,0,70.02,48.35,23,6,1,0,53.1905,56.65,0.0282,0.4308,0.5327
S00009,2,1,1,100.0,54.09,29,4,0,0,64.8957,45.91,0.3879,0.6538,0.3931
S00010,1,0,1,80.49,49.6,21,1,1,0,46.5767,55.4,0.1171,0.3385,0.574
S00011,5,0,1,72.05,29.16,6,5,2,0,41.9947,80.84,0.0,0.4923,0.6533
S00012,8,0,1,82.61,63.89,27,4,0,0,56.7533,36.11,0.1466,0.4538,0.4324
S00013,6,0,0,60.62,32.32,26,2,0,0,43.5179,67.68,0.1586,0.0769,0.6992
S00014,7,1,0,71.93,24.84,18,2,1,0,43.2961,80.16,0.0017,0.2769,0.6999
S00015,6,0,1,63.17,17.19,17,6,2,1,46.8912,92.81,0.1232,0.5308,0.6744
S00016,7,0,0,100.0,47.21,27,5,0,0,65.6323,52.79,0.3879,0.1923,0.5334
S00017,5,0,1,54.99,36.35,8,4,0,0,34.4341,63.65,0.2368,0.4538,0.6206
S00018,2,0,0,76.7,47.89,22,1,0,0,45.6539,52.11,0.0645,0.0385,0.639
S00019,7,1,1,61.72,33.13,21,2,0,0,40.9918,66.87,0.1434,0.5769,0.5798
S00020,4,0,1,83.08,72.61,36,4,0,0,62.2802,27.39,0.1531,0.4538,0.3781
S00021,5,1,0,76.4,24.45,14,2,0,0,42.7112,75.55,0.0604,0.2769,0.6835
S00022,3,1,0,90.82,60.51,29,0,0,0,53.5314,39.49,0.2605,0.2,0.5206
S00023,2,1,1,72.05,45.44,36,0,0,1,50.1759,54.56,0.0,0.5,0.5176
S00024,8,1,1,61.6,46.57,9,1,0,0,31.9021,53.43,0.145,0.5385,0.5674
S00025,7,1,0,72.05,99.0498594680401,43,5,0,0,63.9439,0.9501,0.0,0.3923,0.2819
S00026,6,1,1,80.33,53.83,22,6,1,0,56.7213,51.17,0.1149,0.7308,0.4235
S00027,4,0,1,63.74,35.93,25,1,2,0,42.2496,74.07,0.1153,0.3385,0.6638
S00028,7,0,1,75.08,66.23,22,2,0,0,46.929,33.77,0.0421,0.3769,0.4766
S00029,5,1,1,81.46,49.31,29,3,1,0,55.5566,55.69,0.1306,0.6154,0.4745
S00030,4,0,1,72.05,51.37,38,4,0,0,59.0547,48.63,0.0,0.4538,0.4744
S00031,4,0,0,79.44,47.11,24,5,0,0,55.6287,52.89,0.1026,0.1923,0.5688
S00032,2,1,1,86.5,59.52,36,3,1,0,61.7252,45.48,0.2006,0.6154,0.412
S00033,1,0,1,85.02,64.55,29,4,1,0,58.9037,40.45,0.18,0.4538,0.4422
S00034,5,0,1,59.29,44.44,12,5,0,0,40.45,55.56,0.1771,0.4923,0.5576
S00035,8,1,0,100.0,35.64,31,4,1,0,66.0821,69.36,0.3879,0.3538,0.5577
S00036,1,0,1,100.0,52.79,31,3,0,0,64.1591,47.21,0.3879,0.4154,0.4604
S00037,7,1,0,84.01,34.82,15,7,0,0,55.9638,65.18,0.166,0.4692,0.5475
S00038,7,0,1,72.58,49.64,26,0,0,0,44.4557,50.36,0.0074,0.3,0.5708
S00039,3,1,1,72.84,37.32,28,6,0,0,57.2846,62.68,0.011,0.7308,0.4675
S00040,6,1,0,67.14,60.36,27,2,0,0,46.7191,39.64,0.0681,0.2769,0.5258
S00041,2,0,1,69.08,35.67,33,2,0,0,51.0544,64.33,0.0412,0.3769,0.5844
S00042,7,0,0,39.2,9.88,18,3,0,1,32.1272,90.12,0.4559,0.1154,0.8192
S00043,6,0,1,94.95,52.8,26,2,0,0,57.2499,47.2,0.3178,0.3769,0.4942
S00044,3,0,1,89.66,56.42,26,2,0,0,55.1339,43.58,0.2444,0.3769,0.4871
S00045,1,0,1,46.85,18.8,20,2,0,0,34.4506,81.2,0.3498,0.3769,0.71
S00046,8,1,0,85.35,61.81,30,0,1,0,51.9366,43.19,0.1846,0.2,0.541
S00047,4,0,1,71.88,96.47047268900027,22,2,1,0,45.649,8.5295,0.0024,0.3769,0.3801
S00048,8,1,1,69.01,31.1,14,4,1,0,43.6014,73.9,0.0422,0.6538,0.5795
S00049,6,0,1,79.39,43.41,21,1,1,0,46.1367,61.59,0.1019,0.3385,0.6003
S00050,7,1,0,45.86,21.6,18,5,1,1,38.6374,83.4,0.3635,0.3923,0.7003
S00051,7,0,0,71.83,51.82,7,2,0,0,36.7307,48.18,0.0031,0.0769,0.6449
S00052,2,0,0,73.19,18.22,4,3,0,0,37.4181,81.78,0.0158,0.1154,0.7673
S00053,3,1,1,73.21,28.39,28,3,3,0,51.6634,86.61,0.0161,0.6154,0.6118
S00054,4,0,1,51.49,18.78,11,11,1,0,48.2753,86.22,0.2854,0.7231,0.5951
S00055,4,1,0,78.7,34.43,29,1,0,0,50.6065,65.57,0.0923,0.2385,0.6255
S00056,1,0,0,87.9,39.7,41,1,0,0,61.4051,60.3,0.22,0.0385,0.6167
S00057,5,0,0,78.11,41.095,17,0,0,0,41.3287,58.905,0.0841,0.0,0.691
S00058,2,0,0,68.56,19.61,8,4,1,0,39.8621,85.39,0.0484,0.1538,0.7636
S00059,6,1,0,100.0,53.6,30,2,0,0,61.6428,46.4,0.3879,0.2769,0.5006
S00060,6,0,1,58.13,24.28,12,0,1,1,30.3706,80.72,0.1932,0.3,0.7416
S00061,8,0,1,83.6,99.31890216562122,26,1,0,0,50.7868,0.6811,0.1603,0.3385,0.3403
S00062,6,0,0,75.65,31.61,28,5,1,0,56.4856,73.39,0.05,0.1923,0.6478
S00063,3,0,1,100.0,61.83,35,1,0,0,62.6858,38.17,0.3879,0.3385,0.4487
S00064,8,0,1,77.8,42.97,25,2,1,0,49.7967,62.03,0.0798,0.3769,0.5796
S00065,4,1,1,81.02,42.56,34,4,1,0,60.2698,62.44,0.1245,0.6538,0.4754
S00066,3,0,1,79.59,46.28,31,3,0,0,55.9951,53.72,0.1046,0.4154,0.515
S00067,8,1,0,56.13,33.95,15,7,0,0,44.8118,66.05,0.221,0.4692,0.5901
S00068,3,0,0,58.97,19.84,23,3,1,0,43.0013,85.16,0.1815,0.1154,0.7613
S00069,1,0,1,67.86,33.33,9,1,0,0,34.4061,66.67,0.0582,0.3385,0.6616
S00070,4,0,1,86.36,52.73,36,1,0,0,57.823,47.27,0.1986,0.3385,0.5021
S00071,7,0,1,75.5,50.31,24,1,0,0,46.3604,49.69,0.0479,0.3385,0.5519
S00072,2,0,0,68.9,37.86,12,6,0,0,46.2171,62.14,0.0437,0.2308,0.6291
S00073,4,0,1,92.58,66.46,26,3,0,1,58.225,33.54,0.2849,0.4154,0.4265
S00074,2,0,1,42.26,37.99,22,1,1,0,31.8779,67.01,0.4135,0.3385,0.6718
S00075,6,1,1,52.56,23.28,9,3,2,0,32.1322,86.72,0.2705,0.6154,0.6806
S00076,4,0,1,34.55,33.83,12,0,0,0,20.9386,66.17,0.5205,0.3,0.7164
S00077,3,0,1,90.12,56.07,36,0,0,0,57.4039,43.93,0.2508,0.3,0.4998
S00078,2,0,1,70.55,49.89,22,3,0,0,47.0401,50.11,0.0208,0.4154,0.5319
S00079,5,0,1,86.49,44.42,21,1,0,0,48.9767,55.58,0.2004,0.3385,0.5663
S00080,6,1,1,70.36,42.47,21,4,0,0,48.2939,57.53,0.0235,0.6538,0.4976
S00081,8,0,1,87.35,25.8,17,3,0,0,50.794,74.2,0.2124,0.4154,0.6152
S00082,4,1,1,70.1,39.12,18,2,0,0,42.5641,60.88,0.0271,0.5769,0.5503
S00083,2,0,1,78.15,45.23,22,0,0,0,44.3108,54.77,0.0847,0.3,0.589
S00084,7,0,1,75.95,47.93,23,4,0,0,51.7164,52.07,0.0541,0.4538,0.5138
S00085,6,1,1,77.07,20.7,22,0,0,0,43.8788,79.3,0.0697,0.5,0.6386
S00086,6,0,0,97.27,51.17,32,4,0,0,65.5834,48.83,0.35,0.1538,0.5273
S00087,1,1,1,47.63,22.59,23,3,1,1,38.4653,82.41,0.3389,0.6154,0.6412
S00088,3,0,1,70.97,43.94,32,0,0,0,47.3711,56.06,0.015,0.3,0.5834
S00089,7,1,1,74.97,15.47,14,4,1,0,45.9854,89.53,0.0405,0.6538,0.6337
S00090,7,0,1,72.72,30.25,17,3,0,0,44.942,69.75,0.0093,0.4154,0.6179
S00091,4,0,1,66.03,40.67,27,0,0,0,42.4289,59.33,0.0836,0.3,0.6138
S00092,7,1,1,63.98,33.42,25,2,0,0,44.2687,66.58,0.112,0.5769,0.5672
S00093,7,0,1,94.95,67.84,26,2,0,0,57.2499,32.16,0.3178,0.3769,0.434
S00094,4,0,0,70.94,33.66,18,2,0,0,42.9001,66.34,0.0154,0.0769,0.696
S00095,8,1,1,100.0,55.75,33,8,0,0,74.9609,44.25,0.3879,0.8077,0.3127
S00096,3,1,0,79.92,20.36,22,7,0,0,58.4804,79.64,0.1092,0.4692,0.5966
S00097,2,1,1,67.66,29.5,25,5,1,0,51.5099,75.5,0.0609,0.6923,0.5486
S00098,6,1,1,80.29,57.49,22,1,1,0,47.0899,47.51,0.1144,0.5385,0.4906
S00099,6,1,0,73.63,33.43,20,2,0,0,45.1626,66.57,0.0219,0.2769,0.639
S00100,2,1,1,92.13,44.66,18,6,0,0,59.0684,55.34,0.2787,0.7308,0.4319
S00101,7,1,1,54.48,29.8,27,5,0,0,47.4243,70.2,0.2439,0.6923,0.5417
S00102,2,0,1,44.98,31.8,14,0,0,1,26.2971,68.2,0.3757,0.3,0.7058
S00103,7,0,1,77.41,33.92,30,1,0,0,50.6837,66.08,0.0744,0.3385,0.6023
S00104,1,1,1,84.54,35.86,16,3,0,0,49.0768,64.14,0.1734,0.6154,0.5309
S00105,7,1,1,76.29,41.23,13,6,0,0,49.7663,58.77,0.0588,0.7308,0.4782
S00106,7,0,1,82.09,43.99,29,2,0,0,53.8855,56.01,0.1393,0.3769,0.5412
S00107,7,0,1,79.88,29.0,33,1,0,0,53.4513,71.0,0.1087,0.3385,0.6123
S00108,6,0,1,49.79,21.5,5,6,1,0,34.4206,83.5,0.309,0.5308,0.6808
S00109,4,0,1,76.22,24.94,23,0,0,0,44.1321,75.06,0.0579,0.3,0.6708
S00110,6,1,0,91.75,44.48,17,3,1,0,52.554,60.52,0.2734,0.3154,0.5793
S00111,3,0,1,74.58,41.095,18,2,0,0,44.3561,58.905,0.0351,0.3769,0.5861
S00112,7,1,1,52.35,21.27,13,3,2,0,34.4211,88.73,0.2734,0.6154,0.6806
S00113,5,1,0,66.99,49.23,25,1,0,0,43.5496,50.77,0.0702,0.2385,0.591
S00114,4,1,0,80.35,43.12,9,5,1,0,47.0944,61.88,0.1152,0.3923,0.5846
S00115,5,0,1,98.93,69.13,43,2,0,0,68.9266,30.87,0.3731,0.3769,0.388
S00116,5,1,1,42.65,5.0,10,6,1,1,34.5307,100.0,0.408,0.7308,0.6964
S00117,1,1,1,77.42,45.43,35,6,0,0,63.2692,54.57,0.0745,0.7308,0.4141
S00118,2,1,0,58.02,40.8,23,2,0,0,40.6982,59.2,0.1947,0.2769,0.6251
S00119,2,0,1,79.62,42.08,32,6,0,0,62.3695,57.92,0.1051,0.5308,0.4807
S00120,1,0,1,80.82,35.2,42,1,1,0,59.1663,69.8,0.1217,0.3385,0.5875
S00121,4,1,1,68.5,44.62,15,6,0,0,47.8368,55.38,0.0493,0.7308,0.4714
S00122,6,0,1,81.47,54.84,27,5,1,0,58.2203,50.16,0.1307,0.4923,0.4738
S00123,6,0,1,89.1,59.29,21,0,0,0,48.0976,40.71,0.2366,0.3,0.5195
S00124,4,1,0,69.53,18.94,21,6,1,1,51.8081,86.06,0.035,0.4308,0.6552
S00125,7,1,1,51.94,28.8,21,4,1,0,40.9259,76.2,0.2791,0.6538,0.5981
S00126,5,0,1,93.38,52.07,22,4,0,0,58.0952,47.93,0.296,0.4538,0.4749
S00127,1,0,0,84.43,35.38,24,2,1,0,51.8554,69.62,0.1718,0.0769,0.6778
S00128,7,0,1,80.46,41.41,16,3,0,1,47.4448,58.59,0.1167,0.4154,0.5645
S00129,5,1,1,61.64,36.83,19,2,0,0,39.7733,63.17,0.1445,0.5769,0.5692
S00130,6,1,1,86.78,41.95,22,1,0,0,49.6859,58.05,0.2044,0.5385,0.5237
S00131,5,0,0,100.0,99.74112311070684,28,0,0,0,56.6102,0.2589,0.3879,0.0,0.4029
S00132,5,0,1,70.18,21.18,27,2,1,0,47.9351,83.82,0.026,0.3769,0.6733
S00133,1,0,0,73.42,46.77,27,4,0,0,53.0773,53.23,0.019,0.1538,0.5887
S00134,5,0,1,56.02,20.39,23,2,0,0,39.8982,79.61,0.2225,0.3769,0.6846
S00135,7,1,1,61.21,33.2,16,2,0,0,37.8217,66.8,0.1505,0.5769,0.5906
S00136,3,0,1,72.05,38.86,25,6,1,0,55.189,66.14,0.0,0.5308,0.5387
S00137,5,0,1,73.96,53.93,23,3,0,0,48.9973,46.07,0.0265,0.4154,0.5089
S00138,1,0,1,66.89,32.5,18,7,1,0,50.8955,72.5,0.0716,0.5692,0.5696
S00139,3,0,1,77.59,40.31,16,0,0,0,40.5275,59.69,0.0769,0.3,0.6219
S00140,4,1,1,58.62,1.05,1,0,2,0,24.0412,100.0,0.1864,0.5,0.7909
S00141,8,1,1,69.49,43.45,9,3,1,0,38.9042,61.55,0.0355,0.6154,0.5562
S00142,2,1,0,57.7,38.18,19,3,0,0,40.1204,61.82,0.1992,0.3154,0.628
S00143,3,0,1,74.81,39.23,16,3,0,0,45.1848,60.77,0.0383,0.4154,0.5811
S00144,4,1,1,47.52,20.34,0,4,0,1,26.7003,79.66,0.3405,0.6538,0.6617
S00145,8,0,1,74.27,32.85,20,1,1,0,43.4955,72.15,0.0308,0.3385,0.6517
S00146,7,1,1,67.82,33.77,23,5,0,0,50.3875,66.23,0.0587,0.6923,0.5155
S00147,1,1,0,74.71,35.82,27,5,1,0,55.5163,69.18,0.0369,0.3923,0.5843
S00148,2,0,0,47.22,99.369103199268,13,9,1,0,43.9076,5.6309,0.3446,0.3462,0.3823
S00149,7,1,1,81.82,46.84,25,1,1,0,49.4816,58.16,0.1356,0.5385,0.5248
S00150,1,0,0,67.52,48.98,16,0,0,0,36.4995,51.02,0.0629,0.0,0.6763
S00151,7,1,1,75.26,39.76,29,2,1,0,51.1535,65.24,0.0446,0.5769,0.5377
S00152,3,0,0,72.05,24.24,11,1,2,1,37.2685,85.76,0.0,0.0385,0.803
S00153,8,0,0,53.36,26.91,15,4,1,0,37.9346,78.09,0.2594,0.1538,0.7411
S00154,3,0,1,66.15,38.89,29,5,0,0,53.2788,61.11,0.0819,0.4923,0.5349
S00155,4,0,1,92.63,96.56766563231412,36,4,0,0,66.1002,3.4323,0.2856,0.4538,0.2689
S00156,6,0,0,79.91,59.6,24,7,0,0,59.6628,40.4,0.1091,0.2692,0.4855
S00157,2,0,1,73.95,39.0,21,0,0,0,42.0376,61.0,0.0264,0.3,0.6219
S00158,5,1,1,58.14,39.69,15,6,1,0,43.6928,65.31,0.1931,0.7308,0.5256
S00159,5,0,1,55.41,21.61,0,4,0,0,29.8563,78.39,0.231,0.4538,0.6956
S00160,7,0,1,76.15,64.14,33,2,1,0,53.8824,40.86,0.0569,0.3769,0.4806
S00161,8,1,1,82.51,56.39,21,4,1,0,53.1539,48.61,0.1452,0.6538,0.445
S00162,6,1,1,75.13,53.04,30,6,1,0,59.3871,51.96,0.0427,0.7308,0.4173
S00163,4,0,1,97.64,41.095,22,0,0,0,52.1068,58.905,0.3552,0.3,0.5782
S00164,4,0,1,61.76,46.0,30,1,1,0,44.4237,59.0,0.1428,0.3385,0.5959
S00165,4,1,1,74.69,39.03,28,4,1,0,54.1785,65.97,0.0366,0.6538,0.5108
S00166,7,1,1,46.6,31.6,21,3,0,0,36.8669,68.4,0.3532,0.6154,0.5907
S00167,3,0,1,75.17,62.98,19,7,0,0,54.8007,37.02,0.0433,0.5692,0.414
S00168,2,1,1,94.04,51.95,20,8,0,0,64.865,48.05,0.3052,0.8077,0.3632
S00169,3,0,1,56.38,25.56,18,3,2,1,38.9992,84.44,0.2175,0.4154,0.6974
S00170,1,0,1,84.63,25.23,12,2,0,0,44.8168,74.77,0.1746,0.3769,0.648
S00171,1,1,1,93.62,96.2210326666896,26,2,0,0,56.7179,3.779,0.2994,0.5769,0.2724
S00172,1,1,1,61.65,17.6,9,8,1,0,45.3836,87.4,0.1443,0.8077,0.5888
S00173,7,1,1,79.0,44.27,18,7,0,0,55.7395,55.73,0.0965,0.7692,0.4355
S00174,6,0,0,95.69,42.6,36,5,0,0,69.2473,57.4,0.3281,0.1923,0.5392
S00175,6,0,1,75.46,29.14,28,3,0,0,52.5634,70.86,0.0473,0.4154,0.5956
S00176,4,0,0,83.8,47.95,25,4,0,0,56.0428,52.05,0.1631,0.1538,0.5736
S00177,6,0,1,45.39,10.41,15,2,0,1,30.9005,89.59,0.37,0.3769,0.756
S00178,2,0,1,80.96,44.85,21,1,0,0,46.7647,55.15,0.1237,0.3385,0.5723
S00179,8,0,1,79.76,70.33,45,2,0,0,62.4451,29.67,0.107,0.3769,0.4059
S00180,5,0,1,52.11,33.83,18,1,3,1,33.445,81.17,0.2768,0.3385,0.723
S00181,8,1,1,57.54,36.03,12,3,0,0,35.9039,63.97,0.2014,0.6154,0.5764
S00182,2,0,0,81.06,54.87,33,1,0,0,53.9233,45.13,0.1251,0.0385,0.5822
S00183,4,0,0,67.46,23.24,31,0,1,0,45.3738,81.76,0.0637,0.0,0.7682
S00184,6,1,1,88.68,24.38,22,5,0,0,58.1382,75.62,0.2308,0.6923,0.5259
S00185,4,0,0,76.66,41.55,13,6,0,0,49.9143,58.45,0.064,0.2308,0.6014
S00186,4,1,1,72.85,42.41,13,4,0,0,44.5442,57.59,0.0111,0.6538,0.511
S00187,2,0,1,69.44,40.39,16,3,1,0,43.0368,64.61,0.0362,0.4154,0.604
S00188,4,0,0,76.39,45.51,24,3,0,0,50.5625,54.49,0.0602,0.1154,0.6121
S00189,2,1,1,84.04,33.73,14,4,0,0,49.6134,66.27,0.1664,0.6538,0.528
S00190,3,1,1,80.01,46.93,22,1,1,0,46.9779,58.07,0.1105,0.5385,0.5332
S00191,6,1,1,65.65,44.08,18,4,1,0,44.6303,60.92,0.0888,0.6538,0.524
S00192,6,1,1,90.59,47.36,32,5,0,0,64.8344,52.64,0.2573,0.6923,0.4106
S00193,5,0,1,81.87,40.12,31,2,0,0,54.984,59.88,0.1363,0.3769,0.5529
S00194,3,1,1,77.78,31.44,28,2,0,0,51.5683,68.56,0.0795,0.5769,0.5495
S00195,8,1,1,73.38,34.65,37,3,1,0,57.0704,70.35,0.0185,0.6154,0.5278
S00196,1,1,1,79.5,44.47,34,7,0,0,65.431,55.53,0.1034,0.7692,0.4008
S00197,3,0,0,44.52,26.54,14,5,1,0,35.7285,78.46,0.3821,0.1923,0.7407
S00198,1,0,1,75.62,52.22,16,0,0,0,39.7395,47.78,0.0495,0.3,0.577
S00199,3,1,1,96.6,96.74234201560652,26,4,0,0,61.756,3.2577,0.3407,0.6538,0.2334
S00200,8,0,1,72.05,23.99,12,1,0,0,37.8617,76.01,0.0,0.3385,0.6869
S00201,3,0,1,73.25,43.9,22,0,1,0,42.3508,61.1,0.0167,0.3,0.6212
S00202,8,0,1,63.06,30.8,22,5,1,0,47.8902,74.2,0.1248,0.4923,0.6061
S00203,4,0,1,79.39,60.05,32,4,0,0,58.4314,39.95,0.1019,0.4538,0.4418
S00204,6,0,0,69.07,46.83,24,3,0,0,47.6345,53.17,0.0414,0.1154,0.6171
S00205,4,0,1,91.64,61.35,38,1,0,0,61.1214,38.65,0.2719,0.3385,0.4561
S00206,3,0,1,72.05,22.63,26,3,1,1,50.013,82.37,0.0,0.4154,0.6506
S00207,7,0,1,65.22,25.97,12,0,2,0,33.2066,84.03,0.0948,0.3,0.7449
S00208,8,1,0,62.99,42.77,15,2,2,0,37.9405,67.23,0.1257,0.2769,0.6669
S00209,3,0,1,72.05,53.45,32,3,0,0,53.5723,46.55,0.0,0.4154,0.4948
S00210,7,0,1,69.15,13.44,16,2,1,1,40.9977,91.56,0.0402,0.3769,0.7285
S00211,3,0,1,63.78,51.15,18,6,0,0,47.7284,48.85,0.1148,0.5308,0.4957
S00212,6,0,1,40.64,41.095,14,4,0,0,32.2534,58.905,0.4359,0.4538,0.6093
S00213,7,1,1,58.33,34.92,17,3,1,0,39.186,70.08,0.1904,0.6154,0.5893
S00214,4,1,1,79.92,48.59,25,0,0,0,46.7985,51.41,0.1092,0.5,0.5168
S00215,6,0,1,79.86,39.63,18,4,0,1,50.3143,60.37,0.1084,0.4538,0.5519
S00216,3,0,1,62.23,48.23,23,0,1,0,38.5361,56.77,0.1363,0.3,0.6172
S00217,1,0,1,63.07,35.04,23,3,1,0,44.6413,69.96,0.1246,0.4154,0.6197
S00218,1,0,1,99.9,49.72,26,2,0,0,59.2299,50.28,0.3865,0.3769,0.4996
S00219,4,0,1,100.0,75.52,22,6,0,0,64.5893,24.48,0.3879,0.5308,0.3392
S00220,8,0,1,89.25,38.41,38,0,1,0,58.2424,66.59,0.2387,0.3,0.5875
S00221,2,0,1,95.39,62.26,45,0,0,0,64.8509,37.74,0.3239,0.3,0.449
S00222,4,1,1,98.57,60.22,34,3,0,0,65.3667,39.78,0.3681,0.6154,0.3765
S00223,6,0,1,100.0,61.1,30,2,0,0,61.6428,38.9,0.3879,0.3769,0.4456
S00224,2,0,1,67.47,60.99,29,2,0,0,48.0375,39.01,0.0636,0.3769,0.4937
S00225,6,0,1,58.83,35.41,21,3,0,0,41.7589,64.59,0.1835,0.4154,0.6084
S00226,3,0,1,99.5,44.25,31,2,0,0,62.036,55.75,0.381,0.3769,0.5116
S00227,7,0,1,57.54,97.86893823564336,25,0,1,0,37.8465,7.1311,0.2014,0.3,0.4211
S00228,5,0,1,56.57,27.11,10,1,1,0,30.4833,77.89,0.2149,0.3385,0.7202
S00229,5,0,1,56.92,40.01,11,5,1,0,38.9088,64.99,0.21,0.4923,0.6007
S00230,2,0,1,70.03,47.54,25,4,0,0,50.5348,52.46,0.028,0.4538,0.5195
S00231,4,1,1,42.23,21.34,13,3,1,0,30.3731,83.66,0.4139,0.6154,0.6745
S00232,7,1,0,50.5,25.54,20,3,0,1,37.8336,74.46,0.2991,0.3154,0.6866
S00233,1,0,1,62.66,43.62,29,3,0,0,48.0366,56.38,0.1303,0.4154,0.5535
S00234,7,0,1,54.06,26.4,4,3,0,0,29.7661,73.6,0.2497,0.4154,0.6864
S00235,4,1,1,87.94,33.27,28,6,0,0,63.3246,66.73,0.2205,0.7308,0.4626
S00236,6,1,0,72.1,33.77,38,4,0,0,59.0747,66.23,0.0007,0.3538,0.5697
S00237,6,0,1,80.66,47.48,21,2,0,0,48.5678,52.52,0.1195,0.3769,0.5459
S00238,4,0,1,79.01,31.31,19,3,1,0,48.6444,73.69,0.0966,0.4154,0.6207
S00239,3,0,1,68.9,15.18,3,1,1,0,31.2627,89.82,0.0437,0.3385,0.7652
S00240,6,1,1,86.82,52.4,29,3,0,0,57.7006,47.6,0.205,0.6154,0.4346
S00241,2,0,1,78.78,34.42,30,0,1,0,49.3086,70.58,0.0934,0.3,0.6347
S00242,5,0,0,67.22,36.62,25,2,0,0,45.5647,63.38,0.067,0.0769,0.6748
S00243,1,0,1,46.74,28.6,5,0,0,1,21.6621,71.4,0.3513,0.3,0.7348
S00244,6,0,0,79.81,96.11674870228563,25,6,0,0,58.293,3.8833,0.1077,0.2308,0.3538
S00245,6,0,0,53.08,34.93,17,2,0,0,35.1629,65.07,0.2633,0.0769,0.718
S00246,1,1,0,77.7,51.55,22,7,2,0,57.5924,58.45,0.0784,0.4692,0.5149
S00247,7,0,0,73.18,26.0,14,3,1,0,43.3463,79.0,0.0157,0.1154,0.7354
S00248,4,0,1,51.59,43.68,16,4,2,0,37.8198,66.32,0.284,0.4538,0.6195
S00249,7,0,1,75.88,30.96,17,1,0,0,42.3598,69.04,0.0532,0.3385,0.6433
S00250,1,1,1,74.87,36.97,22,7,1,0,56.4604,68.03,0.0391,0.7692,0.4822
S00251,2,0,1,74.92,33.83,29,4,0,0,54.8637,66.17,0.0398,0.4538,0.5592
S00252,4,0,1,72.05,33.41,24,4,0,0,50.7496,66.59,0.0,0.4538,0.5753
S00253,2,0,0,62.21,51.24,24,6,0,0,50.6597,48.76,0.1366,0.2308,0.56
S00254,3,1,1,80.87,59.89,21,3,1,0,50.5749,45.11,0.1224,0.6154,0.4496
S00255,6,1,1,61.69,41.095,24,5,0,0,48.5287,58.905,0.1438,0.6923,0.4927
S00256,2,1,1,55.88,29.87,25,7,1,1,50.644,75.13,0.2244,0.7692,0.531
S00257,6,1,1,3.532500000000013,98.2703946585423,40,2,0,0,28.988,1.7296,0.951,0.5769,0.3612
S00258,1,0,1,86.05,33.06,22,0,0,0,47.4708,66.94,0.1943,0.3,0.6266
S00259,2,0,1,81.09,48.74,29,0,0,0,49.6394,51.26,0.1255,0.3,0.5563
S00260,5,0,1,68.89,14.73,10,3,0,0,39.2574,85.27,0.0439,0.4154,0.6998
S00261,7,1,1,42.91,95.58010264584117,11,2,0,1,27.5356,4.4199,0.4044,0.5769,0.3771
S00262,2,1,0,94.23,51.91,19,1,0,0,50.8863,48.09,0.3078,0.2385,0.5546
S00263,3,0,1,42.67,9.92,5,0,0,0,20.0341,90.08,0.4078,0.3,0.8152
S00264,8,1,1,80.79,51.68,41,2,0,0,60.4842,48.32,0.1213,0.5769,0.4374
S00265,8,0,1,100.0,47.04,24,3,0,0,60.0065,52.96,0.3879,0.4154,0.498
S00266,5,0,1,74.24,36.27,4,0,1,0,32.0689,68.73,0.0304,0.3,0.6877
S00267,4,0,1,72.05,45.21,22,5,0,0,51.4862,54.79,0.0,0.4923,0.5159
S00268,3,1,1,77.69,33.46,19,5,2,0,51.9626,76.54,0.0783,0.6923,0.5512
S00269,5,1,1,74.97,31.01,30,6,2,0,59.3231,78.99,0.0405,0.7308,0.5256
S00270,5,0,1,100.0,70.69,23,1,0,0,55.5671,29.31,0.3879,0.3385,0.4381
S00271,3,1,1,59.35,24.02,14,1,0,0,33.9682,75.98,0.1763,0.5385,0.6504
S00272,1,1,1,57.47,99.3798822858076,27,3,0,1,44.7742,0.6201,0.2024,0.6154,0.2919
S00273,2,1,1,67.09,43.47,10,7,0,0,46.2297,56.53,0.0688,0.7692,0.472
S00274,8,1,1,98.11,52.57,30,5,0,0,66.656,47.43,0.3617,0.6923,0.3833
S00275,4,0,1,63.35,45.64,22,0,0,0,38.3908,54.36,0.1207,0.3,0.6081
S00276,4,1,0,78.45,40.67,19,3,0,0,48.4204,59.33,0.0888,0.3154,0.589
S00277,4,1,1,88.07,52.53,30,2,0,0,56.8708,47.47,0.2223,0.5769,0.4466
S00278,7,1,0,83.68,98.67724972960518,55,5,2,0,75.7145,11.3228,0.1614,0.3923,0.2822
S00279,1,0,0,87.27,50.29,32,2,0,0,57.7372,49.71,0.2112,0.0769,0.5775
S00280,1,1,0,93.27,49.56,22,4,0,0,58.0512,50.44,0.2945,0.3538,0.5101
S00281,3,1,0,76.62,48.47,22,6,0,0,55.2373,51.53,0.0634,0.4308,0.5051
S00282,4,0,1,65.14,16.25,24,0,0,0,40.2933,83.75,0.0959,0.3,0.719
S00283,6,1,0,74.21,95.59741252452756,22,8,0,0,58.1195,4.4026,0.03,0.5077,0.2873
S00284,4,0,0,72.05,31.14,24,9,0,0,60.365,68.86,0.0,0.3462,0.5776
S00285,4,0,1,100.0,42.95,31,6,0,0,69.9283,57.05,0.3879,0.5308,0.4508
S00286,8,0,1,64.01,35.31,7,4,1,0,37.4489,69.69,0.1116,0.4538,0.6342
S00287,2,1,0,79.25,43.87,25,5,0,0,56.1459,56.13,0.0999,0.3923,0.5299
S00288,5,1,1,49.49,42.5,23,6,2,0,44.9785,67.5,0.3131,0.7308,0.5299
S00289,5,0,1,73.99,41.095,11,0,1,0,36.1214,63.905,0.0269,0.3,0.6542
S00290,4,1,1,67.69,29.88,13,4,0,0,42.4802,70.12,0.0605,0.6538,0.5683
S00291,7,0,1,82.14,99.81021899708992,21,3,0,0,51.0829,0.1898,0.14,0.4154,0.3181
S00292,3,0,1,82.53,55.21,29,0,1,0,50.2154,49.79,0.1455,0.3,0.5484
S00293,8,1,1,93.25,41.095,49,1,0,0,68.2909,58.905,0.2942,0.5385,0.462
S00294,3,1,1,72.05,64.42,23,5,0,0,52.0795,35.58,0.0,0.6923,0.387
S00295,5,1,0,71.01,56.86,23,6,2,0,53.5865,53.14,0.0144,0.4308,0.5173
S00296,5,1,1,57.83,38.48,17,3,0,0,38.986,61.52,0.1974,0.6154,0.5558
S00297,7,1,1,59.59,34.63,16,2,1,0,37.1737,70.37,0.1729,0.5769,0.6071
S00298,4,0,1,76.54,28.61,24,5,0,0,54.4687,71.39,0.0623,0.4923,0.5718
S00299,3,0,1,74.37,45.54,20,5,0,0,51.2278,54.46,0.0322,0.4923,0.5155
S00300,1,0,0,75.87,74.54,46,2,1,0,61.4823,30.46,0.053,0.0769,0.4874
S00301,3,1,1,63.97,51.61,26,0,1,0,41.0117,53.39,0.1121,0.5,0.545
S00302,7,1,1,93.56,45.42,27,4,0,0,61.1333,54.58,0.2985,0.6538,0.4409
S00303,1,1,0,72.05,29.1,22,7,0,0,55.3324,70.9,0.0,0.4692,0.5726
S00304,8,0,1,63.14,53.62,21,3,1,0,43.4829,51.38,0.1237,0.4154,0.5495
S00305,5,0,1,55.84,19.54,17,2,0,0,36.2669,80.46,0.225,0.3769,0.7007
S00306,2,1,1,68.87,40.17,20,1,1,0,41.3355,64.83,0.0441,0.5385,0.58
S00307,3,1,1,90.7,43.17,27,5,0,0,61.9123,56.83,0.2588,0.6923,0.4376
S00308,5,0,0,67.68,27.88,11,4,1,0,41.2897,77.12,0.0607,0.1538,0.7255
S00309,3,0,1,73.52,38.44,10,4,0,0,43.0325,61.56,0.0204,0.4538,0.5822
S00310,1,0,1,72.05,53.17,29,0,0,0,46.0234,46.83,0.0,0.3,0.5512
S00311,6,0,1,66.97,31.46,19,2,1,0,41.9053,73.54,0.0705,0.3769,0.6533
S00312,6,0,0,77.74,55.8,32,0,0,0,50.0791,44.2,0.079,0.0,0.6015
S00313,1,0,1,75.76,98.27284035913424,17,3,1,0,46.158,6.7272,0.0515,0.4154,0.3615
S00314,3,1,1,72.05,33.75,8,3,0,0,39.335,66.25,0.0,0.6154,0.5735
S00315,2,0,1,65.04,41.17,26,2,0,0,45.2859,58.83,0.0973,0.3769,0.5826
S00316,6,0,1,77.32,56.91,22,3,0,0,49.7481,43.09,0.0731,0.4154,0.4944
S00317,6,0,1,4.32680921947367,97.32714791992376,36,1,0,0,25.0097,2.6729,0.9399,0.3385,0.4385
S00318,6,1,1,91.22,97.18490945738942,22,3,0,0,55.3081,2.8151,0.2661,0.6154,0.2638
S00319,8,0,1,100.0,60.44,48,0,0,0,68.4746,39.56,0.3879,0.3,0.4436
S00320,7,0,1,79.28,50.71,31,1,0,0,52.0249,49.29,0.1003,0.3385,0.5304
S00321,3,0,1,65.8,48.96,23,2,0,0,43.8102,51.04,0.0867,0.3769,0.5566
S00322,1,1,1,71.04,29.42,28,3,0,0,50.7954,70.58,0.014,0.6154,0.5507
S00323,5,1,1,70.29,38.18,22,4,0,0,48.8592,61.82,0.0244,0.6538,0.5128
S00324,8,0,1,65.88,24.39,7,2,0,0,34.3507,75.61,0.0856,0.3769,0.688
S00325,8,0,0,77.74,56.57,27,0,1,0,47.1129,48.43,0.079,0.0,0.6288
S00326,2,0,1,78.44,67.15,40,2,0,0,58.951,32.85,0.0887,0.3769,0.4308
S00327,2,1,1,54.39,10.26,0,0,1,0,21.756,94.74,0.2451,0.5,0.7778
S00328,1,1,1,88.32,57.34,32,3,0,0,60.0803,42.66,0.2258,0.6154,0.4065
S00329,2,0,1,44.45,51.14,0,5,1,0,27.3954,53.86,0.3831,0.4923,0.5965
S00330,5,0,1,68.66,40.11,21,6,0,0,51.4601,59.89,0.0471,0.5308,0.5267
S00331,5,1,0,72.05,49.93,29,10,0,0,65.2542,50.07,0.0,0.5846,0.4257
S00332,3,1,1,81.11,52.61,32,2,0,0,55.2732,47.39,0.1257,0.5769,0.4519
S00333,3,0,1,66.65,46.86,22,1,2,0,41.6339,63.14,0.0749,0.3385,0.6222
S00334,7,0,1,100.0,75.52,43,2,0,0,69.3546,24.48,0.3879,0.3769,0.361
S00335,4,0,1,65.4,41.095,29,1,0,0,45.2865,58.905,0.0923,0.3385,0.5925
S00336,7,1,1,41.97,11.91,10,4,0,1,30.4125,88.09,0.4175,0.6538,0.6825
S00337,8,1,1,78.79,60.35,34,5,0,0,61.3009,39.65,0.0935,0.6923,0.371
S00338,3,1,1,45.32,41.095,10,6,0,1,35.5987,58.905,0.371,0.7308,0.5283
S00339,2,1,0,59.53,29.08,14,3,2,1,37.8863,80.92,0.1738,0.3154,0.7122
S00340,8,0,1,81.34,37.93,16,2,0,0,45.8737,62.07,0.1289,0.3769,0.5935
S00341,6,0,1,65.09,98.36437061888236,30,3,0,0,49.6018,1.6356,0.0966,0.4154,0.3291
S00342,3,0,0,72.05,38.65,23,2,0,0,46.3102,61.35,0.0,0.0769,0.6641
S00343,5,1,1,54.63,35.48,0,4,0,0,29.5443,64.52,0.2418,0.6538,0.5912
S00344,5,1,1,84.88,47.96,31,1,1,0,54.2649,57.04,0.1781,0.5385,0.5036
S00345,8,0,1,46.64,31.81,10,3,2,0,30.3574,78.19,0.3527,0.4154,0.7027
S00346,3,0,0,91.78,55.87,27,3,0,0,58.4982,44.13,0.2738,0.1154,0.5429
S00347,8,1,1,64.87,99.72771348909694,18,6,2,0,48.1644,10.2723,0.0997,0.7308,0.2898
S00348,8,1,1,94.97,43.0,28,2,1,0,58.4443,62.0,0.3181,0.5769,0.4992
S00349,2,1,1,59.39,50.44,40,4,1,0,55.1771,54.56,0.1757,0.6538,0.4617
S00350,2,0,1,100.0,49.35,22,1,0,0,54.9739,50.65,0.3879,0.3385,0.5256
S00351,5,1,1,57.64,36.0,23,3,0,0,42.4693,64.0,0.2,0.6154,0.5535
S00352,1,1,1,45.09,20.85,15,8,1,1,42.3189,84.15,0.3742,0.8077,0.5866
S00353,3,1,0,72.65,40.94,32,6,0,0,59.5815,59.06,0.0083,0.4308,0.52
S00354,4,1,1,90.51,55.5,31,1,1,0,56.5169,49.5,0.2562,0.5385,0.4656
S00355,8,1,1,83.86,63.25,33,7,0,0,66.5818,36.75,0.1639,0.7692,0.3217
S00356,8,1,1,89.44,57.68,33,3,0,0,61.1215,42.32,0.2414,0.6154,0.4015
S00357,2,1,1,84.16,34.03,28,3,0,0,56.0434,65.97,0.1681,0.6154,0.5139
S00358,8,0,1,59.7,37.37,26,2,1,0,43.1499,67.63,0.1714,0.3769,0.6253
S00359,1,0,1,83.5,53.35,23,4,0,0,54.7364,46.65,0.1589,0.4538,0.4816
S00360,6,1,1,73.39,37.59,23,0,0,0,43.0001,62.41,0.0186,0.5,0.5741
S00361,7,1,0,61.35,29.02,11,1,1,0,32.9885,75.98,0.1485,0.2385,0.7288
S00362,8,0,1,72.05,32.4,16,3,0,0,44.0808,67.6,0.0,0.4154,0.6123
S00363,2,0,1,71.16,40.59,2,0,0,0,29.6504,59.41,0.0124,0.3,0.6589
S00364,8,1,0,93.24,44.2,34,3,0,0,63.2347,55.8,0.2941,0.3154,0.523
S00365,1,1,1,64.28,34.06,25,1,1,0,42.4656,70.94,0.1078,0.5385,0.6005
S00366,5,1,0,63.58,28.89,22,4,1,0,46.1752,76.11,0.1176,0.3538,0.6544
S00367,4,0,0,61.52,37.51,10,6,0,0,42.0787,62.49,0.1461,0.2308,0.645
S00368,3,1,1,100.0,47.69,36,0,0,0,61.3559,52.31,0.3879,0.5,0.4695
S00369,1,1,1,3.532500000000013,99.8776948802026,19,2,2,0,16.5303,10.1223,0.951,0.5769,0.4384
S00370,7,0,1,91.45,50.9,35,9,0,0,74.6504,49.1,0.2693,0.6462,0.3736
S00371,3,0,0,72.05,29.82,12,2,1,1,39.7848,75.18,0.0,0.0769,0.7422
S00372,6,1,1,79.6,38.95,22,3,0,0,50.6601,61.05,0.1048,0.6154,0.513
S00373,4,0,0,75.94,35.91,11,1,0,0,38.8245,64.09,0.054,0.0385,0.7108
S00374,3,1,1,90.5,28.49,23,0,0,0,49.8441,71.51,0.2561,0.5,0.5866
S00375,8,1,1,88.33,56.12,28,3,1,0,57.7114,48.88,0.226,0.6154,0.4397
S00376,1,1,1,73.23,99.06497187053664,24,5,0,0,53.1447,0.935,0.0164,0.6923,0.2447
S00377,6,0,0,63.94,29.25,22,4,0,0,46.3192,70.75,0.1126,0.1538,0.6824
S00378,6,1,1,96.37,27.09,27,2,0,0,58.4111,72.91,0.3375,0.5769,0.543
S00379,4,0,1,62.45,35.29,20,2,0,0,40.6906,64.71,0.1332,0.3769,0.6222
S00380,3,1,0,37.98,18.82,21,3,2,0,33.4189,91.18,0.4729,0.3154,0.7689
S00381,1,0,1,44.12,14.19,6,2,0,1,25.0535,85.81,0.3876,0.3769,0.7613
S00382,8,1,1,47.77,27.88,18,1,0,0,31.709,72.12,0.337,0.5385,0.6429
S00383,8,1,0,80.94,54.84,22,2,0,0,49.273,45.16,0.1234,0.2769,0.539
S00384,2,0,0,100.0,72.9,29,3,0,0,62.9726,27.1,0.3879,0.1154,0.4591
S00385,1,0,1,41.4,30.59,4,2,0,1,22.779,69.41,0.4254,0.3769,0.7037
S00386,1,1,1,60.26,27.78,10,3,0,0,35.8054,72.22,0.1636,0.6154,0.6097
S00387,1,0,1,73.34,96.54882117192724,19,0,0,0,40.6072,3.4512,0.0179,0.3,0.3967
S00388,7,0,1,95.18,72.38,39,0,1,0,61.2076,32.62,0.321,0.3,0.4413
S00389,8,0,1,60.18,30.8,12,2,2,0,35.0368,79.2,0.1647,0.3769,0.6999
S00390,2,1,1,80.86,22.82,18,6,0,0,54.5604,77.18,0.1223,0.7308,0.5351
S00391,6,1,1,68.25,30.28,23,4,0,0,48.6364,69.72,0.0527,0.6538,0.5452
S00392,2,0,1,100.0,34.74,33,0,0,0,59.5763,65.26,0.3879,0.3,0.5775
S00393,3,1,0,74.17,36.47,23,4,0,0,51.0044,63.53,0.0294,0.3538,0.5872
S00394,5,0,1,77.34,44.66,26,1,1,0,48.2828,60.34,0.0734,0.3385,0.5877
S00395,6,0,1,73.26,19.71,15,5,0,1,47.8177,80.29,0.0168,0.4923,0.6307
S00396,7,0,0,65.78,41.73,13,0,0,0,34.0239,58.27,0.087,0.0,0.714
S00397,1,0,0,86.25,53.84,35,2,0,0,59.1089,46.16,0.1971,0.0769,0.5585
S00398,2,0,1,54.61,11.03,15,4,2,0,38.4346,98.97,0.2421,0.4538,0.7479
S00399,3,1,0,41.97,26.97,16,2,1,1,30.1257,78.03,0.4175,0.2769,0.7375
S00400,3,0,1,69.75,25.57,31,1,0,0,48.2129,74.43,0.0319,0.3385,0.6443
S00401,8,1,1,84.23,71.52,34,1,0,0,55.7846,28.48,0.169,0.5385,0.384
S00402,7,0,1,63.29,16.5,22,1,0,0,40.2899,83.5,0.1216,0.3385,0.7084
S00403,3,0,1,74.8,31.49,22,2,0,0,46.817,68.51,0.0382,0.3769,0.616
S00404,8,0,1,53.69,28.99,24,2,0,0,39.5594,71.01,0.2548,0.3769,0.6514
S00405,4,1,1,87.94,52.3,32,4,0,0,61.8514,47.7,0.2205,0.6538,0.4109
S00406,5,1,0,81.78,42.06,27,4,0,0,56.4213,57.94,0.135,0.3538,0.5458
S00407,4,0,1,72.3,17.62,9,3,1,0,40.0282,87.38,0.0035,0.4154,0.7056
S00408,2,0,1,74.53,39.58,18,1,0,0,42.413,60.42,0.0344,0.3385,0.6086
S00409,8,0,1,51.1,22.04,15,1,2,0,31.2614,87.96,0.2908,0.3385,0.7578
S00410,1,1,1,51.77,16.62,4,3,3,1,28.8501,98.38,0.2815,0.6154,0.7387
S00411,2,0,0,70.17,95.63519028610676,28,3,0,0,50.4474,4.3648,0.0261,0.1154,0.412
S00412,2,1,1,79.71,39.77,24,9,0,0,63.429,60.23,0.1063,0.8462,0.4074
S00413,3,0,0,80.47,41.095,10,5,1,0,47.7356,63.905,0.1169,0.1923,0.6405
S00414,2,0,1,66.56,36.04,16,3,0,0,41.8848,63.96,0.0762,0.4154,0.6054
S00415,1,1,1,83.18,50.14,24,3,0,0,53.2785,49.86,0.1545,0.6154,0.4591
S00416,6,0,1,93.31,54.45,29,3,0,0,60.2966,45.55,0.2951,0.4154,0.4673
S00417,8,0,1,70.67,21.03,33,1,0,0,49.7673,78.97,0.0192,0.3385,0.6571
S00418,1,1,0,76.64,42.01,29,0,0,0,47.8594,57.99,0.0637,0.2,0.6145
S00419,3,0,1,68.88,28.55,10,1,0,0,35.4073,71.45,0.044,0.3385,0.6772
S00420,5,0,1,70.11,20.93,10,4,0,0,41.6685,79.07,0.0269,0.4538,0.657
S00421,8,0,1,74.54,27.39,21,1,0,0,44.1967,72.61,0.0346,0.3385,0.6511
S00422,6,0,1,97.55,66.5,33,2,0,0,62.4424,33.5,0.3539,0.3769,0.4212
S00423,7,1,1,85.73,52.97,35,7,0,0,68.5163,47.03,0.1899,0.7692,0.356
S00424,5,0,1,84.38,48.74,41,4,0,0,65.7663,51.26,0.1711,0.4538,0.4614
S00425,4,1,1,65.19,46.3,34,1,1,0,48.1686,58.7,0.0952,0.5385,0.5316
S00426,2,1,1,58.53,42.48,14,5,1,0,41.3325,62.52,0.1876,0.6923,0.5323
S00427,7,1,0,77.84,52.25,32,9,0,0,67.4267,47.75,0.0804,0.5462,0.4185
S00428,7,1,1,90.66,66.26,33,2,0,0,59.6864,33.74,0.2583,0.5769,0.3818
S00429,1,1,1,97.85,53.21,23,1,0,0,54.7071,46.79,0.3581,0.5385,0.4611
S00430,6,1,0,35.21,20.87,22,2,0,0,30.981,79.13,0.5113,0.2769,0.7389
S00431,1,0,0,100.0,54.67,34,5,1,0,69.7849,50.33,0.3879,0.1923,0.509
S00432,6,0,1,78.25,49.78,13,0,1,0,39.0119,55.22,0.0861,0.3,0.6093
S00433,7,1,0,85.63,61.61,21,3,1,0,52.4789,43.39,0.1885,0.3154,0.511
S00434,2,0,0,45.9,24.24,8,0,1,1,23.1058,80.76,0.3629,0.0,0.8422
S00435,4,1,1,68.45,26.02,23,6,1,0,52.5625,78.98,0.05,0.7308,0.5493
S00436,1,0,1,84.34,53.47,37,0,0,0,55.6852,46.53,0.1706,0.3,0.5162
S00437,5,1,1,54.38,28.84,16,3,0,0,37.0128,71.16,0.2452,0.6154,0.6012
S00438,8,0,1,72.05,19.71,3,0,1,1,30.5997,85.29,0.0,0.3,0.7591
S00439,1,1,0,77.03,31.28,8,3,1,0,41.327,73.72,0.0691,0.3154,0.6714
S00440,4,0,1,71.25,42.53,26,3,1,0,49.693,62.47,0.0111,0.4154,0.5721
S00441,8,0,1,93.62,95.33606415342656,57,8,1,0,86.6462,9.6639,0.2994,0.6077,0.1835
S00442,3,1,0,69.6,41.095,17,6,0,0,49.4632,58.905,0.034,0.4308,0.5548
S00443,2,1,1,70.7,46.96,31,0,0,0,46.6698,53.04,0.0187,0.5,0.5238
S00444,4,1,1,82.47,43.84,17,5,0,0,52.6881,56.16,0.1446,0.6923,0.4672
S00445,5,1,0,87.5,24.34,23,2,0,0,52.4902,75.66,0.2144,0.2769,0.6497
S00446,6,0,1,61.37,95.44420547408026,17,1,1,1,36.5558,9.5558,0.1482,0.3385,0.4257
S00447,3,1,1,86.17,31.23,23,6,0,0,59.6505,68.77,0.196,0.7308,0.4836
S00448,8,0,1,64.17,51.51,24,2,0,0,43.7514,48.49,0.1094,0.3769,0.5466
S00449,5,0,0,72.25,35.88,26,3,0,0,50.093,64.12,0.0028,0.1154,0.6523
S00450,3,0,1,72.05,45.23,34,3,0,0,54.7587,54.77,0.0,0.4154,0.5236
S00451,8,0,1,84.68,57.34,31,0,0,0,52.2618,42.66,0.1753,0.3,0.5127
S00452,8,1,1,76.77,18.24,23,6,1,0,55.8905,86.76,0.0655,0.7308,0.5687
S00453,4,1,0,55.79,17.52,14,1,0,1,32.5442,82.48,0.2257,0.2385,0.7564
S00454,1,0,1,43.95,38.33,16,3,3,1,32.8408,76.67,0.39,0.4154,0.6879
S00455,5,1,1,69.18,37.03,20,3,0,0,45.3056,62.97,0.0398,0.6154,0.5395
S00456,5,0,0,86.57,41.095,28,2,0,0,55.0843,58.905,0.2015,0.0769,0.6236
S00457,2,0,1,78.75,38.2,29,4,1,0,56.3957,66.8,0.093,0.4538,0.5564
S00458,6,1,1,75.63,29.22,25,2,0,0,48.9287,70.78,0.0497,0.5769,0.5676
S00459,7,0,1,71.89,96.42919628895731,25,4,0,0,51.2788,3.5708,0.0022,0.4538,0.3214
S00460,1,0,1,76.64,35.74,18,2,0,0,45.1801,64.26,0.0637,0.3769,0.6047
S00461,6,1,1,57.09,41.095,28,2,1,0,43.2923,63.905,0.2076,0.5769,0.5599
S00462,2,0,1,83.7,31.5,18,2,0,0,48.0041,68.5,0.1617,0.3769,0.6118
S00463,6,0,1,84.69,35.38,31,5,0,0,61.8812,64.62,0.1754,0.4923,0.5188
S00464,4,1,1,66.67,32.16,17,2,1,0,40.5989,72.84,0.0747,0.5769,0.605
S00465,1,0,0,78.56,48.14,33,4,0,0,58.6926,51.86,0.0904,0.1538,0.5636
S00466,8,1,1,72.05,41.095,20,5,0,1,50.2998,58.905,0.0,0.6923,0.4865
S00467,2,1,0,74.7,40.67,23,3,0,0,49.2933,59.33,0.0368,0.3154,0.5859
S00468,5,0,1,70.0,61.09,34,0,1,0,48.1695,43.91,0.0285,0.3,0.532
S00469,2,0,1,90.89,39.17,28,1,0,0,54.8892,60.83,0.2615,0.3385,0.5666
S00470,8,0,1,72.05,39.52,28,0,1,0,45.4302,65.48,0.0,0.3,0.6279
S00471,6,1,1,85.03,58.56,21,6,0,0,58.0081,41.44,0.1802,0.7308,0.38
S00472,7,0,1,66.13,98.81823618566948,24,1,1,0,42.6124,6.1818,0.0822,0.3385,0.391
S00473,4,1,1,37.71,19.96,3,3,0,1,22.6329,80.04,0.4766,0.6154,0.6871
S00474,4,0,0,68.62,19.85,21,2,2,0,43.7518,90.15,0.0476,0.0769,0.7882
S00475,6,1,1,74.95,49.35,23,4,0,0,51.3164,50.65,0.0402,0.6538,0.4595
S00476,7,0,1,74.26,53.16,30,2,1,0,51.3468,51.84,0.0307,0.3769,0.5334
S00477,7,0,1,74.49,42.36,18,6,0,0,52.0124,57.64,0.0339,0.5308,0.5158
S00478,1,0,0,64.4,43.55,44,3,0,0,57.6309,56.45,0.1062,0.1154,0.5952
S00479,6,1,1,67.14,24.7,10,3,1,0,38.5574,80.3,0.0681,0.6154,0.6324
S00480,1,1,1,55.1,40.37,22,1,0,0,37.0139,59.63,0.2353,0.5385,0.5743
S00481,3,0,1,42.05,28.05,14,5,0,1,34.7405,71.95,0.4164,0.4923,0.6431
S00482,7,0,1,72.05,52.27,26,1,0,0,46.1668,47.73,0.0,0.3385,0.5447
S00483,3,0,1,60.82,28.75,14,1,2,0,34.5562,81.25,0.1559,0.3385,0.7194
S00484,7,0,1,88.2,55.09,30,1,0,0,54.9997,44.91,0.2241,0.3385,0.5025
S00485,4,1,1,39.27,8.28,6,3,0,1,25.0366,91.72,0.455,0.6154,0.7254
S00486,2,1,0,72.05,65.65,39,1,0,0,53.8787,34.35,0.0,0.2385,0.4892
S00487,3,1,1,100.0,71.49,27,1,0,0,57.94,28.51,0.3879,0.5385,0.3766
S00488,5,0,1,69.26,37.55,20,0,1,0,39.5684,67.45,0.0387,0.3,0.6563
S00489,7,0,1,71.96,19.4,17,2,0,0,42.7149,80.6,0.0012,0.3769,0.6787
S00490,5,1,0,78.4,52.63,18,4,1,0,49.7303,52.37,0.0881,0.3538,0.547
S00491,8,0,1,79.57,59.61,14,5,0,0,49.7485,40.39,0.1044,0.4923,0.4644
S00492,7,1,1,65.87,36.03,26,4,0,0,49.464,63.97,0.0858,0.6538,0.5193
S00493,7,0,0,56.88,25.32,12,0,1,0,29.8706,79.68,0.2105,0.0,0.8142
S00494,5,0,1,81.79,41.095,20,2,1,0,48.4266,63.905,0.1352,0.3769,0.5919
S00495,3,1,1,43.38,16.55,4,0,3,0,19.7249,98.45,0.3979,0.5,0.7998
S00496,4,0,1,84.48,59.41,29,3,0,0,56.7646,40.59,0.1725,0.4154,0.4598
S00497,1,1,1,66.12,41.55,20,7,2,0,51.7739,68.45,0.0823,0.7692,0.5003
S00498,3,0,1,72.05,29.63,23,0,1,1,42.4641,75.37,0.0,0.3,0.6779
S00499,8,0,1,64.12,29.41,13,0,0,0,33.3599,70.59,0.1101,0.3,0.6906
S00500,4,0,1,93.46,57.4,34,1,0,0,59.4766,42.6,0.2972,0.3385,0.4776
S00501,1,0,1,75.74,32.98,22,6,0,0,54.8853,67.02,0.0512,0.5308,0.5433
S00502,6,0,0,67.17,41.76,21,0,1,0,39.3256,63.24,0.0677,0.0,0.7153
S00503,8,0,1,72.05,37.44,19,4,0,0,47.7835,62.56,0.0,0.4538,0.5695
S00504,7,1,0,69.78,43.08,8,3,1,0,38.427,61.92,0.0315,0.3154,0.6343
S00505,3,1,1,100.0,72.03,49,0,0,0,69.0678,27.97,0.3879,0.5,0.3451
S00506,4,0,0,52.24,99.90909672998016,20,2,0,0,36.6066,0.0909,0.2749,0.0769,0.453
S00507,5,0,0,88.24,50.72,30,3,0,0,58.8618,49.28,0.2247,0.1154,0.5623
S00508,2,0,1,80.52,38.55,28,0,1,0,48.8182,66.45,0.1176,0.3,0.6199
S00509,3,1,1,95.1,82.18,47,4,1,0,73.6137,22.82,0.3199,0.6538,0.2702
S00510,2,1,1,81.44,56.87,35,2,0,0,57.1849,43.13,0.1303,0.5769,0.4281
S00511,8,0,1,72.05,27.38,25,2,2,0,47.4967,82.62,0.0,0.3769,0.67
S00512,6,0,1,87.3,43.56,22,4,1,0,55.6632,61.44,0.2117,0.4538,0.5375
S00513,7,0,0,75.45,23.42,19,4,1,0,49.1435,81.58,0.0472,0.1538,0.7159
S00514,7,0,1,83.32,35.08,12,1,0,0,42.3697,64.92,0.1564,0.3385,0.6268
S00515,8,0,1,93.42,51.64,27,3,0,0,59.1542,48.36,0.2966,0.4154,0.4826
S00516,1,1,1,73.39,51.97,28,2,0,0,49.8123,48.03,0.0186,0.5769,0.4736
S00517,8,0,1,65.63,48.79,22,2,0,0,43.149,51.21,0.0891,0.3769,0.5596
S00518,1,0,1,62.34,23.24,24,1,0,0,41.0964,76.76,0.1348,0.3385,0.6786
S00519,4,0,1,78.76,43.76,21,0,0,0,43.9616,56.24,0.0931,0.3,0.5961
S00520,5,1,1,58.83,37.74,22,4,1,0,44.2752,67.26,0.1835,0.6538,0.5506
S00521,3,0,1,66.75,41.06,27,0,0,0,42.7169,58.94,0.0736,0.3,0.6113
S00522,2,0,1,57.49,96.75502039888792,0,3,0,0,28.7652,3.245,0.2021,0.4154,0.4085
S00523,2,0,1,79.63,37.71,28,8,0,0,63.8468,62.29,0.1052,0.6077,0.4738
S00524,7,1,1,60.72,39.93,35,4,1,0,52.743,65.07,0.1573,0.6538,0.5122
S00525,3,0,1,52.7,35.32,13,1,0,0,30.7149,64.68,0.2686,0.3385,0.6666
S00526,3,1,1,55.34,12.84,0,3,1,1,27.9052,92.16,0.2319,0.6154,0.7171
S00527,8,0,1,63.43,26.31,13,0,0,0,33.0839,73.69,0.1196,0.3,0.704
S00528,2,0,0,64.8,25.78,5,2,0,0,32.7323,74.22,0.1006,0.0769,0.7631
S00529,8,1,1,75.77,23.46,19,3,0,0,47.3484,76.54,0.0516,0.6154,0.5866
S00530,8,1,1,69.58,29.88,12,11,0,0,56.1045,70.12,0.0343,0.9231,0.4533
S00531,5,0,0,77.55,50.81,32,1,0,0,51.9261,49.19,0.0763,0.0385,0.6054
S00532,2,1,0,78.76,37.23,31,6,0,0,61.4323,62.77,0.0931,0.4308,0.5284
S00533,2,0,1,83.11,42.89,29,1,1,0,52.3705,62.11,0.1535,0.3385,0.5805
S00534,3,0,0,4.6329378367020055,97.37949873046789,22,3,0,1,20.6733,2.6205,0.9357,0.1154,0.5093
S00535,5,1,1,72.05,99.45473536313622,12,5,2,0,45.554,10.5453,0.0,0.6923,0.3097
S00536,2,1,1,80.32,28.48,26,7,0,0,61.0133,71.52,0.1148,0.7692,0.4802
S00537,4,0,1,75.17,44.93,41,3,0,0,60.1593,55.07,0.0433,0.4154,0.5059
S00538,1,1,1,86.65,65.85,32,5,0,0,63.2584,34.15,0.2026,0.6923,0.3421
S00539,5,0,1,48.84,40.19,22,5,1,0,42.2022,64.81,0.3221,0.4923,0.5885
S00540,1,0,0,64.87,43.38,14,3,1,0,40.0223,61.62,0.0997,0.1154,0.6776
S00541,6,1,1,67.55,49.12,17,0,0,0,37.1047,50.88,0.0625,0.5,0.5487
S00542,1,0,1,74.5,27.59,15,3,0,0,44.4675,72.41,0.034,0.4154,0.6302
S00543,2,1,1,72.54,59.71,36,4,0,0,58.0642,40.29,0.0068,0.6538,0.3945
S00544,2,1,1,79.04,16.62,22,4,0,0,52.3592,83.38,0.097,0.6538,0.5868
S00545,7,1,0,70.28,37.02,29,5,0,0,54.9308,62.98,0.0246,0.3923,0.5616
S00546,1,0,1,92.59,60.27,34,2,0,0,61.0516,39.73,0.2851,0.3769,0.451
S00547,4,1,1,97.37,50.35,19,2,0,0,54.0653,49.65,0.3514,0.5769,0.4651
S00548,5,1,1,55.23,37.29,26,3,0,0,43.285,62.71,0.2334,0.6154,0.5455
S00549,5,1,1,72.68,29.86,21,7,0,0,54.9912,70.14,0.0087,0.7692,0.4958
S00550,6,0,1,83.97,13.27,16,1,0,0,45.0026,86.73,0.1654,0.3385,0.7048
S00551,7,0,1,80.78,50.1,28,0,0,0,48.9222,49.9,0.1212,0.3,0.5534
S00552,4,0,1,65.88,43.4,14,2,1,0,38.5032,61.6,0.0856,0.3769,0.6174
S00553,7,0,1,75.82,42.35,22,3,0,0,49.1481,57.65,0.0523,0.4154,0.5547
S00554,3,0,1,48.25,99.81883669001138,10,0,2,0,25.2322,10.1812,0.3303,0.3,0.4774
S00555,8,1,1,3.532500000000013,97.3458106380112,22,0,0,0,14.4638,2.6542,0.951,0.5,0.435
S00556,5,1,1,50.1,14.01,5,6,2,0,34.5446,95.99,0.3046,0.7308,0.6804
S00557,6,0,0,79.62,46.22,32,0,1,0,50.8311,58.78,0.1051,0.0,0.6572
S00558,8,0,1,55.26,19.63,22,4,1,0,42.8472,85.37,0.233,0.4538,0.6781
S00559,7,1,1,72.05,52.43,25,0,1,0,43.6505,52.57,0.0,0.5,0.5325
S00560,7,0,0,76.79,17.91,21,3,1,0,48.9429,87.09,0.0658,0.1154,0.7482
S00561,5,1,1,73.14,37.95,23,4,0,0,50.5924,62.05,0.0151,0.6538,0.5077
S00562,1,0,0,62.52,48.76,13,4,0,0,40.4122,51.24,0.1323,0.1538,0.6251
S00563,4,0,1,68.84,39.66,15,6,0,0,47.9728,60.34,0.0446,0.5308,0.5408
S00564,2,0,0,89.72,45.4,42,2,0,0,64.6494,54.6,0.2452,0.0769,0.5729
S00565,8,1,1,65.63,43.93,27,6,0,0,53.8074,56.07,0.0891,0.7308,0.4533
S00566,2,0,0,72.05,45.87,22,2,1,0,45.717,59.13,0.0,0.0769,0.6573
S00567,2,1,1,63.65,30.52,7,7,0,0,43.0741,69.48,0.1166,0.7692,0.5349
S00568,2,0,1,87.31,47.55,14,2,0,0,47.0752,52.45,0.2118,0.3769,0.5508
S00569,6,0,1,73.17,25.88,18,3,1,0,45.7152,79.12,0.0155,0.4154,0.6526
S00570,5,1,1,60.54,26.7,19,3,1,0,41.2564,78.3,0.1598,0.6154,0.615
S00571,8,0,1,72.11,43.63,23,3,0,0,48.2573,56.37,0.0008,0.4154,0.5527
S00572,4,0,0,68.38,35.04,22,1,0,0,42.3259,64.96,0.0509,0.0385,0.7021
S00573,3,0,1,92.89,49.18,33,5,0,0,66.3477,50.82,0.2892,0.4923,0.448
S00574,1,1,1,71.33,25.3,14,5,0,0,46.4525,74.7,0.01,0.6923,0.5631
S00575,1,0,1,51.26,41.095,27,3,0,0,42.2902,58.905,0.2885,0.4154,0.5838
S00576,3,0,1,79.48,44.72,24,2,0,0,49.8754,55.28,0.1031,0.3769,0.5523
S00577,8,1,0,98.79,66.22,34,2,0,0,63.5316,33.78,0.3711,0.2769,0.4435
S00578,5,1,1,89.95,26.07,24,5,0,0,59.8327,73.93,0.2484,0.6923,0.5132
S00579,8,1,1,55.46,41.01,19,3,1,0,39.2244,63.99,0.2303,0.6154,0.5648
S00580,1,1,1,67.97,34.79,38,0,0,0,49.7304,65.21,0.0566,0.5,0.5618
S00581,1,1,1,71.54,32.84,14,1,0,0,38.8442,67.16,0.0071,0.5385,0.5981
S00582,7,0,1,71.72,98.27266007853608,13,0,0,0,36.3999,1.7273,0.0046,0.3,0.4045
S00583,1,0,1,77.71,59.83,18,2,0,0,45.6081,40.17,0.0786,0.3769,0.5068
S00584,1,1,1,66.84,53.86,18,3,0,0,43.1832,46.14,0.0723,0.6154,0.4796
S00585,4,1,0,58.27,29.09,13,4,1,0,38.7122,75.91,0.1913,0.3538,0.6797
S00586,8,1,1,86.28,48.21,19,8,0,0,61.1678,51.79,0.1975,0.8077,0.3911
S00587,6,1,1,55.15,24.04,16,7,0,0,45.0131,75.96,0.2346,0.7692,0.554
S00588,1,0,1,72.05,39.89,31,0,1,0,47.2098,65.11,0.0,0.3,0.6202
S00589,7,0,1,55.05,29.3,15,0,0,0,30.9183,70.7,0.2359,0.3,0.6996
S00590,7,1,0,81.18,48.19,25,1,1,0,49.2256,56.81,0.1267,0.2385,0.5953
S00591,7,0,1,73.6,36.83,26,0,0,0,44.8637,63.17,0.0215,0.3,0.6207
S00592,8,1,1,85.25,55.02,32,6,0,0,64.6215,44.98,0.1832,0.7308,0.371
S00593,2,1,1,60.22,42.25,29,4,1,0,48.9837,62.75,0.1642,0.6538,0.5161
S00594,8,0,1,72.05,19.56,18,1,0,0,41.421,80.44,0.0,0.3385,0.6922
S00595,3,1,1,65.34,35.05,20,1,0,0,39.9235,64.95,0.0931,0.5385,0.5854
S00596,7,1,1,69.26,29.4,14,1,0,1,37.9322,70.6,0.0387,0.5385,0.615
S00597,5,1,1,75.14,64.93,29,2,1,0,51.1055,40.07,0.0429,0.5769,0.4372
S00598,7,0,1,46.76,35.0,7,4,3,0,30.5489,80.0,0.351,0.4538,0.6996
S00599,6,1,1,79.18,50.51,18,3,1,0,48.1192,54.49,0.099,0.6154,0.4957
S00600,6,0,1,58.59,27.96,19,2,0,0,38.5533,72.04,0.1868,0.3769,0.659
S00601,5,0,1,62.29,58.85,31,0,0,0,43.3058,41.15,0.1355,0.3,0.538
S00602,7,0,1,89.61,49.91,35,1,1,0,58.5298,55.09,0.2437,0.3385,0.5309
S00603,6,1,1,39.25,13.6,10,1,1,1,23.5553,91.4,0.4552,0.5385,0.7485
S00604,2,1,1,76.84,61.4,16,3,1,0,45.9968,43.6,0.0665,0.6154,0.4596
S00605,7,0,1,76.78,55.39,22,0,0,0,43.7628,44.61,0.0656,0.3,0.5503
S00606,5,1,1,59.72,25.04,18,5,0,0,44.1814,74.96,0.1711,0.6923,0.5721
S00607,3,0,1,65.29,31.26,18,0,0,1,36.794,68.74,0.0938,0.3,0.6712
S00608,5,1,1,90.32,60.43,33,1,0,0,57.6273,39.57,0.2536,0.5385,0.422
S00609,8,0,1,100.0,51.49,29,0,0,0,57.2034,48.51,0.3879,0.3,0.5188
S00610,7,1,1,87.97,45.3,22,3,2,0,54.0081,64.7,0.221,0.6154,0.5159
S00611,7,0,1,100.0,70.32,27,3,0,0,61.7862,29.68,0.3879,0.4154,0.3986
S00612,4,1,1,61.63,24.55,13,3,1,0,38.1331,80.45,0.1446,0.6154,0.6345
S00613,7,0,1,48.3,17.17,5,2,1,0,26.1323,87.83,0.3296,0.3769,0.7656
S00614,4,1,1,71.21,62.46,12,5,0,0,45.218,37.54,0.0117,0.6923,0.4188
S00615,6,1,1,84.07,55.91,35,0,1,1,54.3907,49.09,0.1668,0.5,0.481
S00616,6,0,1,44.18,31.73,18,1,0,0,30.273,68.27,0.3868,0.3385,0.6825
S00617,2,0,0,58.1,44.18,11,7,0,0,43.227,55.82,0.1936,0.2692,0.6047
S00618,3,1,1,59.77,42.21,25,5,0,0,48.3539,57.79,0.1704,0.6923,0.4888
S00619,1,1,1,77.35,57.72,27,6,0,0,58.4954,42.28,0.0736,0.7308,0.3817
S00620,2,0,1,75.41,26.64,21,5,0,0,52.237,73.36,0.0466,0.4923,0.5875
S00621,4,0,0,60.37,33.12,8,3,0,0,34.663,66.88,0.1621,0.1154,0.7173
S00622,4,0,1,74.7,41.29,26,2,1,0,49.1499,63.71,0.0368,0.3769,0.5886
S00623,2,1,1,54.83,42.63,31,2,1,0,44.168,62.37,0.239,0.5769,0.5507
S00624,4,1,1,65.6,14.29,20,4,0,0,45.7967,85.71,0.0895,0.6538,0.6191
S00625,5,0,1,53.03,18.94,24,3,1,0,41.2185,86.06,0.264,0.4154,0.6961
S00626,2,1,1,69.75,37.49,20,5,1,0,49.3798,67.51,0.0319,0.6923,0.5241
S00627,3,1,1,59.99,44.04,25,5,1,0,48.4419,60.96,0.1674,0.6923,0.5012
S00628,3,1,1,82.36,32.44,25,5,0,0,57.3899,67.56,0.1431,0.6923,0.4963
S00629,5,0,1,71.61,24.7,3,3,0,0,36.1929,75.3,0.0061,0.4154,0.6707
S00630,3,0,1,68.6,38.57,15,0,0,0,36.3383,61.43,0.0479,0.3,0.6435
S00631,6,0,1,98.52,55.0,22,0,0,0,52.4588,45.0,0.3674,0.3,0.5214
S00632,3,0,1,77.75,58.0,33,0,0,0,50.6763,42.0,0.0791,0.3,0.5156
S00633,4,0,1,66.48,41.095,19,2,0,0,41.7093,58.905,0.0773,0.3769,0.5954
S00634,4,0,0,63.24,24.81,20,3,0,0,42.9296,75.19,0.1223,0.1154,0.7217
S00635,2,0,1,54.28,26.41,11,4,1,0,35.9297,78.59,0.2466,0.4538,0.6752
S00636,6,1,0,71.01,40.72,35,2,0,0,53.0129,59.28,0.0144,0.2769,0.5823
S00637,2,0,1,76.61,61.37,36,1,0,0,53.923,38.63,0.0633,0.3385,0.4812
S00638,3,1,1,43.28,29.87,7,8,0,1,36.8492,70.13,0.3993,0.8077,0.5496
S00639,7,0,1,51.54,12.83,22,0,1,1,33.6668,92.17,0.2847,0.3,0.7758
S00640,8,1,1,64.26,41.095,5,4,0,0,36.3624,58.905,0.1081,0.6538,0.5449
S00641,6,0,1,55.53,19.54,21,2,0,0,38.5158,80.46,0.2293,0.3769,0.6928
S00642,8,1,1,72.65,36.51,24,5,1,0,52.9127,68.49,0.0083,0.6923,0.5157
S00643,7,1,1,74.73,27.59,17,2,0,0,43.8229,72.41,0.0372,0.5769,0.592
S00644,4,0,1,70.17,35.61,24,5,1,0,51.9207,69.39,0.0261,0.4923,0.5728
S00645,7,1,0,80.25,17.79,16,1,0,0,43.5146,82.21,0.1138,0.2385,0.7169
S00646,3,0,1,63.23,38.27,26,1,1,0,42.6388,66.73,0.1224,0.3385,0.6331
S00647,4,1,1,71.31,20.88,19,0,0,0,39.7952,79.12,0.0103,0.5,0.6522
S00648,5,0,0,56.95,21.97,8,2,1,0,31.3719,83.03,0.2096,0.0769,0.8031
S00649,8,0,1,76.27,52.57,21,4,0,0,50.6579,47.43,0.0586,0.4538,0.499
S00650,7,0,1,73.14,40.88,20,0,0,0,41.1204,59.12,0.0151,0.3,0.6176
S00651,4,1,1,54.02,53.44,19,3,1,0,38.6484,51.56,0.2502,0.6154,0.5171
S00652,6,0,1,69.67,54.18,31,3,0,0,52.0271,45.82,0.033,0.4154,0.4973
S00653,2,1,0,71.43,54.62,31,6,1,0,58.5003,50.38,0.0086,0.4308,0.4891
S00654,7,0,1,76.22,37.5,25,2,0,0,49.1647,62.5,0.0579,0.3769,0.5837
S00655,5,0,1,76.77,39.46,23,1,0,0,46.2751,60.54,0.0655,0.3385,0.5956
S00656,5,0,1,61.18,36.78,14,1,1,0,34.7002,68.22,0.1509,0.3385,0.6668
S00657,7,1,1,83.45,34.38,12,0,1,0,40.4986,70.62,0.1582,0.5,0.6157
S00658,6,1,0,79.85,44.59,25,4,0,0,54.4628,55.41,0.1083,0.3538,0.5426
S00659,1,0,1,61.13,41.77,12,1,0,0,33.4937,58.23,0.1516,0.3385,0.6311
S00660,3,1,1,54.86,36.37,26,6,0,0,48.9062,63.63,0.2386,0.7308,0.5006
S00661,2,0,0,62.28,18.93,17,4,2,0,42.6891,91.07,0.1356,0.1538,0.7764
S00662,6,0,1,49.93,36.9,20,5,3,1,41.4518,78.1,0.307,0.4923,0.6442
S00663,1,0,0,75.12,35.83,20,4,0,1,49.6047,64.17,0.0426,0.1538,0.6446
S00664,2,0,1,89.75,42.14,23,2,0,0,53.3902,57.86,0.2457,0.3769,0.5503
S00665,5,0,1,93.32,79.11,35,4,0,0,65.783,20.89,0.2952,0.4538,0.3399
S00666,6,1,0,55.66,95.32982439109942,19,8,0,0,48.9198,4.6702,0.2275,0.5077,0.3205
S00667,5,0,1,83.8,69.02,29,0,1,0,50.7234,35.98,0.1631,0.3,0.4914
S00668,7,1,0,73.27,32.84,22,5,0,0,51.9742,67.16,0.0169,0.3923,0.5887
S00669,8,1,1,36.06,15.75,16,5,2,1,33.5309,94.25,0.4995,0.6923,0.6866
S00670,2,1,1,67.01,35.08,26,7,0,1,55.6893,64.92,0.07,0.7692,0.4725
S00671,8,1,0,65.34,26.66,22,6,1,0,50.7253,78.34,0.0931,0.4308,0.6281
S00672,5,1,1,90.16,46.58,22,5,0,0,58.7302,53.42,0.2514,0.6923,0.435
S00673,6,0,1,58.94,26.68,26,3,1,0,44.769,78.32,0.182,0.4154,0.6527
S00674,1,0,1,80.45,50.11,17,1,1,0,44.1878,54.89,0.1166,0.3385,0.5803
S00675,5,0,1,70.39,33.17,8,0,0,1,32.9018,66.83,0.023,0.3,0.6772
S00676,6,1,1,50.31,35.59,14,4,0,0,36.1214,64.41,0.3017,0.6538,0.5678
S00677,5,0,0,63.72,40.74,24,2,1,0,43.5714,64.26,0.1156,0.0769,0.6853
S00678,1,1,1,94.97,77.09,27,4,0,0,61.6973,22.91,0.3181,0.6538,0.3122
S00679,5,1,1,69.4,45.29,32,3,1,0,52.5123,59.71,0.0368,0.6154,0.5012
S00680,8,0,1,85.59,65.09,42,0,0,0,59.1513,34.91,0.1879,0.3,0.4576
S00681,6,1,1,84.77,52.92,12,3,0,0,46.7959,47.08,0.1765,0.6154,0.4707
S00682,2,0,1,65.28,23.01,17,0,1,0,36.1967,81.99,0.094,0.3,0.7263
S00683,8,0,1,52.75,10.65,0,1,0,0,23.0231,89.35,0.2679,0.3385,0.7922
S00684,8,1,0,54.72,22.5,21,2,1,0,38.1918,82.5,0.2405,0.2769,0.7271
S00685,2,0,1,93.78,46.4,25,2,0,0,56.1887,53.6,0.3016,0.3769,0.5235
S00686,7,0,1,74.28,36.25,19,4,0,0,48.6755,63.75,0.031,0.4538,0.5712
S00687,4,0,0,45.99,41.095,22,0,1,1,31.4468,63.905,0.3617,0.0,0.7456
S00688,5,0,1,84.51,99.4589151718014,16,1,0,0,45.2186,0.5411,0.1729,0.3385,0.3593
S00689,4,1,1,45.2,2.19,0,6,1,1,29.6185,100.0,0.3727,0.7308,0.7136
S00690,7,1,0,59.61,8.49,0,2,1,0,27.6902,96.51,0.1727,0.2769,0.8199
S00691,8,0,1,73.22,40.08,33,0,0,0,48.8643,59.92,0.0162,0.3,0.5937
S00692,7,0,1,100.0,50.83,41,0,0,0,64.322,49.17,0.3879,0.3,0.4966
S00693,8,0,1,84.24,30.7,24,1,0,0,49.8564,69.3,0.1692,0.3385,0.6181
S00694,8,1,0,64.76,27.6,10,5,0,0,41.4516,72.4,0.1012,0.3923,0.6464
S00695,1,1,0,72.42,45.85,29,8,0,0,61.556,54.15,0.0051,0.5077,0.4742
S00696,3,0,1,85.8,58.13,49,7,0,0,76.8493,41.87,0.1908,0.5692,0.3562
S00697,6,0,0,93.33,45.8,28,5,0,0,63.5576,54.2,0.2954,0.1923,0.5463
S00698,5,1,1,68.29,32.98,11,5,0,0,43.4568,67.02,0.0522,0.6923,0.5429
S00699,1,1,1,68.72,25.77,31,7,1,0,59.3394,79.23,0.0462,0.7692,0.5169
S00700,1,0,1,59.55,35.41,9,1,0,0,31.0821,64.59,0.1735,0.3385,0.6649
S00701,5,1,0,81.98,44.36,23,3,0,0,52.2053,55.64,0.1378,0.3154,0.561
S00702,5,0,0,87.39,42.12,7,4,0,0,46.8009,57.88,0.2129,0.1538,0.6293
S00703,2,0,1,42.92,22.95,10,2,1,1,26.9464,82.05,0.4043,0.3769,0.7397
S00704,2,1,0,66.05,15.43,10,2,0,1,36.1984,84.57,0.0833,0.2769,0.7424
S00705,2,0,1,53.8,30.19,22,4,0,0,42.2632,69.81,0.2533,0.4538,0.6179
S00706,5,0,1,74.26,51.04,15,1,0,0,40.5254,48.96,0.0307,0.3385,0.5694
S00707,1,1,1,53.43,41.095,22,5,1,0,44.0382,63.905,0.2584,0.6923,0.5284
S00708,5,1,0,52.2,25.92,14,3,2,1,34.9543,84.08,0.2755,0.3154,0.7351
S00709,4,0,1,88.85,58.33,29,0,0,0,52.7434,41.67,0.2332,0.3,0.5071
S00710,4,1,1,69.52,51.12,26,4,1,0,50.924,53.88,0.0351,0.6538,0.4738
S00711,6,1,0,71.1,53.46,22,1,0,0,43.4139,46.54,0.0132,0.2385,0.5746
S00712,5,1,1,78.48,49.48,20,2,0,0,47.1026,50.52,0.0892,0.5769,0.493
S00713,6,1,1,86.56,60.04,21,3,1,0,52.8509,44.96,0.2014,0.6154,0.441
S00714,7,1,1,65.72,39.02,24,7,0,0,53.9868,60.98,0.0879,0.7692,0.4627
S00715,8,0,1,66.06,95.2046371838226,5,8,0,0,44.7747,4.7954,0.0831,0.6077,0.3105
S00716,7,0,1,66.12,33.5,34,0,1,0,46.6175,71.5,0.0823,0.3,0.6478
S00717,5,1,1,88.22,57.83,29,2,1,0,56.3375,47.17,0.2244,0.5769,0.4473
S00718,4,1,0,70.98,40.03,19,4,0,0,47.3555,59.97,0.0149,0.3538,0.5857
S00719,2,0,1,67.63,44.77,23,3,0,0,46.4653,55.23,0.0613,0.4154,0.5544
S00720,5,0,1,77.86,53.81,20,3,0,0,48.7776,46.19,0.0806,0.4154,0.5102
S00721,2,1,0,99.47,46.35,31,9,0,0,75.4855,53.65,0.3806,0.5462,0.4139
S00722,8,0,1,73.11,50.88,14,3,0,0,43.3183,49.12,0.0147,0.4154,0.541
S00723,7,0,0,67.96,46.09,24,0,1,0,41.4213,58.91,0.0568,0.0,0.6907
S00724,1,1,1,100.0,59.06,32,3,0,0,64.7523,40.94,0.3879,0.6154,0.3833
S00725,7,1,0,91.95,40.39,31,2,0,0,59.016,59.61,0.2762,0.2769,0.5627
S00726,1,1,1,89.77,50.49,41,5,0,0,69.8454,49.51,0.2459,0.6923,0.3805
S00727,6,1,1,64.49,41.095,13,3,3,0,39.2771,73.905,0.1049,0.6154,0.6043
S00728,1,0,1,63.0,34.34,18,1,0,0,37.801,65.66,0.1256,0.3385,0.6457
S00729,4,1,0,44.49,29.67,0,4,1,0,25.4883,75.33,0.3825,0.3538,0.7237
S00730,6,0,0,86.47,58.99,32,1,0,0,55.4941,41.01,0.2001,0.0385,0.5602
S00731,6,0,1,73.15,33.44,23,3,1,0,48.6733,71.56,0.0153,0.4154,0.612
S00732,4,1,1,72.05,24.31,13,4,0,1,44.2242,75.69,0.0,0.6538,0.5845
S00733,8,1,1,90.03,49.14,28,6,0,0,64.1606,50.86,0.2495,0.7308,0.3962
S00734,7,1,1,66.94,43.89,16,2,0,0,40.1137,56.11,0.0709,0.5769,0.5398
S00735,2,0,0,68.79,48.97,41,0,1,0,51.838,56.03,0.0452,0.0,0.6427
S00736,6,1,0,49.31,26.85,15,6,1,1,40.1608,78.15,0.3156,0.4308,0.6643
S00737,6,1,1,79.38,49.93,27,2,0,0,51.6151,50.07,0.1017,0.5769,0.4754
S00738,3,1,0,79.53,37.38,16,10,0,0,60.5343,62.62,0.1038,0.5846,0.4925
S00739,6,1,1,71.28,51.36,29,10,0,0,64.9462,48.64,0.0107,0.8846,0.3461
S00740,8,0,1,65.73,37.74,19,0,1,0,37.5632,67.26,0.0877,0.3,0.6626
S00741,7,1,1,100.0,70.68,36,1,0,0,63.279,29.32,0.3879,0.5385,0.3612
S00742,7,1,1,53.95,41.19,23,1,0,0,37.1471,58.81,0.2512,0.5385,0.5706
S00743,6,1,1,61.18,97.9688948185528,18,5,2,0,44.7654,12.0311,0.1509,0.6923,0.3184
S00744,3,1,1,82.62,58.47,21,4,0,0,53.1979,41.53,0.1467,0.6538,0.4165
S00745,7,1,1,56.78,17.25,0,4,0,1,30.4043,82.75,0.2119,0.6538,0.6611
S00746,3,0,1,55.68,30.75,13,2,0,0,33.83,69.25,0.2272,0.3769,0.6644
S00747,5,0,1,88.97,48.71,23,3,1,0,55.0013,56.29,0.2348,0.4154,0.5288
S00748,3,1,1,81.08,45.33,17,3,0,0,48.286,54.67,0.1253,0.6154,0.4958
S00749,3,1,1,72.05,45.03,37,3,0,0,56.5384,54.97,0.0,0.6154,0.4681
S00750,2,1,1,74.73,47.04,31,2,0,0,52.128,52.96,0.0372,0.5769,0.4852
S00751,8,0,1,61.62,21.15,4,7,1,1,40.4824,83.85,0.1448,0.5692,0.6514
S00752,2,0,0,68.21,24.41,22,4,1,0,48.0272,80.59,0.0533,0.1538,0.7158
S00753,1,1,1,70.81,41.095,15,3,0,0,42.9915,58.905,0.0172,0.6154,0.5313
S00754,8,1,1,84.69,51.85,30,5,0,0,61.288,48.15,0.1754,0.6923,0.405
S00755,5,0,1,78.39,30.35,18,4,0,0,49.7263,69.65,0.088,0.4538,0.5911
S00756,4,1,1,58.08,26.47,13,3,0,0,36.7131,73.53,0.1939,0.6154,0.6118
S00757,6,0,1,83.84,56.19,34,2,0,0,57.5516,43.81,0.1636,0.3769,0.4796
S00758,4,0,1,46.82,35.68,20,0,3,1,30.5924,79.32,0.3502,0.3,0.7352
S00759,2,0,1,67.19,51.22,33,2,1,0,50.2984,53.78,0.0675,0.3769,0.5449
S00760,6,0,1,54.87,19.56,15,3,0,1,36.6155,80.44,0.2384,0.4154,0.6898
S00761,2,0,1,59.14,49.38,6,0,1,0,27.2153,55.62,0.1792,0.3,0.6522
S00762,5,1,0,100.0,44.91,22,12,0,0,76.1278,55.09,0.3879,0.6615,0.3885
S00763,8,1,1,49.94,29.26,22,4,1,1,40.7192,75.74,0.3069,0.6538,0.597
S00764,8,1,1,59.71,12.44,23,6,0,0,49.0665,87.56,0.1713,0.7308,0.5958
S00765,3,0,1,79.66,31.55,19,4,0,0,50.8275,68.45,0.1056,0.4538,0.5825
S00766,7,0,1,64.95,22.76,11,1,1,1,34.4285,82.24,0.0985,0.3385,0.7238
S00767,5,0,1,74.33,56.45,28,1,0,0,48.2652,43.55,0.0316,0.3385,0.5206
S00768,4,1,0,93.44,65.82,23,0,0,0,51.0201,34.18,0.2969,0.2,0.5081
S00769,2,0,1,81.82,46.62,23,2,0,1,50.2182,53.38,0.1356,0.3769,0.5435
S00770,4,1,1,64.97,42.79,43,2,1,0,55.3426,62.21,0.0983,0.5769,0.5109
S00771,6,1,0,69.99,21.8,39,1,0,0,53.0547,78.2,0.0286,0.2385,0.6675
S00772,8,1,1,79.96,39.97,32,3,0,0,56.7363,60.03,0.1098,0.6154,0.4877
S00773,1,0,1,72.05,24.86,21,1,0,1,43.2007,75.14,0.0,0.3385,0.6647
S00774,6,0,1,72.31,30.76,22,0,0,0,41.9748,69.24,0.0036,0.3,0.655
S00775,7,0,1,77.41,42.77,30,4,0,0,56.4529,57.23,0.0744,0.4538,0.5179
S00776,8,0,0,77.42,51.11,36,0,0,0,52.3239,48.89,0.0745,0.0,0.6124
S00777,4,1,1,70.62,35.34,18,2,0,0,42.7721,64.66,0.0198,0.5769,0.5647
S00778,1,0,0,62.92,28.1,15,3,0,0,39.8355,71.9,0.1267,0.1154,0.7193
S00779,3,1,1,83.14,41.74,27,0,1,0,49.2729,63.26,0.1539,0.5,0.5556
S00780,7,0,1,76.38,35.65,13,3,1,0,44.0331,69.35,0.0601,0.4154,0.6194
S00781,8,1,1,40.79,27.22,0,0,0,1,16.316,72.78,0.4339,0.5,0.709
S00782,6,1,1,59.61,35.16,9,7,0,0,42.6445,64.84,0.1727,0.7692,0.5178
S00783,1,0,1,64.79,31.28,24,4,0,0,47.8456,68.72,0.1008,0.4538,0.594
S00784,1,1,1,68.98,36.27,24,1,0,0,43.7524,63.73,0.0426,0.5385,0.5672
S00785,4,0,1,90.06,74.63,38,0,0,0,58.5664,25.37,0.25,0.3,0.4215
S00786,5,1,1,100.0,43.51,19,1,0,0,53.1943,56.49,0.3879,0.5385,0.5052
S00787,1,1,0,35.12,20.57,0,7,1,1,27.5095,84.43,0.5126,0.4692,0.7241
S00788,6,1,1,76.57,54.49,28,6,1,0,58.7766,50.51,0.0627,0.7308,0.4136
S00789,5,1,1,73.04,37.46,16,3,0,0,44.4768,62.54,0.0137,0.6154,0.5406
S00790,1,0,0,69.29,28.74,15,4,1,1,44.3066,76.26,0.0383,0.1538,0.7115
S00791,1,1,1,72.05,29.81,33,5,0,0,58.0117,70.19,0.0,0.6923,0.5046
S00792,4,1,0,74.25,45.26,19,4,0,0,48.6635,54.74,0.0305,0.3538,0.5602
S00793,6,0,0,3.532500000000013,95.864502799602,17,3,2,1,17.267,14.1355,0.951,0.1154,0.5673
S00794,7,0,1,72.44,41.095,21,0,1,0,41.4336,63.905,0.0054,0.3,0.6356
S00795,4,1,1,80.35,49.58,24,6,0,0,57.9157,50.42,0.1152,0.7308,0.4163
S00796,3,1,1,78.92,47.97,30,5,0,0,58.98,52.03,0.0954,0.6923,0.4286
S00797,8,0,1,74.83,29.21,14,3,0,0,44.0063,70.79,0.0386,0.4154,0.6253
S00798,4,1,1,63.25,20.04,18,2,2,0,39.8241,89.96,0.1221,0.5769,0.6762
S00799,3,1,1,100.0,56.71,42,4,0,0,72.6076,43.29,0.3879,0.6538,0.3556
S00800,4,0,0,77.39,65.77,41,1,0,0,57.2011,34.23,0.0741,0.0385,0.5271
S00801,1,0,1,83.44,48.15,16,0,0,0,42.8675,51.85,0.1581,0.3,0.5824
S00802,3,1,1,64.38,40.61,22,3,0,0,44.5721,59.39,0.1065,0.6154,0.5277
S00803,5,1,1,74.84,45.24,22,3,1,0,48.7561,59.76,0.0387,0.6154,0.5145
S00804,8,1,0,74.72,41.095,23,4,0,0,51.2244,58.905,0.0371,0.3538,0.5679
S00805,6,0,1,43.32,15.53,6,0,4,1,20.8873,100.0,0.3988,0.3,0.8519
S00806,7,1,0,61.25,37.66,25,1,2,0,41.2536,72.34,0.1499,0.2385,0.6853
S00807,5,1,0,60.97,35.79,24,4,1,0,46.3176,69.21,0.1538,0.3538,0.6263
S00808,1,1,1,62.99,34.1,39,3,0,0,54.1008,65.9,0.1257,0.6154,0.5204
S00809,4,0,1,55.95,14.24,6,1,0,1,27.8624,85.76,0.2235,0.3385,0.7609
S00810,8,1,1,72.66,32.76,9,0,0,0,34.403,67.24,0.0085,0.5,0.6235
S00811,1,0,1,92.96,55.25,46,3,0,0,70.2414,44.75,0.2902,0.4154,0.4293
S00812,8,0,1,73.96,95.00504166548345,23,4,0,0,50.9204,4.995,0.0265,0.4538,0.3283
S00813,6,1,1,54.28,25.76,12,6,3,0,40.3691,89.24,0.2466,0.7308,0.633
S00814,3,1,0,56.54,45.61,22,7,1,0,49.1284,59.39,0.2153,0.4692,0.5483
S00815,7,0,1,66.34,26.5,9,3,1,0,37.6442,78.5,0.0793,0.4154,0.6784
S00816,7,1,1,50.77,34.18,18,4,2,0,38.6783,75.82,0.2954,0.6538,0.6045
S00817,1,0,1,76.57,31.55,23,3,1,0,50.0413,73.45,0.0627,0.4154,0.6148
S00818,1,0,1,92.3,69.76,38,1,0,0,61.3854,30.24,0.2811,0.3385,0.4215
S00819,6,0,1,63.36,55.92,26,2,0,0,44.6139,44.08,0.1206,0.3769,0.5259
S00820,8,0,1,72.05,40.35,22,1,1,0,43.7939,64.65,0.0,0.3385,0.6207
S00821,1,1,1,65.57,24.7,22,4,0,0,46.9712,75.3,0.0899,0.6538,0.5734
S00822,6,1,1,62.56,98.82670496206084,32,4,0,0,51.6994,1.1733,0.1317,0.6538,0.2603
S00823,2,1,1,74.84,45.77,28,2,0,0,50.3923,54.23,0.0387,0.5769,0.4963
S00824,6,0,1,62.05,29.32,15,4,0,0,41.4106,70.68,0.1388,0.4538,0.6243
S00825,5,0,1,59.87,43.98,12,3,0,0,36.8359,56.02,0.169,0.4154,0.5913
S00826,1,0,1,47.71,26.04,8,2,1,1,27.6759,78.96,0.3378,0.3769,0.7247
S00827,6,1,1,72.97,41.095,27,2,0,0,49.0511,58.905,0.0128,0.5769,0.5197
S00828,8,0,0,88.01,53.32,18,2,0,0,49.7281,46.68,0.2215,0.0769,0.5934
S00829,7,0,1,82.61,25.64,27,3,0,0,54.8302,74.36,0.1466,0.4154,0.6017
S00830,1,1,1,94.38,49.48,24,10,0,0,71.2201,50.52,0.3099,0.8846,0.3317
S00831,2,1,0,61.88,30.08,9,1,0,0,32.0141,69.92,0.1412,0.2385,0.708
S00832,2,0,1,84.76,47.86,18,0,0,0,44.582,52.14,0.1764,0.3,0.5775
S00833,4,0,0,55.46,24.79,16,2,1,0,35.5217,80.21,0.2303,0.0769,0.7773
S00834,2,1,1,82.64,47.55,32,2,0,0,55.8852,52.45,0.147,0.5769,0.47
S00835,7,0,1,96.66,46.48,26,0,0,0,54.0877,53.52,0.3416,0.3,0.5498
S00836,7,0,1,79.48,41.37,9,9,0,0,54.4387,58.63,0.1031,0.6462,0.4824
S00837,7,1,1,4.940069749491851,95.25881682938746,22,5,0,0,24.6423,4.7412,0.9314,0.6923,0.3596
S00838,2,0,0,63.02,30.77,28,1,1,0,43.7412,74.23,0.1253,0.0385,0.7342
S00839,1,0,0,72.05,49.74,29,5,0,0,55.6388,50.26,0.0,0.1923,0.5582
S00840,8,0,1,58.26,41.095,30,2,0,0,44.9468,58.905,0.1914,0.3769,0.5841
S00841,3,0,1,72.52,38.0,23,5,0,0,52.2675,62.0,0.0065,0.4923,0.542
S00842,6,0,1,76.05,50.84,23,1,0,0,45.9871,49.16,0.0555,0.3385,0.5511
S00843,8,0,1,72.39,40.78,33,0,1,0,48.5323,64.22,0.0047,0.3,0.612
S00844,1,1,1,64.89,36.62,31,5,0,0,53.9612,63.38,0.0994,0.6923,0.4916
S00845,1,0,0,64.64,40.29,25,2,1,0,44.5327,64.71,0.1028,0.0769,0.6838
S00846,1,1,1,77.18,15.9,31,6,2,0,60.8003,94.1,0.0712,0.7308,0.5809
S00847,2,1,1,69.61,26.79,12,2,1,0,38.8088,78.21,0.0339,0.5769,0.6328
S00848,1,0,1,54.72,24.99,14,1,0,0,32.1162,75.01,0.2405,0.3385,0.703
S00849,7,0,0,43.54,28.18,26,2,0,0,36.6859,71.82,0.3957,0.0769,0.7397
S00850,5,1,0,63.07,40.33,26,7,2,0,54.1133,69.67,0.1246,0.4692,0.572
S00851,8,1,1,51.27,21.59,3,1,1,0,24.2107,83.41,0.2884,0.5385,0.7143
S00852,7,1,1,59.47,43.0,14,8,1,0,47.4777,62.0,0.1746,0.8077,0.4799
S00853,8,0,0,65.65,59.74,32,1,0,0,47.1661,40.26,0.0888,0.0385,0.5863
S00854,2,0,1,69.81,39.36,25,1,0,0,44.6776,60.64,0.0311,0.3385,0.6016
S00855,3,0,0,62.01,41.095,20,4,0,1,44.3607,58.905,0.1393,0.1538,0.6419
S00856,7,1,0,100.0,69.48,34,3,0,0,65.9387,30.52,0.3879,0.3154,0.4124
S00857,2,1,1,53.08,26.13,15,4,0,0,37.8226,73.87,0.2633,0.6538,0.5997
S00858,1,0,1,90.14,42.18,25,0,0,0,50.8865,57.82,0.2511,0.3,0.5782
S00859,6,1,1,69.56,43.41,15,6,1,0,48.2608,61.59,0.0346,0.7308,0.4947
S00860,7,0,0,62.14,99.14991197515246,27,3,2,0,46.6422,10.8501,0.1375,0.1154,0.4513
S00861,8,1,1,80.81,54.32,27,3,0,0,54.1102,45.68,0.1216,0.6154,0.4395
S00862,8,0,0,65.21,31.99,26,4,2,0,49.2,78.01,0.0949,0.1538,0.7014
S00863,1,1,1,59.9,32.14,22,0,0,0,37.0108,67.86,0.1686,0.5,0.6169
S00864,7,1,0,98.85,69.48,43,4,0,0,72.7408,30.52,0.372,0.3538,0.379
S00865,7,1,1,39.08,0.53,14,4,0,1,31.6294,99.47,0.4576,0.6538,0.7237
S00866,6,0,1,68.33,36.65,28,0,0,0,43.9422,63.35,0.0516,0.3,0.6246
S00867,7,1,1,74.85,52.55,25,5,0,0,54.3859,47.45,0.0389,0.6923,0.4264
S00868,7,1,1,93.12,45.74,22,0,0,0,50.2988,54.26,0.2924,0.5,0.516
S00869,4,0,1,66.02,46.13,18,0,1,0,37.086,58.87,0.0837,0.3,0.6307
S00870,1,0,0,100.0,51.11,22,1,0,0,54.9739,48.89,0.3879,0.0385,0.5935
S00871,4,1,1,83.39,51.81,32,2,2,0,56.1852,58.19,0.1574,0.5769,0.4919
S00872,2,0,0,36.49,22.15,21,2,1,0,30.8998,82.85,0.4935,0.0769,0.804
S00873,1,0,1,50.19,9.22,11,3,1,0,32.3707,95.78,0.3034,0.4154,0.766
S00874,1,0,1,75.55,39.9,26,3,0,0,51.413,60.1,0.0486,0.4154,0.5566
S00875,6,0,0,54.84,24.81,15,0,1,0,30.8343,80.19,0.2389,0.0,0.8128
S00876,5,0,1,80.22,44.65,38,2,0,0,58.4765,55.35,0.1134,0.3769,0.5225
S00877,5,1,0,65.19,28.78,23,7,0,0,53.1816,71.22,0.0952,0.4692,0.5814
S00878,6,0,0,54.06,45.15,19,0,0,0,32.8952,54.85,0.2497,0.0,0.7043
S00879,5,1,1,57.53,24.7,17,3,3,1,38.866,90.3,0.2015,0.6154,0.6713
S00880,6,0,0,84.78,49.69,25,1,0,0,50.6656,50.31,0.1767,0.0385,0.6143
S00881,1,0,1,41.66,15.4,0,0,1,1,16.664,89.6,0.4218,0.3,0.8251
S00882,7,0,1,87.68,52.38,22,0,0,0,48.1228,47.62,0.2169,0.3,0.5471
S00883,4,1,1,88.12,95.32990695185708,30,0,0,0,53.0446,4.6701,0.223,0.5,0.308
S00884,2,1,0,67.03,52.77,21,5,0,0,48.885,47.23,0.0697,0.3923,0.5197
S00885,7,0,1,50.93,23.07,16,3,0,0,35.6328,76.93,0.2931,0.4154,0.6792
S00886,6,0,1,80.34,54.24,33,2,0,0,55.5584,45.76,0.1151,0.3769,0.4944
S00887,1,0,0,64.7,48.2,22,7,1,0,52.3924,56.8,0.102,0.2692,0.5765
S00888,2,0,1,49.27,22.31,11,0,1,0,26.2334,82.69,0.3162,0.3,0.7639
S00889,1,1,0,100.0,65.62,31,3,1,0,64.1591,39.38,0.3879,0.3154,0.4541
S00890,3,0,1,58.73,33.81,20,0,1,0,35.3564,71.19,0.1849,0.3,0.686
S00891,1,1,1,49.92,12.65,11,5,0,0,36.1088,87.35,0.3071,0.6923,0.6499
S00892,6,1,1,76.28,66.38,32,5,0,0,59.1104,33.62,0.0587,0.6923,0.3545
S00893,5,0,1,70.98,99.23387448410574,22,0,0,0,41.4428,0.7661,0.0149,0.3,0.383
S00894,8,1,1,94.29,41.095,32,2,0,0,60.5452,58.905,0.3087,0.5769,0.4795
S00895,6,0,1,66.29,28.81,14,4,2,0,42.5134,81.19,0.0799,0.4538,0.6625
S00896,5,1,0,66.45,97.91925869120897,59,1,0,0,63.5031,2.0807,0.0777,0.2385,0.3264
S00897,5,0,1,77.03,54.68,36,0,0,0,52.1679,45.32,0.0691,0.3,0.5237
S00898,1,1,1,74.99,55.44,13,1,0,0,39.6309,44.56,0.0408,0.5385,0.5049
S00899,1,0,1,75.45,53.77,27,4,0,0,53.8893,46.23,0.0472,0.4538,0.4829
S00900,5,0,1,76.08,43.64,23,0,0,0,44.0761,56.36,0.0559,0.3,0.5962
S00901,1,1,1,74.47,54.92,26,4,0,0,52.904,45.08,0.0336,0.6538,0.4317
S00902,1,0,1,65.75,35.49,24,0,1,0,40.5373,69.51,0.0874,0.3,0.6612
S00903,2,0,0,84.49,39.5,9,1,1,0,41.0581,65.5,0.1727,0.0385,0.7087
S00904,8,1,0,66.6,35.25,27,1,0,0,44.58,64.75,0.0756,0.2385,0.6433
S00905,4,0,0,84.07,62.36,36,3,0,0,60.7532,37.64,0.1668,0.1154,0.5091
S00906,6,1,1,92.82,53.55,40,1,0,0,62.7799,46.45,0.2883,0.5385,0.4314
S00907,4,1,1,61.84,16.98,11,5,0,0,40.8768,83.02,0.1417,0.6923,0.6159
S00908,2,1,1,100.0,42.66,32,8,0,0,74.3677,57.34,0.3879,0.8077,0.3671
S00909,3,0,1,61.31,20.34,14,4,1,0,40.5214,84.66,0.1491,0.4538,0.6834
S00910,1,0,1,61.42,30.83,3,0,0,0,26.3477,69.17,0.1475,0.3,0.7095
S00911,7,1,0,80.1,40.36,20,3,0,0,49.6736,59.64,0.1117,0.3154,0.5859
S00912,2,0,1,78.62,39.64,16,1,0,0,42.8626,60.36,0.0912,0.3385,0.6068
S00913,4,0,1,73.08,45.59,25,1,1,0,45.9856,59.41,0.0143,0.3385,0.5921
S00914,8,0,1,84.27,45.75,14,4,1,0,49.7054,59.25,0.1696,0.4538,0.5496
S00915,5,0,0,75.79,35.01,16,1,0,0,41.7306,64.99,0.0519,0.0385,0.7043
S00916,4,1,1,100.0,52.93,28,5,0,0,66.2256,47.07,0.3879,0.6923,0.3834
S00917,5,1,0,71.2,37.82,28,5,0,0,54.7056,62.18,0.0118,0.3923,0.5592
S00918,7,1,1,59.18,47.24,40,3,0,1,53.17,52.76,0.1786,0.6154,0.4711
S00919,3,1,1,63.72,35.38,22,0,1,0,38.5388,69.62,0.1156,0.5,0.6186
S00920,6,0,0,79.07,31.23,17,4,0,0,49.4051,68.77,0.0974,0.1538,0.6637
S00921,7,0,1,79.29,42.55,20,3,0,0,49.3496,57.45,0.1005,0.4154,0.5532
S00922,5,0,1,75.1,51.2,29,3,0,0,53.0126,48.8,0.0423,0.4154,0.5058
S00923,4,1,1,59.26,44.76,7,6,1,0,39.395,60.24,0.1775,0.7308,0.5204
S00924,2,0,1,88.63,42.12,37,2,0,0,61.2473,57.88,0.2301,0.3769,0.5229
S00925,2,1,1,100.0,44.54,35,0,0,0,60.7627,55.46,0.3879,0.5,0.4842
S00926,8,0,0,72.44,25.59,22,5,0,0,51.6422,74.41,0.0054,0.1923,0.6688
S00927,5,1,0,99.16,42.75,19,3,0,0,56.7044,57.25,0.3763,0.3154,0.5517
S00928,3,1,1,84.99,49.03,34,1,0,0,56.0886,50.97,0.1796,0.5385,0.4729
S00929,4,1,1,100.0,48.41,26,3,0,0,61.193,51.59,0.3879,0.6154,0.4383
S00930,5,0,1,79.09,30.17,26,7,1,0,60.5213,74.83,0.0977,0.5692,0.5452
S00931,5,1,1,74.05,54.91,22,7,0,0,56.1324,45.09,0.0278,0.7692,0.3916
S00932,6,0,1,84.64,22.16,14,4,0,0,49.8534,77.84,0.1747,0.4538,0.6234
S00933,3,0,1,65.5,41.095,18,0,1,0,36.878,63.905,0.0909,0.3,0.6515
S00934,6,0,0,78.11,44.37,15,2,0,0,43.9885,55.63,0.0841,0.0769,0.6493
S00935,4,0,1,91.96,63.05,24,3,0,0,56.7905,36.95,0.2763,0.4154,0.4452
S00936,8,1,1,84.29,38.77,30,7,1,0,64.9741,66.23,0.1699,0.7692,0.4452
S00937,2,0,0,71.54,39.02,28,1,1,0,47.1492,65.98,0.0071,0.0385,0.6893
S00938,2,0,1,72.05,39.41,23,0,0,0,42.4641,60.59,0.0,0.3,0.6187
S00939,4,1,1,83.37,38.32,19,0,0,0,44.6192,61.68,0.1571,0.5,0.5656
S00940,5,1,1,82.87,46.05,21,3,2,0,51.3749,63.95,0.1502,0.6154,0.5221
S00941,6,1,1,83.25,98.92533108931752,21,5,0,0,55.373,1.0747,0.1554,0.6923,0.2374
S00942,4,1,1,77.09,25.43,7,4,0,0,42.6809,74.57,0.07,0.6538,0.5854
S00943,8,0,1,59.63,52.29,19,0,0,0,35.1232,47.71,0.1724,0.3,0.5929
S00944,4,1,1,62.02,16.16,5,4,1,0,35.4664,88.84,0.1392,0.6538,0.6678
S00945,2,0,1,78.92,49.48,26,0,0,0,46.9917,50.52,0.0954,0.3,0.5626
S00946,1,0,1,72.05,43.79,15,0,0,0,37.7183,56.21,0.0,0.3,0.6178
S00947,8,0,1,82.53,44.28,17,0,0,0,43.0967,55.72,0.1455,0.3,0.597
S00948,2,1,1,61.87,11.9,24,9,1,0,56.293,93.1,0.1413,0.8462,0.5638
S00949,8,0,1,69.73,37.03,22,0,1,0,40.9428,67.97,0.0322,0.3,0.6536
S00950,3,1,1,54.39,20.46,1,0,0,0,22.3492,79.54,0.2451,0.5,0.7149
S00951,1,0,1,51.13,29.22,10,1,0,0,28.3073,70.78,0.2904,0.3385,0.6994
S00952,3,0,1,73.22,28.48,25,0,0,0,44.1185,71.52,0.0162,0.3,0.6567
S00953,5,0,1,92.37,52.68,22,4,0,0,57.6912,47.32,0.282,0.4538,0.4739
S00954,4,0,1,73.5,47.6,20,2,0,0,45.1106,52.4,0.0201,0.3769,0.5575
S00955,7,0,1,100.0,63.68,34,2,0,0,64.0156,36.32,0.3879,0.3769,0.427
S00956,5,1,0,69.54,39.23,22,2,0,1,44.713,60.77,0.0348,0.2769,0.6174
S00957,4,0,1,72.47,48.41,15,0,0,0,37.8863,51.59,0.0058,0.3,0.5988
S00958,6,0,1,57.13,40.33,17,1,0,0,34.8598,59.67,0.2071,0.3385,0.632
S00959,8,1,1,66.79,28.77,18,3,0,0,43.1632,71.23,0.073,0.6154,0.58
S00960,4,0,1,54.15,38.67,30,2,0,0,43.3028,61.33,0.2484,0.3769,0.5995
S00961,2,0,1,48.82,35.99,13,0,0,0,27.2399,64.01,0.3224,0.3,0.6857
S00962,4,0,1,54.41,46.68,17,3,0,0,37.618,53.32,0.2448,0.4154,0.5778
S00963,7,0,1,73.28,35.68,25,0,0,0,44.1425,64.32,0.0171,0.3,0.6278
S00964,2,0,0,60.95,23.8,16,1,0,0,35.7946,76.2,0.1541,0.0385,0.7699
S00965,8,1,1,64.5,22.56,14,5,1,0,43.7205,82.44,0.1048,0.6923,0.6037
S00966,5,0,0,78.15,32.47,28,1,1,0,49.7932,72.53,0.0847,0.0385,0.7062
S00967,5,1,1,48.77,28.77,18,3,2,1,35.9552,81.23,0.3231,0.6154,0.6452
S00968,3,0,1,73.22,41.095,40,1,0,0,54.9399,58.905,0.0162,0.3385,0.5587
S00969,8,1,1,84.72,56.32,33,8,0,0,68.8489,43.68,0.1759,0.8077,0.3318
S00970,1,1,1,86.02,45.54,34,1,0,0,56.5006,54.46,0.1939,0.5385,0.4855
S00971,3,0,1,79.75,36.27,31,2,0,0,54.136,63.73,0.1069,0.3769,0.5712
S00972,4,0,1,71.22,46.69,17,4,1,0,46.2651,58.31,0.0115,0.4538,0.5579
S00973,4,0,1,62.64,29.21,9,0,1,0,30.395,75.79,0.1306,0.3,0.7218
S00974,4,1,1,70.76,95.30559813259808,14,4,1,0,44.3014,9.6944,0.0179,0.6538,0.3203
S00975,2,1,1,96.8,52.29,37,4,0,0,68.3615,47.71,0.3435,0.6538,0.3881
S00976,2,0,1,76.1,65.4,35,0,2,0,51.2027,44.6,0.0562,0.3,0.5242
S00977,1,1,1,70.4,45.87,28,2,0,0,48.6163,54.13,0.0229,0.5769,0.5021
S00978,5,0,0,80.46,33.2,24,0,1,0,46.4213,71.8,0.1167,0.0,0.7247
S00979,3,0,1,72.75,95.9696436324916,36,4,0,0,58.1482,4.0304,0.0097,0.4538,0.2992
S00980,5,1,0,75.39,43.27,20,5,0,0,51.6358,56.73,0.0464,0.3923,0.5481
S00981,5,0,1,68.3,37.73,12,4,1,0,42.131,67.27,0.052,0.4538,0.6082
S00982,6,0,1,65.78,44.51,22,3,0,0,45.1321,55.49,0.087,0.4154,0.5601
S00983,5,1,1,86.94,35.98,38,3,0,0,63.0876,64.02,0.2067,0.6154,0.4814
S00984,6,0,1,42.74,2.08,5,3,0,0,25.8313,97.92,0.4068,0.4154,0.7974
S00985,5,1,1,79.18,19.17,11,9,0,0,55.5051,80.83,0.099,0.8462,0.5175
S00986,6,0,1,64.85,26.71,20,3,1,0,43.5736,78.29,0.0999,0.4154,0.6568
S00987,5,0,1,43.42,32.51,18,9,0,1,45.3537,67.49,0.3974,0.6462,0.5497
S00988,3,0,1,57.38,23.18,0,2,0,0,26.7982,76.82,0.2036,0.3769,0.7193
S00989,2,1,1,71.46,26.62,30,1,0,0,48.3037,73.38,0.0082,0.5385,0.5898
S00990,7,0,1,73.52,20.27,12,0,0,0,36.5266,79.73,0.0204,0.3,0.7161
S00991,3,0,1,83.1,52.66,32,3,2,0,57.9923,57.34,0.1534,0.4154,0.5225
S00992,5,1,0,84.12,50.65,22,6,0,0,58.2373,49.35,0.1675,0.4308,0.4859
S00993,2,1,1,48.8,25.7,2,5,1,0,30.3218,79.3,0.3227,0.6923,0.638
S00994,4,1,1,72.05,61.17,29,2,1,0,49.8695,43.83,0.0,0.5769,0.4566
S00995,5,1,1,82.93,55.23,36,0,0,0,54.5279,44.77,0.151,0.5,0.4632
S00996,6,0,1,75.28,57.52,24,3,1,0,50.1185,47.48,0.0448,0.4154,0.5107
S00997,5,1,0,79.54,78.1,44,3,0,0,63.6869,21.9,0.104,0.3154,0.3858
S00998,3,1,1,43.01,17.24,4,1,1,1,21.5,87.76,0.4031,0.5385,0.7412
S00999,8,1,1,57.15,34.56,9,4,2,0,35.8913,75.44,0.2068,0.6538,0.6127
S01000,5,1,1,92.49,28.98,27,6,0,0,64.5514,71.02,0.2837,0.7308,0.4755
S01001,7,0,1,67.8,43.47,18,2,0,0,41.6441,56.53,0.059,0.3769,0.5861
S01002,6,0,1,100.0,46.9,22,2,0,0,56.897,53.1,0.3879,0.3769,0.519
S01003,5,1,1,52.82,32.34,10,10,1,0,46.291,72.66,0.2669,0.8846,0.5075
S01004,8,0,1,95.46,51.26,35,3,0,0,64.7159,48.74,0.3249,0.4154,0.4646
S01005,2,0,1,62.84,41.21,23,5,1,0,48.3955,63.79,0.1278,0.4923,0.5627
S01006,8,0,0,84.94,42.19,40,1,0,0,59.6279,57.81,0.1789,0.0385,0.6129
S01007,7,1,0,67.57,32.03,17,2,0,0,40.9589,67.97,0.0622,0.2769,0.6593
S01008,5,1,1,73.74,50.1,26,6,1,0,56.4582,54.9,0.0235,0.7308,0.4393
S01009,6,1,1,80.93,51.0,30,2,0,0,54.0148,49.0,0.1232,0.5769,0.4627
S01010,5,1,1,62.8,15.29,19,1,3,1,38.3143,99.71,0.1284,0.5385,0.7301
S01011,3,1,1,84.02,44.71,25,4,0,0,56.1308,55.29,0.1661,0.6538,0.4613
S01012,7,1,1,68.01,22.93,4,3,0,0,35.3461,77.07,0.0561,0.6154,0.6307
S01013,2,0,1,74.67,31.94,24,1,1,0,46.0284,73.06,0.0364,0.3385,0.6465
S01014,3,1,1,32.32,12.33,13,5,1,0,30.2552,92.67,0.5514,0.6923,0.6917
S01015,5,0,1,66.94,44.52,20,2,0,0,42.4866,55.48,0.0709,0.3769,0.579
S01016,7,0,1,90.95,41.095,23,5,0,0,59.6395,58.905,0.2623,0.4923,0.5038
S01017,4,0,1,82.42,45.64,13,0,0,0,40.6799,54.36,0.1439,0.3,0.6001
S01018,4,1,1,85.3,43.3,31,1,1,0,54.4329,61.7,0.1839,0.5385,0.5217
S01019,1,1,1,72.8,95.15230439625122,23,6,0,0,54.3025,4.8477,0.0104,0.7308,0.2466
S01020,1,1,0,97.14,60.81,43,4,0,0,72.0568,39.19,0.3482,0.3538,0.4161
S01021,1,1,1,76.33,45.7,12,3,0,0,43.4199,54.3,0.0594,0.6154,0.5114
S01022,1,1,1,62.1,32.61,15,2,0,0,37.5845,67.39,0.1381,0.5769,0.5938
S01023,7,0,0,72.05,48.09,16,1,0,0,40.2346,51.91,0.0,0.0385,0.6572
S01024,7,1,1,85.84,52.99,36,5,0,0,65.3073,47.01,0.1914,0.6923,0.3864
S01025,7,1,0,81.44,55.94,36,11,0,0,75.0858,44.06,0.1303,0.6231,0.3577
S01026,1,1,0,65.96,53.38,36,5,1,0,57.3553,51.62,0.0845,0.3923,0.5077
S01027,1,0,0,76.22,33.65,28,3,0,0,52.8674,66.35,0.0579,0.1154,0.6515
S01028,3,0,0,92.9,53.58,36,4,0,0,66.2082,46.42,0.2894,0.1538,0.5155
S01029,5,1,1,79.16,43.18,28,4,0,0,55.9665,56.82,0.0987,0.6538,0.4679
S01030,3,0,1,49.83,37.15,19,5,2,1,40.8186,72.85,0.3084,0.4923,0.6255
S01031,4,0,0,62.57,34.34,19,5,1,0,45.9146,70.66,0.1316,0.1923,0.6739
S01032,2,0,0,61.87,29.35,24,5,1,0,48.6007,75.65,0.1413,0.1923,0.6844
S01033,6,0,1,60.69,37.49,35,0,1,0,45.0387,67.51,0.1577,0.3,0.6374
S01034,3,0,1,40.33,24.06,13,0,1,0,23.8439,80.94,0.4402,0.3,0.7653
S01035,1,1,1,72.05,62.52,33,3,1,0,54.1655,42.48,0.0,0.6154,0.4265
S01036,6,1,0,58.86,26.06,19,2,0,0,38.6613,73.94,0.1831,0.2769,0.6912
S01037,8,1,1,59.94,26.88,17,3,0,0,39.83,73.12,0.1681,0.6154,0.5992
S01038,1,0,1,42.87,18.16,14,3,1,1,31.2223,86.84,0.405,0.4154,0.7342
S01039,4,0,1,85.0,41.42,26,3,0,0,55.193,58.58,0.1797,0.4154,0.5373
S01040,7,0,1,70.64,39.55,31,4,0,0,54.3381,60.45,0.0196,0.4538,0.5382
S01041,6,0,0,66.74,99.61867871658082,29,1,0,0,45.8225,0.3813,0.0737,0.0385,0.4315
S01042,7,0,1,72.05,55.33,38,3,0,0,57.1316,44.67,0.0,0.4154,0.4749
S01043,4,1,1,80.82,39.02,25,9,0,0,64.4662,60.98,0.1217,0.8462,0.4067
S01044,3,1,1,64.8,19.62,22,6,0,0,50.5093,80.38,0.1006,0.7308,0.562
S01045,6,0,0,42.17,26.74,14,1,0,1,27.0962,73.26,0.4147,0.0385,0.7886
S01046,2,0,1,52.63,13.71,17,0,0,0,31.1367,86.29,0.2695,0.3,0.7612
S01047,2,0,1,51.85,46.06,24,5,1,0,44.5927,58.94,0.2804,0.4923,0.5566
S01048,5,0,1,76.13,35.08,11,0,0,0,36.9774,64.92,0.0566,0.3,0.6553
S01049,6,0,0,85.95,51.83,31,3,2,0,58.5391,58.17,0.1929,0.1154,0.5989
S01050,1,0,1,93.99,70.85,46,1,0,0,66.8072,29.15,0.3045,0.3385,0.3981
S01051,5,0,1,47.48,28.3,24,2,0,0,37.0754,71.7,0.341,0.3769,0.6628
S01052,3,0,1,81.3,54.28,36,2,0,0,57.7221,45.72,0.1284,0.3769,0.4866
S01053,5,1,0,62.77,95.85880061688697,26,3,0,0,46.301,4.1412,0.1288,0.3154,0.3757
S01054,8,0,1,100.0,70.91,28,1,0,0,58.5332,29.09,0.3879,0.3385,0.4269
S01055,1,0,1,92.75,69.58,24,0,0,0,51.3373,30.42,0.2873,0.3,0.467
S01056,8,0,0,97.53,51.45,26,5,0,0,64.0511,48.55,0.3536,0.1923,0.5219
S01057,4,0,0,84.04,57.55,18,0,0,0,44.294,42.45,0.1664,0.0,0.6148
S01058,7,1,1,77.73,26.07,32,1,0,0,51.9981,73.93,0.0788,0.5385,0.5791
S01059,4,1,1,65.96,39.8,32,0,1,0,45.3671,65.2,0.0845,0.5,0.577
S01060,3,1,1,63.01,43.02,23,6,0,0,50.3865,56.98,0.1255,0.7308,0.4689
S01061,7,1,1,72.05,22.29,25,6,0,0,55.189,77.71,0.0,0.7308,0.535
S01062,6,0,1,81.26,68.01,28,6,2,0,60.6526,41.99,0.1278,0.5308,0.423
S01063,2,0,1,95.41,70.44,35,1,0,0,60.8498,29.56,0.3242,0.3385,0.4206
S01064,6,0,1,66.65,25.01,4,2,1,1,32.879,79.99,0.0749,0.3769,0.7107
S01065,7,0,1,61.16,56.48,21,5,0,0,46.537,43.52,0.1511,0.4923,0.4881
S01066,4,1,0,49.75,33.27,11,4,1,0,34.1177,71.73,0.3095,0.3538,0.6791
S01067,8,0,1,75.67,44.16,23,0,0,0,43.9121,55.84,0.0502,0.3,0.5947
S01068,6,0,0,72.05,56.13,31,0,0,0,47.2098,43.87,0.0,0.0,0.6102
S01069,3,0,1,91.19,40.86,24,4,0,0,58.4056,59.14,0.2656,0.4538,0.5187
S01070,1,0,1,92.68,49.24,21,0,0,0,49.5296,50.76,0.2863,0.3,0.5547
S01071,6,1,1,78.23,41.095,19,4,1,0,50.2555,63.905,0.0858,0.6538,0.5163
S01072,2,0,1,73.35,34.86,11,1,0,0,37.7885,65.14,0.018,0.3385,0.6437
S01073,7,0,1,91.23,47.54,20,2,0,0,52.2026,52.46,0.2662,0.3769,0.5329
S01074,5,0,1,55.35,28.3,8,0,0,0,26.8858,71.7,0.2318,0.3,0.7177
S01075,4,1,1,65.39,30.53,9,3,0,0,37.2642,69.47,0.0924,0.6154,0.5936
S01076,2,0,1,97.66,80.59,36,0,0,0,60.4199,19.41,0.3554,0.3,0.3912
S01077,6,1,1,55.88,10.73,9,7,0,0,41.1525,89.27,0.2244,0.7692,0.6207
S01078,2,0,1,71.48,14.07,7,0,2,1,32.7445,95.93,0.0079,0.3,0.7941
S01079,4,0,1,81.47,35.32,23,3,0,0,52.0013,64.68,0.1307,0.4154,0.5729
S01080,7,1,1,73.24,36.12,14,4,0,0,45.2934,63.88,0.0165,0.6538,0.5335
S01081,8,0,1,89.24,51.73,40,2,0,0,63.271,48.27,0.2386,0.3769,0.4774
S01082,8,0,1,94.89,39.81,32,6,0,0,68.4775,60.19,0.317,0.5308,0.4684
S01083,8,1,1,79.19,57.26,13,0,0,0,39.3879,42.74,0.0991,0.5,0.5081
S01084,5,0,0,92.85,59.53,34,4,0,0,65.0018,40.47,0.2887,0.1538,0.4959
S01085,2,0,1,58.07,28.9,18,3,1,0,39.6752,76.1,0.194,0.4154,0.6617
S01086,7,1,1,69.64,28.62,20,5,1,0,49.3358,76.38,0.0334,0.6923,0.5598
S01087,7,0,1,100.0,59.81,22,0,0,0,53.0508,40.19,0.3879,0.3,0.5001
S01088,8,0,1,100.0,47.42,25,0,1,0,54.8305,57.58,0.3879,0.3,0.5634
S01089,6,0,1,52.85,36.98,24,2,1,0,39.2234,68.02,0.2665,0.3769,0.6406
S01090,2,1,1,71.81,25.22,19,7,0,0,53.4567,74.78,0.0033,0.7692,0.5197
S01091,5,0,1,74.04,33.28,23,2,1,0,47.1062,71.72,0.0276,0.3769,0.6278
S01092,4,0,0,78.25,49.33,19,4,0,0,50.2635,50.67,0.0861,0.1538,0.5883
S01093,7,1,1,91.11,42.39,24,0,0,0,50.6813,57.61,0.2645,0.5,0.5281
S01094,4,1,1,99.59,60.64,29,6,0,0,68.5779,39.36,0.3822,0.7308,0.3347
S01095,3,1,0,72.56,31.81,7,8,0,0,48.5612,68.19,0.0071,0.5077,0.5759
S01096,1,0,1,88.83,48.37,31,1,0,0,55.8449,51.63,0.2329,0.3385,0.5264
S01097,7,0,1,81.72,39.12,27,1,2,0,50.628,70.88,0.1342,0.3385,0.6217
S01098,7,0,1,71.68,34.35,10,1,0,0,36.5273,65.65,0.0051,0.3385,0.6501
S01099,1,1,1,46.53,26.03,19,5,1,0,39.4986,78.97,0.3542,0.6923,0.6046
S01100,4,0,0,87.28,30.85,40,3,0,0,64.41,69.15,0.2114,0.1154,0.6223
S01101,4,1,1,81.08,53.6,22,4,1,0,53.1752,51.4,0.1253,0.6538,0.456
S01102,4,0,1,77.84,97.25831090454876,18,3,1,0,47.5832,7.7417,0.0804,0.4154,0.3606
S01103,8,1,1,57.28,21.57,26,2,1,0,42.1819,83.43,0.205,0.5769,0.6419
S01104,2,1,1,100.0,56.12,36,8,0,0,76.7405,43.88,0.3879,0.8077,0.305
S01105,3,0,1,74.29,37.28,22,0,0,0,42.7668,62.72,0.0311,0.3,0.6262
S01106,2,1,1,54.88,23.88,23,5,1,0,45.2115,81.12,0.2383,0.6923,0.5932
S01107,2,1,1,52.47,36.45,18,5,0,1,41.2814,63.55,0.2718,0.6923,0.5366
S01108,8,0,1,82.16,65.97,38,0,0,0,55.4064,34.03,0.1403,0.3,0.4672
S01109,8,0,0,72.05,41.49,26,1,0,0,46.1668,58.51,0.0,0.0385,0.6628
S01110,1,1,0,65.05,33.29,23,5,0,0,49.2795,66.71,0.0972,0.3923,0.5963
S01111,6,0,0,78.94,39.12,34,0,1,0,51.7455,65.88,0.0956,0.0,0.6824
S01112,2,0,1,4.915089606030088,98.04760451595942,6,4,0,0,13.2177,1.9524,0.9318,0.4538,0.4481
S01113,2,0,0,74.1,41.095,32,3,1,0,54.3923,63.905,0.0285,0.1154,0.6364
S01114,3,1,0,61.48,51.09,15,4,0,0,41.1826,48.91,0.1467,0.3538,0.5631
S01115,2,0,1,86.42,48.99,32,1,0,0,55.4741,51.01,0.1994,0.3385,0.5253
S01116,4,1,1,72.05,52.01,40,0,0,0,52.5488,47.99,0.0,0.5,0.483
S01117,8,0,1,80.52,43.02,23,4,0,1,53.5444,56.98,0.1176,0.4538,0.5271
S01118,5,0,0,59.49,96.5115858205796,14,2,0,0,35.9472,3.4884,0.1743,0.0769,0.4689
S01119,6,1,0,52.03,16.85,15,2,3,1,33.5565,98.15,0.2779,0.2769,0.8059
S01120,4,0,0,73.15,60.34,11,3,0,0,41.5547,39.66,0.0153,0.1154,0.5843
S01121,1,0,1,85.94,61.54,45,0,0,0,61.0709,38.46,0.1928,0.3,0.4651
S01122,1,0,0,87.61,54.95,22,2,0,0,51.941,45.05,0.216,0.0769,0.5792
S01123,3,1,1,80.77,74.39,39,2,0,0,59.2897,25.61,0.121,0.5769,0.3507
S01124,2,0,1,65.24,41.095,17,3,1,0,41.95,63.905,0.0945,0.4154,0.6049
S01125,7,0,1,59.94,24.51,18,3,0,0,40.4232,75.49,0.1681,0.4154,0.6566
S01126,7,0,0,71.75,32.81,22,2,1,0,45.597,72.19,0.0042,0.0769,0.7099
S01127,7,0,0,71.89,54.96,14,4,0,0,44.7534,45.04,0.0022,0.1538,0.5851
S01128,6,0,1,88.61,57.41,28,5,0,0,61.6696,42.59,0.2298,0.4923,0.4314
S01129,5,0,1,64.8,38.42,27,1,1,0,43.86,66.58,0.1006,0.3385,0.6282
S01130,6,0,1,66.05,30.44,19,3,1,0,43.4604,74.56,0.0833,0.4154,0.6423
S01131,4,0,1,100.0,51.62,29,5,0,0,66.8188,48.38,0.3879,0.4923,0.4366
S01132,6,1,0,95.27,62.06,40,6,0,0,73.3753,37.94,0.3223,0.4308,0.3872
S01133,7,1,1,58.76,56.31,29,3,0,0,46.4766,43.69,0.1845,0.6154,0.4582
S01134,7,0,1,94.03,58.45,43,4,0,0,70.8128,41.55,0.3051,0.4538,0.4049
S01135,5,0,1,55.17,18.99,11,2,0,0,32.4396,81.01,0.2343,0.3769,0.7163
S01136,1,0,1,65.49,20.87,22,2,0,0,43.093,79.13,0.091,0.3769,0.6715
S01137,6,1,0,67.2,41.68,17,3,0,0,42.734,58.32,0.0673,0.3154,0.6049
S01138,3,0,1,70.84,53.15,28,2,0,0,48.7923,46.85,0.0168,0.3769,0.5224
S01139,6,0,1,81.3,58.9,16,3,0,0,47.7808,41.1,0.1284,0.4154,0.4933
S01140,5,0,0,73.6,63.35,14,2,0,0,41.5912,36.65,0.0215,0.0769,0.5818
S01141,8,0,1,81.22,27.44,20,3,0,0,50.1216,72.56,0.1273,0.4154,0.611
S01142,3,0,1,65.97,33.2,13,2,2,0,37.946,76.8,0.0844,0.3769,0.6802
S01143,8,0,1,77.61,99.218174310545,32,0,0,0,50.0271,0.7818,0.0772,0.3,0.353
S01144,7,1,0,73.18,97.8729326470603,29,2,3,0,50.3215,17.1271,0.0157,0.2769,0.4232
S01145,3,1,1,51.18,17.67,11,2,1,0,30.8436,87.33,0.2897,0.5769,0.6971
S01146,4,1,1,79.25,46.62,23,0,0,0,45.3441,53.38,0.0999,0.5,0.5298
S01147,5,1,1,72.05,18.27,3,0,1,1,30.5997,86.73,0.0,0.5,0.7148
S01148,7,0,1,61.29,36.88,15,0,3,0,33.4143,78.12,0.1493,0.3,0.7205
S01149,6,1,1,65.63,52.93,30,7,0,0,57.5101,47.07,0.0891,0.7692,0.3947
S01150,7,1,1,66.0,96.22250233940127,59,3,0,0,67.1692,3.7775,0.084,0.6154,0.2262
S01151,3,1,1,68.33,44.69,12,4,0,0,42.143,55.31,0.0516,0.6538,0.5103
S01152,5,1,1,98.38,62.21,43,4,0,0,72.5528,37.79,0.3654,0.6538,0.3338
S01153,4,0,1,100.0,61.46,24,3,0,0,60.0065,38.54,0.3879,0.4154,0.4403
S01154,8,0,1,31.11,25.59,20,3,1,1,30.0776,79.41,0.5682,0.4154,0.7085
S01155,3,0,1,79.32,46.46,48,4,1,0,67.8949,58.54,0.1009,0.4538,0.4831
S01156,5,0,0,86.32,47.79,27,3,1,0,56.3142,57.21,0.1981,0.1154,0.6029
S01157,1,0,1,68.76,38.59,31,3,1,0,51.6631,66.41,0.0457,0.4154,0.581
S01158,7,0,0,85.92,49.8,14,2,0,0,46.5192,50.2,0.1925,0.0769,0.6188
S01159,4,0,0,96.81,45.36,18,8,0,0,64.7866,54.64,0.3437,0.3077,0.5149
S01160,3,1,0,51.42,35.63,9,7,0,0,39.3685,64.37,0.2863,0.4692,0.6024
S01161,5,1,1,74.01,49.77,30,1,0,0,49.3237,50.23,0.0272,0.5385,0.4937
S01162,4,1,1,100.0,58.51,33,6,0,0,71.1147,41.49,0.3879,0.7308,0.3344
S01163,7,0,1,53.43,30.86,14,3,2,1,35.4463,79.14,0.2584,0.4154,0.6886
S01164,5,1,1,70.27,43.46,11,3,2,0,40.4027,66.54,0.0247,0.6154,0.5709
S01165,5,1,1,65.27,42.28,19,0,0,1,37.3792,57.72,0.0941,0.5,0.5751
S01166,1,1,1,87.78,56.17,22,4,0,0,55.8552,43.83,0.2183,0.6538,0.4164
S01167,1,1,1,89.87,36.12,21,3,0,0,54.1749,63.88,0.2473,0.6154,0.5121
S01168,4,0,0,74.43,31.84,22,1,1,0,44.7459,73.16,0.033,0.0385,0.7264
S01169,8,0,1,72.48,41.05,24,2,0,0,47.0754,58.95,0.006,0.3769,0.5768
S01170,8,1,0,46.21,19.34,7,2,1,0,26.4827,85.66,0.3586,0.2769,0.7807
S01171,6,1,0,93.35,42.95,30,5,0,0,64.752,57.05,0.2956,0.3923,0.5035
S01172,6,0,1,66.7,42.21,22,0,0,0,39.7308,57.79,0.0743,0.3,0.6171
S01173,4,0,1,69.87,29.54,26,1,1,0,45.2948,75.46,0.0303,0.3385,0.6587
S01174,2,0,1,86.57,59.42,30,1,0,0,54.3477,40.58,0.2015,0.3385,0.4875
S01175,1,0,0,74.96,58.8,22,1,0,0,44.9579,41.2,0.0404,0.0385,0.5978
S01176,3,1,1,87.06,44.28,29,3,0,0,57.7966,55.72,0.2083,0.6154,0.4667
S01177,3,1,1,81.05,26.77,33,2,0,0,55.8424,73.23,0.1249,0.5769,0.5532
S01178,2,0,1,75.06,31.25,12,3,1,0,42.9119,73.75,0.0418,0.4154,0.641
S01179,3,0,1,76.66,35.47,25,2,3,0,49.3407,79.53,0.064,0.3769,0.6512
S01180,1,0,0,55.16,10.99,6,6,0,0,37.1618,89.01,0.2344,0.2308,0.7683
S01181,5,0,0,69.77,43.1,22,3,0,0,46.7281,56.9,0.0316,0.1154,0.6352
S01182,8,0,1,88.26,52.71,26,4,0,0,58.42,47.29,0.225,0.4538,0.4712
S01183,6,1,1,58.52,36.54,17,4,1,0,41.1851,68.46,0.1878,0.6538,0.5662
S01184,4,1,1,61.27,27.72,25,3,0,0,45.1077,72.28,0.1496,0.6154,0.5774
S01185,4,0,1,58.81,46.34,24,1,0,0,39.6844,53.66,0.1838,0.3385,0.5911
S01186,3,1,1,74.3,39.15,32,1,0,0,50.6261,60.85,0.0312,0.5385,0.5316
S01187,2,1,1,93.04,40.2,27,2,2,0,57.0791,69.8,0.2913,0.5769,0.5352
S01188,5,0,0,80.21,36.7,31,3,0,0,56.2431,63.3,0.1133,0.1154,0.6275
S01189,5,1,0,39.35,15.81,15,5,1,1,34.2537,89.19,0.4539,0.3923,0.7388
S01190,1,1,1,72.05,45.3,23,4,0,0,50.1564,54.7,0.0,0.6538,0.4798
S01191,4,1,1,65.37,26.12,21,5,0,0,48.221,73.88,0.0927,0.6923,0.5537
S01192,3,0,1,79.64,35.71,24,1,0,0,48.0164,64.29,0.1053,0.3385,0.6045
S01193,2,0,0,69.76,60.27,33,4,0,0,55.1726,39.73,0.0318,0.1538,0.5274
S01194,6,0,0,59.09,29.21,24,5,1,1,47.4887,75.79,0.1799,0.1923,0.6889
S01195,5,0,1,70.93,46.68,19,0,1,0,39.6432,58.32,0.0155,0.3,0.6195
S01196,6,0,1,65.38,35.48,17,2,0,0,40.0829,64.52,0.0926,0.3769,0.6236
S01197,6,1,1,76.62,56.19,32,2,2,0,53.4772,53.81,0.0634,0.5769,0.4838
S01198,8,0,1,58.71,39.59,28,2,1,0,43.9403,65.41,0.1851,0.3769,0.6136
S01199,7,0,1,55.13,31.67,22,1,1,0,37.0259,73.33,0.2348,0.3385,0.6791
S01200,5,1,1,82.98,45.91,32,1,0,0,54.0981,54.09,0.1517,0.5385,0.4924
S01201,8,0,1,88.63,47.02,39,3,0,0,64.3568,52.98,0.2301,0.4154,0.4828
S01202,4,0,1,80.7,46.83,24,1,2,0,48.4404,63.17,0.1201,0.3385,0.5985
S01203,8,1,1,72.05,29.44,20,0,1,0,40.6844,75.56,0.0,0.5,0.6348
S01204,7,0,1,60.9,15.88,22,2,0,0,41.257,84.12,0.1548,0.3769,0.6979
S01205,6,0,1,61.76,35.67,15,1,2,0,35.5254,74.33,0.1428,0.3385,0.6884
S01206,8,1,1,72.05,53.58,41,3,0,0,58.9113,46.42,0.0,0.6154,0.4256
S01207,5,0,0,59.62,34.63,14,2,0,0,35.9992,65.37,0.1725,0.0769,0.7163
S01208,6,0,1,85.26,48.11,28,4,0,0,58.4065,51.89,0.1833,0.4538,0.4897
S01209,3,0,1,81.55,60.96,41,1,0,0,58.8651,39.04,0.1319,0.3385,0.4655
S01210,8,1,1,90.57,47.74,14,6,0,0,56.0715,52.26,0.257,0.7308,0.4301
S01211,5,0,1,87.95,48.9,30,1,0,0,54.8997,51.1,0.2207,0.3385,0.5276
S01212,7,1,1,80.14,46.05,20,1,0,0,45.8435,53.95,0.1123,0.5385,0.5207
S01213,4,0,1,49.97,40.2,14,2,1,0,32.1392,64.8,0.3065,0.3769,0.6525
S01214,7,1,1,81.15,41.095,16,9,1,0,59.2592,63.905,0.1263,0.8462,0.4367
S01215,1,0,1,73.73,19.58,20,2,0,0,45.2026,80.42,0.0233,0.3769,0.6692
S01216,1,0,1,66.4,46.57,22,1,3,0,41.5339,68.43,0.0784,0.3385,0.6437
S01217,5,0,1,92.43,59.12,32,0,0,0,55.9551,40.88,0.2829,0.3,0.4927
S01218,6,1,1,69.73,70.22,29,5,1,0,54.7108,34.78,0.0322,0.6923,0.3746
S01219,7,0,1,64.06,27.23,1,1,0,1,28.1403,72.77,0.1109,0.3385,0.708
S01220,4,0,1,88.86,46.47,27,0,0,0,51.5609,53.53,0.2333,0.3,0.5587
S01221,6,0,1,65.92,40.39,19,5,4,0,47.2546,79.61,0.0851,0.4923,0.63
S01222,5,0,1,63.31,43.49,22,1,1,0,40.2979,61.51,0.1213,0.3385,0.6204
S01223,8,1,1,55.09,36.68,17,4,2,0,39.8131,73.32,0.2354,0.6538,0.5905
S01224,6,0,0,59.7,27.1,11,5,1,0,40.0208,77.9,0.1714,0.1923,0.7235
S01225,4,0,1,60.98,40.23,6,6,0,0,39.4898,59.77,0.1536,0.5308,0.5682
S01226,8,0,1,81.32,36.77,28,6,0,0,60.6766,63.23,0.1287,0.5308,0.5079
S01227,1,0,0,56.71,20.52,9,2,3,0,31.8691,94.48,0.2129,0.0769,0.8472
S01228,8,0,0,44.13,41.095,22,4,1,0,38.3952,63.905,0.3875,0.1538,0.6828
S01229,2,0,1,72.05,41.095,17,4,0,0,46.5971,58.905,0.0,0.4538,0.5591
S01230,3,0,0,62.49,98.64923504783668,25,5,0,0,49.4419,1.3508,0.1327,0.1923,0.3843
S01231,7,1,1,71.76,41.09,22,6,1,0,53.2933,63.91,0.004,0.7308,0.4864
S01232,6,0,0,91.24,71.71,29,0,0,0,53.6994,28.29,0.2663,0.0,0.5252
S01233,8,1,1,73.07,37.59,21,2,1,0,45.5318,67.41,0.0142,0.5769,0.5661
S01234,6,0,1,94.64,44.43,27,3,0,0,59.6422,55.57,0.3135,0.4154,0.5097
S01235,6,0,0,72.05,39.14,20,3,0,0,46.4536,60.86,0.0,0.1154,0.652
S01236,3,0,1,87.1,62.32,37,0,0,0,56.7892,37.68,0.2089,0.3,0.477
S01237,1,0,0,63.79,32.87,7,1,0,1,31.5916,67.13,0.1146,0.0385,0.7483
S01238,1,1,1,72.05,98.68795147512547,18,6,0,0,51.0364,1.312,0.0,0.7308,0.2439
S01239,3,1,1,58.01,27.88,26,3,0,0,44.397,72.12,0.1949,0.6154,0.5792
S01240,1,1,0,59.79,24.66,25,3,1,0,44.5157,80.34,0.1702,0.3154,0.6867
S01241,5,1,1,68.63,54.55,32,2,1,0,50.2812,50.45,0.0475,0.5769,0.4816
S01242,7,0,0,52.07,16.95,15,6,1,0,41.2648,88.05,0.2773,0.2308,0.7501
S01243,8,0,0,74.39,24.78,13,2,1,1,41.314,80.22,0.0325,0.0769,0.7571
S01244,4,1,1,67.46,25.7,12,6,1,0,45.6411,79.3,0.0637,0.7308,0.5748
S01245,8,0,1,75.52,31.54,21,4,0,0,50.3579,68.46,0.0482,0.4538,0.5841
S01246,8,0,1,52.3,25.11,21,0,2,0,33.3776,84.89,0.2741,0.3,0.7477
S01247,7,1,1,82.53,27.84,24,3,0,0,53.0185,72.16,0.1455,0.6154,0.5492
S01248,4,1,1,97.46,67.51,29,7,0,0,69.6489,32.49,0.3527,0.7692,0.2939
S01249,3,1,1,94.3,39.42,34,4,0,0,65.5818,60.58,0.3088,0.6538,0.4493
S01250,8,0,0,100.0,79.33,33,0,0,0,59.5763,20.67,0.3879,0.0,0.4742
S01251,2,1,1,72.64,46.88,19,6,0,0,51.8656,53.12,0.0082,0.7308,0.4483
S01252,4,0,1,72.05,60.65,13,2,2,0,40.378,49.35,0.0,0.3769,0.5619
S01253,1,0,1,79.31,41.14,33,3,0,0,57.0695,58.86,0.1008,0.4154,0.5318
S01254,7,0,1,68.43,38.41,30,1,1,0,47.0917,66.59,0.0502,0.3385,0.6169
S01255,6,1,1,45.89,34.77,5,7,0,0,34.7836,65.23,0.3631,0.7692,0.5469
S01256,1,1,1,84.29,36.01,24,0,1,0,47.9533,68.99,0.1699,0.5,0.5831
S01257,2,1,1,68.48,48.89,26,1,0,0,44.7388,51.11,0.0495,0.5385,0.5132
S01258,5,0,1,49.99,21.85,5,1,0,1,24.8852,78.15,0.3062,0.3385,0.7409
S01259,5,0,0,64.38,47.11,23,1,0,0,41.3191,52.89,0.1065,0.0385,0.6573
S01260,7,0,0,68.83,51.15,19,5,0,0,48.4186,48.85,0.0447,0.1923,0.5779
S01261,3,1,1,72.18,30.43,13,5,0,0,46.1992,69.57,0.0018,0.6923,0.5435
S01262,8,0,0,72.36,39.98,22,0,0,0,41.9948,60.02,0.0043,0.0,0.6931
S01263,4,0,0,92.54,37.86,27,4,0,0,60.7253,62.14,0.2844,0.1538,0.5976
S01264,7,1,1,52.67,16.68,20,2,1,0,36.7786,88.32,0.269,0.5769,0.6803
S01265,2,0,0,69.72,29.26,13,3,0,0,41.3691,70.74,0.0323,0.1154,0.7093
S01266,1,1,1,58.82,38.84,30,3,1,0,47.0938,66.16,0.1836,0.6154,0.546
S01267,1,0,1,90.84,53.52,45,2,0,0,66.8771,46.48,0.2608,0.3769,0.4576
S01268,3,1,1,63.58,31.97,7,6,0,0,41.123,68.03,0.1176,0.7308,0.5455
S01269,8,0,0,66.84,43.91,19,2,1,0,41.8533,61.09,0.0723,0.0769,0.6786
S01270,1,0,0,87.75,49.41,39,0,0,0,58.2356,50.59,0.2179,0.0,0.5985
S01271,3,0,0,91.87,45.64,26,1,0,0,54.0948,54.36,0.2751,0.0385,0.6185
S01272,1,0,0,94.09,67.04,34,0,0,0,57.8055,32.96,0.3059,0.0,0.5295
S01273,8,1,1,47.35,23.03,0,5,1,1,28.5554,81.97,0.3428,0.6923,0.6549
S01274,6,0,1,79.24,39.75,19,3,0,0,48.7364,60.25,0.0998,0.4154,0.5666
S01275,7,0,1,72.05,37.13,26,5,1,0,53.8591,67.87,0.0,0.4923,0.5599
S01276,6,1,1,71.23,46.16,17,0,0,0,38.5767,53.84,0.0114,0.5,0.5553
S01277,6,0,1,73.0,96.13511496607174,20,1,1,0,42.9875,8.8649,0.0132,0.3385,0.4004
S01278,7,1,0,91.29,26.06,17,2,1,0,50.4469,78.94,0.267,0.2769,0.67
S01279,1,1,1,87.58,31.44,33,2,0,0,58.4544,68.56,0.2155,0.5769,0.5254
S01280,7,0,1,85.45,34.96,17,0,0,0,44.2647,65.04,0.186,0.3,0.6302
S01281,6,1,0,75.1,38.17,36,3,0,0,57.1652,61.83,0.0423,0.3154,0.5684
S01282,6,0,0,100.0,54.23,27,4,0,0,63.7093,45.77,0.3879,0.1538,0.5216
S01283,4,0,1,65.99,21.47,27,0,0,0,42.4129,78.53,0.0841,0.3,0.6907
S01284,7,0,1,47.76,29.25,19,3,2,1,36.1444,80.75,0.3371,0.4154,0.6926
S01285,4,1,1,68.02,24.09,13,3,0,0,40.6891,75.91,0.0559,0.6154,0.6074
S01286,1,1,1,72.87,48.62,18,3,3,0,45.5952,66.38,0.0114,0.6154,0.5521
S01287,8,0,1,91.55,41.095,22,0,0,0,49.6708,58.905,0.2706,0.3,0.5868
S01288,2,1,1,64.34,43.17,17,3,2,0,41.59,66.83,0.107,0.6154,0.5679
S01289,1,0,1,79.37,38.56,15,3,0,0,46.4155,61.44,0.1016,0.4154,0.5795
S01290,5,1,1,49.84,24.62,19,2,1,0,35.0533,80.38,0.3083,0.5769,0.6546
S01291,2,1,1,88.22,34.03,23,2,0,0,52.7782,65.97,0.2244,0.5769,0.5349
S01292,7,1,1,73.02,32.16,22,0,1,0,42.2588,72.84,0.0135,0.5,0.6185
S01293,4,1,1,67.79,55.33,29,2,1,0,48.1655,49.67,0.0591,0.5769,0.4859
S01294,1,1,1,100.0,57.51,22,3,0,0,58.8201,42.49,0.3879,0.6154,0.4102
S01295,8,0,1,88.05,38.08,23,6,0,0,60.4025,61.92,0.2221,0.5308,0.5036
S01296,5,1,1,56.4,38.14,25,3,1,0,43.1597,66.86,0.2172,0.6154,0.5625
S01297,3,1,1,70.36,36.8,27,8,1,0,59.5456,68.2,0.0235,0.8077,0.4625
S01298,6,1,0,100.0,46.36,27,2,0,0,59.8631,53.64,0.3879,0.2769,0.5358
S01299,5,0,1,100.0,49.71,28,1,0,0,58.5332,50.29,0.3879,0.3385,0.5117
S01300,1,1,1,85.84,61.38,35,5,0,0,64.7141,38.62,0.1914,0.6923,0.3549
S01301,7,0,1,44.29,26.81,19,5,3,0,38.6026,88.19,0.3853,0.4923,0.6946
S01302,4,0,1,91.98,52.72,18,5,0,0,57.0854,47.28,0.2766,0.4923,0.4662
S01303,6,0,1,62.47,26.07,11,3,0,0,37.2827,73.93,0.133,0.4154,0.6614
S01304,8,0,1,91.85,47.98,35,2,0,0,61.3489,52.02,0.2748,0.3769,0.4991
S01305,5,1,0,61.16,43.54,9,5,0,0,39.4184,56.46,0.1511,0.3923,0.5898
S01306,6,0,1,79.33,36.49,31,1,1,0,52.0449,68.51,0.101,0.3385,0.6073
S01307,3,1,1,62.4,38.72,34,5,2,0,54.7449,71.28,0.1339,0.6923,0.5204
S01308,2,1,1,66.55,49.24,23,3,0,0,46.0333,50.76,0.0763,0.6154,0.4881
S01309,4,0,0,81.33,36.86,18,4,0,0,50.9023,63.14,0.1288,0.1538,0.636
S01310,7,1,0,52.22,47.89,17,4,0,0,38.6651,52.11,0.2752,0.3538,0.5847
S01311,5,0,1,100.0,51.54,41,6,0,0,75.8605,48.46,0.3879,0.5308,0.3956
S01312,3,1,1,56.59,37.96,18,6,0,0,44.8524,62.04,0.2146,0.7308,0.5085
S01313,7,1,0,55.75,49.36,20,3,1,0,39.9336,55.64,0.2262,0.3154,0.6039
S01314,7,0,0,81.38,43.93,19,1,1,0,45.7463,61.07,0.1295,0.0385,0.6745
S01315,8,1,1,91.38,52.61,24,0,0,0,50.7893,47.39,0.2683,0.5,0.4868
S01316,3,0,0,67.14,49.11,28,5,0,0,53.0816,50.89,0.0681,0.1923,0.5697
S01317,6,0,1,55.93,2.29,11,7,1,0,42.359,100.0,0.2237,0.5692,0.7094
S01318,5,1,1,58.16,37.55,0,1,0,0,25.1871,62.45,0.1928,0.5385,0.627
S01319,4,0,1,72.05,33.03,14,2,1,0,40.9712,71.97,0.0,0.3769,0.6503
S01320,4,1,1,76.62,44.75,27,1,0,0,48.588,55.25,0.0634,0.5385,0.5163
S01321,1,0,0,70.95,45.45,31,4,1,0,54.4621,59.55,0.0153,0.1538,0.6091
S01322,3,0,1,78.39,29.89,22,0,0,0,44.4068,70.11,0.088,0.3,0.65
S01323,5,1,1,77.47,52.54,25,3,0,0,51.5877,47.46,0.0752,0.6154,0.4554
S01324,8,0,1,84.36,96.58920434361248,32,6,0,0,64.2655,3.4108,0.1709,0.5308,0.256
S01325,7,1,1,65.85,27.27,21,6,1,0,50.3361,77.73,0.0861,0.7308,0.552
S01326,2,0,1,60.93,38.98,21,3,1,0,42.5989,66.02,0.1543,0.4154,0.6111
S01327,6,1,1,74.34,46.2,22,6,1,0,54.3253,58.8,0.0318,0.7308,0.4624
S01328,1,1,1,71.18,96.89106512263372,25,5,0,0,52.9179,3.1089,0.0121,0.6923,0.2541
S01329,6,0,1,75.79,52.08,18,3,0,0,46.7632,47.92,0.0519,0.4154,0.5242
S01330,3,0,1,61.32,40.29,34,0,1,0,44.6975,64.71,0.1489,0.3,0.6274
S01331,4,0,1,81.63,33.37,7,3,0,0,42.5738,66.63,0.133,0.4154,0.6137
S01332,6,1,1,54.32,38.93,22,2,0,0,38.625,61.07,0.2461,0.5769,0.5649
S01333,4,0,0,65.39,96.5884498393104,23,1,0,0,41.7231,3.4116,0.0924,0.0385,0.458
S01334,7,0,1,88.94,46.41,31,1,0,0,55.8889,53.59,0.2344,0.3385,0.5341
S01335,5,1,1,55.03,14.03,22,2,1,0,38.909,90.97,0.2362,0.5769,0.6835
S01336,8,0,1,87.75,40.85,15,4,0,0,51.6906,59.15,0.2179,0.4538,0.5422
S01337,6,0,1,50.86,27.03,22,3,0,0,39.1641,72.97,0.2941,0.4154,0.651
S01338,3,0,0,48.22,33.09,25,1,0,1,36.0416,66.91,0.3307,0.0385,0.7319
S01339,7,0,1,49.59,38.03,16,1,1,1,31.2506,66.97,0.3117,0.3385,0.6739
S01340,4,1,1,73.75,50.8,29,5,0,0,56.3188,49.2,0.0236,0.6923,0.4266
S01341,5,1,1,82.94,45.97,23,7,0,0,60.2816,54.03,0.1511,0.7692,0.4128
S01342,2,1,1,91.39,65.43,32,3,0,0,61.3083,34.57,0.2684,0.6154,0.3699
S01343,1,1,1,90.19,98.06195876913377,39,3,1,0,64.9808,6.938,0.2518,0.6154,0.2465
S01344,5,0,1,84.94,51.43,25,3,0,0,54.5757,48.57,0.1789,0.4154,0.4994
S01345,2,0,1,59.52,46.46,27,2,1,0,43.6711,58.54,0.1739,0.3769,0.5871
S01346,8,1,1,59.39,45.18,5,4,1,0,34.4144,59.82,0.1757,0.6538,0.5554
S01347,7,1,1,83.82,45.99,22,2,0,0,50.425,54.01,0.1634,0.5769,0.4953
S01348,6,1,0,93.32,50.45,34,4,0,0,65.1898,49.55,0.2952,0.3538,0.4816
S01349,6,0,0,56.53,38.77,32,7,1,1,55.0566,66.23,0.2154,0.2692,0.6049
S01350,5,1,1,91.41,52.22,30,5,0,0,63.976,47.78,0.2687,0.6923,0.3941
S01351,1,1,1,43.19,12.55,22,3,1,1,36.0961,92.45,0.4006,0.6154,0.6896
S01352,4,1,1,77.85,51.33,40,5,0,0,64.4842,48.67,0.0805,0.6923,0.3959
S01353,4,1,1,70.44,56.41,21,4,0,0,48.3259,43.59,0.0223,0.6538,0.4418
S01354,8,0,0,68.94,24.3,27,0,0,0,43.5929,75.7,0.0432,0.0,0.7502
S01355,2,0,1,72.47,41.095,20,2,0,0,44.6986,58.905,0.0058,0.3769,0.5849
S01356,4,0,1,59.19,18.01,19,0,0,0,34.9472,81.99,0.1785,0.3,0.7306
S01357,3,0,1,78.69,32.15,20,0,1,1,43.3404,72.85,0.0922,0.3,0.6647
S01358,2,1,1,72.91,37.74,41,5,0,0,63.1014,62.26,0.0119,0.6923,0.4551
S01359,1,0,1,86.03,44.84,37,1,0,0,58.2842,55.16,0.194,0.3385,0.532
S01360,3,0,0,95.86,50.51,45,7,0,0,78.5005,49.49,0.3305,0.2692,0.4559
S01361,1,0,1,73.9,42.57,17,1,0,0,41.5678,57.43,0.0257,0.3385,0.5996
S01362,1,1,1,59.72,15.94,3,0,1,0,25.6677,89.06,0.1711,0.5,0.7414
S01363,3,0,0,54.93,17.43,14,2,1,1,34.1232,87.57,0.2376,0.0769,0.8116
S01364,2,0,1,72.05,45.43,52,0,0,0,59.6675,54.57,0.0,0.3,0.5344
S01365,5,1,1,95.56,62.17,28,8,0,0,70.2188,37.83,0.3263,0.8077,0.3036
S01366,1,0,1,85.31,65.52,36,2,1,0,59.3261,39.48,0.184,0.3769,0.4561
S01367,3,0,1,72.9,39.2,15,3,2,0,43.8275,70.8,0.0118,0.4154,0.626
S01368,4,0,1,84.23,44.96,20,0,0,0,45.5564,55.04,0.169,0.3,0.5857
S01369,8,1,1,91.57,57.71,29,5,0,0,63.4468,42.29,0.2709,0.6923,0.374
S01370,6,1,1,62.73,51.23,36,0,0,0,46.4479,48.77,0.1294,0.5,0.5075
S01371,8,1,1,72.45,32.93,31,5,0,0,56.9852,67.07,0.0056,0.6923,0.4958
S01372,3,0,1,55.41,41.095,0,4,0,0,29.8563,58.905,0.231,0.4538,0.6177
S01373,4,1,0,72.05,51.32,27,2,0,0,48.6831,48.68,0.0,0.2769,0.5551
S01374,4,1,1,95.16,43.63,22,0,0,0,51.1148,56.37,0.3207,0.5,0.5216
S01375,8,0,1,88.18,48.35,23,1,0,0,50.8391,51.65,0.2239,0.3385,0.544
S01376,8,0,0,74.03,55.23,27,5,1,0,55.2443,49.77,0.0275,0.1923,0.5576
S01377,8,0,1,31.6,46.06,19,0,1,0,23.9112,58.94,0.5614,0.3,0.6771
S01378,7,1,1,62.16,49.72,30,2,1,0,46.5068,55.28,0.1373,0.5769,0.5141
S01379,5,0,1,73.54,29.73,26,3,0,0,50.609,70.27,0.0207,0.4154,0.6001
S01380,5,0,1,68.76,32.56,24,0,0,0,41.7413,67.44,0.0457,0.3,0.6487
S01381,8,1,0,72.49,57.62,33,4,0,0,56.2646,42.38,0.0061,0.3538,0.4841
S01382,3,1,1,75.64,28.29,11,6,0,0,48.3199,71.71,0.0498,0.7308,0.535
S01383,3,1,0,63.99,51.31,34,1,0,1,47.6886,48.69,0.1119,0.2385,0.5682
S01384,8,1,1,71.89,53.97,16,4,0,0,45.9398,46.03,0.0022,0.6538,0.4599
S01385,4,0,1,69.76,50.58,24,2,0,0,45.9874,49.42,0.0318,0.3769,0.5425
S01386,2,1,1,61.45,50.01,15,1,1,0,35.4014,54.99,0.1471,0.5385,0.5614
S01387,5,0,1,99.7,39.99,23,3,0,0,59.2933,60.01,0.3838,0.4154,0.5287
S01388,3,0,1,64.85,18.55,24,3,0,0,45.9465,81.45,0.0999,0.4154,0.6611
S01389,8,1,1,38.19,13.41,12,4,1,1,30.087,91.59,0.47,0.6538,0.6976
S01390,8,0,1,72.05,55.05,22,0,0,0,41.8708,44.95,0.0,0.3,0.5583
S01391,3,0,0,59.31,23.09,17,6,0,0,45.3472,76.91,0.1768,0.2308,0.6912
S01392,5,1,0,72.05,45.91,39,2,0,0,55.8017,54.09,0.0,0.2769,0.5518
S01393,8,0,1,61.79,41.28,36,3,0,0,51.8412,58.72,0.1424,0.4154,0.5496
S01394,6,0,0,80.54,45.58,36,7,0,0,67.0335,54.42,0.1178,0.2692,0.5158
S01395,2,1,1,71.28,48.85,24,8,0,0,58.1339,51.15,0.0107,0.8077,0.3992
S01396,5,1,1,87.0,42.45,15,3,0,0,49.4675,57.55,0.2075,0.6154,0.5032
S01397,5,1,1,68.79,34.59,26,4,0,0,50.632,65.41,0.0452,0.6538,0.521
S01398,6,0,1,62.17,46.41,24,3,1,0,44.8745,58.59,0.1371,0.4154,0.5734
S01399,1,1,1,75.86,73.92,30,3,0,0,53.9098,26.08,0.0529,0.6154,0.3618
S01400,3,1,1,66.26,36.61,11,7,1,0,46.491,68.39,0.0804,0.7692,0.5185
S01401,7,0,0,43.06,21.36,19,0,1,1,28.4952,83.64,0.4024,0.0,0.8348
S01402,2,0,1,62.98,24.57,32,2,0,0,48.0212,75.43,0.1259,0.3769,0.6394
S01403,3,0,0,100.0,49.75,25,5,0,0,64.4459,50.25,0.3879,0.1923,0.5274
S01404,3,0,1,44.68,14.89,18,0,0,0,28.55,85.11,0.3799,0.3,0.7655
S01405,2,0,1,75.62,41.095,17,1,0,0,42.2558,58.905,0.0495,0.3385,0.6031
S01406,2,1,1,68.36,54.07,20,1,0,0,41.1315,45.93,0.0512,0.5385,0.5051
S01407,3,1,1,99.55,43.67,25,2,0,0,58.4967,56.33,0.3817,0.5769,0.4764
S01408,7,0,1,55.33,23.24,14,5,1,0,40.0525,81.76,0.2321,0.4923,0.6638
S01409,1,1,1,73.52,46.52,20,6,0,0,52.8109,53.48,0.0204,0.7308,0.4464
S01410,3,0,1,82.29,40.07,29,0,0,0,50.1194,59.93,0.1421,0.3,0.5893
S01411,1,0,1,69.31,24.64,29,0,0,0,44.9274,75.36,0.038,0.3,0.6692
S01412,5,1,1,60.49,50.03,28,2,2,0,44.6523,59.97,0.1604,0.5769,0.5394
S01413,3,0,1,71.67,23.1,17,0,0,0,38.7527,76.9,0.0053,0.3,0.697
S01414,7,1,0,67.36,37.92,24,6,0,0,52.7197,62.08,0.0651,0.4308,0.5561
S01415,5,0,1,67.32,31.41,12,0,0,0,34.0466,68.59,0.0656,0.3,0.6802
S01416,7,0,1,85.96,43.44,27,1,0,0,52.324,56.56,0.1931,0.3385,0.5585
S01417,6,0,1,78.04,49.61,25,5,1,0,55.6619,55.39,0.0831,0.4923,0.5037
S01418,4,0,1,80.28,25.66,18,1,0,1,44.713,74.34,0.1142,0.3385,0.6562
S01419,7,1,1,76.95,48.65,29,7,0,0,61.4449,51.35,0.068,0.7692,0.398
S01420,4,1,1,86.4,38.81,26,4,0,0,57.676,61.19,0.1992,0.6538,0.4794
S01421,8,0,0,91.56,41.095,31,2,0,0,58.86,58.905,0.2708,0.0769,0.6104
S01422,8,0,1,67.7,34.1,31,6,1,0,57.0083,70.9,0.0604,0.5308,0.5514
S01423,5,1,1,84.29,46.15,23,3,0,0,53.1293,53.85,0.1699,0.6154,0.4756
S01424,6,1,1,52.56,40.11,22,4,0,0,41.7672,59.89,0.2705,0.6538,0.5299
S01425,3,0,1,38.2,24.41,22,6,0,1,39.8693,75.59,0.4698,0.5308,0.6301
S01426,7,0,1,72.05,57.83,43,2,0,0,58.1746,42.17,0.0,0.3769,0.4708
S01427,6,0,1,67.0,28.1,19,0,1,1,38.0712,76.9,0.0701,0.3,0.6994
S01428,8,0,1,75.79,39.08,16,1,0,0,41.7306,60.92,0.0519,0.3385,0.613
S01429,3,0,1,53.62,36.15,10,2,1,0,31.2264,68.85,0.2558,0.3769,0.6719
S01430,7,0,1,52.93,21.67,3,7,1,0,36.4132,83.33,0.2654,0.5692,0.6636
S01431,4,0,1,61.31,50.25,24,2,0,0,42.6074,49.75,0.1491,0.3769,0.5556
S01432,2,0,1,81.64,45.86,32,4,1,0,59.3314,59.14,0.1331,0.4538,0.5155
S01433,2,0,0,64.25,55.16,21,0,0,0,38.1576,44.84,0.1083,0.0,0.6458
S01434,5,1,0,66.96,11.99,10,2,1,0,36.5624,93.01,0.0706,0.2769,0.7748
S01435,3,1,1,60.83,26.18,15,6,2,0,44.7688,83.82,0.1557,0.7308,0.5959
S01436,1,0,1,89.49,47.35,40,1,0,0,61.4479,52.65,0.2421,0.3385,0.5109
S01437,4,0,1,85.03,97.15958240497058,32,3,1,0,58.7643,7.8404,0.1802,0.4154,0.3218
S01438,6,0,0,64.74,41.095,26,5,0,0,50.9351,58.905,0.1015,0.1923,0.6093
S01439,3,1,1,82.26,85.03,22,0,0,0,45.9548,14.97,0.1417,0.5,0.374
S01440,8,1,1,68.32,98.17380826746866,24,3,1,0,47.3345,6.8262,0.0518,0.6154,0.3078
S01441,7,0,1,66.94,36.75,3,2,0,0,32.4018,63.25,0.0709,0.3769,0.6454
S01442,5,1,0,71.25,26.83,13,7,0,0,49.6734,73.17,0.0111,0.4692,0.6015
S01443,8,1,1,81.65,43.54,28,6,1,0,60.8086,61.46,0.1332,0.7308,0.4503
S01444,4,1,0,58.62,39.23,18,10,2,0,53.3567,70.77,0.1864,0.5846,0.5502
S01445,2,0,1,79.54,28.64,24,0,2,0,46.0533,81.36,0.104,0.3,0.6893
S01446,1,0,1,100.0,44.06,31,5,0,0,68.0052,55.94,0.3879,0.4923,0.4627
S01447,8,1,1,74.75,39.19,17,2,1,0,43.8309,65.81,0.0375,0.5769,0.5656
S01448,8,0,1,72.54,40.37,26,0,0,0,44.4397,59.63,0.0068,0.3,0.608
S01449,6,1,1,70.74,46.96,33,4,1,0,55.5646,58.04,0.0182,0.6538,0.4742
S01450,1,1,1,79.17,34.34,39,7,1,0,68.2651,70.66,0.0988,0.7692,0.4514
S01451,3,0,1,47.84,29.23,27,3,0,1,40.9222,70.77,0.336,0.4154,0.636
S01452,1,0,1,97.52,48.45,24,6,0,0,64.7837,51.55,0.3535,0.5308,0.4468
S01453,1,0,1,86.72,50.61,28,1,0,0,53.2212,49.39,0.2036,0.3385,0.5267
S01454,2,0,1,62.33,41.4,16,0,0,0,34.4235,58.6,0.1349,0.3,0.6389
S01455,5,1,1,72.47,42.94,27,0,1,0,45.0049,62.06,0.0058,0.5,0.5657
S01456,1,1,1,63.64,23.98,19,3,0,0,42.4964,76.02,0.1167,0.6154,0.6015
S01457,8,0,0,76.49,44.83,22,3,0,0,49.4161,55.17,0.0616,0.1154,0.6189
S01458,4,1,0,72.92,28.65,34,6,0,0,60.876,71.35,0.0121,0.4308,0.5646
S01459,3,0,0,75.43,43.15,24,4,0,0,52.1016,56.85,0.0469,0.1538,0.6066
S01460,5,1,1,56.58,36.45,18,0,1,0,33.31,68.55,0.2147,0.5,0.6326
S01461,7,0,1,64.78,36.77,23,2,0,0,43.4022,63.23,0.1009,0.3769,0.6068
S01462,3,1,0,89.19,59.22,34,4,0,0,63.5378,40.78,0.2379,0.3538,0.4523
S01463,1,1,1,63.99,24.88,25,5,0,0,50.0419,75.12,0.1119,0.6923,0.5523
S01464,1,0,1,32.35,46.11,21,3,1,0,31.1669,58.89,0.551,0.4154,0.6226
S01465,7,1,1,69.74,24.16,11,4,2,0,42.1137,85.84,0.0321,0.6538,0.6325
S01466,1,1,1,100.0,31.43,35,1,0,0,62.6858,68.57,0.3879,0.5385,0.5203
S01467,6,0,1,84.73,34.09,26,3,0,0,55.085,65.91,0.176,0.4154,0.567
S01468,4,1,0,63.24,63.13,17,3,0,0,41.15,36.87,0.1223,0.3154,0.5246
S01469,7,1,1,71.24,97.70398656176584,28,5,0,0,54.7216,2.296,0.0112,0.6923,0.2446
S01470,1,1,1,82.2,38.2,36,6,0,0,65.7744,61.8,0.1409,0.7308,0.4343
S01471,8,0,1,45.66,34.01,8,0,1,1,23.0098,70.99,0.3663,0.3,0.7284
S01472,6,1,0,59.16,51.95,31,8,0,0,57.4384,48.05,0.1789,0.5077,0.4642
S01473,4,1,1,77.98,23.17,13,5,0,0,48.5192,76.83,0.0823,0.6923,0.5644
S01474,2,1,0,95.92,68.57,36,5,0,0,69.3393,31.43,0.3313,0.3923,0.385
S01475,8,0,1,65.41,28.54,13,4,0,0,41.5682,71.46,0.0922,0.4538,0.6269
S01476,3,0,0,95.51,58.18,26,0,0,0,53.6277,41.82,0.3256,0.0,0.5796
S01477,4,1,0,60.69,43.38,19,3,0,0,41.3164,56.62,0.1577,0.3154,0.603
S01478,4,0,1,3.532500000000013,96.239028995864,1,1,1,0,3.9293,8.761,0.951,0.3385,0.5367
S01479,2,0,1,83.16,33.25,4,0,1,0,35.6369,71.75,0.1542,0.3,0.6873
S01480,4,0,1,80.11,38.81,30,0,0,0,49.8406,61.19,0.1119,0.3,0.5953
S01481,2,1,0,83.04,54.97,33,1,0,0,54.7153,45.03,0.1525,0.2385,0.529
S01482,1,0,0,72.05,53.69,25,4,0,0,51.3428,46.31,0.0,0.1538,0.5671
S01483,3,1,1,74.88,45.61,22,6,0,0,54.5413,54.39,0.0393,0.7308,0.444
S01484,1,1,1,68.12,41.095,18,6,0,0,49.4644,58.905,0.0545,0.7308,0.4798
S01485,4,1,0,72.05,98.78800124473496,8,5,1,0,43.1811,6.212,0.0,0.3923,0.3756
S01486,7,1,0,65.09,12.23,5,2,2,1,32.8483,97.77,0.0966,0.2769,0.8069
S01487,2,0,1,65.99,47.21,27,0,1,0,42.4129,57.79,0.0841,0.3,0.6077
S01488,1,1,0,44.83,26.38,22,1,0,0,32.9059,73.62,0.3778,0.2385,0.7197
S01489,1,0,1,53.79,43.13,21,3,0,1,39.7429,56.87,0.2534,0.4154,0.5845
S01490,5,1,1,69.55,41.92,25,4,0,0,50.3428,58.08,0.0347,0.6538,0.4927
S01491,3,0,1,38.39,29.88,17,2,1,0,29.2869,75.12,0.4672,0.3769,0.7038
S01492,4,1,1,41.88,31.09,17,9,2,1,44.1444,78.91,0.4187,0.8462,0.5496
S01493,1,1,1,66.99,30.07,14,2,1,0,38.9472,74.93,0.0702,0.5769,0.6192
S01494,3,0,1,70.08,32.52,24,3,0,1,48.0385,67.48,0.0273,0.4154,0.5979
S01495,4,1,1,67.3,45.28,18,6,1,0,49.1364,59.72,0.0659,0.7308,0.4842
S01496,4,0,1,36.3,21.26,7,0,0,1,18.6725,78.74,0.4962,0.3,0.7746
S01497,5,0,1,95.29,60.88,22,0,0,0,51.1668,39.12,0.3226,0.3,0.5024
S01498,7,0,0,50.46,41.095,27,7,1,0,49.6625,63.905,0.2997,0.2692,0.6145
S01499,4,0,0,59.73,30.08,0,3,2,0,29.6612,79.92,0.171,0.1154,0.787
S01500,7,1,1,53.07,41.83,14,4,0,0,37.2254,58.17,0.2634,0.6538,0.5389
S01501,5,1,0,91.49,46.59,27,1,0,0,54.536,53.41,0.2698,0.2385,0.5631
S01502,3,0,1,78.32,53.67,34,0,1,0,51.4975,51.33,0.087,0.3,0.5501
S01503,2,1,1,64.9,43.32,8,1,1,0,32.6288,61.68,0.0992,0.5385,0.5979
S01504,3,1,1,63.85,19.36,0,0,0,0,25.54,80.64,0.1138,0.5,0.7082
S01505,5,1,1,74.69,35.21,30,1,1,0,49.5957,69.79,0.0366,0.5385,0.571
S01506,2,0,0,53.3,31.85,23,0,0,1,34.9641,68.15,0.2602,0.0,0.7502
S01507,8,1,1,77.71,36.45,10,4,0,0,44.7085,63.55,0.0786,0.6538,0.5343
S01508,4,0,1,63.77,36.79,18,4,0,0,43.8783,63.21,0.1149,0.4538,0.5858
S01509,7,1,1,79.79,97.76348305132193,37,5,0,0,63.4805,2.2365,0.1074,0.6923,0.2137
S01510,6,1,1,79.29,45.03,16,3,0,0,46.9768,54.97,0.1005,0.6154,0.5016
S01511,3,1,1,63.1,61.37,20,4,1,0,44.7967,43.63,0.1242,0.6538,0.4543
S01512,2,0,1,72.05,36.77,15,0,1,1,37.7183,68.23,0.0,0.3,0.6659
S01513,6,0,1,68.3,26.26,10,4,0,0,40.9445,73.74,0.052,0.4538,0.6382
S01514,3,1,1,50.26,34.07,10,1,2,0,27.9593,75.93,0.3024,0.5385,0.6712
S01515,2,0,1,73.18,33.41,9,3,0,0,40.3802,66.59,0.0157,0.4154,0.6212
S01516,8,0,1,68.15,43.71,20,3,0,0,44.8936,56.29,0.0541,0.4154,0.5642
S01517,4,1,1,63.18,35.01,13,0,1,0,32.9839,69.99,0.1231,0.5,0.6395
S01518,1,1,1,52.57,11.89,17,3,1,0,36.882,93.11,0.2704,0.6154,0.6895
S01519,4,0,1,89.8,45.82,34,1,0,0,58.0126,54.18,0.2464,0.3385,0.5291
S01520,4,0,1,65.19,43.11,31,2,2,0,48.312,66.89,0.0952,0.3769,0.6042
S01521,7,1,0,100.0,73.05,51,3,0,0,76.0235,26.95,0.3879,0.3154,0.3629
S01522,6,0,1,72.52,29.99,24,3,0,1,49.0145,70.01,0.0065,0.4154,0.6046
S01523,2,0,0,77.27,55.8,22,6,0,0,55.4973,44.2,0.0724,0.2308,0.5249
S01524,2,0,1,72.59,48.04,20,1,0,0,42.8235,51.96,0.0075,0.3385,0.5733
S01525,5,0,1,77.12,29.54,17,2,0,0,44.7789,70.46,0.0704,0.3769,0.6309
S01526,1,1,1,88.39,51.31,32,2,1,0,58.1852,53.69,0.2268,0.5769,0.4669
S01527,3,0,1,88.56,56.47,24,1,0,0,51.5844,43.53,0.2291,0.3385,0.5089
S01528,2,0,1,45.5,38.6,17,0,0,0,28.2847,61.4,0.3685,0.3,0.6716
S01529,1,0,1,84.83,30.42,20,2,0,0,49.6426,69.58,0.1774,0.3769,0.6103
S01530,8,0,1,79.46,35.78,21,0,0,0,44.2416,64.22,0.1028,0.3,0.627
S01531,1,0,1,72.54,52.38,26,0,0,0,44.4397,47.62,0.0068,0.3,0.5599
S01532,1,1,1,97.69,43.23,31,1,0,0,59.3889,56.77,0.3559,0.5385,0.4846
S01533,8,1,0,98.29,53.84,22,1,0,0,54.2899,46.16,0.3642,0.2385,0.535
S01534,2,0,0,85.57,96.09311082142445,27,0,2,0,50.2449,13.9069,0.1876,0.0,0.4798
S01535,7,0,1,63.85,29.98,13,2,2,1,37.098,80.02,0.1138,0.3769,0.696
S01536,1,0,1,54.11,98.74351724520318,25,2,1,0,40.3207,6.2565,0.249,0.3769,0.3897
S01537,2,0,1,83.32,60.99,34,1,0,0,55.4206,39.01,0.1564,0.3385,0.4774
S01538,1,1,0,92.39,35.08,11,4,0,0,51.1737,64.92,0.2823,0.3538,0.5921
S01539,6,0,1,41.57,19.67,18,2,2,1,31.1521,90.33,0.423,0.3769,0.7581
S01540,5,1,1,88.29,55.64,31,0,0,0,53.7058,44.36,0.2254,0.5,0.4645
S01541,4,1,0,68.18,31.83,9,7,1,0,46.0725,73.17,0.0537,0.4692,0.6141
S01542,2,0,1,44.86,27.95,20,0,0,0,29.8084,72.05,0.3774,0.3,0.7089
S01543,1,1,1,79.04,37.64,15,5,1,0,50.1297,67.36,0.097,0.6923,0.5209
S01544,5,0,0,85.64,46.69,36,4,0,0,63.3042,53.31,0.1886,0.1538,0.5532
S01545,2,0,0,66.73,27.97,15,4,0,1,43.2826,72.03,0.0738,0.1538,0.6982
S01546,5,1,1,56.14,30.89,5,0,2,0,25.4221,79.11,0.2208,0.5,0.7025
S01547,6,0,1,97.68,54.13,49,5,0,0,77.7552,45.87,0.3557,0.4923,0.3883
S01548,7,1,1,61.97,41.095,6,4,0,0,36.0396,58.905,0.1399,0.6538,0.546
S01549,4,1,1,89.39,47.25,22,6,0,0,60.3453,52.75,0.2407,0.7308,0.4171
S01550,1,0,1,49.3,30.45,9,5,0,1,34.6744,69.55,0.3158,0.4923,0.6338
S01551,3,1,1,78.24,34.24,21,2,0,0,47.5998,65.76,0.0859,0.5769,0.5522
S01552,7,0,1,77.81,37.94,30,1,0,0,50.8437,62.06,0.0799,0.3385,0.5857
S01553,5,1,1,85.1,45.12,28,0,0,0,50.6502,54.88,0.1811,0.5,0.5172
S01554,5,0,0,94.39,48.29,39,1,0,0,62.8147,51.71,0.3101,0.0385,0.5774
S01555,4,0,0,59.8,33.16,21,6,0,0,47.9161,66.84,0.17,0.2308,0.642
S01556,2,0,1,79.81,15.46,12,0,0,0,39.0426,84.54,0.1077,0.3,0.7265
S01557,8,1,1,51.5,45.1,19,6,0,0,43.4096,54.9,0.2852,0.7308,0.485
S01558,7,0,1,51.33,28.31,17,0,1,0,30.6167,76.69,0.2876,0.3,0.7246
S01559,8,1,1,63.32,14.39,14,5,0,0,43.2485,85.61,0.1212,0.6923,0.618
S01560,7,0,1,78.14,45.93,41,2,0,0,59.4242,54.07,0.0845,0.3769,0.5141
S01561,3,0,1,97.15,57.38,36,4,0,0,67.9082,42.62,0.3484,0.4538,0.4194
S01562,3,0,1,99.88,58.65,40,0,0,0,63.6808,41.35,0.3863,0.3,0.4675
S01563,2,0,1,66.68,27.29,28,0,0,0,43.2822,72.71,0.0745,0.3,0.6644
S01564,8,1,1,76.58,53.4,21,1,1,0,45.0127,51.6,0.0629,0.5385,0.5142
S01565,5,0,0,86.15,59.42,33,4,0,0,61.7286,40.58,0.1957,0.1538,0.5078
S01566,4,1,1,83.48,34.69,29,3,0,0,56.3646,65.31,0.1586,0.6154,0.5101
S01567,8,1,1,69.46,39.42,17,5,1,0,47.4841,65.58,0.0359,0.6923,0.5231
S01568,5,0,1,73.14,26.4,13,2,0,1,40.814,73.6,0.0151,0.3769,0.6573
S01569,8,1,0,70.35,25.36,22,4,0,1,48.8832,74.64,0.0236,0.3538,0.639
S01570,8,1,1,68.87,31.19,26,6,1,0,54.5102,73.81,0.0441,0.7308,0.5218
S01571,1,1,1,66.88,44.41,22,2,1,0,43.649,60.59,0.0718,0.5769,0.5454
S01572,3,0,1,70.21,27.73,20,0,0,0,39.9484,72.27,0.0255,0.3,0.6743
S01573,6,1,1,65.91,38.77,20,5,0,0,47.8438,61.23,0.0852,0.6923,0.5044
S01574,7,1,1,54.97,14.4,14,2,2,0,34.1392,95.6,0.2371,0.5769,0.7187
S01575,2,0,0,84.94,60.02,39,1,1,0,59.0347,44.98,0.1789,0.0385,0.5637
S01576,3,1,1,79.74,42.16,27,1,1,0,49.836,62.84,0.1067,0.5385,0.5423
S01577,5,0,1,100.0,58.37,29,1,0,0,59.1265,41.63,0.3879,0.3385,0.475
S01578,7,1,1,77.54,23.33,10,2,0,0,40.7944,76.67,0.0762,0.5769,0.6197
S01579,1,1,1,65.75,56.89,19,3,0,0,43.3404,43.11,0.0874,0.6154,0.4669
S01580,5,1,1,62.6,50.99,14,6,0,0,44.8835,49.01,0.1312,0.7308,0.4562
S01581,3,1,1,72.71,12.28,18,5,0,0,49.3774,87.72,0.0092,0.6923,0.605
S01582,2,1,0,72.05,61.09,33,6,0,0,59.9347,38.91,0.0,0.4308,0.4382
S01583,5,1,1,68.33,39.62,22,7,0,0,53.8444,60.38,0.0516,0.7692,0.4608
S01584,4,0,0,49.95,25.06,1,6,0,1,32.1117,74.94,0.3067,0.2308,0.7297
S01585,6,0,0,60.91,39.86,23,6,1,0,49.5465,65.14,0.1546,0.2308,0.6294
S01586,3,0,1,72.27,42.85,10,5,0,0,44.4556,57.15,0.0031,0.4923,0.5499
S01587,7,0,1,83.1,43.1,32,7,0,0,65.6846,56.9,0.1534,0.5692,0.4554
S01588,1,1,0,49.71,10.17,11,2,2,1,30.2556,99.83,0.3101,0.2769,0.8242
S01589,7,1,0,75.98,36.09,25,5,0,0,54.8379,63.91,0.0545,0.3923,0.5656
S01590,1,0,1,75.32,33.55,23,2,0,0,47.6182,66.45,0.0454,0.3769,0.6049
S01591,6,0,0,65.23,35.64,19,1,2,0,39.2863,74.36,0.0947,0.0385,0.7503
S01592,3,1,1,63.2,35.52,21,3,0,0,43.5069,64.48,0.1228,0.6154,0.5518
S01593,4,0,1,60.96,28.64,19,2,0,0,39.5013,71.36,0.1539,0.3769,0.653
S01594,1,1,1,74.11,41.62,38,4,1,0,59.8787,63.38,0.0286,0.6538,0.4805
S01595,6,1,1,88.9,57.2,30,4,0,0,61.0489,42.8,0.2339,0.6538,0.3941
S01596,2,0,1,89.97,40.76,31,2,0,0,58.224,59.24,0.2487,0.3769,0.539
S01597,6,0,1,55.14,35.07,11,1,1,0,30.5045,69.93,0.2347,0.3385,0.6883
S01598,6,0,1,69.2,39.1,24,1,1,0,43.8404,65.9,0.0396,0.3385,0.6255
S01599,7,0,0,39.1,10.98,2,7,0,1,30.288,89.02,0.4573,0.2692,0.7828
S01600,6,0,1,73.64,35.38,32,3,1,0,54.2083,69.62,0.0221,0.4154,0.5849
S01601,3,0,1,80.96,53.28,14,5,1,0,50.3045,51.72,0.1237,0.4923,0.5077
S01602,6,0,1,95.56,32.76,24,2,0,0,56.3074,67.24,0.3263,0.3769,0.5777
S01603,7,0,1,45.2,22.39,0,3,2,1,23.8492,87.61,0.3727,0.4154,0.7631
S01604,3,0,1,55.68,30.89,20,0,0,0,34.1364,69.11,0.2272,0.3,0.682
S01605,1,1,1,3.532500000000013,99.29300917196213,20,3,0,0,19.0466,0.707,0.951,0.6154,0.3823
S01606,8,0,1,47.72,15.67,19,3,0,1,36.1284,84.33,0.3377,0.4154,0.707
S01607,2,1,0,74.58,30.09,16,3,0,0,45.0928,69.91,0.0351,0.3154,0.643
S01608,5,0,1,81.35,70.75,30,0,1,0,50.3366,34.25,0.1291,0.3,0.4858
S01609,2,0,1,52.78,42.02,20,4,1,0,40.6687,62.98,0.2675,0.4538,0.5961
S01610,2,0,0,73.99,52.14,25,0,0,0,44.4265,47.86,0.0269,0.0,0.6359
S01611,7,1,1,53.82,36.63,16,0,2,0,31.0195,73.37,0.253,0.5,0.6599
S01612,2,0,1,92.63,95.97572888444694,22,2,1,0,53.949,9.0243,0.2856,0.3769,0.3531
S01613,6,0,1,75.1,52.53,16,4,0,0,47.2238,47.47,0.0423,0.4538,0.5111
S01614,6,0,1,62.4,32.2,10,2,0,0,34.7384,67.8,0.1339,0.3769,0.6554
S01615,1,1,1,53.43,55.06,20,9,0,0,50.5441,44.94,0.2584,0.8462,0.3913
S01616,2,0,0,77.84,54.99,22,4,0,0,51.8792,45.01,0.0804,0.1538,0.56
S01617,7,0,1,92.37,57.13,33,2,0,0,60.3704,42.87,0.282,0.3769,0.466
S01618,5,1,0,60.43,46.32,22,1,0,0,39.1459,53.68,0.1613,0.2385,0.6181
S01619,1,0,1,65.41,33.72,16,0,2,1,35.6555,76.28,0.0922,0.3,0.7053
S01620,8,0,1,60.72,48.87,14,4,1,1,40.2854,56.13,0.1573,0.4538,0.5701
S01621,3,1,1,95.33,46.46,28,2,0,0,58.5883,53.54,0.3231,0.5769,0.4649
S01622,1,0,1,43.37,30.12,12,2,1,1,28.3128,74.88,0.3981,0.3769,0.7062
S01623,8,0,1,91.28,54.95,34,5,0,0,66.2969,45.05,0.2669,0.4923,0.4251
S01624,1,0,1,66.34,28.8,20,1,2,0,40.3235,81.2,0.0793,0.3385,0.699
S01625,5,0,1,70.93,52.28,39,2,1,0,55.3537,52.72,0.0155,0.3769,0.5229
S01626,8,1,1,66.89,11.51,24,7,0,0,54.4548,88.49,0.0716,0.7692,0.5711
S01627,5,1,1,75.59,54.35,30,8,0,0,63.4172,45.65,0.0491,0.8077,0.3587
S01628,5,1,1,61.05,49.13,18,5,2,0,44.7134,60.87,0.1527,0.6923,0.5139
S01629,4,0,1,87.88,48.07,36,4,0,0,64.2002,51.93,0.2197,0.4538,0.4696
S01630,2,1,1,88.48,45.48,27,1,0,0,53.332,54.52,0.228,0.5385,0.4968
S01631,5,1,1,57.25,27.19,12,6,1,0,41.5571,77.81,0.2054,0.7308,0.5831
S01632,8,0,1,82.01,59.73,33,3,0,0,58.1495,40.27,0.1382,0.4154,0.4537
S01633,1,1,1,66.65,52.16,20,2,0,0,42.3706,47.84,0.0749,0.5769,0.4988
S01634,8,1,1,72.77,54.89,25,8,0,0,59.3231,45.11,0.01,0.8077,0.3709
S01635,4,1,1,94.88,69.42,39,4,0,0,68.7799,30.58,0.3169,0.6538,0.3181
S01636,5,0,1,61.89,38.71,20,6,1,0,48.1589,66.29,0.141,0.5308,0.5639
S01637,2,0,0,85.9,27.37,26,0,0,0,49.7837,72.63,0.1922,0.0,0.7163
S01638,5,1,0,78.86,40.17,21,5,0,0,53.617,59.83,0.0945,0.3923,0.5536
S01639,2,1,1,69.09,52.05,30,5,0,0,55.048,47.95,0.0411,0.6923,0.4261
S01640,3,0,1,77.51,51.26,22,2,0,0,47.901,48.74,0.0758,0.3769,0.5331
S01641,6,0,1,75.73,39.98,23,2,1,0,47.7822,65.02,0.0511,0.3769,0.5986
S01642,1,1,1,54.62,12.3,18,1,1,1,34.449,92.7,0.2419,0.5385,0.7156
S01643,4,0,1,62.9,44.65,21,0,0,1,37.6176,55.35,0.127,0.3,0.6147
S01644,5,0,1,72.05,26.39,25,1,1,0,45.5736,78.61,0.0,0.3385,0.6703
S01645,2,1,1,67.85,28.53,20,8,1,0,54.389,76.47,0.0583,0.8077,0.5136
S01646,3,0,1,92.18,67.81,41,1,0,0,63.1171,32.19,0.2794,0.3385,0.4232
S01647,3,0,1,80.72,46.04,24,2,1,0,50.3714,58.96,0.1203,0.3769,0.5653
S01648,6,0,1,50.51,38.36,18,5,0,0,40.4974,61.64,0.299,0.4923,0.5817
S01649,8,1,0,67.9,22.99,19,5,0,0,48.0466,77.01,0.0576,0.3923,0.6418
S01650,7,0,0,75.5,49.44,40,1,1,0,55.8519,55.56,0.0479,0.0385,0.6171
S01651,2,1,1,83.16,28.82,24,2,1,0,51.3474,76.18,0.1542,0.5769,0.5808
S01652,1,1,0,62.24,43.75,17,6,0,0,46.5192,56.25,0.1362,0.4308,0.5545
S01653,1,1,0,53.44,95.82913147425496,17,3,1,0,37.23,9.1709,0.2583,0.3154,0.4275
S01654,5,0,1,71.15,28.91,20,4,0,0,48.0167,71.09,0.0125,0.4538,0.6029
S01655,2,0,1,80.54,43.89,28,0,0,0,48.8262,56.11,0.1178,0.3,0.5785
S01656,2,0,0,75.52,53.39,34,3,0,0,56.1467,46.61,0.0482,0.1154,0.5611
S01657,7,1,1,58.73,23.12,19,1,2,0,36.6863,86.88,0.1849,0.5385,0.6845
S01658,7,1,1,98.32,38.64,33,5,0,0,68.5197,61.36,0.3646,0.6923,0.4325
S01659,7,1,1,70.52,37.83,20,0,0,0,40.0724,62.17,0.0212,0.5,0.5834
S01660,3,0,1,74.91,47.21,19,3,0,0,47.0044,52.79,0.0397,0.4154,0.5428
S01661,5,0,1,62.07,24.91,20,0,3,0,36.6924,90.09,0.1385,0.3,0.7569
S01662,5,1,0,88.6,62.88,28,1,0,0,53.9732,37.12,0.2297,0.2385,0.4999
S01663,2,0,1,80.58,53.77,35,0,0,0,52.9947,46.23,0.1184,0.3,0.5244
S01664,5,1,1,76.72,51.67,16,5,0,0,49.7949,48.33,0.0648,0.6923,0.446
S01665,5,0,1,54.73,25.42,28,2,2,1,42.3483,84.58,0.2404,0.3769,0.6959
S01666,4,1,1,88.41,38.82,27,3,0,0,57.1502,61.18,0.2271,0.6154,0.4908
S01667,7,1,1,83.35,40.71,28,2,0,0,53.7963,59.29,0.1568,0.5769,0.5046
S01668,6,0,1,87.22,59.02,19,0,0,0,46.1592,40.98,0.2105,0.3,0.5274
S01669,5,0,1,72.56,43.24,27,2,1,0,48.8871,61.76,0.0071,0.3769,0.5817
S01670,6,1,1,70.88,98.09983515578752,14,7,0,0,50.1186,1.9002,0.0162,0.7692,0.2399
S01671,7,0,0,69.27,53.41,24,1,1,0,43.8684,51.59,0.0386,0.0385,0.6432
S01672,5,0,0,100.0,45.32,35,3,0,0,66.5319,54.68,0.3879,0.1154,0.557
S01673,3,0,1,63.86,36.68,17,1,0,0,37.5518,63.32,0.1137,0.3385,0.6372
S01674,7,0,1,54.21,20.71,0,3,1,0,27.4532,84.29,0.2476,0.4154,0.7372
S01675,6,1,1,72.05,61.68,38,2,0,0,55.2085,38.32,0.0,0.5769,0.4158
S01676,8,0,0,64.0,40.59,11,1,1,1,34.0485,64.41,0.1117,0.0385,0.7288
S01677,2,0,0,90.9,46.97,31,4,0,0,62.4421,53.03,0.2616,0.1538,0.5551
S01678,4,1,1,51.66,42.26,9,4,0,0,33.6953,57.74,0.283,0.6538,0.5496
S01679,8,0,0,63.58,41.28,28,1,1,0,43.9652,63.72,0.1176,0.0385,0.6914
S01680,5,0,1,74.86,45.77,22,1,0,0,44.9179,54.23,0.039,0.3385,0.5751
S01681,8,1,1,91.02,51.9,23,5,0,0,59.6675,48.1,0.2633,0.6923,0.4105
S01682,1,1,1,82.7,65.67,31,3,0,0,57.2391,34.33,0.1478,0.6154,0.3831
S01683,1,1,1,96.29,24.87,21,5,0,0,60.589,75.13,0.3364,0.6923,0.5154
S01684,7,1,1,77.19,46.76,21,7,0,0,56.7952,53.24,0.0713,0.7692,0.4219
S01685,3,0,1,68.95,63.77,27,6,1,0,55.1354,41.23,0.043,0.5308,0.4392
S01686,5,0,0,84.83,40.81,39,0,0,0,57.0676,59.19,0.1774,0.0,0.637
S01687,4,1,0,51.49,14.35,7,5,1,1,34.3639,90.65,0.2854,0.3923,0.7443
S01688,4,1,1,46.35,24.91,8,6,0,1,34.8242,75.09,0.3567,0.7308,0.5958
S01689,8,1,1,86.64,62.77,31,8,0,0,68.4304,37.23,0.2025,0.8077,0.3075
S01690,1,0,1,75.16,37.45,8,5,2,0,44.4251,72.55,0.0432,0.4923,0.6116
S01691,7,0,1,86.46,51.44,38,1,2,0,59.0494,58.56,0.2,0.3385,0.5429
S01692,8,0,0,59.21,28.59,10,3,0,0,35.3854,71.41,0.1782,0.1154,0.7329
S01693,6,1,1,91.27,45.87,26,3,0,0,57.701,54.13,0.2668,0.6154,0.4607
S01694,4,1,1,82.06,42.2,28,4,1,0,57.1265,62.8,0.1389,0.6538,0.4878
S01695,2,0,0,71.53,26.52,23,4,1,0,49.9484,78.48,0.0072,0.1538,0.7007
S01696,6,0,1,75.11,59.3,16,5,0,0,49.1509,40.7,0.0425,0.4923,0.4677
S01697,4,0,1,77.2,41.095,38,0,1,0,53.4224,63.905,0.0715,0.3,0.5936
S01698,2,0,1,59.15,13.54,0,4,1,0,31.3523,91.46,0.179,0.4538,0.7427
S01699,3,1,0,66.22,43.24,11,2,0,0,36.8596,56.76,0.0809,0.2769,0.6288
S01700,8,1,0,76.97,16.97,19,7,1,0,55.5207,88.03,0.0683,0.4692,0.6405
S01701,3,0,1,65.62,19.85,13,1,0,0,35.8829,80.15,0.0892,0.3385,0.7104
S01702,2,1,1,49.96,35.0,24,0,1,1,34.2213,70.0,0.3066,0.5,0.6352
S01703,6,1,1,76.42,96.62721555850756,22,3,0,0,49.3881,3.3728,0.0607,0.6154,0.2868
S01704,2,0,1,84.54,58.99,39,3,1,0,62.7208,46.01,0.1734,0.4154,0.4607
S01705,8,0,1,88.03,39.08,26,1,1,0,52.5588,65.92,0.2218,0.3385,0.5951
S01706,7,0,1,79.98,34.68,14,1,1,1,42.2202,70.32,0.1101,0.3385,0.6489
S01707,8,0,1,84.27,41.095,10,0,0,0,39.6402,58.905,0.1696,0.3,0.6219
S01708,8,0,1,86.81,39.52,26,1,0,0,52.0708,60.48,0.2049,0.3385,0.575
S01709,2,1,1,73.19,26.58,17,5,2,0,48.9761,83.42,0.0158,0.6923,0.5892
S01710,2,0,1,40.22,38.19,13,0,1,1,23.7999,66.81,0.4418,0.3,0.7089
S01711,3,0,1,89.4,37.74,25,0,0,0,50.5905,62.26,0.2408,0.3,0.597
S01712,4,1,1,58.6,33.34,25,1,1,0,40.1936,71.66,0.1867,0.5385,0.6113
S01713,8,0,1,55.04,41.095,15,3,1,0,36.6835,63.905,0.2361,0.4154,0.6234
S01714,6,1,1,55.45,22.53,13,3,0,0,35.6611,77.47,0.2304,0.6154,0.6312
S01715,6,1,1,100.0,45.49,40,6,0,0,75.2673,54.51,0.3879,0.7308,0.3719
S01716,8,1,1,78.61,96.83776000445256,22,4,1,0,52.1872,8.1622,0.091,0.6538,0.2865
S01717,6,1,1,56.38,41.095,23,3,0,0,41.9653,58.905,0.2175,0.6154,0.5349
S01718,4,1,1,61.75,35.34,28,8,0,0,56.6948,64.66,0.143,0.8077,0.4583
S01719,4,1,1,71.99,41.44,20,11,0,0,61.8143,58.56,0.0008,0.9231,0.3871
S01720,5,0,1,80.14,66.0,26,1,1,0,49.4028,39.0,0.1123,0.3385,0.4985
S01721,1,0,1,76.19,48.16,22,4,0,0,51.2192,51.84,0.0575,0.4538,0.5146
S01722,6,0,1,58.07,18.12,0,0,0,1,23.228,81.88,0.194,0.3,0.7712
S01723,6,0,1,76.76,41.095,23,2,0,1,48.1942,58.905,0.0654,0.3769,0.5727
S01724,6,0,1,62.83,20.55,17,2,0,0,39.0629,79.45,0.128,0.3769,0.6869
S01725,5,0,0,87.7,68.16,22,1,0,0,50.0539,31.84,0.2172,0.0385,0.5425
S01726,7,0,1,72.84,96.96861568597907,16,0,1,0,38.6275,8.0314,0.011,0.3,0.4219
S01727,8,0,0,60.61,40.86,27,5,0,0,49.8763,59.14,0.1588,0.1923,0.6139
S01728,5,0,1,82.33,48.39,20,2,1,0,48.6426,56.61,0.1427,0.3769,0.562
S01729,4,1,0,77.75,29.84,22,5,1,0,53.7662,75.16,0.0791,0.3923,0.6144
S01730,1,1,0,64.88,36.88,15,9,0,1,52.158,63.12,0.0995,0.5462,0.5334
S01731,7,1,1,82.95,48.77,36,2,0,0,58.3821,51.23,0.1513,0.5769,0.4564
S01732,8,0,1,81.44,48.16,9,3,2,0,43.6842,61.84,0.1303,0.4154,0.5906
S01733,6,1,1,90.03,55.94,43,5,1,0,71.1359,49.06,0.2495,0.6923,0.3742
S01734,7,1,1,82.65,43.91,38,7,0,0,69.0639,56.09,0.1471,0.7692,0.3903
S01735,7,0,1,68.79,39.04,17,0,2,0,37.6007,70.96,0.0452,0.3,0.6772
S01736,7,1,0,46.64,25.13,22,1,1,1,33.6299,79.87,0.3527,0.2385,0.7422
S01737,5,0,1,74.8,47.73,24,0,0,0,44.1573,52.27,0.0382,0.3,0.5795
S01738,1,1,0,77.13,49.52,37,2,0,0,56.6473,50.48,0.0705,0.2769,0.5344
S01739,1,1,0,72.77,53.87,30,3,1,0,52.6738,51.13,0.01,0.3154,0.5413
S01740,2,0,0,26.84,13.27,22,3,1,0,29.5561,91.73,0.6275,0.1154,0.8346
S01741,4,1,1,82.18,55.43,22,6,0,0,57.4613,44.57,0.1406,0.7308,0.3945
S01742,6,0,1,58.32,36.75,22,6,1,0,47.9173,68.25,0.1906,0.5308,0.5726
S01743,4,0,0,82.29,39.17,22,5,0,0,55.5822,60.83,0.1421,0.1923,0.6007
S01744,1,0,1,97.51,62.45,27,3,0,0,60.7902,37.55,0.3534,0.4154,0.4336
S01745,2,0,1,68.21,53.74,39,2,0,0,54.2657,46.26,0.0533,0.3769,0.5009
S01746,8,0,1,78.58,52.41,29,1,0,0,50.5585,47.59,0.0906,0.3385,0.5288
S01747,8,1,1,72.49,48.5,30,3,1,0,52.5618,56.5,0.0061,0.6154,0.4882
S01748,4,0,0,79.88,53.59,29,2,0,0,53.0015,46.41,0.1087,0.0769,0.5809
S01749,7,0,1,73.55,40.46,27,2,0,1,49.2831,59.54,0.0208,0.3769,0.5714
S01750,6,1,1,64.25,39.08,15,4,0,0,42.2906,60.92,0.1083,0.6538,0.5322
S01751,8,0,1,58.43,23.99,12,3,0,0,36.2599,76.01,0.189,0.4154,0.6733
S01752,8,0,1,95.86,43.95,27,3,1,0,60.1302,61.05,0.3305,0.4154,0.5299
S01753,6,1,1,78.58,27.85,3,0,0,0,33.2117,72.15,0.0906,0.5,0.6474
S01754,4,1,1,84.46,41.095,26,7,0,0,62.6693,58.905,0.1722,0.7692,0.424
S01755,6,0,1,77.99,31.85,26,2,0,0,50.4659,68.15,0.0824,0.3769,0.6017
S01756,3,0,1,86.64,41.095,23,2,0,0,52.1462,58.905,0.2025,0.3769,0.5589
S01757,3,1,1,58.56,15.8,17,6,3,0,45.0472,99.2,0.1872,0.7308,0.6564
S01758,5,1,1,73.25,38.85,27,2,0,0,49.1631,61.15,0.0167,0.5769,0.5283
S01759,5,0,1,79.58,97.56503538789724,32,3,0,0,56.5843,2.435,0.1045,0.4154,0.3078
S01760,5,0,0,91.39,43.28,20,3,0,0,54.1896,56.72,0.2684,0.1154,0.6084
S01761,4,0,0,100.0,49.06,26,2,0,0,59.2699,50.94,0.3879,0.0769,0.5771
S01762,4,1,1,78.11,45.04,31,2,0,0,53.48,54.96,0.0841,0.5769,0.4884
S01763,1,1,1,62.08,10.56,22,2,1,0,41.729,94.44,0.1384,0.5769,0.6875
S01764,5,1,1,54.07,36.15,27,3,0,0,43.4142,63.85,0.2495,0.6154,0.5496
S01765,5,0,0,58.43,41.095,28,0,2,0,39.9822,68.905,0.189,0.0,0.7357
S01766,8,1,0,60.39,52.51,38,4,1,0,54.3907,52.49,0.1618,0.3538,0.5311
S01767,5,1,1,28.48,8.45,22,1,1,1,26.3659,96.55,0.6047,0.5385,0.7593
S01768,4,0,1,61.87,54.88,31,1,0,0,45.0609,45.12,0.1413,0.3385,0.5381
S01769,1,1,1,82.75,41.095,19,5,1,0,53.9866,63.905,0.1485,0.6923,0.4936
S01770,2,0,1,73.13,60.03,42,4,0,0,61.8596,39.97,0.015,0.4538,0.4299
S01771,3,0,0,68.12,36.42,25,6,1,1,53.617,68.58,0.0545,0.2308,0.629
S01772,4,1,0,47.67,42.49,18,3,1,1,35.5152,62.51,0.3384,0.3154,0.6469
S01773,3,0,0,87.76,48.08,36,4,0,0,64.1522,51.92,0.218,0.1538,0.5447
S01774,4,1,1,79.68,42.41,14,5,0,0,49.7925,57.59,0.1059,0.6923,0.483
S01775,7,0,1,71.81,35.92,14,0,2,0,37.0291,74.08,0.0033,0.3,0.6917
S01776,2,0,0,38.96,41.095,11,5,1,1,31.7248,63.905,0.4593,0.1923,0.6965
S01777,3,0,1,64.64,52.78,23,1,0,0,41.4231,47.22,0.1028,0.3385,0.5593
S01778,2,0,1,78.51,48.48,41,3,0,0,61.4953,51.52,0.0897,0.4154,0.487
S01779,3,0,1,71.57,23.97,15,0,0,0,37.5263,76.03,0.0067,0.3,0.6978
S01780,6,1,1,74.88,41.095,22,3,0,0,48.7721,58.905,0.0393,0.6154,0.5111
S01781,1,0,1,82.28,52.86,24,0,0,0,47.1493,47.14,0.142,0.3,0.5485
S01782,3,0,0,74.32,56.41,21,0,1,0,42.1856,48.59,0.0315,0.0,0.6467
S01783,1,1,1,81.75,36.21,25,4,0,0,55.2228,63.79,0.1346,0.6538,0.4984
S01784,8,0,1,72.05,35.69,15,3,1,0,43.4875,69.31,0.0,0.4154,0.6212
S01785,6,1,1,53.66,26.47,20,3,1,0,39.0976,78.53,0.2552,0.6154,0.6234
S01786,2,0,1,79.16,97.1246582682044,22,2,0,0,48.561,2.8753,0.0987,0.3769,0.3473
S01787,2,0,1,82.24,47.46,15,2,1,0,45.6405,57.54,0.1414,0.3769,0.5762
S01788,1,1,1,79.78,32.98,23,3,0,0,51.3253,67.02,0.1073,0.6154,0.5346
S01789,4,1,1,73.97,50.0,27,2,0,0,49.4511,50.0,0.0266,0.5769,0.4827
S01790,7,1,1,67.14,36.87,9,6,1,0,43.7334,68.13,0.0681,0.7308,0.5368
S01791,5,0,1,75.16,39.64,28,8,0,0,62.0588,60.36,0.0432,0.6077,0.4723
S01792,8,0,1,77.69,51.78,34,2,0,0,55.0916,48.22,0.0783,0.3769,0.5058
S01793,3,1,1,78.59,58.45,37,5,0,0,63.0005,41.55,0.0908,0.6923,0.3726
S01794,3,1,1,100.0,40.43,35,6,0,0,72.3012,59.57,0.3879,0.7308,0.4025
S01795,4,1,1,58.19,27.9,3,5,0,0,34.671,72.1,0.1924,0.6923,0.594
S01796,2,1,1,100.0,63.83,38,4,0,0,70.2347,36.17,0.3879,0.6538,0.3354
S01797,8,1,1,53.15,30.6,23,2,0,0,38.7502,69.4,0.2623,0.5769,0.5977
S01798,2,0,1,77.79,56.43,19,1,1,0,44.3103,48.57,0.0797,0.3385,0.5546
S01799,4,1,1,54.08,31.3,15,4,0,0,38.2226,68.7,0.2494,0.6538,0.5776
S01800,5,0,1,76.59,66.9,28,2,0,0,51.0923,33.1,0.063,0.3769,0.4594
S01801,1,0,1,86.73,70.4,42,0,0,0,59.6073,29.6,0.2037,0.3,0.4348
S01802,4,1,1,72.49,57.9,21,7,0,0,54.9152,42.1,0.0061,0.7692,0.3839
S01803,4,0,1,86.6,59.75,35,2,1,0,59.2489,45.25,0.2019,0.3769,0.4794
S01804,3,0,1,65.64,49.48,23,2,0,0,43.7462,50.52,0.089,0.3769,0.5547
S01805,2,1,1,41.25,20.58,13,5,2,1,33.8272,89.42,0.4275,0.6923,0.6662
S01806,1,1,0,81.4,71.76,36,0,0,0,53.9159,28.24,0.1298,0.2,0.4743
S01807,1,0,1,72.46,26.18,16,0,0,0,38.4755,73.82,0.0057,0.3,0.6856
S01808,4,1,1,64.81,55.23,22,3,2,0,44.7441,54.77,0.1005,0.6154,0.5086
S01809,1,0,1,65.84,34.98,20,2,1,0,42.0466,70.02,0.0862,0.3769,0.6387
S01810,8,1,1,78.1,24.3,13,2,0,0,42.798,75.7,0.084,0.5769,0.6088
S01811,2,0,0,59.78,44.24,28,3,1,0,46.2914,60.76,0.1703,0.1154,0.6522
S01812,6,0,0,77.63,45.91,31,2,0,0,53.288,54.09,0.0774,0.0769,0.6106
S01813,6,0,0,89.83,57.02,29,4,0,0,60.8277,42.98,0.2468,0.1538,0.5206
S01814,4,0,1,100.0,74.8,30,1,0,0,59.7197,25.2,0.3879,0.3385,0.4072
S01815,8,0,0,93.07,40.82,30,1,0,0,56.9477,59.18,0.2917,0.0385,0.6278
S01816,1,0,1,74.43,60.01,29,3,0,0,52.7446,39.99,0.033,0.4154,0.4715
S01817,2,1,0,75.86,50.12,24,1,0,0,46.5044,49.88,0.0529,0.2385,0.5771
S01818,3,0,1,66.0,42.7,15,3,1,0,41.0675,62.3,0.084,0.4154,0.6016
S01819,2,0,0,65.02,16.33,16,5,0,0,45.1149,83.67,0.0976,0.1923,0.7287
S01820,3,1,1,85.08,52.91,27,1,0,0,51.972,47.09,0.1808,0.5385,0.4718
S01821,3,1,1,67.39,44.84,13,9,0,0,51.9756,55.16,0.0647,0.8462,0.4272
S01822,7,1,0,77.49,65.01,27,4,0,0,54.7053,34.99,0.0755,0.3538,0.46
S01823,3,0,1,72.05,13.21,11,2,0,0,39.1916,86.79,0.0,0.3769,0.7158
S01824,8,0,0,92.55,45.15,22,4,1,1,57.7632,59.85,0.2845,0.1538,0.5988
S01825,7,1,1,67.16,77.88,46,4,0,0,61.8444,22.12,0.0679,0.6538,0.3086
S01826,8,1,1,88.32,36.81,44,6,1,0,72.9682,68.19,0.2258,0.7308,0.4347
S01827,1,0,1,61.44,46.58,20,3,0,0,42.2096,53.42,0.1473,0.4154,0.5621
S01828,8,1,1,60.65,40.03,25,3,0,0,44.8597,59.97,0.1582,0.6154,0.529
S01829,5,1,1,91.92,49.59,38,0,0,0,59.3104,50.41,0.2758,0.5,0.4691
S01830,8,1,1,62.61,30.56,18,4,2,0,43.4143,79.44,0.131,0.6538,0.6024
S01831,3,0,1,48.48,53.37,16,0,1,0,28.8835,51.63,0.3271,0.3,0.6304
S01832,8,1,1,56.4,39.37,15,5,1,0,41.0737,65.63,0.2172,0.6923,0.5457
S01833,5,0,1,84.85,51.5,37,2,0,0,59.7353,48.5,0.1777,0.3769,0.4907
S01834,1,1,0,83.41,44.58,37,4,0,0,63.0055,55.42,0.1577,0.3538,0.5127
S01835,4,0,0,60.56,49.34,31,4,0,0,50.3061,50.66,0.1595,0.1538,0.5881
S01836,2,0,1,62.52,32.96,21,0,0,0,37.4656,67.04,0.1323,0.3,0.662
S01837,8,0,1,72.05,45.93,43,3,0,0,60.0977,54.07,0.0,0.4154,0.5021
S01838,3,1,1,91.74,49.56,29,3,0,0,59.6686,50.44,0.2733,0.6154,0.4391
S01839,2,1,1,70.97,52.32,38,1,1,0,52.8534,52.68,0.015,0.5385,0.4911
S01840,5,1,0,80.31,41.84,22,7,0,0,58.6364,58.16,0.1146,0.4692,0.5101
S01841,4,1,1,85.1,61.01,17,1,0,0,46.0478,38.99,0.1811,0.5385,0.4602
S01842,1,1,1,100.0,73.17,49,3,0,0,74.837,26.83,0.3879,0.6154,0.2915
S01843,7,1,1,54.66,29.87,21,5,0,0,43.937,70.13,0.2414,0.6923,0.5537
S01844,7,0,1,61.97,44.77,23,5,0,0,48.0475,55.23,0.1399,0.4923,0.5297
S01845,6,1,0,64.4,31.67,17,1,0,0,37.7678,68.33,0.1062,0.2385,0.6815
S01846,5,0,1,84.41,42.45,20,0,0,0,45.6284,57.55,0.1715,0.3,0.5955
S01847,4,0,1,3.532500000000013,99.22903682038888,15,3,1,0,16.0805,5.771,0.951,0.4154,0.463
S01848,5,0,1,76.68,38.79,25,4,1,0,53.1948,66.21,0.0643,0.4538,0.5652
S01849,5,0,1,73.83,41.095,22,5,0,0,52.1982,58.905,0.0247,0.4923,0.5299
S01850,2,1,1,72.03,43.37,7,2,0,0,36.8107,56.63,0.0003,0.5769,0.5535
S01851,1,1,1,73.61,38.57,37,4,0,0,59.0855,61.43,0.0217,0.6538,0.4755
S01852,3,0,1,87.45,64.85,25,0,0,0,49.8105,35.15,0.2137,0.3,0.4913
S01853,4,1,1,57.44,41.84,27,4,0,0,46.6853,58.16,0.2028,0.6538,0.5058
S01854,2,0,1,69.77,15.01,16,1,0,0,39.3226,84.99,0.0316,0.3385,0.7177
S01855,1,0,0,53.77,32.42,17,0,1,0,31.5927,72.58,0.2537,0.0,0.7797
S01856,7,0,1,75.4,52.13,31,0,0,0,48.5498,47.87,0.0465,0.3,0.5466
S01857,3,0,1,69.07,34.82,28,1,0,0,46.1612,65.18,0.0414,0.3385,0.6145
S01858,5,0,1,88.04,95.39434607905577,26,3,0,0,56.409,4.6057,0.2219,0.4154,0.3171
S01859,5,0,1,71.93,32.94,26,0,0,0,44.1957,67.06,0.0017,0.3,0.6386
S01860,6,0,0,65.34,44.33,25,1,0,0,42.8896,55.67,0.0931,0.0385,0.6629
S01861,6,0,0,68.3,30.5,20,5,0,0,48.7998,69.5,0.052,0.1923,0.6591
S01862,3,1,0,97.85,44.3,23,5,0,0,62.3995,55.7,0.3581,0.3923,0.5063
S01863,7,0,1,48.45,25.08,9,0,0,1,24.719,74.92,0.3276,0.3,0.7382
S01864,3,0,1,62.59,24.93,16,2,0,0,38.3737,75.07,0.1313,0.3769,0.6717
S01865,7,0,0,72.54,37.07,23,3,1,0,48.4293,67.93,0.0068,0.1154,0.6734
S01866,4,0,1,62.45,34.35,32,1,0,0,45.8861,65.65,0.1332,0.3385,0.6174
S01867,1,0,1,79.36,41.095,32,2,0,0,54.5732,58.905,0.1015,0.3769,0.5504
S01868,7,0,1,71.15,33.28,22,0,0,0,41.5108,66.72,0.0125,0.3,0.6466
S01869,1,1,1,75.84,99.09951691616378,38,2,0,0,56.7245,0.9005,0.0526,0.5769,0.2608
S01870,7,1,1,73.77,34.78,22,1,2,0,44.4819,75.22,0.0239,0.5385,0.6106
S01871,1,1,0,70.45,41.08,27,1,0,0,46.12,58.92,0.0222,0.2385,0.6146
S01872,2,1,1,52.64,26.03,8,0,0,0,25.8018,73.97,0.2694,0.5,0.6806
S01873,5,0,1,74.64,57.35,20,2,0,0,45.5666,42.65,0.0359,0.3769,0.5169
S01874,8,0,0,45.55,33.16,21,0,2,0,30.6776,76.84,0.3678,0.0,0.8
S01875,4,0,1,61.92,21.75,12,5,0,1,41.502,78.25,0.1406,0.4923,0.6447
S01876,1,0,1,79.34,27.66,26,2,0,0,51.0059,72.34,0.1012,0.3769,0.6166
S01877,2,0,1,89.85,43.08,33,0,0,0,55.5163,56.92,0.2471,0.3,0.5584
S01878,8,0,1,100.0,53.22,24,0,0,0,54.2373,46.78,0.3879,0.3,0.5223
S01879,6,1,1,65.58,97.49969034527294,6,7,0,0,43.2529,2.5003,0.0898,0.7692,0.2663
S01880,1,0,1,59.02,49.39,25,3,0,0,44.2077,50.61,0.1808,0.4154,0.5439
S01881,4,0,1,79.83,95.85256525671704,59,0,0,0,66.932,4.1474,0.108,0.3,0.3073
S01882,3,1,1,100.0,71.47,36,9,0,0,78.6636,28.53,0.3879,0.8462,0.2272
S01883,2,0,1,94.99,52.09,36,6,0,0,70.8904,47.91,0.3184,0.5308,0.4108
S01884,7,1,1,56.47,19.2,10,1,0,1,30.4433,80.8,0.2162,0.5385,0.682
S01885,5,1,1,69.89,34.7,33,2,0,0,51.3784,65.3,0.03,0.5769,0.5372
S01886,2,1,1,84.76,50.92,24,5,1,0,57.7567,54.08,0.1764,0.6923,0.4411
S01887,6,0,1,85.8,65.56,37,6,1,0,67.8076,39.44,0.1908,0.5308,0.3877
S01888,4,0,0,80.88,51.83,30,2,0,0,53.9948,48.17,0.1226,0.0769,0.5845
S01889,1,1,1,65.27,26.55,25,6,1,0,52.477,78.45,0.0941,0.7308,0.5474
S01890,4,1,0,80.74,41.095,30,7,0,0,63.5541,58.905,0.1206,0.4692,0.4959
S01891,2,1,1,85.94,48.6,32,1,0,0,55.2821,51.4,0.1928,0.5385,0.4775
S01892,2,0,1,58.02,11.56,20,1,1,0,36.9955,93.44,0.1947,0.3385,0.7597
S01893,8,0,1,91.95,55.67,37,2,0,0,62.5753,44.33,0.2762,0.3769,0.4641
S01894,6,0,1,86.88,54.61,22,3,1,0,53.5721,50.39,0.2058,0.4154,0.5102
S01895,2,0,1,60.87,49.15,22,1,1,0,39.3219,55.85,0.1552,0.3385,0.6011
S01896,7,0,1,85.87,62.04,39,2,0,0,61.3297,37.96,0.1918,0.3769,0.443
S01897,5,1,0,84.2,31.74,28,10,0,0,69.5209,68.26,0.1686,0.5846,0.4836
S01898,7,0,0,84.77,37.2,24,2,0,0,51.9914,62.8,0.1765,0.0769,0.65
S01899,6,1,0,95.64,67.18,39,0,0,0,61.3916,32.82,0.3274,0.2,0.4664
S01900,3,1,1,71.84,31.82,29,3,1,0,51.7086,73.18,0.0029,0.6154,0.5579
S01901,5,0,1,76.97,96.74052718543864,14,3,0,0,44.8623,3.2595,0.0683,0.4154,0.3522
S01902,5,0,1,32.42,15.11,14,2,0,1,25.1192,84.89,0.55,0.3769,0.7574
S01903,6,1,1,88.74,49.86,30,5,0,0,62.908,50.14,0.2316,0.6923,0.4073
S01904,2,0,0,87.29,40.73,34,2,0,0,58.9316,59.27,0.2115,0.0769,0.6116
S01905,3,0,1,92.34,95.77247510273416,30,1,0,0,56.6557,4.2275,0.2816,0.3385,0.334
S01906,2,1,1,57.95,29.43,21,4,0,0,43.3299,70.57,0.1957,0.6538,0.5672
S01907,3,1,1,72.05,58.79,13,7,0,0,49.9934,41.21,0.0,0.7692,0.3976
S01908,2,1,0,87.28,40.86,21,5,0,0,56.985,59.14,0.2114,0.3923,0.539
S01909,1,1,1,62.24,60.94,25,3,1,0,45.4957,44.06,0.1362,0.6154,0.4632
S01910,8,0,1,87.84,64.71,49,5,0,0,73.8192,35.29,0.2192,0.4923,0.3597
S01911,1,1,1,78.95,43.62,28,4,0,0,55.8825,56.38,0.0958,0.6538,0.4665
S01912,8,1,1,46.53,95.9588459751456,8,6,1,0,34.8962,9.0412,0.3542,0.7308,0.3313
S01913,1,1,1,80.77,43.94,27,0,0,0,48.3249,56.06,0.121,0.5,0.5301
S01914,7,1,1,60.49,25.31,11,3,0,0,36.4907,74.69,0.1604,0.6154,0.6172
S01915,3,1,1,46.86,30.29,23,5,0,0,42.0035,69.71,0.3496,0.6923,0.5588
S01916,5,1,1,77.5,41.07,25,1,0,0,47.7536,58.93,0.0756,0.5385,0.534
S01917,3,0,1,71.02,59.12,30,1,0,0,48.1277,40.88,0.0143,0.3385,0.5104
S01918,4,1,1,93.06,59.04,29,7,0,0,67.8889,40.96,0.2916,0.7692,0.3339
S01919,4,0,1,74.73,56.34,33,0,0,0,49.4683,43.66,0.0372,0.3,0.5265
S01920,5,1,1,83.68,52.31,14,5,0,0,51.3925,47.69,0.1614,0.6923,0.4378
S01921,4,1,1,79.63,40.1,25,3,0,0,52.4517,59.9,0.1052,0.6154,0.5022
S01922,5,1,1,87.31,38.55,32,3,0,0,59.6763,61.45,0.2118,0.6154,0.4831
S01923,7,0,0,58.7,34.96,15,4,0,0,40.0706,65.04,0.1853,0.1538,0.6815
S01924,4,0,1,74.98,43.18,26,0,1,0,45.4157,61.82,0.0407,0.3,0.6133
S01925,3,0,1,69.89,38.55,22,1,0,0,42.9299,61.45,0.03,0.3385,0.6109
S01926,2,0,0,81.81,73.42,34,3,1,0,58.6627,31.58,0.1355,0.1154,0.4922
S01927,3,0,0,75.84,50.85,29,3,0,0,53.3086,49.15,0.0526,0.1154,0.5812
S01928,2,1,1,62.79,25.84,22,0,1,0,38.1668,79.16,0.1285,0.5,0.6581
S01929,2,0,1,66.93,43.62,28,0,1,0,43.3822,61.38,0.0711,0.3,0.6187
S01930,8,1,1,96.73,53.39,20,5,0,0,60.1718,46.61,0.3425,0.6923,0.4028
S01931,1,0,0,46.58,15.1,7,4,0,0,30.4769,84.9,0.3535,0.1538,0.7945
S01932,4,1,1,82.64,95.01064334583724,15,0,0,0,41.9543,4.9894,0.147,0.5,0.3481
S01933,7,1,1,90.62,41.91,34,3,0,0,62.1867,58.09,0.2577,0.6154,0.4609
S01934,8,1,1,72.05,38.72,29,2,0,0,49.8695,61.28,0.0,0.5769,0.5264
S01935,2,1,1,100.0,58.99,44,1,0,0,68.0248,41.01,0.3879,0.5385,0.3913
S01936,2,1,1,86.08,45.31,30,2,0,0,56.0748,54.69,0.1947,0.5769,0.4783
S01937,3,1,0,77.76,41.79,19,9,1,0,59.6829,63.21,0.0793,0.5462,0.5074
S01938,5,1,1,65.0,29.03,21,4,0,0,46.1499,70.97,0.0978,0.6538,0.5589
S01939,8,0,0,78.04,40.23,10,3,0,0,42.9174,59.77,0.0831,0.1154,0.66
S01940,2,0,1,82.23,47.74,23,2,0,0,50.3822,52.26,0.1413,0.3769,0.5385
S01941,2,1,0,72.05,0.0,4,8,0,0,46.5775,100.0,0.0,0.5077,0.7101
S01942,3,0,1,60.86,97.25314807122255,21,0,0,0,36.8016,2.7469,0.1553,0.3,0.4072
S01943,7,0,1,53.94,33.56,14,6,1,0,41.4195,71.44,0.2514,0.5308,0.6081
S01944,1,1,0,74.78,39.15,22,6,0,0,54.5013,60.85,0.0379,0.4308,0.5449
S01945,4,0,0,49.8,15.13,22,3,1,1,38.7401,89.87,0.3088,0.1154,0.795
S01946,1,1,0,64.93,40.42,15,7,1,0,48.3318,64.58,0.0988,0.4692,0.5719
S01947,2,1,0,35.52,15.39,15,3,1,1,28.8755,89.61,0.507,0.3154,0.7785
S01948,8,1,1,84.5,36.98,15,3,0,0,48.4675,63.02,0.1728,0.6154,0.5286
S01949,1,1,1,72.05,49.22,33,7,0,0,61.8578,50.78,0.0,0.7692,0.3943
S01950,3,1,1,73.18,33.43,22,2,0,0,46.169,66.57,0.0157,0.5769,0.5605
S01951,8,1,0,99.47,46.69,19,4,0,0,58.7515,53.31,0.3806,0.3538,0.5192
S01952,5,1,0,92.21,40.28,40,4,0,0,68.3051,59.72,0.2798,0.3538,0.5114
S01953,1,0,0,79.2,53.89,36,0,0,0,53.0359,46.11,0.0992,0.0,0.5988
S01954,4,1,0,70.3,28.38,17,1,1,1,40.1278,76.62,0.0243,0.2385,0.7064
S01955,8,1,1,66.76,33.19,16,3,1,0,41.9648,71.81,0.0734,0.6154,0.5865
S01956,4,0,1,80.44,38.74,23,3,1,0,51.5893,66.26,0.1164,0.4154,0.5806
S01957,5,0,1,69.88,35.25,15,2,0,1,40.6965,64.75,0.0301,0.3769,0.6223
S01958,5,1,1,80.22,40.3,20,3,1,0,49.7216,64.7,0.1134,0.6154,0.5309
S01959,6,0,1,81.34,42.82,29,1,1,0,51.6625,62.18,0.1289,0.3385,0.5833
S01960,2,1,1,68.56,47.81,38,4,0,0,57.6587,52.19,0.0484,0.6538,0.4435
S01961,7,0,0,88.44,56.67,25,4,0,0,57.8988,43.33,0.2275,0.1538,0.5322
S01962,8,0,1,68.57,44.99,29,6,1,0,56.1699,60.01,0.0483,0.5308,0.5107
S01963,2,1,1,72.32,52.04,25,2,0,0,47.6047,47.96,0.0037,0.5769,0.481
S01964,7,0,0,57.34,37.23,4,1,0,1,27.232,62.77,0.2042,0.0385,0.7461
S01965,7,0,1,67.94,33.16,21,6,2,0,51.1721,76.84,0.057,0.5308,0.5956
S01966,6,1,1,100.0,71.72,31,4,0,0,66.0821,28.28,0.3879,0.6538,0.3184
S01967,3,0,1,58.49,33.91,29,1,0,0,42.5225,66.09,0.1882,0.3385,0.6309
S01968,4,0,1,78.57,37.0,37,1,1,0,55.3002,68.0,0.0905,0.3385,0.5938
S01969,7,1,1,65.18,39.76,23,1,0,0,41.6391,60.24,0.0954,0.5385,0.5606
S01970,2,1,1,38.79,31.15,20,3,3,1,33.1496,83.85,0.4616,0.6154,0.6655
S01971,7,1,1,80.38,63.82,24,3,0,0,52.1585,36.18,0.1156,0.6154,0.4083
S01972,8,0,0,63.66,48.03,28,4,1,0,49.7665,56.97,0.1164,0.1538,0.6152
S01973,6,0,0,76.79,56.05,25,2,0,0,49.3927,43.95,0.0658,0.0769,0.5837
S01974,3,1,1,86.85,65.83,37,1,0,0,58.6122,34.17,0.2054,0.5385,0.3969
S01975,5,1,0,75.52,40.93,33,5,1,0,59.3997,64.07,0.0482,0.3923,0.5503
S01976,1,0,1,76.92,51.09,30,4,1,0,56.2569,53.91,0.0676,0.4538,0.5053
S01977,8,1,1,58.98,23.4,12,1,1,0,32.6337,81.6,0.1814,0.5385,0.6776
S01978,3,0,1,82.6,45.63,23,0,1,0,46.6841,59.37,0.1464,0.3,0.5991
S01979,1,1,0,69.15,41.85,27,5,1,0,53.2923,63.15,0.0402,0.3923,0.568
S01980,7,1,0,42.02,29.72,22,2,0,1,33.705,70.28,0.4168,0.2769,0.6939
S01981,6,1,0,84.41,64.13,28,3,0,0,56.1434,35.87,0.1715,0.3154,0.4681
S01982,5,1,1,88.99,62.06,26,3,1,0,56.789,42.94,0.2351,0.6154,0.4191
S01983,1,0,1,94.22,41.095,32,3,0,0,62.4403,58.905,0.3077,0.4154,0.5132
S01984,7,1,1,100.0,51.45,30,3,0,0,63.5658,48.55,0.3879,0.6154,0.4179
S01985,6,0,1,83.6,57.63,24,2,0,0,51.5234,42.37,0.1603,0.3769,0.4949
S01986,7,1,1,79.71,54.79,41,0,2,0,56.206,55.21,0.1063,0.5,0.4991
S01987,7,1,1,88.37,61.14,25,3,0,0,55.9477,38.86,0.2265,0.6154,0.4058
S01988,2,0,1,58.7,97.1373182186131,22,2,0,0,40.377,2.8627,0.1853,0.3769,0.3759
S01989,2,0,1,46.92,26.64,15,0,0,1,27.6663,73.36,0.3488,0.3,0.7216
S01990,8,0,1,64.84,43.84,10,7,1,0,45.3297,61.16,0.1001,0.5692,0.5437
S01991,5,0,1,91.16,33.87,19,6,0,0,59.2736,66.13,0.2652,0.5308,0.5244
S01992,4,0,1,62.08,19.09,18,5,1,0,45.1254,85.91,0.1384,0.4923,0.6626
S01993,3,1,1,72.05,21.77,9,3,0,0,39.9282,78.23,0.0,0.6154,0.6193
S01994,6,0,1,80.6,53.54,40,0,1,0,55.9688,51.46,0.1187,0.3,0.5349
S01995,7,1,1,75.66,33.98,21,2,1,0,46.5678,71.02,0.0501,0.5769,0.5769
S01996,1,1,1,3.532500000000013,97.28569322229826,12,1,2,0,10.4547,12.7143,0.951,0.5385,0.4796
S01997,5,1,0,77.14,57.58,34,4,1,0,58.7178,47.42,0.0706,0.3538,0.4957
S01998,8,0,1,65.68,29.31,19,3,0,0,43.3124,70.69,0.0884,0.4154,0.6273
S01999,3,1,1,97.54,62.82,37,2,0,0,64.8113,37.18,0.3538,0.5769,0.3777
S02000,3,1,1,89.05,48.51,24,8,0,0,65.2419,51.49,0.2359,0.8077,0.3757
S02001,8,1,1,72.05,16.87,21,4,0,0,48.9699,83.13,0.0,0.6538,0.5977
S02002,1,1,1,98.49,49.77,40,4,0,0,70.8171,50.23,0.367,0.6538,0.3896
S02003,4,1,1,77.16,44.59,17,3,1,0,46.718,60.41,0.0709,0.6154,0.5243
S02004,4,0,0,72.05,33.83,18,4,1,1,47.1903,71.17,0.0,0.1538,0.6811
S02005,7,1,1,70.83,15.82,3,0,0,0,30.1117,84.18,0.0169,0.5,0.7063
S02006,2,0,1,96.53,57.79,22,2,0,0,55.509,42.21,0.3398,0.3769,0.4803
S02007,4,1,0,59.7,9.37,14,1,1,0,34.1082,95.63,0.1714,0.2385,0.8035
S02008,2,0,1,70.98,38.65,21,1,0,0,42.7727,61.35,0.0149,0.3385,0.6111
S02009,7,0,1,51.6,33.64,14,1,1,0,30.8682,71.36,0.2838,0.3385,0.6928
S02010,6,0,1,53.98,9.86,8,2,0,0,30.1839,90.14,0.2508,0.3769,0.7607
S02011,4,0,1,59.49,18.68,10,5,1,0,39.3436,86.32,0.1743,0.4923,0.6845
S02012,4,1,1,53.59,17.97,20,1,0,0,35.2235,82.03,0.2562,0.5385,0.6702
S02013,2,0,0,62.73,38.88,24,2,0,0,43.1754,61.12,0.1294,0.0769,0.6741
S02014,8,1,1,98.07,59.43,25,2,0,0,57.9047,40.57,0.3611,0.5769,0.4154
S02015,6,0,0,71.46,58.66,27,3,1,0,50.3702,46.34,0.0082,0.1154,0.5802
S02016,3,1,1,83.78,33.86,31,4,0,0,59.5941,66.14,0.1628,0.6538,0.4925
S02017,4,0,1,88.37,47.44,25,0,0,0,50.1785,52.56,0.2265,0.3,0.5596
S02018,6,0,1,55.37,35.15,6,4,0,0,33.3996,64.85,0.2315,0.4538,0.6291
S02019,6,0,1,59.53,35.74,18,3,1,1,40.2592,69.26,0.1738,0.4154,0.6323
S02020,4,1,1,83.49,34.11,29,2,0,0,54.4455,65.89,0.1588,0.5769,0.5288
S02021,3,1,1,62.49,99.17142418249304,19,0,0,0,36.2672,0.8286,0.1327,0.5,0.3514
S02022,6,1,1,82.49,53.59,21,0,0,0,45.4536,46.41,0.1449,0.5,0.5016
S02023,6,0,1,97.16,56.54,35,2,0,0,63.4729,43.46,0.3485,0.3769,0.4575
S02024,5,0,0,50.17,39.36,25,5,2,0,44.5139,70.64,0.3037,0.1923,0.6787
S02025,1,0,1,66.65,43.09,14,2,2,0,38.8112,66.91,0.0749,0.3769,0.6376
S02026,4,0,1,69.03,23.06,19,2,0,0,42.7293,76.94,0.0419,0.3769,0.664
S02027,5,1,0,64.1,38.41,42,0,0,0,50.5553,61.59,0.1103,0.2,0.6194
S02028,8,0,1,62.88,28.57,21,6,1,0,49.1481,76.43,0.1273,0.5308,0.601
S02029,5,1,1,64.62,29.77,10,5,1,0,41.3956,75.23,0.1031,0.6923,0.583
S02030,3,1,0,71.77,37.44,19,8,1,0,55.3638,67.56,0.0039,0.5077,0.5495
S02031,5,0,1,74.47,41.095,17,7,0,0,53.3343,58.905,0.0336,0.5692,0.5066
S02032,2,0,1,86.3,42.3,31,0,1,0,52.9098,62.7,0.1978,0.3,0.5906
S02033,1,0,1,71.62,95.21838422127196,57,2,0,0,66.3077,4.7816,0.006,0.3769,0.2928
S02034,6,0,1,88.77,61.19,23,4,0,0,56.8444,38.81,0.2321,0.4538,0.4428
S02035,8,0,1,63.12,51.2,22,3,1,0,44.0681,53.8,0.1239,0.4154,0.5571
S02036,7,1,1,53.98,47.15,17,9,0,0,48.9844,52.85,0.2508,0.8462,0.4284
S02037,5,0,0,67.43,95.57016358413652,17,4,1,0,44.7491,9.4298,0.0641,0.1538,0.4426
S02038,1,1,1,78.94,24.2,15,3,2,0,46.2435,85.8,0.0956,0.6154,0.6275
S02039,8,1,1,84.91,31.09,20,1,1,0,47.7515,73.91,0.1785,0.5385,0.5939
S02040,4,1,1,93.9,49.49,20,5,0,0,59.0398,50.51,0.3033,0.6923,0.4223
S02041,3,1,1,76.35,37.67,22,11,0,0,64.7447,62.33,0.0597,0.9231,0.3919
S02042,8,0,0,83.3,35.51,19,3,0,1,50.3604,64.49,0.1561,0.1154,0.6528
S02043,6,0,1,92.53,63.11,36,2,0,0,62.2141,36.89,0.2842,0.3769,0.4356
S02044,6,0,1,60.31,29.78,14,0,2,0,32.4291,80.22,0.1629,0.3,0.7324
S02045,3,1,1,68.85,28.34,28,8,0,0,59.5348,71.66,0.0444,0.8077,0.4763
S02046,8,1,0,100.0,46.13,36,9,0,0,78.6636,53.87,0.3879,0.5462,0.4036
S02047,4,0,1,84.85,59.93,32,4,1,0,60.6154,45.07,0.1777,0.4538,0.4547
S02048,5,0,0,79.66,98.71277666633912,32,5,0,0,60.4624,1.2872,0.1056,0.1923,0.3455
S02049,7,0,1,85.41,42.41,22,0,0,0,47.2148,57.59,0.1854,0.3,0.5901
S02050,6,0,1,51.96,99.53332700370564,8,2,0,1,29.3759,0.4667,0.2788,0.3769,0.4048
S02051,2,1,1,62.3,45.49,26,5,0,0,49.9591,54.51,0.1353,0.6923,0.4701
S02052,3,0,1,56.82,47.4,20,0,2,0,34.5924,62.6,0.2114,0.3,0.6543
S02053,3,0,1,78.28,56.11,33,4,0,0,58.5806,43.89,0.0865,0.4538,0.4571
S02054,8,0,1,66.47,43.12,21,3,1,0,44.8149,61.88,0.0774,0.4154,0.5868
S02055,6,0,1,73.43,47.88,32,0,1,0,48.3551,57.12,0.0192,0.3,0.5842
S02056,3,0,1,67.33,34.6,10,0,0,0,32.8642,65.4,0.0655,0.3,0.6716
S02057,6,1,0,47.6,32.88,6,2,0,0,26.4455,67.12,0.3393,0.2769,0.7067
S02058,6,0,0,85.27,36.93,23,4,0,0,55.4444,63.07,0.1835,0.1538,0.6198
S02059,4,1,1,45.57,21.55,12,1,2,1,27.2697,88.45,0.3675,0.5385,0.7237
S02060,4,0,1,61.09,23.16,19,4,2,0,43.3995,86.84,0.1521,0.4538,0.682
S02061,8,0,0,52.27,27.6,9,2,0,0,30.0931,72.4,0.2745,0.0769,0.765
S02062,5,0,1,58.8,35.36,10,2,1,0,33.2984,69.64,0.1839,0.3769,0.6678
S02063,2,0,0,75.03,43.84,18,3,1,0,46.4592,61.16,0.0414,0.1154,0.6532
S02064,6,0,1,90.53,33.67,15,0,0,0,45.1103,66.33,0.2565,0.3,0.6324
S02065,5,0,0,48.59,95.61901530834446,58,4,2,1,61.5351,14.381,0.3256,0.1538,0.4037
S02066,5,1,1,63.64,99.45387636721034,19,6,0,0,48.2656,0.5461,0.1167,0.7308,0.2506
S02067,6,1,1,45.76,24.16,17,7,1,0,41.8503,80.84,0.3649,0.7692,0.5846
S02068,8,1,1,62.92,44.91,20,0,0,0,37.0324,55.09,0.1267,0.5,0.5657
S02069,3,0,1,73.08,48.37,37,0,0,0,51.1812,51.63,0.0143,0.3,0.5524
S02070,4,1,1,83.51,47.63,33,1,2,0,54.9033,62.37,0.1591,0.5385,0.5227
S02071,2,1,0,40.22,49.75,17,8,0,0,41.5574,50.25,0.4418,0.5077,0.5286
S02072,6,0,1,80.26,49.33,28,2,0,0,52.5603,50.67,0.1139,0.3769,0.5245
S02073,4,0,1,57.41,98.78078418267268,21,2,0,0,39.2678,1.2192,0.2032,0.3769,0.3732
S02074,3,0,1,53.76,26.01,14,2,0,0,33.6552,73.99,0.2539,0.3769,0.6839
S02075,6,1,1,73.01,37.4,24,3,0,0,49.2105,62.6,0.0133,0.6154,0.5243
S02076,4,0,1,81.41,53.71,41,3,1,0,62.6553,51.29,0.1299,0.4154,0.482
S02077,4,0,1,70.49,30.97,21,3,0,0,46.4229,69.03,0.0217,0.4154,0.6098
S02078,4,1,0,55.6,41.095,6,3,2,0,31.5686,68.905,0.2283,0.3154,0.6863
S02079,3,0,0,70.49,37.68,27,1,0,1,46.136,62.32,0.0217,0.0385,0.6782
S02080,2,1,1,61.12,44.44,26,2,1,1,43.7179,60.56,0.1517,0.5769,0.545
S02081,7,1,0,81.06,41.095,27,3,0,0,54.2102,58.905,0.1251,0.3154,0.567
S02082,1,1,1,88.13,24.06,13,2,0,0,46.81,75.94,0.2232,0.5769,0.5957
S02083,3,1,1,87.17,56.8,38,5,0,0,67.0258,43.2,0.2099,0.6923,0.3651
S02084,6,0,0,71.7,38.98,24,0,0,0,42.9173,61.02,0.0049,0.0,0.6939
S02085,2,1,0,88.84,74.07,26,3,0,0,56.729,25.93,0.233,0.3154,0.4263
S02086,6,1,1,56.69,33.2,26,1,1,0,40.0228,71.8,0.2132,0.5385,0.6125
S02087,6,1,1,98.74,36.14,16,3,0,0,54.7568,63.86,0.3704,0.6154,0.5099
S02088,6,0,1,56.6,39.36,18,5,1,0,42.9334,65.64,0.2144,0.4923,0.5892
S02089,3,0,1,41.55,27.51,7,1,2,1,22.6956,82.49,0.4233,0.3385,0.7659
S02090,1,0,1,92.48,55.76,42,3,0,0,67.6765,44.24,0.2836,0.4154,0.4362
S02091,8,0,1,61.35,97.22749015711253,57,5,0,0,67.9689,2.7725,0.1485,0.4923,0.2501
S02092,3,1,0,73.75,48.82,16,8,0,0,54.3761,51.18,0.0236,0.5077,0.4875
S02093,7,1,1,56.54,48.56,26,0,0,0,38.0397,51.44,0.2153,0.5,0.5476
S02094,2,1,1,100.0,52.05,13,3,0,0,53.4811,47.95,0.3879,0.6154,0.4508
S02095,2,1,0,99.33,51.28,36,6,0,0,72.6264,48.72,0.3786,0.4308,0.433
S02096,7,0,1,95.2,35.74,21,7,1,0,63.9992,69.26,0.3213,0.5692,0.5107
S02097,8,0,1,73.33,32.29,19,2,0,0,44.4493,67.71,0.0178,0.3769,0.621
S02098,7,0,1,86.71,57.44,26,2,0,0,53.9539,42.56,0.2035,0.3769,0.4872
S02099,7,0,0,71.2,48.55,22,1,0,0,43.4539,51.45,0.0118,0.0385,0.6441
S02100,2,0,0,88.83,40.31,46,1,0,0,64.7432,59.69,0.2329,0.0385,0.6025
S02101,8,0,1,65.84,9.72,6,5,0,1,39.5107,90.28,0.0862,0.4923,0.6998
S02102,6,0,1,95.77,99.36012834061472,35,3,0,0,64.8399,0.6399,0.3292,0.4154,0.2718
S02103,2,1,0,65.09,49.68,38,4,0,0,56.2707,50.32,0.0966,0.3538,0.5159
S02104,2,0,0,66.79,31.17,22,1,2,0,41.6899,78.83,0.073,0.0385,0.7598
S02105,7,0,1,65.0,29.87,15,3,0,0,40.6675,70.13,0.0978,0.4154,0.6343
S02106,3,0,1,74.89,41.94,25,5,0,0,54.4019,58.06,0.0394,0.4923,0.5188
S02107,7,1,0,66.18,35.67,27,8,0,0,57.8736,64.33,0.0815,0.5077,0.5278
S02108,2,1,1,79.31,41.22,30,4,1,0,57.2129,63.78,0.1008,0.6538,0.4914
S02109,3,0,1,64.79,48.69,17,2,0,0,39.8469,51.31,0.1008,0.3769,0.5716
S02110,3,0,1,83.86,51.69,22,3,1,0,52.3641,53.31,0.1639,0.4154,0.5261
S02111,3,1,1,94.78,67.82,41,4,0,0,69.9263,32.18,0.3155,0.6538,0.3205
S02112,6,1,1,73.16,53.25,17,1,0,0,41.2718,46.75,0.0154,0.5385,0.5079
S02113,8,1,1,100.0,59.62,17,4,0,0,57.7771,40.38,0.3879,0.6538,0.3959
S02114,8,0,0,88.91,34.05,17,0,0,1,45.6487,65.95,0.234,0.0,0.704
S02115,6,1,1,100.0,59.87,28,7,0,0,70.0717,40.13,0.3879,0.7692,0.323
S02116,2,1,0,71.08,27.14,34,3,1,0,54.3707,77.86,0.0135,0.3154,0.6423
S02117,8,0,1,3.532500000000013,95.5798903952006,4,1,0,0,5.709,4.4201,0.951,0.3385,0.5131
S02118,5,1,1,61.41,49.83,31,2,0,0,46.8,50.17,0.1477,0.5769,0.4927
S02119,5,0,0,62.94,33.97,30,2,1,0,46.8188,71.03,0.1264,0.0769,0.701
S02120,6,1,0,57.7,37.05,19,0,0,0,34.3512,62.95,0.1992,0.2,0.6816
S02121,7,0,1,39.06,31.99,0,2,1,0,19.4702,73.01,0.4579,0.3769,0.7297
S02122,8,0,1,87.37,43.3,18,4,0,0,53.3183,56.7,0.2126,0.4538,0.5267
S02123,5,1,1,44.1,18.48,7,5,1,1,31.4079,86.52,0.3879,0.6923,0.6631
S02124,5,1,0,85.93,52.06,41,7,0,0,72.1556,47.94,0.1926,0.4692,0.4219
S02125,6,0,1,100.0,96.7018009813086,28,0,0,0,56.6102,3.2982,0.3879,0.3,0.3401
S02126,3,1,0,60.33,95.3841147556498,12,5,0,0,40.866,4.6159,0.1627,0.3923,0.3774
S02127,3,0,1,77.81,42.95,26,2,1,0,50.3939,62.05,0.0799,0.3769,0.5776
S02128,6,0,1,66.02,34.45,9,0,0,0,31.747,65.55,0.0837,0.3,0.6761
S02129,1,1,1,84.41,44.62,27,7,1,0,63.2425,60.38,0.1715,0.7692,0.4279
S02130,3,0,1,54.08,23.93,10,3,0,0,33.3334,76.07,0.2494,0.4154,0.6838
S02131,6,0,0,70.02,50.27,43,3,1,0,59.2857,54.73,0.0282,0.1154,0.5826
S02132,8,1,1,88.82,34.68,21,5,0,0,57.601,65.32,0.2328,0.6923,0.4866
S02133,5,0,0,71.27,45.51,38,5,0,0,60.6658,54.49,0.0108,0.1923,0.5576
S02134,4,0,1,47.57,28.23,5,1,0,1,23.9172,71.77,0.3398,0.3385,0.7187
S02135,4,0,1,90.62,40.07,31,0,0,0,54.6378,59.93,0.2577,0.3,0.5735
S02136,6,1,0,52.56,35.54,19,3,3,0,38.0644,79.46,0.2705,0.3154,0.7058
S02137,5,0,1,73.18,48.35,24,0,1,0,43.5093,56.65,0.0157,0.3,0.5993
S02138,1,0,1,80.74,63.39,26,2,0,0,51.5659,36.61,0.1206,0.3769,0.4717
S02139,5,1,1,73.8,47.87,30,4,0,0,55.0089,52.13,0.0243,0.6538,0.4525
S02140,4,0,1,72.05,50.59,36,2,1,0,54.0221,54.41,0.0,0.3769,0.5343
S02141,6,0,0,83.01,45.18,25,1,0,0,49.9576,54.82,0.1521,0.0385,0.6348
S02142,8,1,1,68.96,30.38,16,2,0,0,40.9217,69.62,0.0429,0.5769,0.591
S02143,8,1,1,81.04,42.54,24,3,0,0,52.4225,57.46,0.1248,0.6154,0.4925
S02144,5,0,1,75.15,28.01,22,2,0,0,46.957,71.99,0.043,0.3769,0.6294
S02145,3,1,1,72.67,38.88,21,4,0,0,49.2179,61.12,0.0086,0.6538,0.5088
S02146,4,1,0,75.66,55.0,24,6,0,0,56.0397,45.0,0.0501,0.4308,0.4762
S02147,2,0,0,65.49,43.93,9,6,0,0,43.0734,56.07,0.091,0.2308,0.6158
S02148,8,1,1,75.19,44.33,15,1,1,0,40.8974,60.67,0.0436,0.5385,0.5649
S02149,7,1,1,64.42,30.91,26,4,0,0,48.884,69.09,0.1059,0.6538,0.5418
S02150,7,1,1,43.56,22.69,0,1,0,1,19.3471,77.31,0.3954,0.5385,0.7069
S02151,3,1,0,89.1,97.49491118123456,38,5,0,0,67.7978,2.5051,0.2366,0.3923,0.2747
S02152,3,1,1,63.52,29.98,15,2,0,0,38.1525,70.02,0.1184,0.5769,0.6023
S02153,7,1,1,74.12,60.12,37,5,1,0,61.2125,44.88,0.0287,0.6923,0.3922
S02154,5,1,1,60.59,35.15,28,2,0,0,44.6923,64.85,0.1591,0.5769,0.5588
S02155,6,1,0,61.05,28.95,16,5,0,0,43.5269,71.05,0.1527,0.3923,0.6338
S02156,4,1,1,56.42,34.88,15,6,0,0,43.0048,65.12,0.2169,0.7308,0.5273
S02157,4,1,1,86.22,41.04,40,1,0,0,60.1399,58.96,0.1967,0.5385,0.4907
S02158,6,1,0,89.85,53.76,39,6,0,0,70.6141,46.24,0.2471,0.4308,0.4301
S02159,7,0,0,72.39,56.81,30,0,0,0,46.7526,43.19,0.0047,0.0,0.6091
S02160,3,0,1,63.95,55.06,29,1,0,0,44.7065,44.94,0.1124,0.3385,0.5387
S02161,7,1,0,46.6,12.43,5,4,0,0,29.2984,87.57,0.3532,0.3538,0.7593
S02162,2,0,1,83.93,37.89,28,4,1,0,57.8745,67.11,0.1649,0.4538,0.5524
S02163,4,1,1,61.85,25.53,13,4,0,0,40.1442,74.47,0.1416,0.6538,0.5939
S02164,8,1,1,55.24,0.0,7,3,0,0,32.0178,100.0,0.2333,0.6154,0.7341
S02165,8,1,1,72.44,58.19,24,0,0,0,43.2133,41.81,0.0054,0.5,0.491
S02166,8,0,1,66.99,42.51,17,3,0,0,42.65,57.49,0.0702,0.4154,0.5768
S02167,3,1,1,49.23,41.095,13,5,0,1,37.0192,58.905,0.3167,0.6923,0.533
S02168,7,0,1,51.29,12.44,11,0,0,0,27.0414,87.56,0.2881,0.3,0.7806
S02169,8,0,1,77.05,38.04,14,4,0,0,46.8174,61.96,0.0694,0.4538,0.5705
S02170,8,0,1,62.16,44.6,32,0,0,0,43.8471,55.4,0.1373,0.3,0.5931
S02171,1,0,1,79.65,65.58,26,2,0,0,51.1299,34.42,0.1055,0.3769,0.4645
S02172,6,0,1,74.2,30.9,12,0,1,0,36.7986,74.1,0.0298,0.3,0.6926
S02173,8,1,1,87.71,52.46,30,6,0,0,64.4191,47.54,0.2173,0.7308,0.382
S02174,7,1,1,59.52,34.18,30,3,0,0,47.3738,65.82,0.1739,0.6154,0.5436
S02175,2,0,1,75.49,44.07,31,1,0,0,50.5089,55.93,0.0477,0.3385,0.5623
S02176,7,0,1,81.57,62.57,22,0,0,0,45.6788,37.43,0.1321,0.3,0.5148
S02177,1,0,1,62.61,60.07,15,0,1,1,33.9423,44.93,0.131,0.3,0.5859
S02178,4,1,1,88.91,98.11770018484636,22,6,0,0,60.1533,1.8823,0.234,0.7308,0.2143
S02179,6,1,0,47.01,9.2,7,5,0,1,32.5719,90.8,0.3475,0.3923,0.7511
S02180,4,0,1,59.51,39.75,13,3,1,0,37.2851,65.25,0.174,0.4154,0.6267
S02181,6,0,1,46.44,19.56,1,1,1,1,21.0923,85.44,0.3554,0.3385,0.7833
S02182,2,0,1,60.96,34.75,15,2,0,0,37.1285,65.25,0.1539,0.3769,0.6368
S02183,5,1,0,69.68,38.56,22,4,1,0,48.6152,66.44,0.0329,0.3538,0.6072
S02184,6,0,1,84.47,40.24,24,0,1,0,48.0253,64.76,0.1724,0.3,0.616
S02185,6,0,1,69.67,44.71,23,0,0,0,41.5121,55.29,0.033,0.3,0.6009
S02186,3,0,1,63.07,35.72,32,2,0,0,48.0572,64.28,0.1246,0.3769,0.5947
S02187,3,0,1,48.76,31.42,29,0,0,0,36.7074,68.58,0.3232,0.3,0.6708
S02188,3,0,0,53.79,29.53,15,1,1,1,32.3374,75.47,0.2534,0.0385,0.7791
S02189,4,0,1,76.65,49.3,31,1,1,0,50.9729,55.7,0.0638,0.3385,0.5598
S02190,5,1,1,85.22,32.52,26,2,0,0,53.3579,67.48,0.1828,0.5769,0.5389
S02191,3,0,1,65.71,38.12,16,5,1,0,45.3909,66.88,0.088,0.4923,0.5856
S02192,4,0,1,90.17,41.61,20,1,0,0,49.8555,58.39,0.2515,0.3385,0.5744
S02193,3,1,1,57.75,37.57,18,1,1,0,35.701,67.43,0.1985,0.5385,0.6101
S02194,2,0,1,66.14,63.16,29,1,2,0,45.5825,46.84,0.082,0.3385,0.5432
S02195,6,1,1,67.41,24.06,11,3,0,0,39.2587,75.94,0.0644,0.6154,0.6125
S02196,7,1,0,94.94,51.42,28,2,0,0,58.4323,48.58,0.3177,0.2769,0.5206
S02197,3,0,1,74.0,36.01,20,3,0,0,47.2336,63.99,0.0271,0.4154,0.5868
S02198,7,1,1,45.02,20.23,15,1,1,0,28.8294,84.77,0.3752,0.5385,0.7036
S02199,5,1,1,86.27,37.96,30,4,0,0,59.9969,62.04,0.1974,0.6538,0.4747
S02200,2,1,0,99.69,59.84,37,3,0,0,67.5944,40.16,0.3836,0.3154,0.4452
S02201,3,0,0,68.25,36.19,36,3,0,0,54.4252,63.81,0.0527,0.1154,0.6359
S02202,1,0,1,58.54,98.27148665819912,11,3,0,0,35.7107,1.7285,0.1875,0.4154,0.3781
S02203,1,0,1,84.96,47.25,20,0,0,0,45.8484,52.75,0.1792,0.3,0.5755
S02204,3,1,1,100.0,44.5,34,5,0,0,69.7849,55.5,0.3879,0.6923,0.4047
S02205,4,1,1,84.73,57.14,39,3,1,0,62.7968,47.86,0.176,0.6154,0.4178
S02206,7,0,0,47.65,21.16,2,0,0,1,20.2464,78.84,0.3387,0.0,0.8445
S02207,2,0,0,83.32,36.64,29,8,1,0,65.916,68.36,0.1564,0.3077,0.5658
S02208,7,0,1,78.06,42.41,23,3,0,0,50.6373,57.59,0.0834,0.4154,0.5493
S02209,2,0,0,57.68,37.3,24,4,0,0,45.0016,62.7,0.1994,0.1538,0.6548
S02210,2,1,1,91.33,75.12,34,2,0,0,60.5476,24.88,0.2676,0.5769,0.3434
S02211,6,0,1,78.58,33.03,25,2,0,0,50.1087,66.97,0.0906,0.3769,0.5983
S02212,7,1,0,91.72,56.88,22,6,0,0,61.2773,43.12,0.273,0.4308,0.4503
S02213,5,1,1,56.08,16.3,11,3,0,0,34.7267,83.7,0.2217,0.6154,0.6594
S02214,1,1,0,77.98,43.32,31,5,0,1,59.1972,56.68,0.0823,0.3923,0.5215
S02215,1,1,1,58.57,27.98,29,9,0,0,57.9391,72.02,0.1871,0.8462,0.4737
S02216,4,0,1,75.72,96.83492015973005,25,3,0,0,50.8877,3.1651,0.0509,0.4154,0.3307
S02217,4,1,1,94.16,64.08,27,1,0,0,55.604,35.92,0.3069,0.5385,0.4144
S02218,8,1,0,50.6,38.49,14,3,1,0,34.3143,66.51,0.2977,0.3154,0.6671
S02219,3,0,1,51.46,24.88,21,7,1,0,46.5032,80.12,0.2858,0.5692,0.6154
S02220,2,0,1,86.33,39.72,27,4,0,0,58.2413,60.28,0.1982,0.4538,0.5238
S02221,8,0,1,71.79,35.45,13,0,2,0,36.4279,74.55,0.0036,0.3,0.6957
S02222,2,0,1,89.57,72.54,36,4,0,0,64.8762,27.46,0.2432,0.4538,0.3693
S02223,1,0,1,59.89,39.09,10,2,0,0,33.7344,60.91,0.1688,0.3769,0.6313
S02224,4,0,1,72.77,66.76,26,0,1,0,44.5317,38.24,0.01,0.3,0.5221
S02225,4,1,1,82.32,35.33,22,5,0,0,55.5942,64.67,0.1425,0.6923,0.491
S02226,5,0,1,75.15,41.095,24,3,1,0,50.0665,63.905,0.043,0.4154,0.5765
S02227,8,0,1,45.17,31.32,22,0,2,1,31.1188,78.68,0.3731,0.3,0.7308
S02228,8,0,1,100.0,47.94,17,0,0,0,50.0847,52.06,0.3879,0.3,0.5579
S02229,3,0,0,75.18,42.52,22,1,0,1,45.0459,57.48,0.0434,0.0385,0.6626
S02230,8,1,0,51.89,13.58,6,5,2,0,33.9307,96.42,0.2798,0.3923,0.7688
S02231,6,0,1,76.71,96.51492791508032,25,5,1,0,55.1299,8.4851,0.0647,0.4923,0.3179
S02232,1,0,0,78.44,64.99,21,1,0,0,45.7567,35.01,0.0887,0.0385,0.5703
S02233,8,0,0,86.91,37.37,16,3,0,0,50.0248,62.63,0.2062,0.1154,0.6466
S02234,2,0,1,85.91,55.0,19,0,0,0,45.6352,45.0,0.1924,0.3,0.5453
S02235,5,1,1,68.79,17.92,14,7,0,0,49.2826,82.08,0.0452,0.7692,0.5635
S02236,7,1,1,46.17,29.54,21,0,2,0,30.9256,80.46,0.3592,0.5,0.6886
S02237,2,0,1,78.92,37.17,32,7,0,0,64.0126,62.83,0.0954,0.5692,0.485
S02238,3,1,1,47.36,32.33,31,5,0,0,46.9492,67.67,0.3427,0.6923,0.5333
S02239,4,0,1,90.23,57.9,25,6,1,0,62.461,47.1,0.2523,0.5308,0.4371
S02240,8,1,1,61.01,28.52,14,2,0,0,36.5552,71.48,0.1532,0.5769,0.6138
S02241,2,1,1,81.52,65.33,22,6,1,0,57.1973,39.67,0.1314,0.7308,0.3758
S02242,6,0,1,62.16,36.2,16,1,0,0,36.2786,63.8,0.1373,0.3385,0.6436
S02243,4,1,1,64.62,35.37,15,8,1,0,50.1309,69.63,0.1031,0.8077,0.5011
S02244,1,1,1,59.99,29.94,19,4,0,0,42.9595,70.06,0.1674,0.6538,0.5664
S02245,6,0,0,82.74,40.38,32,1,0,0,54.0021,59.62,0.1484,0.0385,0.6398
S02246,7,1,1,62.68,18.86,2,0,0,0,26.2584,81.14,0.13,0.5,0.7077
S02247,5,1,1,83.53,49.3,22,2,1,0,50.309,55.7,0.1593,0.5769,0.5025
S02248,2,0,1,63.07,21.68,22,1,1,0,40.2019,83.32,0.1246,0.3385,0.7079
S02249,2,1,1,68.53,34.72,20,3,0,0,45.0456,65.28,0.0489,0.6154,0.5496
S02250,4,1,0,72.53,38.7,26,3,2,0,50.205,71.3,0.0067,0.3154,0.6306
S02251,5,0,1,3.532500000000013,97.307677661474,32,1,0,0,22.3191,2.6923,0.951,0.3385,0.448
S02252,5,0,0,58.14,31.88,14,4,1,0,39.2534,73.12,0.1931,0.1538,0.7166
S02253,2,1,0,82.56,49.29,27,4,0,0,56.7333,50.71,0.1459,0.3538,0.5158
S02254,5,1,1,67.93,22.1,22,6,1,0,51.7613,82.9,0.0572,0.7308,0.5677
S02255,3,0,1,80.16,32.6,18,2,1,0,46.5881,72.4,0.1126,0.3769,0.6323
S02256,6,0,1,71.76,30.36,24,2,0,0,46.7874,69.64,0.004,0.3769,0.6206
S02257,7,0,1,80.8,38.72,15,3,0,1,46.9875,61.28,0.1214,0.4154,0.5768
S02258,6,1,1,65.83,41.095,30,2,1,0,47.9748,63.905,0.0863,0.5769,0.5435
S02259,1,1,1,60.16,42.58,22,2,0,0,40.961,57.42,0.165,0.5769,0.5421
S02260,8,0,1,78.4,44.44,17,1,1,0,43.3678,60.56,0.0881,0.3385,0.6058
S02261,1,1,1,64.59,17.65,8,5,1,0,40.1971,87.35,0.1035,0.6923,0.6356
S02262,8,1,1,93.88,47.67,25,4,0,0,60.0748,52.33,0.303,0.6538,0.4356
S02263,1,0,1,73.01,48.77,16,5,0,0,48.3109,51.23,0.0133,0.4923,0.5128
S02264,5,0,1,72.05,41.095,5,3,0,0,37.5553,58.905,0.0,0.4154,0.6003
S02265,1,1,1,63.22,41.095,8,4,0,0,37.7261,58.905,0.1226,0.6538,0.5401
S02266,1,0,1,57.01,42.33,15,1,1,0,33.6254,62.67,0.2087,0.3385,0.6484
S02267,6,0,1,88.09,62.34,34,4,0,0,63.0978,37.66,0.2226,0.4538,0.4163
S02268,6,1,1,83.6,56.14,21,5,0,0,55.513,43.86,0.1603,0.6923,0.4081
S02269,1,1,1,71.08,31.61,26,6,2,0,55.3942,78.39,0.0135,0.7308,0.537
S02270,8,0,1,76.35,72.22,21,9,0,0,60.3053,27.78,0.0597,0.6462,0.3385
S02271,3,1,1,70.68,45.3,27,3,1,0,50.0582,59.7,0.019,0.6154,0.5097
S02272,3,1,1,84.91,43.74,21,2,0,0,50.2678,56.26,0.1785,0.5769,0.5049
S02273,3,0,1,79.8,48.45,27,1,1,0,49.86,56.55,0.1076,0.3385,0.5671
S02274,4,0,1,82.5,41.095,27,3,0,0,54.7862,58.905,0.145,0.4154,0.54
S02275,2,1,1,69.12,59.24,32,0,1,0,46.6311,45.76,0.0407,0.5,0.4948
S02276,4,1,1,72.05,28.04,23,5,1,0,52.0795,76.96,0.0,0.6923,0.5525
S02277,2,0,0,81.98,43.47,28,3,0,0,55.1714,56.53,0.1378,0.1154,0.6042
S02278,1,1,1,95.27,39.82,19,0,0,0,49.3792,60.18,0.3223,0.5,0.5429
S02279,3,1,1,88.59,30.98,24,4,1,0,57.3656,74.02,0.2296,0.6538,0.5319
S02280,6,1,1,95.72,53.33,25,1,0,0,55.0416,46.67,0.3285,0.5385,0.4594
S02281,7,1,1,74.43,47.69,17,3,0,0,45.626,52.31,0.033,0.6154,0.4957
S02282,3,0,0,72.05,23.59,17,4,0,1,46.5971,76.41,0.0,0.1538,0.7041
S02283,3,0,0,58.78,26.93,20,0,0,0,35.3764,73.07,0.1842,0.0,0.7685
S02284,7,0,1,92.69,46.54,32,2,0,0,59.9052,53.46,0.2865,0.3769,0.5099
S02285,6,1,0,44.07,38.49,22,3,1,0,36.4481,66.51,0.3883,0.3154,0.6596
S02286,7,1,1,94.57,49.58,34,4,0,0,65.6898,50.42,0.3126,0.6538,0.4083
S02287,8,1,1,60.19,97.59342077459549,22,3,0,0,42.8961,2.4066,0.1646,0.6154,0.3056
S02288,7,0,1,100.0,57.8,34,3,0,0,65.9387,42.2,0.3879,0.4154,0.4342
S02289,8,1,1,70.94,37.51,27,5,0,0,54.0083,62.49,0.0154,0.6923,0.4879
S02290,4,0,1,82.84,40.46,22,1,1,0,48.1099,64.54,0.1498,0.3385,0.6052
S02291,4,0,1,100.0,55.61,31,1,0,0,60.3129,44.39,0.3879,0.3385,0.4818
S02292,3,0,1,67.05,38.11,22,4,0,0,47.5632,61.89,0.0694,0.4538,0.5676
S02293,2,1,0,66.8,38.15,29,5,1,0,53.5388,66.85,0.0729,0.3923,0.5819
S02294,6,0,1,61.58,32.9,20,0,0,0,36.4964,67.1,0.1453,0.3,0.6657
S02295,6,1,1,72.05,7.72,4,3,0,0,36.9621,92.28,0.0,0.6154,0.6859
S02296,7,1,0,67.05,20.03,6,5,0,0,39.9947,79.97,0.0694,0.3923,0.6818
S02297,2,1,1,63.68,45.34,34,5,1,0,55.2569,59.66,0.1162,0.6923,0.4722
S02298,4,0,1,53.25,29.44,2,1,1,0,24.4095,75.56,0.2609,0.3385,0.7322
S02299,2,1,1,68.84,29.72,20,5,0,0,49.0158,70.28,0.0446,0.6923,0.5365
S02300,8,1,1,78.75,65.9,32,3,1,0,56.2523,39.1,0.093,0.6154,0.4057
S02301,3,0,1,58.56,41.095,3,2,2,0,29.0498,68.905,0.1872,0.3769,0.6797
S02302,2,1,1,69.56,27.06,13,6,1,0,47.0743,77.94,0.0346,0.7308,0.5643
S02303,5,1,1,93.1,48.81,20,1,1,0,51.0275,56.19,0.2922,0.5385,0.5115
S02304,8,0,1,50.71,38.18,29,4,0,0,45.1797,61.82,0.2962,0.4538,0.5757
S02305,8,0,0,100.0,64.89,49,3,0,0,74.837,35.11,0.3879,0.1154,0.4497
S02306,1,0,0,61.89,30.8,13,4,0,0,40.1602,69.2,0.141,0.1538,0.6978
S02307,3,0,1,75.01,49.45,28,4,1,0,54.3065,55.55,0.0411,0.4538,0.5187
S02308,2,1,0,91.19,65.85,32,4,1,0,63.1514,39.15,0.2656,0.3538,0.4471
S02309,3,0,0,95.77,43.0,29,6,0,0,67.0499,57.0,0.3292,0.2308,0.5356
S02310,5,0,0,79.05,29.34,12,3,0,0,44.5079,70.66,0.0972,0.1154,0.698
S02311,3,0,1,61.58,43.95,37,0,0,0,46.5812,56.05,0.1453,0.3,0.5862
S02312,1,0,1,60.26,96.81096916545224,4,6,1,0,38.0153,8.189,0.1636,0.5308,0.367
S02313,5,0,1,63.38,17.43,21,2,0,0,41.6558,82.57,0.1203,0.3769,0.6903
S02314,1,1,0,100.0,54.87,27,0,0,0,56.0169,45.13,0.3879,0.2,0.5345
S02315,2,0,1,66.25,57.05,28,1,0,0,45.0332,42.95,0.0805,0.3385,0.5296
S02316,1,0,0,76.85,48.75,31,3,0,0,54.8991,51.25,0.0666,0.1154,0.584
S02317,1,1,1,56.34,32.7,9,1,1,0,29.7981,72.3,0.218,0.5385,0.6503
S02318,4,1,1,54.65,27.9,10,1,1,0,29.7153,77.1,0.2415,0.5385,0.6698
S02319,7,0,1,72.4,36.85,10,2,1,0,38.7384,68.15,0.0049,0.3769,0.6428
S02320,7,0,0,67.13,44.71,22,4,1,0,47.5952,60.29,0.0683,0.1538,0.6361
S02321,1,0,1,68.22,32.88,27,3,0,1,49.0742,67.12,0.0532,0.4154,0.5929
S02322,1,0,1,49.81,12.08,11,0,1,0,26.4494,92.92,0.3087,0.3,0.8041
S02323,3,0,0,70.9,44.14,22,3,1,1,47.1801,60.86,0.016,0.1154,0.6495
S02324,6,1,1,95.24,61.52,46,4,0,0,73.0764,38.48,0.3219,0.6538,0.3347
S02325,6,1,1,59.2,54.92,25,2,1,0,42.3567,50.08,0.1783,0.5769,0.5078
S02326,7,0,1,85.46,39.14,22,0,0,0,47.2348,60.86,0.1861,0.3,0.6031
S02327,3,1,0,20.03,17.24,0,8,2,1,23.3966,92.76,0.722,0.5077,0.7622
S02328,2,0,1,59.96,25.16,22,4,0,0,44.7272,74.84,0.1678,0.4538,0.6294
S02329,1,0,1,43.34,26.42,14,1,0,1,27.5642,73.58,0.3985,0.3385,0.7132
S02330,2,0,1,90.54,52.33,19,1,0,0,49.4103,47.67,0.2566,0.3385,0.5331
S02331,1,0,1,85.18,43.56,19,1,1,0,47.2663,61.44,0.1822,0.3385,0.5957
S02332,7,1,1,56.49,31.1,15,6,0,0,43.0328,68.9,0.216,0.7308,0.5423
S02333,3,0,1,76.34,35.71,13,3,3,0,44.0171,79.29,0.0595,0.4154,0.6593
S02334,7,1,0,90.03,47.91,23,8,0,0,65.0407,52.09,0.2495,0.5077,0.4538
S02335,5,0,1,92.36,37.68,26,3,0,0,58.137,62.32,0.2819,0.4154,0.542
S02336,5,1,0,65.91,95.37609814696806,25,4,0,0,48.8868,4.6239,0.0852,0.3538,0.3589
S02337,4,1,0,38.87,17.7,5,2,1,0,22.3603,87.3,0.4605,0.2769,0.8017
S02338,7,0,1,58.52,30.97,14,0,0,0,31.7131,69.03,0.1878,0.3,0.6901
S02339,1,0,1,83.49,99.00838846141583,57,6,0,0,78.748,0.9916,0.1588,0.5308,0.1956
S02340,1,1,1,100.0,38.22,18,6,1,0,62.2164,66.78,0.3879,0.7308,0.4667
S02341,4,0,1,71.19,50.19,24,1,0,0,44.6364,49.81,0.0119,0.3385,0.5584
S02342,4,0,1,62.9,39.24,22,2,1,0,42.057,65.76,0.127,0.3769,0.6216
S02343,5,1,1,100.0,60.72,22,6,0,0,64.5893,39.28,0.3879,0.7308,0.3484
S02344,6,0,1,78.09,42.07,21,0,0,0,43.6936,57.93,0.0838,0.3,0.6038
S02345,5,0,1,53.58,14.55,7,0,2,0,25.5845,95.45,0.2563,0.3,0.8173
S02346,3,0,1,70.22,28.66,34,2,1,0,52.1036,76.34,0.0254,0.3769,0.6288
S02347,3,0,1,87.0,45.92,21,2,0,0,51.1038,54.08,0.2075,0.3769,0.5432
S02348,7,0,1,70.94,28.31,22,0,2,0,41.4268,81.69,0.0154,0.3,0.7068
S02349,2,0,1,83.92,41.21,27,0,0,0,49.5849,58.79,0.1647,0.3,0.5866
S02350,5,0,1,47.92,30.0,8,2,0,1,27.7599,70.0,0.3349,0.3769,0.6886
S02351,5,0,1,50.49,29.82,23,0,1,0,33.8401,75.18,0.2992,0.3,0.7073
S02352,7,0,1,60.98,38.89,16,3,0,0,39.6528,61.11,0.1536,0.4154,0.6018
S02353,6,1,1,67.77,35.54,30,5,2,0,54.52,74.46,0.0594,0.6923,0.5339
S02354,4,1,1,77.01,41.46,28,4,0,0,55.1065,58.54,0.0688,0.6538,0.4778
S02355,3,0,1,81.55,42.75,23,3,0,0,52.0333,57.25,0.1319,0.4154,0.543
S02356,3,0,0,100.0,42.42,41,3,0,0,70.0913,57.58,0.3879,0.1154,0.5562
S02357,4,1,1,60.92,23.02,13,3,2,1,37.8491,86.98,0.1545,0.6154,0.6616
S02358,2,0,1,67.29,49.44,18,3,0,0,43.3632,50.56,0.0661,0.4154,0.5466
S02359,6,0,1,61.34,29.33,23,2,1,0,42.0262,75.67,0.1486,0.3769,0.6614
S02360,2,1,0,88.19,51.83,30,4,0,0,60.7649,48.17,0.224,0.3538,0.4916
S02361,6,0,0,89.01,39.65,23,2,0,0,53.0942,60.35,0.2354,0.0769,0.6363
S02362,7,1,1,65.29,22.81,8,8,0,0,46.2464,77.19,0.0938,0.8077,0.545
S02363,8,1,1,100.0,58.15,32,1,0,0,60.9061,41.85,0.3879,0.5385,0.4196
S02364,1,1,1,61.37,95.6262548440398,13,5,1,0,41.8752,9.3737,0.1482,0.6923,0.3179
S02365,7,0,1,87.45,56.82,28,1,0,0,53.5132,43.18,0.2137,0.3385,0.5008
S02366,1,0,1,93.82,58.21,27,5,0,0,63.1603,41.79,0.3022,0.4923,0.423
S02367,3,0,0,51.58,31.0,9,4,0,0,33.6633,69.0,0.2841,0.1538,0.7197
S02368,2,1,1,80.66,22.54,23,1,0,0,47.8311,77.46,0.1195,0.5385,0.6078
S02369,2,1,1,31.12,16.17,7,4,1,1,24.2929,88.83,0.5681,0.6538,0.7068
S02370,2,1,1,84.36,68.48,32,2,1,0,56.5732,36.52,0.1709,0.5769,0.4038
S02371,1,0,1,55.48,13.52,20,6,0,0,45.5949,86.48,0.23,0.5308,0.6536
S02372,7,1,1,80.51,69.21,42,4,1,0,64.8116,35.79,0.1174,0.6538,0.3529
S02373,1,0,1,83.32,95.70275780200764,28,4,0,0,57.6305,4.2972,0.1564,0.4538,0.302
S02374,4,1,1,88.8,52.65,23,0,0,0,49.1641,47.35,0.2325,0.5,0.4923
S02375,6,0,1,85.35,30.61,26,2,0,0,53.4099,69.39,0.1846,0.3769,0.5964
S02376,8,0,1,72.84,44.48,27,2,1,0,48.9991,60.52,0.011,0.3769,0.5764
S02377,7,0,0,66.29,97.55735833510556,59,2,1,0,65.3622,7.4426,0.0799,0.0769,0.3818
S02378,2,1,0,70.88,31.92,33,4,0,0,55.6206,68.08,0.0162,0.3538,0.5892
S02379,8,0,1,55.26,47.32,22,3,1,0,40.9241,57.68,0.233,0.4154,0.5836
S02380,6,0,1,68.82,32.21,22,3,0,0,46.3481,67.79,0.0448,0.4154,0.6051
S02381,2,0,0,67.64,40.53,20,6,1,0,50.4589,64.47,0.0612,0.2308,0.6236
S02382,4,0,1,60.18,19.03,11,2,2,1,34.4436,90.97,0.1647,0.3769,0.7491
S02383,8,1,0,45.88,36.19,11,5,0,1,34.4928,63.81,0.3632,0.3923,0.6364
S02384,4,0,0,52.85,41.095,25,0,1,0,35.9705,63.905,0.2665,0.0,0.7297
S02385,2,0,1,24.75,10.46,9,2,2,1,19.0851,99.54,0.6565,0.3769,0.8371
S02386,8,1,1,67.38,47.96,11,0,1,0,33.4774,57.04,0.0648,0.5,0.586
S02387,8,0,1,77.41,41.11,15,6,0,0,51.4008,58.89,0.0744,0.5308,0.523
S02388,8,0,1,31.76,9.73,0,0,1,1,12.704,95.27,0.5592,0.3,0.8616
S02389,8,0,1,75.55,28.29,18,4,0,0,48.5903,71.71,0.0486,0.4538,0.6033
S02390,7,0,0,70.16,31.36,22,3,1,0,46.8841,73.64,0.0262,0.1154,0.7016
S02391,4,0,1,54.35,34.33,7,1,1,0,27.8156,70.67,0.2457,0.3385,0.7007
S02392,2,0,1,65.53,26.97,17,3,0,0,42.066,73.03,0.0905,0.4154,0.641
S02393,5,0,1,87.76,61.37,39,2,0,0,62.0857,38.63,0.218,0.3769,0.443
S02394,2,1,1,57.39,34.68,30,2,1,0,44.5988,70.32,0.2035,0.5769,0.581
S02395,4,1,1,73.18,99.20376426342064,35,5,0,0,59.6501,0.7962,0.0157,0.6923,0.2213
S02396,6,1,0,77.2,29.17,10,0,0,0,36.8122,70.83,0.0715,0.2,0.7045
S02397,8,0,1,59.67,22.91,31,1,0,0,44.1809,77.09,0.1718,0.3385,0.6691
S02398,3,0,0,72.05,36.62,29,4,0,0,53.7157,63.38,0.0,0.1538,0.6271
S02399,3,1,0,78.06,48.47,25,2,1,0,49.9007,56.53,0.0834,0.2769,0.5822
S02400,6,1,1,68.22,41.26,29,0,0,0,44.4914,58.74,0.0532,0.5,0.5542
S02401,1,0,0,100.0,59.15,38,2,0,0,66.3885,40.85,0.3879,0.0769,0.5118
S02402,5,0,1,87.19,48.05,13,2,0,0,46.434,51.95,0.2101,0.3769,0.5511
S02403,6,0,1,46.71,10.68,8,1,1,1,25.3528,94.32,0.3517,0.3385,0.8039
S02404,5,0,1,66.16,28.29,17,2,0,0,40.3949,71.71,0.0817,0.3769,0.6512
S02405,4,0,1,100.0,46.64,22,2,0,0,56.897,53.36,0.3879,0.3769,0.5201
S02406,7,0,1,57.27,36.89,25,4,0,0,45.4308,63.11,0.2051,0.4538,0.58
S02407,3,1,1,73.0,37.49,34,2,0,0,53.2156,62.51,0.0132,0.5769,0.5196
S02408,6,1,1,90.46,45.99,29,3,1,0,59.1566,59.01,0.2555,0.6154,0.4751
S02409,4,1,0,81.78,41.33,28,3,0,0,55.0914,58.67,0.135,0.3154,0.563
S02410,1,0,1,83.95,31.46,27,0,0,0,49.5969,68.54,0.1652,0.3,0.6256
S02411,5,1,1,83.06,41.53,27,6,0,0,60.7794,58.47,0.1528,0.7308,0.4385
S02412,1,1,0,72.05,48.52,31,9,0,0,64.5175,51.48,0.0,0.5462,0.4436
S02413,8,0,1,60.12,14.45,4,0,1,0,26.4209,90.55,0.1656,0.3,0.7947
S02414,5,1,1,78.52,31.2,29,7,1,0,62.0729,73.8,0.0898,0.7692,0.4856
S02415,3,1,1,65.96,32.76,20,1,0,0,40.1715,67.24,0.0845,0.5385,0.5937
S02416,4,1,1,64.78,25.87,14,3,0,0,39.9863,74.13,0.1009,0.6154,0.6027
S02417,5,0,1,72.05,31.61,26,2,0,0,48.0899,68.39,0.0,0.3769,0.611
S02418,3,1,0,66.29,24.68,35,6,0,0,58.8172,75.32,0.0799,0.4308,0.5877
S02419,3,0,1,97.59,58.93,21,7,0,0,64.9552,41.07,0.3545,0.5692,0.3946
S02420,4,0,1,75.85,33.47,22,1,0,0,45.3139,66.53,0.0527,0.3385,0.6229
S02421,3,0,1,69.61,53.79,35,3,0,0,54.3759,46.21,0.0339,0.4154,0.4907
S02422,7,0,1,44.74,24.81,2,3,0,0,24.8517,75.19,0.379,0.4154,0.7099
S02423,1,0,1,100.0,70.83,29,0,0,0,57.2034,29.17,0.3879,0.3,0.4415
S02424,7,0,1,71.91,42.68,23,2,1,0,46.2542,62.32,0.0019,0.3769,0.5932
S02425,3,1,0,37.94,15.11,13,6,0,0,34.4263,84.89,0.4734,0.4308,0.7114
S02426,5,0,0,86.82,54.56,27,2,1,0,54.5911,50.44,0.205,0.0769,0.5915
S02427,2,1,1,71.25,14.23,15,5,1,0,47.0137,90.77,0.0111,0.6923,0.6255
S02428,4,0,1,58.03,42.88,21,1,1,0,37.5927,62.12,0.1946,0.3385,0.6323
S02429,7,1,1,85.97,65.97,27,5,0,0,60.0203,34.03,0.1932,0.6923,0.353
S02430,3,1,1,33.77,8.48,14,0,1,1,21.8131,96.52,0.5313,0.5,0.7847
S02431,2,1,1,61.29,34.88,26,0,1,0,39.9397,70.12,0.1493,0.5,0.6157
S02432,5,1,1,67.51,32.38,9,4,0,0,40.0353,67.62,0.063,0.6538,0.5669
S02433,2,1,1,84.78,47.52,35,4,0,0,62.367,52.48,0.1767,0.6538,0.4282
S02434,3,0,1,100.0,53.71,30,0,1,0,57.7966,51.29,0.3879,0.3,0.5279
S02435,4,0,1,68.33,33.19,28,6,0,0,55.4806,66.81,0.0516,0.5308,0.5404
S02436,5,0,0,78.9,39.7,29,0,0,0,48.7634,60.3,0.0951,0.0,0.6705
S02437,6,0,1,100.0,92.55,22,3,0,0,58.8201,7.45,0.3879,0.4154,0.3201
S02438,6,0,1,72.07,40.97,22,0,1,0,41.8788,64.03,0.0003,0.3,0.6345
S02439,7,0,1,79.02,16.71,22,4,0,0,52.3512,83.29,0.0967,0.4538,0.6365
S02440,1,1,0,53.44,21.52,12,1,1,0,30.4177,83.48,0.2583,0.2385,0.7678
S02441,3,1,1,100.0,47.57,24,5,0,0,63.8527,52.43,0.3879,0.6923,0.4132
S02442,1,1,1,61.31,53.23,25,0,1,0,39.3545,51.77,0.1491,0.5,0.5443
S02443,1,1,1,76.03,52.48,15,4,0,0,47.0026,47.52,0.0552,0.6538,0.4621
S02444,2,0,1,75.6,46.21,30,0,0,0,48.0366,53.79,0.0493,0.3,0.572
S02445,5,0,0,72.05,28.3,21,0,0,0,41.2776,71.7,0.0,0.0,0.7423
S02446,8,1,1,65.49,31.36,6,1,2,0,31.6784,78.64,0.091,0.5385,0.6691
S02447,7,1,1,75.62,39.31,36,2,1,0,55.4501,65.69,0.0495,0.5769,0.5245
S02448,6,0,1,98.36,44.78,5,1,0,0,44.2332,55.22,0.3652,0.3385,0.5814
S02449,7,0,1,100.0,96.03089630679688,32,1,0,0,60.9061,3.9691,0.3879,0.3385,0.3181
S02450,2,0,1,69.37,33.25,23,3,0,0,47.1613,66.75,0.0372,0.4154,0.5981
S02451,7,0,1,65.26,99.64132851725898,56,2,0,0,63.1705,0.3587,0.0942,0.3769,0.2861
S02452,8,0,1,59.87,41.095,22,2,0,0,40.845,58.905,0.169,0.3769,0.5984
S02453,1,0,0,100.0,58.49,27,2,0,0,59.8631,41.51,0.3879,0.0769,0.5373
S02454,4,1,1,73.93,23.46,21,2,0,0,45.8758,76.54,0.0261,0.5769,0.6014
S02455,7,1,1,88.73,54.33,39,4,0,0,66.3199,45.67,0.2315,0.6538,0.3871
S02456,4,0,0,82.45,98.66662330152562,27,4,0,0,56.6893,1.3334,0.1443,0.1538,0.3685
S02457,7,1,1,100.0,58.04,30,2,0,0,61.6428,41.96,0.3879,0.5769,0.4079
S02458,8,1,1,68.28,45.73,20,3,0,0,44.9456,54.27,0.0523,0.6154,0.5059
S02459,4,0,1,55.39,42.0,31,0,1,0,40.5458,63.0,0.2312,0.3,0.6351
S02460,1,1,1,99.89,61.17,36,1,0,0,63.235,38.83,0.3864,0.5385,0.3994
S02461,3,0,0,85.55,47.16,20,4,0,0,53.7767,52.84,0.1874,0.1538,0.5847
S02462,2,1,1,78.84,47.81,21,6,1,0,55.5321,57.19,0.0942,0.7308,0.4517
S02463,4,0,0,95.03,39.5,21,8,0,0,65.8542,60.5,0.3189,0.3077,0.5346
S02464,5,1,1,79.7,36.39,22,6,0,0,56.4693,63.61,0.1062,0.7308,0.4741
S02465,4,1,1,95.55,61.42,44,3,0,0,70.0909,38.58,0.3262,0.6154,0.3552
S02466,2,0,1,75.7,53.75,22,2,2,0,47.177,56.25,0.0507,0.3769,0.5657
S02467,3,0,1,85.53,47.95,17,1,0,0,46.2198,52.05,0.1871,0.3385,0.5618
S02468,6,0,1,79.9,53.58,29,6,0,0,60.7019,46.42,0.109,0.5308,0.4405
S02469,1,1,0,67.12,32.81,18,3,1,0,43.2952,72.19,0.0684,0.3154,0.6584
S02470,2,1,1,68.92,41.55,26,2,0,0,46.8379,58.45,0.0434,0.5769,0.5256
S02471,8,0,0,66.11,34.66,18,2,2,0,40.9681,75.34,0.0824,0.0769,0.7387
S02472,1,1,1,75.98,35.32,35,3,1,0,56.9239,69.68,0.0545,0.6154,0.5256
S02473,4,0,1,65.16,35.58,13,1,0,0,35.6989,64.42,0.0956,0.3385,0.6481
S02474,2,0,1,78.54,37.15,15,3,0,0,46.0835,62.85,0.0901,0.4154,0.5863
S02475,1,0,1,78.03,55.97,32,4,0,0,57.8874,44.03,0.083,0.4538,0.4601
S02476,4,0,1,75.08,18.42,22,5,1,0,52.6982,86.58,0.0421,0.4923,0.6388
S02477,5,0,1,75.34,36.31,22,0,0,0,43.1868,63.69,0.0457,0.3,0.6286
S02478,2,0,1,63.51,19.88,26,2,1,0,44.6739,85.12,0.1185,0.3769,0.6899
S02479,1,0,1,67.77,32.53,3,0,0,0,28.8877,67.47,0.0594,0.3,0.6938
S02480,2,1,1,46.94,33.9,14,7,0,0,40.5426,66.1,0.3485,0.7692,0.5302
S02481,6,0,1,70.2,36.89,10,1,1,0,35.9353,68.11,0.0257,0.3385,0.662
S02482,7,1,1,57.21,43.55,2,3,0,0,29.8397,56.45,0.206,0.6154,0.5675
S02483,2,1,1,73.5,41.91,14,6,0,0,49.2435,58.09,0.0201,0.7308,0.4773
S02484,3,1,1,61.28,24.24,17,2,1,0,38.4429,80.76,0.1495,0.5769,0.6443
S02485,3,0,0,72.05,31.67,6,3,2,1,38.1486,78.33,0.0,0.1154,0.7509
S02486,3,1,1,100.0,81.08,41,4,0,0,72.0143,18.92,0.3879,0.6538,0.2602
S02487,2,0,1,68.53,45.25,22,0,0,0,40.4628,54.75,0.0489,0.3,0.6024
S02488,1,0,1,72.05,43.12,26,0,0,0,44.2437,56.88,0.0,0.3,0.5977
S02489,5,0,1,64.1,23.67,9,6,1,0,42.5174,81.33,0.1103,0.5308,0.6438
S02490,3,0,1,97.47,59.03,33,3,0,0,64.3335,40.97,0.3528,0.4154,0.4349
S02491,3,1,1,54.72,34.37,33,5,0,0,51.0797,65.63,0.2405,0.6923,0.5107
S02492,3,1,1,74.64,49.73,18,0,0,0,40.534,50.27,0.0359,0.5,0.5342
S02493,8,1,1,55.62,25.95,12,6,0,0,40.9051,74.05,0.228,0.7308,0.5703
S02494,5,0,1,100.0,60.52,24,3,0,0,60.0065,39.48,0.3879,0.4154,0.444
S02495,4,1,1,68.26,49.78,31,2,0,0,49.54,50.22,0.0526,0.5769,0.4833
S02496,2,1,1,84.43,36.91,34,1,0,0,55.8646,63.09,0.1718,0.5385,0.5222
S02497,7,0,0,78.76,41.15,21,4,0,0,51.6539,58.85,0.0931,0.1538,0.6162
S02498,8,0,0,71.62,47.55,17,3,0,0,44.502,52.45,0.006,0.1154,0.6252
S02499,1,1,1,79.77,39.49,18,2,0,0,46.4321,60.51,0.1071,0.5769,0.5353
S02500,8,0,1,92.39,53.89,27,3,0,0,58.7422,46.11,0.2823,0.4154,0.475
S02501,6,0,1,82.02,51.51,34,5,0,0,62.5929,48.49,0.1384,0.4923,0.4518
S02502,1,1,0,74.44,33.43,24,3,0,0,49.7825,66.57,0.0332,0.3154,0.6132
S02503,7,0,1,79.79,67.19,36,4,0,0,60.9642,32.81,0.1074,0.4538,0.4044
S02504,1,0,1,100.0,45.98,27,3,0,0,61.7862,54.02,0.3879,0.4154,0.496
S02505,1,0,1,65.75,18.02,2,0,0,0,27.4864,81.98,0.0874,0.3,0.7567
S02506,1,1,1,72.05,44.71,33,4,2,1,56.0886,65.29,0.0,0.6538,0.5014
S02507,4,1,1,55.55,25.77,18,1,0,0,34.821,74.23,0.229,0.5385,0.6404
S02508,5,1,1,56.67,34.92,23,0,0,0,36.3121,65.08,0.2135,0.5,0.6082
S02509,4,1,0,58.78,33.26,11,7,0,0,43.499,66.74,0.1842,0.4692,0.5974
S02510,1,1,1,59.3,37.41,7,3,0,1,33.6418,62.59,0.177,0.6154,0.5788
S02511,2,1,0,71.65,19.67,24,1,0,0,44.8204,80.33,0.0056,0.2385,0.7048
S02512,7,0,1,75.71,32.83,8,0,0,0,35.0298,67.17,0.0508,0.3,0.6711
S02513,8,0,1,75.55,38.25,22,3,0,0,49.0401,61.75,0.0486,0.4154,0.5715
S02514,7,1,1,61.05,37.5,27,3,0,0,46.2062,62.5,0.1527,0.6154,0.5344
S02515,1,1,1,86.91,57.99,31,6,1,0,64.6923,47.01,0.2062,0.7308,0.3789
S02516,7,0,1,80.02,60.29,27,2,0,0,51.8711,39.71,0.1106,0.3769,0.4831
S02517,6,1,1,95.72,62.81,45,3,0,0,70.7521,37.19,0.3285,0.6154,0.3473
S02518,5,1,1,84.7,41.14,30,3,0,0,57.4458,58.86,0.1756,0.6154,0.4805
S02519,2,0,1,66.76,41.095,5,4,0,0,37.3624,58.905,0.0734,0.4538,0.5914
S02520,8,0,0,91.58,56.42,28,1,0,0,55.1652,43.58,0.2711,0.0385,0.5716
S02521,4,0,1,76.1,41.095,39,8,0,0,68.9602,58.905,0.0562,0.6077,0.4423
S02522,1,0,1,83.97,56.18,24,6,0,0,59.3637,43.82,0.1654,0.5308,0.4348
S02523,2,0,1,82.81,46.86,41,1,0,0,59.3691,53.14,0.1493,0.3385,0.5201
S02524,4,0,1,70.14,36.85,30,4,1,0,53.5449,68.15,0.0265,0.4538,0.5717
S02525,1,0,0,73.55,41.18,20,6,2,0,52.8229,68.82,0.0208,0.2308,0.6327
S02526,3,0,1,70.03,46.05,13,5,0,0,45.3392,53.95,0.028,0.4923,0.534
S02527,4,1,0,59.21,51.45,21,5,1,0,45.757,53.55,0.1782,0.3923,0.556
S02528,8,1,0,39.83,31.84,21,2,0,1,32.2358,68.16,0.4472,0.2769,0.6906
S02529,1,0,1,61.59,30.9,6,2,1,0,32.0415,74.1,0.1452,0.3769,0.69
S02530,5,0,1,74.99,41.095,24,3,1,0,50.0025,63.905,0.0408,0.4154,0.5768
S02531,8,0,1,88.28,48.6,12,8,0,0,57.8153,51.4,0.2253,0.6077,0.4513
S02532,7,0,1,83.94,95.6780140915926,24,0,1,0,47.8133,9.322,0.165,0.3,0.3949
S02533,8,0,1,67.81,98.24358917987782,8,2,0,0,35.7159,1.7564,0.0588,0.3769,0.3878
S02534,2,0,1,61.8,37.95,23,3,0,0,44.1333,62.05,0.1423,0.4154,0.5899
S02535,7,0,1,69.3,37.16,16,1,0,0,39.1346,62.84,0.0382,0.3385,0.6298
S02536,8,1,1,57.37,49.02,26,1,0,1,40.2948,50.98,0.2037,0.5385,0.5283
S02537,3,0,1,40.27,21.04,7,2,0,1,24.1067,78.96,0.4411,0.3769,0.7372
S02538,4,1,1,48.82,20.45,9,3,1,1,30.6362,84.55,0.3224,0.6154,0.6771
S02539,5,0,1,92.62,48.38,17,2,1,0,50.9789,56.62,0.2855,0.3769,0.5538
S02540,4,0,1,99.86,49.49,36,0,0,0,61.2999,50.51,0.386,0.3,0.5125
S02541,3,1,0,83.31,50.81,30,5,0,0,60.736,49.19,0.1563,0.3923,0.4861
S02542,8,0,1,71.13,41.095,30,4,0,0,53.9409,58.905,0.0128,0.4538,0.5334
S02543,8,1,1,51.11,23.74,20,8,0,0,47.693,76.26,0.2906,0.8077,0.5362
S02544,4,1,1,69.58,64.33,25,0,0,0,42.6625,35.67,0.0343,0.5,0.4684
S02545,7,1,1,81.18,45.65,30,3,0,0,56.0378,54.35,0.1267,0.6154,0.4674
S02546,4,0,1,84.45,97.35482455130172,58,2,0,0,72.0329,2.6452,0.1721,0.3769,0.2642
S02547,7,0,1,82.33,32.56,33,1,0,0,54.4313,67.44,0.1427,0.3385,0.5946
S02548,5,0,0,90.14,37.19,22,0,0,0,49.1068,62.81,0.2511,0.0,0.6794
S02549,4,0,1,100.0,62.09,29,5,0,0,66.8188,37.91,0.3879,0.4923,0.3947
S02550,2,0,1,65.92,14.51,7,2,1,1,34.3667,90.49,0.0851,0.3769,0.7475
S02551,6,1,1,100.0,46.03,35,8,0,0,76.1473,53.97,0.3879,0.8077,0.3474
S02552,3,1,1,41.7,38.97,25,4,0,0,39.2028,61.03,0.4212,0.6538,0.5435
S02553,2,0,1,60.33,32.99,25,3,0,0,44.7317,67.01,0.1627,0.4154,0.6076
S02554,2,0,1,75.0,99.74594533749136,22,5,0,0,52.6662,0.2541,0.0409,0.4923,0.2936
S02555,8,1,1,80.24,47.36,22,3,0,0,50.9161,52.64,0.1137,0.6154,0.4785
S02556,1,1,1,69.28,51.67,24,6,1,0,53.4877,53.33,0.0384,0.7308,0.4434
S02557,7,0,0,64.56,27.32,22,3,1,0,44.6441,77.68,0.104,0.1154,0.7256
S02558,7,0,0,100.0,70.58,22,4,0,0,60.7432,29.42,0.3879,0.1538,0.4666
S02559,1,1,1,63.85,41.4,30,3,1,0,49.1058,63.6,0.1138,0.6154,0.5287
S02560,5,1,1,56.71,25.7,7,2,1,0,30.6827,79.3,0.2129,0.5769,0.6656
S02561,5,1,1,97.36,59.79,29,7,0,0,69.6089,40.21,0.3513,0.7692,0.3249
S02562,3,0,0,72.05,97.84532691199924,35,2,0,0,53.4289,2.1547,0.0,0.0769,0.4024
S02563,6,0,0,3.532500000000013,99.36197681604936,25,4,0,0,23.9358,0.638,0.951,0.1538,0.4803
S02564,4,0,1,74.94,43.85,24,4,0,0,51.9056,56.15,0.0401,0.4538,0.5295
S02565,4,0,1,51.36,46.76,16,5,1,1,39.6509,58.24,0.2872,0.4923,0.5711
S02566,4,1,1,73.27,63.76,23,3,0,0,48.7213,36.24,0.0169,0.6154,0.4206
S02567,7,0,1,49.29,29.0,15,0,3,1,28.6143,86.0,0.3159,0.3,0.7688
S02568,6,1,1,75.63,43.92,25,4,1,0,52.7748,61.08,0.0497,0.6538,0.4962
S02569,4,1,1,81.8,44.48,27,5,0,0,58.3523,55.52,0.1353,0.6923,0.4448
S02570,8,1,1,88.13,45.37,21,4,1,0,55.4019,59.63,0.2232,0.6538,0.4812
S02571,7,1,1,70.61,29.34,10,8,1,0,49.5608,75.66,0.02,0.8077,0.5273
S02572,8,1,1,83.22,60.28,34,0,0,0,53.4575,39.72,0.155,0.5,0.4468
S02573,6,0,1,58.44,50.19,26,1,0,0,40.7228,49.81,0.1889,0.3385,0.5721
S02574,4,0,0,86.5,61.86,30,1,1,1,54.3197,43.14,0.2006,0.0385,0.5728
S02575,7,0,1,82.12,60.38,29,6,0,0,61.5899,39.62,0.1398,0.5308,0.4102
S02576,3,1,1,60.0,98.55644967301087,11,2,0,0,34.3716,1.4436,0.1672,0.5769,0.3412
S02577,3,1,0,79.96,42.72,6,1,1,0,37.4664,62.28,0.1098,0.2385,0.6584
S02578,4,0,1,88.35,55.51,26,3,0,0,56.533,44.49,0.2262,0.4154,0.4762
S02579,8,0,1,73.18,18.48,8,1,0,0,35.9408,81.52,0.0157,0.3385,0.7157
S02580,5,0,1,59.66,30.62,19,0,0,0,35.1352,69.38,0.172,0.3,0.6795
S02581,4,0,1,74.67,41.03,34,0,3,0,50.0375,73.97,0.0364,0.3,0.6457
S02582,4,1,0,80.29,41.01,20,0,0,0,43.9804,58.99,0.1144,0.2,0.632
S02583,3,0,1,59.55,28.78,13,0,0,0,31.5319,71.22,0.1735,0.3,0.6995
S02584,6,1,1,56.89,41.095,22,4,0,0,43.4992,58.905,0.2104,0.6538,0.5199
S02585,3,1,1,79.82,40.58,26,5,0,0,56.9671,59.42,0.1078,0.6923,0.4652
S02586,5,0,0,84.35,24.25,27,0,0,0,49.7569,75.75,0.1707,0.0,0.7289
S02587,3,0,0,100.0,55.21,24,3,0,0,60.0065,44.79,0.3879,0.1154,0.5403
S02588,3,1,1,81.99,46.67,33,2,0,0,56.2184,53.33,0.138,0.5769,0.4723
S02589,8,1,1,53.86,45.24,38,7,1,0,57.5479,59.76,0.2525,0.7692,0.4453
S02590,3,0,1,100.0,49.23,42,1,0,0,66.8383,50.77,0.3879,0.3385,0.4845
S02591,1,0,1,87.82,53.07,27,0,0,0,51.1449,46.93,0.2189,0.3,0.5337
S02592,4,1,1,41.92,13.74,11,4,2,0,30.9857,96.26,0.4182,0.6538,0.7131
S02593,5,1,1,56.55,12.37,13,2,1,0,34.178,92.63,0.2151,0.5769,0.7067
S02594,1,1,1,64.63,29.91,15,4,2,1,42.4426,80.09,0.103,0.6538,0.6084
S02595,3,1,0,84.57,33.84,35,0,0,0,54.5907,66.16,0.1738,0.2,0.6236
S02596,2,1,1,36.31,16.82,18,4,2,1,32.8943,93.18,0.496,0.6538,0.6941
S02597,5,0,1,70.21,35.14,12,0,0,1,35.2026,64.86,0.0255,0.3,0.6612
S02598,6,1,0,83.72,34.76,30,3,1,0,57.0538,70.24,0.162,0.3154,0.6024
S02599,8,0,1,29.49,22.8,16,3,2,0,27.0568,87.2,0.5907,0.4154,0.7503
S02600,4,1,1,83.2,31.46,24,1,0,0,49.4404,68.54,0.1548,0.5385,0.5665
S02601,7,1,1,85.0,36.79,25,10,0,0,68.0613,63.21,0.1797,0.8846,0.3935
S02602,2,1,1,59.3,24.45,23,10,2,0,56.5948,85.55,0.177,0.8846,0.523
S02603,7,0,1,54.7,38.88,22,4,1,0,42.6232,66.12,0.2408,0.4538,0.6018
S02604,5,1,1,59.07,35.97,21,3,1,0,41.8549,69.03,0.1802,0.6154,0.5758
S02605,7,1,1,31.92,12.8,10,5,2,1,28.3156,97.2,0.557,0.6923,0.7166
S02606,7,1,1,67.11,17.05,24,9,0,0,58.389,82.95,0.0686,0.8462,0.5159
S02607,5,1,0,75.29,39.71,22,3,2,0,48.9361,70.29,0.045,0.3154,0.631
S02608,3,0,1,53.71,12.78,7,6,0,0,37.175,87.22,0.2545,0.5308,0.6861
S02609,5,0,1,86.58,29.24,15,0,1,0,43.5303,75.76,0.2017,0.3,0.6757
S02610,7,1,1,73.54,49.37,28,5,0,0,55.6416,50.63,0.0207,0.6923,0.4347
S02611,8,1,1,75.9,41.095,25,9,2,1,62.4982,68.905,0.0534,0.8462,0.4453
S02612,8,1,1,3.6645463666324174,96.20834026207034,24,4,0,0,23.3954,3.7917,0.9491,0.6538,0.3698
S02613,2,1,1,83.15,33.89,20,5,1,0,54.7398,71.11,0.1541,0.6923,0.5198
S02614,5,0,1,91.36,60.21,30,0,0,0,54.3406,39.79,0.268,0.3,0.494
S02615,1,0,1,65.89,41.97,21,0,2,0,38.8136,68.03,0.0855,0.3,0.6613
S02616,6,1,1,83.42,61.74,37,4,0,0,63.0095,38.26,0.1578,0.6538,0.3691
S02617,8,0,0,83.58,97.88448897217825,33,7,0,0,66.4698,2.1155,0.16,0.2692,0.3085
S02618,1,1,1,78.27,25.75,19,4,1,0,50.2715,79.25,0.0863,0.6538,0.5776
S02619,6,1,0,97.16,76.49,36,5,0,0,69.8353,23.51,0.3485,0.3923,0.3515
S02620,8,1,1,61.1,6.12,13,4,2,0,39.8442,100.0,0.152,0.6538,0.6971
S02621,7,0,1,65.68,20.24,0,2,0,0,30.1182,79.76,0.0884,0.3769,0.7194
S02622,4,1,1,60.35,35.6,32,4,0,0,50.8154,64.4,0.1624,0.6538,0.5163
S02623,1,0,0,82.88,41.095,23,2,0,0,50.6422,58.905,0.1503,0.0769,0.6391
S02624,8,0,1,67.91,36.42,22,1,0,0,42.1379,63.58,0.0575,0.3385,0.6222
S02625,8,0,0,61.56,40.46,13,0,0,0,32.3359,59.54,0.1456,0.0,0.725
S02626,5,0,1,96.95,52.4,25,0,0,0,53.6105,47.6,0.3456,0.3,0.5278
S02627,8,1,1,99.14,37.44,28,2,0,0,60.1123,62.56,0.376,0.5769,0.4956
S02628,1,1,0,67.07,34.89,23,4,1,0,48.1644,70.11,0.0691,0.3538,0.6234
S02629,5,0,0,51.49,37.68,16,0,0,0,30.0875,62.32,0.2854,0.0,0.744
S02630,1,1,0,99.95,49.84,36,4,0,0,69.0282,50.16,0.3872,0.3538,0.4706
S02631,8,0,1,79.06,38.08,21,2,0,0,47.9278,61.92,0.0973,0.3769,0.5857
S02632,6,1,0,78.31,48.27,25,5,0,0,55.7699,51.73,0.0869,0.3923,0.5137
S02633,8,1,1,73.58,45.05,16,4,0,0,46.6158,54.95,0.0212,0.6538,0.4932
S02634,5,1,0,60.0,45.38,30,5,1,0,51.412,59.62,0.1672,0.3923,0.5605
S02635,1,0,0,65.8,27.65,10,2,0,0,36.0984,72.35,0.0867,0.0769,0.7438
S02636,1,0,1,72.05,26.13,20,1,0,0,42.6075,73.87,0.0,0.3385,0.6617
S02637,3,0,1,65.29,37.16,17,0,1,0,36.2007,67.84,0.0938,0.3,0.6697
S02638,6,1,1,78.49,96.44529503340097,44,1,0,0,59.4208,3.5547,0.0894,0.5385,0.2716
S02639,2,1,0,72.2,41.89,29,2,0,0,49.9295,58.11,0.0021,0.2769,0.5885
S02640,7,0,0,56.15,18.9,10,0,1,0,28.3922,86.1,0.2207,0.0,0.845
S02641,2,0,1,96.32,55.5,38,6,0,0,72.6088,44.5,0.3368,0.5308,0.3912
S02642,4,1,0,80.91,59.64,30,0,1,0,50.1606,45.36,0.123,0.2,0.5559
S02643,2,0,1,76.96,46.42,26,3,0,0,51.977,53.58,0.0681,0.4154,0.5286
S02644,4,1,0,80.33,58.37,31,3,0,0,56.2911,41.63,0.1149,0.3154,0.4907
S02645,4,1,1,45.11,16.88,22,4,1,1,38.7872,88.12,0.3739,0.6538,0.6533
S02646,1,0,1,64.6,39.29,21,3,0,0,44.0669,60.71,0.1034,0.4154,0.5848
S02647,5,0,1,49.09,9.69,2,5,0,1,30.4378,90.31,0.3187,0.4923,0.7316
S02648,7,0,1,73.87,44.63,35,0,0,0,50.3107,55.37,0.0253,0.3,0.5704
S02649,8,0,1,76.89,46.18,21,0,1,0,43.2136,58.82,0.0672,0.3,0.609
S02650,3,1,0,74.12,16.47,13,5,0,0,46.9752,83.53,0.0287,0.3923,0.6716
S02651,8,1,1,89.68,46.79,25,5,0,0,60.3179,53.21,0.2447,0.6923,0.4287
S02652,8,0,1,49.54,30.14,11,0,2,1,26.3414,79.86,0.3124,0.3,0.7522
S02653,8,0,1,60.01,25.23,12,1,1,0,33.0457,79.77,0.1671,0.3385,0.7188
S02654,3,0,0,78.22,54.76,31,2,0,0,53.524,45.24,0.0856,0.0769,0.5744
S02655,7,0,1,75.96,45.17,32,2,0,0,53.2132,54.83,0.0543,0.3769,0.5388
S02656,5,1,1,52.27,6.57,0,4,0,0,28.6003,93.43,0.2745,0.6538,0.7102
S02657,1,1,1,89.95,51.38,25,2,0,0,54.6567,48.62,0.2484,0.5769,0.459
S02658,3,1,1,95.15,52.04,27,2,0,0,57.9231,47.96,0.3206,0.5769,0.4449
S02659,6,0,1,78.38,97.19102800333933,23,4,0,1,52.6884,2.809,0.0879,0.4538,0.3134
S02660,2,1,1,49.36,33.07,28,5,1,1,45.9696,71.93,0.3149,0.6923,0.5538
S02661,4,0,1,74.4,45.45,17,0,1,0,39.8447,59.55,0.0326,0.3,0.6237
S02662,7,1,1,77.11,49.03,37,5,1,0,62.4085,55.97,0.0702,0.6923,0.4324
S02663,2,1,1,72.05,43.02,20,0,1,0,40.6844,61.98,0.0,0.5,0.5805
S02664,4,1,1,92.21,72.5,42,6,0,0,73.3377,27.5,0.2798,0.7308,0.2706
S02665,2,0,1,70.26,44.71,19,4,0,0,47.0675,55.29,0.0248,0.4538,0.543
S02666,5,0,1,100.0,54.41,29,5,0,0,66.8188,45.59,0.3879,0.4923,0.4254
S02667,2,1,1,83.75,45.88,26,3,0,0,54.693,54.12,0.1624,0.6154,0.4712
S02668,8,0,1,76.14,44.46,34,0,0,0,50.6255,55.54,0.0568,0.3,0.57
S02669,1,1,1,85.81,49.28,29,2,0,0,55.3735,50.72,0.191,0.5769,0.4648
S02670,8,0,1,94.96,55.05,32,0,0,0,56.9671,44.95,0.318,0.3,0.5054
S02671,7,1,1,85.49,43.17,32,5,0,0,62.7944,56.83,0.1865,0.6923,0.4345
S02672,7,0,1,72.05,41.095,15,0,0,0,37.7183,58.905,0.0,0.3,0.6286
S02673,7,1,1,62.1,26.88,22,3,0,0,43.6601,73.12,0.1381,0.6154,0.5858
S02674,2,0,1,55.17,34.83,11,1,1,0,30.5165,70.17,0.2343,0.3385,0.6892
S02675,8,0,1,35.39,26.82,21,4,1,0,34.3059,78.18,0.5088,0.4538,0.6792
S02676,5,0,1,74.61,42.97,27,1,1,0,47.784,62.03,0.0355,0.3385,0.5963
S02677,8,0,0,72.05,32.74,26,0,0,0,44.2437,67.26,0.0,0.0,0.7142
S02678,8,1,1,66.99,34.7,4,7,0,0,42.6304,65.3,0.0702,0.7692,0.5197
S02679,5,1,1,87.43,45.39,34,1,0,0,57.0646,54.61,0.2135,0.5385,0.4841
S02680,3,1,1,70.32,31.03,20,4,0,0,47.6847,68.97,0.024,0.6538,0.5455
S02681,1,1,0,100.0,57.69,21,6,0,0,63.9961,42.31,0.3879,0.4308,0.4376
S02682,1,1,1,63.4,31.25,20,4,1,0,44.9167,73.75,0.1201,0.6538,0.5743
S02683,4,0,1,57.44,28.06,5,2,1,0,29.7883,76.94,0.2028,0.3769,0.7093
S02684,7,1,0,53.14,26.36,21,6,0,0,45.2521,73.64,0.2625,0.4308,0.6285
S02685,5,0,1,82.84,49.65,22,0,0,0,46.1868,50.35,0.1498,0.3,0.5647
S02686,4,1,1,89.27,42.19,14,5,0,0,53.6285,57.81,0.239,0.6923,0.4705
S02687,2,0,1,63.08,45.01,19,1,0,0,38.4263,54.99,0.1245,0.3385,0.6008
S02688,5,1,1,56.04,33.58,15,4,1,0,39.0066,71.42,0.2222,0.6538,0.5857
S02689,6,0,0,94.95,95.2975469477348,57,2,0,0,75.6397,4.7025,0.3178,0.0769,0.3348
S02690,8,0,1,50.24,35.89,22,1,1,0,35.0699,69.11,0.3027,0.3385,0.6691
S02691,6,0,1,87.15,61.48,33,2,0,0,58.2824,38.52,0.2096,0.3769,0.4559
S02692,5,0,1,63.44,59.59,36,6,1,0,58.2704,45.41,0.1195,0.5308,0.445
S02693,8,0,0,77.96,51.04,29,3,0,0,54.1566,48.96,0.082,0.1154,0.5774
S02694,4,0,1,88.15,36.6,21,2,2,0,51.5638,73.4,0.2235,0.3769,0.6189
S02695,8,0,1,79.14,49.02,29,0,0,0,48.8594,50.98,0.0984,0.3,0.5579
S02696,3,1,0,67.57,55.62,31,5,0,0,55.0332,44.38,0.0622,0.3923,0.4868
S02697,2,0,1,92.94,37.43,26,2,0,0,56.4459,62.57,0.2899,0.3769,0.5585
S02698,4,1,0,76.34,62.64,31,2,0,0,52.772,37.36,0.0595,0.2769,0.4955
S02699,2,0,1,100.0,54.07,14,2,0,0,52.1512,45.93,0.3879,0.3769,0.507
S02700,1,1,1,46.42,34.23,25,6,2,1,44.937,75.77,0.3557,0.7308,0.5631
S02701,8,0,1,46.2,25.6,20,2,0,0,34.1906,74.4,0.3588,0.3769,0.6837
S02702,7,0,0,86.91,32.96,7,2,0,0,42.7627,67.04,0.2062,0.0769,0.6993
S02703,2,1,1,71.52,51.27,25,5,0,0,53.0539,48.73,0.0074,0.6923,0.4362
S02704,7,1,1,83.89,26.07,11,5,0,0,49.6968,73.93,0.1643,0.6923,0.5487
S02705,1,0,0,72.05,50.22,12,1,1,1,37.8617,54.78,0.0,0.0385,0.677
S02706,3,0,1,72.81,52.28,28,1,0,0,47.6572,47.72,0.0105,0.3385,0.5395
S02707,6,0,1,78.86,48.94,24,4,0,0,53.4736,51.06,0.0945,0.4538,0.5036
S02708,3,0,1,63.84,95.46699525289232,30,4,0,0,51.0249,4.533,0.1139,0.4538,0.3261
S02709,6,0,0,75.48,35.36,24,2,0,0,48.2754,64.64,0.0476,0.0769,0.6704
S02710,7,1,1,51.58,30.22,15,3,1,0,35.2995,74.78,0.2841,0.6154,0.6217
S02711,1,0,0,77.92,33.11,33,0,1,0,50.7443,71.89,0.0815,0.0,0.71
S02712,1,1,1,93.68,40.91,28,0,0,0,54.0822,59.09,0.3002,0.5,0.5221
S02713,8,0,0,72.05,13.5,16,3,2,1,44.0808,96.5,0.0,0.1154,0.8029
S02714,5,0,1,52.53,29.8,16,3,0,0,36.2728,70.2,0.2709,0.4154,0.65
S02715,5,0,1,89.85,96.70148163187709,28,0,1,0,52.5502,8.2985,0.2471,0.3,0.3743
S02716,4,0,1,72.05,31.48,25,1,1,0,45.5736,73.52,0.0,0.3385,0.6499
S02717,4,0,1,84.61,47.01,22,1,0,0,48.8179,52.99,0.1743,0.3385,0.5565
S02718,6,1,1,72.83,49.59,16,3,0,0,44.3928,50.41,0.0108,0.6154,0.4924
S02719,5,1,1,65.73,17.16,12,4,0,0,41.103,82.84,0.0877,0.6538,0.624
S02720,2,0,1,94.0,58.34,13,0,0,0,45.3119,41.66,0.3046,0.3,0.533
S02721,6,0,1,85.92,54.95,39,0,2,1,57.5036,55.05,0.1925,0.3,0.5439
S02722,6,1,1,76.2,34.31,17,4,0,0,48.2571,65.69,0.0576,0.6538,0.5304
S02723,1,0,1,39.71,22.96,9,1,0,0,23.1461,77.04,0.4489,0.3385,0.7425
S02724,4,0,1,82.68,56.61,39,0,0,0,56.2076,43.39,0.1475,0.3,0.5018
S02725,7,1,1,55.94,41.095,16,1,2,0,33.7906,68.905,0.2236,0.5385,0.6227
S02726,5,0,1,68.68,38.18,25,4,0,0,49.9948,61.82,0.0468,0.4538,0.5588
S02727,2,0,1,72.11,21.47,11,2,1,1,39.2156,83.53,0.0008,0.3769,0.7026
S02728,1,0,0,100.0,48.28,44,3,0,0,71.8709,51.72,0.3879,0.1154,0.5265
S02729,5,1,0,68.2,44.4,20,3,0,0,44.9136,55.6,0.0534,0.3154,0.5864
S02730,4,0,1,50.66,28.85,7,4,0,0,32.1089,71.15,0.2969,0.4538,0.6588
S02731,8,1,1,94.04,66.7,22,11,0,0,71.8207,33.3,0.3052,0.9231,0.2511
S02732,5,0,1,82.89,41.095,40,2,0,0,60.731,58.905,0.1505,0.3769,0.5288
S02733,8,0,1,83.44,49.02,22,0,1,0,46.4268,55.98,0.1581,0.3,0.5864
S02734,2,0,1,94.33,57.41,22,1,0,0,52.7059,42.59,0.3092,0.3385,0.5013
S02735,4,1,0,97.85,56.25,28,1,0,0,57.6732,43.75,0.3581,0.2385,0.5135
S02736,2,0,0,58.62,30.78,22,3,0,0,42.2681,69.22,0.1864,0.1154,0.7001
S02737,5,1,1,51.14,25.4,16,0,0,0,29.9475,74.6,0.2902,0.5,0.6686
S02738,2,0,1,84.64,46.29,31,1,0,0,54.1689,53.71,0.1747,0.3385,0.5406
S02739,4,0,1,68.06,41.26,23,3,2,0,46.6373,68.74,0.0554,0.4154,0.6079
S02740,3,0,1,69.42,53.26,27,1,0,0,45.708,46.74,0.0365,0.3385,0.5424
S02741,2,0,1,55.17,16.54,14,1,2,0,32.2962,93.46,0.2343,0.3385,0.7762
S02742,1,0,1,80.76,49.58,42,1,0,0,59.1423,50.42,0.1209,0.3385,0.5101
S02743,5,1,1,78.03,56.79,21,3,0,0,49.4389,43.21,0.083,0.6154,0.446
S02744,8,1,0,69.67,30.97,32,1,1,0,48.7741,74.03,0.033,0.2385,0.6658
S02745,2,1,1,51.17,29.93,10,6,1,0,37.9387,75.07,0.2898,0.7308,0.5848
S02746,4,1,1,90.14,18.04,18,0,0,0,46.734,81.96,0.2511,0.5,0.6393
S02747,2,0,0,72.05,30.54,10,3,1,0,40.5214,74.46,0.0,0.1154,0.7272
S02748,7,1,1,88.77,41.88,31,3,0,0,59.6671,58.12,0.2321,0.6154,0.4698
S02749,4,0,1,40.45,37.45,20,1,0,1,29.9675,62.55,0.4386,0.3385,0.6607
S02750,8,1,1,72.85,24.48,14,1,1,0,39.3682,80.52,0.0111,0.5385,0.6497
S02751,2,1,1,61.25,19.4,12,1,1,0,33.5417,85.6,0.1499,0.5385,0.6904
S02752,1,0,1,72.54,95.58510223144177,26,2,0,0,48.2859,4.4149,0.0068,0.3769,0.3544
S02753,5,1,0,86.15,42.65,27,8,0,0,65.8616,57.35,0.1957,0.5077,0.472
S02754,6,1,1,77.55,36.68,22,4,0,0,51.7632,63.32,0.0763,0.6538,0.5087
S02755,8,0,1,72.27,28.98,12,1,0,0,37.9497,71.02,0.0031,0.3385,0.6666
S02756,7,1,1,72.19,44.2,25,2,0,0,47.5527,55.8,0.0019,0.5769,0.5125
S02757,8,0,1,48.6,17.96,19,1,1,0,32.6343,87.04,0.3255,0.3385,0.7493
S02758,6,0,0,58.4,38.27,21,2,0,0,39.6638,61.73,0.1895,0.0769,0.6889
S02759,3,0,1,88.82,42.38,29,1,0,0,54.6545,57.62,0.2328,0.3385,0.5546
S02760,4,1,1,64.42,10.22,11,3,1,0,38.0627,94.78,0.1059,0.6154,0.6921
S02761,2,0,1,89.11,49.5,31,2,0,0,57.88,50.5,0.2368,0.3769,0.5052
S02762,4,1,1,84.4,52.76,29,3,0,0,56.7326,47.24,0.1714,0.6154,0.4365
S02763,3,0,0,85.19,32.97,17,1,0,0,46.0838,67.03,0.1824,0.0385,0.6972
S02764,1,0,1,76.99,42.62,22,0,1,0,43.8468,62.38,0.0686,0.3,0.6211
S02765,2,1,1,65.46,32.81,23,2,1,0,43.6742,72.19,0.0915,0.5769,0.5917
S02766,5,0,1,69.73,32.52,21,0,0,0,40.3496,67.48,0.0322,0.3,0.6537
S02767,3,1,1,81.61,43.61,10,6,1,0,50.1147,61.39,0.1327,0.7308,0.4875
S02768,8,0,1,40.12,25.43,6,4,1,1,27.2996,79.57,0.4432,0.4538,0.7093
S02769,4,1,1,90.66,36.19,23,6,0,0,61.4465,63.81,0.2583,0.7308,0.4575
S02770,8,1,1,64.5,27.9,24,3,2,0,45.8065,82.1,0.1048,0.6154,0.6142
S02771,6,0,0,70.71,56.83,43,1,0,0,55.7156,43.17,0.0186,0.0385,0.5681
S02772,1,0,1,70.84,29.09,23,5,1,0,51.5955,75.91,0.0168,0.4923,0.6
S02773,2,0,1,71.4,25.9,13,1,2,0,38.1949,84.1,0.009,0.3385,0.7181
S02774,6,1,1,52.3,24.92,14,0,0,0,29.2251,75.08,0.2741,0.5,0.673
S02775,5,1,0,74.28,35.13,23,6,0,0,54.8945,64.87,0.031,0.4308,0.5596
S02776,3,0,1,80.92,43.08,32,0,0,0,51.3511,56.92,0.1231,0.3,0.573
S02777,5,0,1,41.33,24.25,21,1,1,1,30.9127,80.75,0.4264,0.3385,0.7302
S02778,8,1,1,52.49,32.03,27,5,0,0,46.6283,67.97,0.2715,0.6923,0.5356
S02779,4,0,1,85.44,52.21,32,3,1,0,58.9283,52.79,0.1858,0.4154,0.5011
S02780,1,1,1,82.65,46.87,26,5,0,0,58.0991,53.13,0.1471,0.6923,0.4361
S02781,3,1,1,76.48,65.81,36,3,1,0,57.7172,39.19,0.0615,0.6154,0.4009
S02782,8,0,0,61.77,38.87,16,1,2,0,36.1226,71.13,0.1427,0.0385,0.7485
S02783,7,0,1,82.73,45.8,27,0,0,0,49.1089,54.2,0.1482,0.3,0.5699
S02784,7,0,0,53.96,44.97,14,2,1,0,33.7352,60.03,0.2511,0.0769,0.7028
S02785,8,0,1,69.94,21.55,5,0,1,0,30.9421,83.45,0.0293,0.3,0.7505
S02786,1,1,1,52.4,53.17,26,7,0,0,49.8453,46.83,0.2727,0.7692,0.4206
S02787,3,1,1,69.57,66.87,27,0,1,0,43.8449,38.13,0.0344,0.5,0.4741
S02788,1,1,1,56.54,31.24,0,3,2,0,28.3852,78.76,0.2153,0.6154,0.6618
S02789,1,0,0,83.34,49.28,35,3,0,0,59.8679,50.72,0.1567,0.1154,0.5645
S02790,7,0,1,78.5,52.08,22,7,0,0,57.9124,47.92,0.0895,0.5692,0.4467
S02791,8,1,0,63.44,51.09,22,6,2,0,49.9653,58.91,0.1195,0.4308,0.5531
S02792,2,0,1,88.35,40.4,29,1,2,0,54.4665,69.6,0.2262,0.3385,0.6031
S02793,6,0,1,57.66,96.51881185764572,6,1,1,0,28.5464,8.4812,0.1997,0.3385,0.4494
S02794,5,0,1,71.47,37.29,22,3,0,0,47.4081,62.71,0.008,0.4154,0.5811
S02795,1,1,1,62.78,22.93,12,3,0,0,37.9999,77.07,0.1287,0.6154,0.6214
S02796,8,1,1,83.14,44.99,17,1,0,0,45.2638,55.01,0.1539,0.5385,0.527
S02797,7,0,0,81.65,50.05,22,0,0,0,45.7108,49.95,0.1332,0.0,0.6398
S02798,5,1,1,91.53,39.68,33,2,0,0,60.0344,60.32,0.2704,0.5769,0.4869
S02799,6,0,1,73.24,60.83,35,0,1,0,50.0587,44.17,0.0165,0.3,0.5265
S02800,4,0,1,27.61,95.27460066617635,3,1,1,1,14.7467,9.7254,0.6168,0.3385,0.5027
S02801,7,0,1,65.54,40.56,12,5,1,0,42.95,64.44,0.0904,0.4923,0.5844
S02802,4,1,0,95.48,65.5,36,7,0,0,73.0095,34.5,0.3252,0.4692,0.3652
S02803,8,0,1,67.13,26.95,14,3,0,0,40.9263,73.05,0.0683,0.4154,0.6451
S02804,1,0,1,43.24,44.16,22,2,0,0,34.193,55.84,0.3999,0.3769,0.6095
S02805,2,0,1,78.74,67.06,29,2,1,0,52.5455,37.94,0.0929,0.3769,0.4736
S02806,8,1,0,79.86,34.4,24,4,2,0,53.8736,75.6,0.1084,0.3538,0.6254
S02807,3,1,1,61.09,32.46,15,6,3,0,44.8728,82.54,0.1521,0.7308,0.5904
S02808,3,0,0,68.3,34.47,10,3,1,0,39.0214,70.53,0.052,0.1154,0.7167
S02809,7,1,1,59.29,30.01,25,2,2,0,42.3927,79.99,0.1771,0.5769,0.6274
S02810,2,0,0,79.84,39.35,22,3,0,1,50.7561,60.65,0.1081,0.1154,0.6361
S02811,5,0,0,72.85,67.32,28,3,0,0,51.5194,32.68,0.0111,0.1154,0.5216
S02812,3,1,0,54.51,27.16,20,1,1,0,35.5915,77.84,0.2434,0.2385,0.7272
S02813,2,1,1,71.86,63.85,31,6,0,0,58.6723,36.15,0.0026,0.7308,0.3565
S02814,8,0,1,61.0,45.34,17,0,0,0,34.4847,54.66,0.1534,0.3,0.6229
S02815,2,1,0,93.92,56.39,28,3,0,0,59.9474,43.61,0.3035,0.3154,0.4858
S02816,1,0,1,85.41,41.095,22,0,0,0,47.2148,58.905,0.1854,0.3,0.5954
S02817,6,1,1,70.17,46.04,17,6,1,0,49.6912,58.96,0.0261,0.7308,0.4792
S02818,7,1,1,72.05,48.61,26,4,0,0,51.936,51.39,0.0,0.6538,0.4603
S02819,2,1,1,87.21,56.03,21,11,0,0,68.4955,43.97,0.2104,0.9231,0.3054
S02820,6,0,1,72.05,35.15,24,0,0,0,43.0573,64.85,0.0,0.3,0.6337
S02821,5,1,1,3.532500000000013,98.187938092955,38,4,0,0,31.6477,1.8121,0.951,0.6538,0.333
S02822,7,1,1,94.16,37.63,27,0,0,0,53.6809,62.37,0.3069,0.5,0.5366
S02823,2,0,1,64.64,38.16,9,4,1,0,38.8873,66.84,0.1028,0.4538,0.6178
S02824,8,0,0,72.05,46.79,28,0,0,0,45.4302,53.21,0.0,0.0,0.6538
S02825,5,1,1,92.33,31.54,18,3,2,0,53.3792,78.46,0.2815,0.6154,0.5732
S02826,7,0,0,75.73,53.74,22,0,0,0,43.3428,46.26,0.0511,0.0,0.6333
S02827,3,1,1,65.34,34.42,21,3,0,0,44.3629,65.58,0.0931,0.6154,0.5532
S02828,8,0,1,75.54,56.15,18,0,0,1,40.894,43.85,0.0484,0.3,0.5573
S02829,6,1,1,68.33,95.1391237102247,17,6,0,0,48.9552,4.8609,0.0516,0.7308,0.2654
S02830,2,0,1,60.11,42.91,9,1,1,0,31.3061,62.09,0.1657,0.3385,0.6542
S02831,8,1,1,79.98,48.16,33,2,1,0,55.4144,56.84,0.1101,0.5769,0.4892
S02832,7,1,1,56.65,42.22,22,7,0,0,49.1724,57.78,0.2137,0.7692,0.4667
S02833,3,0,1,66.92,41.32,9,3,3,0,37.8762,73.68,0.0712,0.4154,0.6583
S02834,5,1,1,67.12,17.07,29,3,0,0,49.8206,82.93,0.0684,0.6154,0.6035
S02835,4,1,1,51.52,11.78,13,5,0,0,37.9352,88.22,0.2849,0.6923,0.647
S02836,5,0,0,81.88,50.53,36,6,0,0,65.6464,49.47,0.1364,0.2308,0.5104
S02837,8,0,1,68.57,14.48,7,1,0,0,33.5036,85.52,0.0483,0.3385,0.7402
S02838,8,1,1,91.48,44.48,31,0,0,0,54.9818,55.52,0.2697,0.5,0.5046
S02839,2,1,1,68.33,42.69,18,4,1,1,45.7023,62.31,0.0516,0.6538,0.5258
S02840,8,0,1,65.9,42.87,25,5,1,0,50.8059,62.13,0.0854,0.4923,0.5476
S02841,4,1,1,58.43,39.67,18,8,0,0,49.4346,60.33,0.189,0.8077,0.4664
S02842,6,0,1,72.59,29.97,23,4,2,0,50.3724,80.03,0.0075,0.4538,0.6304
S02843,7,0,0,72.67,49.52,22,5,0,0,51.7342,50.48,0.0086,0.1923,0.5728
S02844,4,1,1,83.13,45.07,39,4,1,0,64.0799,59.93,0.1538,0.6538,0.452
S02845,4,0,1,73.01,95.93633821987628,21,3,0,0,47.4309,4.0637,0.0133,0.4154,0.3464
S02846,4,0,1,100.0,95.40249091311514,39,2,0,0,66.9817,4.5975,0.3879,0.3769,0.2897
S02847,7,0,0,78.84,68.24,30,2,0,0,53.1788,31.76,0.0942,0.0769,0.5217
S02848,4,0,1,57.2,52.71,24,4,0,0,44.8096,47.29,0.2061,0.4538,0.5189
S02849,3,0,1,55.93,34.49,9,3,2,0,33.4802,75.51,0.2237,0.4154,0.681
S02850,3,1,1,80.02,44.76,31,5,0,1,60.0132,55.24,0.1106,0.6923,0.4378
S02851,2,0,1,56.73,34.59,20,4,0,0,42.2487,65.41,0.2126,0.4538,0.6003
S02852,4,1,1,80.92,44.6,16,3,0,0,47.6288,55.4,0.1231,0.6154,0.501
S02853,1,1,1,85.43,41.56,26,0,0,1,49.5957,58.44,0.1857,0.5,0.5352
S02854,1,0,1,85.8,64.48,46,0,0,0,61.6081,35.52,0.1908,0.3,0.4515
S02855,6,0,1,58.96,39.26,15,1,1,0,34.4054,65.74,0.1817,0.3385,0.6579
S02856,1,1,1,85.82,54.49,24,2,0,0,52.4114,45.51,0.1911,0.5769,0.4544
S02857,5,0,1,76.84,34.13,28,8,0,0,62.7308,65.87,0.0665,0.6077,0.492
S02858,7,0,1,62.88,32.72,15,0,1,1,34.0503,72.28,0.1273,0.3,0.6949
S02859,6,1,1,69.61,49.36,23,3,0,0,47.2573,50.64,0.0339,0.6154,0.4833
S02860,4,1,1,79.07,50.16,22,5,1,0,54.2942,54.84,0.0974,0.6923,0.4563
S02861,2,1,0,61.91,34.55,22,0,0,0,37.8148,65.45,0.1407,0.2,0.6794
S02862,8,0,0,76.53,42.48,24,1,0,1,46.7724,57.52,0.0622,0.0385,0.6568
S02863,7,0,1,93.68,41.095,46,3,0,0,70.5294,58.905,0.3002,0.4154,0.4849
S02864,5,0,1,86.46,54.86,28,3,0,0,56.9634,45.14,0.2,0.4154,0.4773
S02865,1,1,0,73.23,23.73,21,1,0,0,43.6727,76.27,0.0164,0.2385,0.6926
S02866,1,0,1,75.51,36.91,32,0,0,0,49.1871,63.09,0.048,0.3,0.6052
S02867,3,0,1,63.93,24.11,8,1,0,0,32.2408,75.89,0.1127,0.3385,0.7061
S02868,2,0,1,64.35,48.06,33,5,0,0,54.9317,51.94,0.1069,0.4923,0.4924
S02869,7,1,1,48.94,37.37,6,0,1,1,23.1353,67.63,0.3207,0.5,0.6645
S02870,2,1,1,75.77,50.76,33,4,0,0,57.5766,49.24,0.0516,0.6538,0.432
S02871,3,0,0,82.24,40.28,38,0,0,0,55.4384,59.72,0.1414,0.0,0.6448
S02872,8,0,0,70.94,35.42,18,6,0,0,50.5924,64.58,0.0154,0.2308,0.6235
S02873,7,0,1,58.84,21.36,14,1,0,0,33.7642,78.64,0.1833,0.3385,0.7118
S02874,2,0,1,72.99,37.79,22,6,1,0,53.7853,67.21,0.013,0.5308,0.5479
S02875,4,0,1,92.13,45.24,35,4,0,0,65.307,54.76,0.2787,0.4538,0.477
S02876,5,0,1,85.47,40.13,19,4,1,0,53.1515,64.87,0.1863,0.4538,0.56
S02877,6,1,1,71.56,95.16259135552478,21,3,1,0,46.8509,9.8374,0.0068,0.6154,0.3215
S02878,8,1,0,100.0,75.58,30,3,0,0,63.5658,24.42,0.3879,0.3154,0.3963
S02879,7,1,1,100.0,55.66,23,6,0,0,65.1825,44.34,0.3879,0.7308,0.3665
S02880,8,1,1,64.8,22.81,11,2,0,0,36.2916,77.19,0.1006,0.5769,0.6375
S02881,1,0,1,68.31,38.0,22,6,1,0,51.9133,67.0,0.0519,0.5308,0.5536
S02882,2,0,1,82.4,64.15,27,3,0,0,54.7462,35.85,0.1437,0.4154,0.4479
S02883,5,0,1,72.05,37.57,11,0,1,0,35.3454,67.43,0.0,0.3,0.671
S02884,1,1,1,84.74,46.36,28,3,1,0,56.2754,58.64,0.1761,0.6154,0.4837
S02885,3,0,1,73.52,32.9,18,1,1,1,42.009,72.1,0.0204,0.3385,0.6567
S02886,2,0,1,77.57,51.91,35,4,0,0,59.483,48.09,0.0766,0.4538,0.4707
S02887,8,0,0,63.37,29.22,18,6,1,0,47.5644,75.78,0.1205,0.2308,0.6789
S02888,1,0,1,60.18,49.26,27,2,1,0,43.9351,55.74,0.1647,0.3769,0.575
S02889,2,1,0,42.22,42.45,0,3,1,1,22.6572,62.55,0.414,0.3154,0.692
S02890,2,1,1,94.27,56.22,33,2,1,0,61.1304,48.78,0.3084,0.5769,0.4369
S02891,2,0,1,86.12,97.80903622920964,32,0,0,0,53.4311,2.191,0.1953,0.3,0.3468
S02892,5,1,1,82.1,33.67,25,4,0,0,55.3628,66.33,0.1395,0.6538,0.5081
S02893,3,0,0,77.22,56.6,20,0,0,0,42.7524,43.4,0.0718,0.0,0.624
S02894,8,0,1,37.44,25.16,9,4,2,1,28.0073,84.84,0.4804,0.4538,0.7279
S02895,3,0,1,60.73,19.23,24,3,0,0,44.2985,80.77,0.1571,0.4154,0.6642
S02896,5,1,0,68.16,36.54,22,7,0,0,53.7764,63.46,0.054,0.4692,0.5483
S02897,6,1,0,55.78,33.39,22,1,0,0,37.2859,66.61,0.2258,0.2385,0.6763
S02898,6,0,1,46.6,28.3,16,3,1,0,33.9008,76.7,0.3532,0.4154,0.6843
S02899,7,1,1,57.34,26.61,15,3,1,0,37.6035,78.39,0.2042,0.6154,0.6281
S02900,2,0,1,72.74,40.93,21,1,0,0,43.4767,59.07,0.0096,0.3385,0.5995
S02901,5,0,1,72.74,30.1,23,2,1,0,46.5862,74.9,0.0096,0.3769,0.6423
S02902,7,1,1,85.61,55.99,41,6,0,0,70.1045,44.01,0.1882,0.7308,0.348
S02903,7,1,0,100.0,65.89,35,7,0,0,74.2243,34.11,0.3879,0.4692,0.3594
S02904,5,1,1,82.29,40.79,19,1,0,0,46.1103,59.21,0.1421,0.5385,0.5408
S02905,6,1,1,69.37,29.92,18,1,0,0,40.349,70.08,0.0372,0.5385,0.6045
S02906,7,0,1,99.0,65.65,23,1,0,0,55.1671,34.35,0.374,0.3385,0.4597
S02907,5,1,1,48.27,30.98,0,6,1,0,30.8465,74.02,0.33,0.7308,0.6054
S02908,8,1,1,72.05,7.23,2,3,1,1,35.7757,97.77,0.0,0.6154,0.712
S02909,2,0,1,58.7,29.14,19,2,2,1,38.5973,80.86,0.1853,0.3769,0.6941
S02910,3,0,0,84.18,52.81,37,3,0,0,61.3904,47.19,0.1684,0.1154,0.545
S02911,1,1,1,74.53,48.53,31,3,0,0,53.9711,51.47,0.0344,0.6154,0.4631
S02912,1,0,1,55.08,32.12,7,6,1,0,37.723,72.88,0.2355,0.5308,0.6268
S02913,4,0,1,61.09,27.76,12,1,0,0,33.4777,72.24,0.1521,0.3385,0.6872
S02914,2,1,0,53.38,16.2,8,5,1,1,35.7131,88.8,0.2591,0.3923,0.7321
S02915,4,1,1,53.38,24.37,0,4,3,0,29.0443,90.63,0.2591,0.6538,0.6974
S02916,4,1,1,95.27,45.57,29,4,0,0,63.0037,54.43,0.3223,0.6538,0.4338
S02917,5,1,1,69.85,48.1,28,3,0,0,50.3194,51.9,0.0305,0.6154,0.4776
S02918,8,0,1,98.54,60.21,30,1,0,0,59.1357,39.79,0.3677,0.3385,0.4676
S02919,7,1,1,58.65,45.15,7,5,1,0,37.2279,59.85,0.186,0.6923,0.536
S02920,4,0,1,72.05,54.41,18,3,0,0,45.2672,45.59,0.0,0.4154,0.5201
S02921,3,1,1,75.41,47.86,21,0,1,0,42.6216,57.14,0.0466,0.5,0.5544
S02922,7,0,0,85.2,47.29,33,2,1,0,57.5024,57.71,0.1825,0.0769,0.6104
S02923,1,1,0,75.82,33.36,22,4,1,0,51.0712,71.64,0.0523,0.3538,0.6194
S02924,5,1,1,86.78,62.32,33,4,0,1,61.9806,37.68,0.2044,0.6538,0.3703
S02925,4,1,0,80.31,49.09,25,5,0,0,56.5699,50.91,0.1146,0.3923,0.5076
S02926,2,0,1,55.63,23.71,18,9,0,0,50.2377,76.29,0.2279,0.6462,0.5678
S02927,5,0,1,82.99,44.59,19,1,0,0,46.3903,55.41,0.1518,0.3385,0.5746
S02928,3,0,0,70.45,98.97544833323563,59,2,0,0,67.0262,1.0246,0.0222,0.0769,0.3503
S02929,2,0,1,60.35,25.41,8,2,0,0,32.7319,74.59,0.1624,0.3769,0.6896
S02930,6,1,1,82.41,50.2,31,6,0,0,62.8923,49.8,0.1438,0.7308,0.3964
S02931,2,0,1,85.82,40.87,25,5,0,0,58.7739,59.13,0.1911,0.4923,0.5077
S02932,6,1,1,72.05,14.26,0,3,1,0,34.5892,90.74,0.0,0.6154,0.688
S02933,2,0,1,66.74,57.68,24,3,0,0,46.7025,42.32,0.0737,0.4154,0.502
S02934,4,0,0,51.19,30.26,23,1,1,0,36.0431,74.74,0.2895,0.0385,0.7632
S02935,7,1,1,44.93,27.31,6,4,1,0,29.2236,77.69,0.3764,0.6538,0.645
S02936,2,0,1,68.37,24.6,22,3,1,0,46.1681,80.4,0.0511,0.4154,0.6562
S02937,7,0,1,83.88,32.89,25,2,1,0,52.2287,72.11,0.1642,0.3769,0.6114
S02938,6,0,1,63.4,17.45,2,5,0,0,36.1618,82.55,0.1201,0.4923,0.6806
S02939,8,0,1,93.42,51.22,46,1,0,0,66.5792,48.78,0.2966,0.3385,0.4775
S02940,2,1,1,68.92,41.095,20,6,1,0,50.9709,63.905,0.0434,0.7308,0.4945
S02941,6,0,1,72.05,29.92,23,1,1,0,44.3871,75.08,0.0,0.3385,0.6603
S02942,8,0,1,67.66,43.14,16,0,0,0,36.5555,56.86,0.0609,0.3,0.6245
S02943,7,1,1,86.72,39.95,25,5,0,0,59.1339,60.05,0.2036,0.6923,0.4602
S02944,2,0,1,57.62,11.01,19,2,1,0,38.1653,93.99,0.2003,0.3769,0.7482
S02945,7,1,1,70.07,35.86,13,3,0,0,41.5091,64.14,0.0275,0.6154,0.5574
S02946,1,0,0,63.79,37.28,33,1,1,0,47.0153,67.72,0.1146,0.0385,0.6967
S02947,5,1,1,63.58,97.37062546107684,26,4,2,0,48.548,12.6294,0.1176,0.6538,0.3171
S02948,4,0,1,72.53,97.19918275645796,27,2,1,0,48.8751,7.8008,0.0067,0.3769,0.3659
S02949,5,0,1,70.3,41.095,21,4,1,0,48.2699,63.905,0.0243,0.4538,0.5732
S02950,5,1,0,87.78,43.65,22,2,0,0,52.009,56.35,0.2183,0.2769,0.5741
S02951,1,1,0,71.84,38.25,31,0,0,0,47.1258,61.75,0.0029,0.2,0.6321
S02952,5,1,1,80.33,53.1,30,1,0,0,51.8517,46.9,0.1149,0.5385,0.4715
S02953,8,1,1,74.59,27.45,20,1,0,0,43.6235,72.55,0.0353,0.5385,0.6029
S02954,4,0,1,93.06,58.99,21,2,0,0,53.5278,41.01,0.2916,0.3769,0.4825
S02955,3,1,0,67.46,27.15,8,2,1,0,35.5759,77.85,0.0637,0.2769,0.7177
S02956,8,1,1,67.51,21.96,21,3,1,0,45.2309,83.04,0.063,0.6154,0.62
S02957,1,0,1,83.18,50.46,24,2,1,0,51.3554,54.54,0.1545,0.3769,0.5442
S02958,4,0,0,67.26,39.78,30,2,1,0,48.5468,65.22,0.0665,0.0769,0.6717
S02959,5,0,1,79.48,36.24,33,5,0,0,60.9837,63.76,0.1031,0.4923,0.5185
S02960,4,1,1,100.0,60.57,33,0,0,0,59.5763,39.43,0.3879,0.5,0.4242
S02961,8,0,1,57.32,25.93,16,3,1,0,38.1888,79.07,0.2044,0.4154,0.6788
S02962,4,0,0,94.98,41.095,21,3,0,0,56.2189,58.905,0.3183,0.1154,0.61
S02963,8,1,1,64.62,38.48,28,4,0,0,50.1505,61.52,0.1031,0.6538,0.5071
S02964,1,1,0,92.07,55.86,29,5,0,0,63.6468,44.14,0.2779,0.3923,0.4557
S02965,6,0,1,82.29,45.51,31,1,1,0,53.2289,59.49,0.1421,0.3385,0.567
S02966,5,1,1,81.0,34.73,35,2,0,0,57.0089,65.27,0.1242,0.5769,0.5173
S02967,2,0,0,69.74,45.02,17,5,0,0,47.5961,54.98,0.0321,0.1923,0.6053
S02968,2,1,1,68.24,97.00024010803573,14,0,1,0,35.6011,7.9998,0.0529,0.5,0.3824
S02969,6,0,1,72.05,23.37,38,1,2,0,53.2854,86.63,0.0,0.3385,0.6754
S02970,6,0,1,72.09,38.29,27,0,0,0,44.8529,61.71,0.0006,0.3,0.6149
S02971,5,1,0,69.24,30.33,19,2,0,0,42.8133,69.67,0.039,0.2769,0.6596
S02972,1,0,1,74.87,55.44,33,1,1,0,51.4473,49.56,0.0391,0.3385,0.5335
S02973,5,0,1,50.84,19.72,12,2,1,0,31.3008,85.28,0.2944,0.3769,0.7373
S02974,8,0,0,72.34,40.26,25,2,0,0,47.6127,59.74,0.004,0.0769,0.6531
S02975,1,1,0,90.94,54.31,25,3,0,0,56.9757,45.69,0.2622,0.3154,0.5045
S02976,4,1,0,86.16,48.48,27,3,0,0,56.2502,51.52,0.1958,0.3154,0.5304
S02977,4,1,1,72.35,49.07,22,3,0,1,47.7601,50.93,0.0042,0.6154,0.4827
S02978,8,1,0,100.0,63.53,26,5,0,0,65.0391,36.47,0.3879,0.3923,0.4202
S02979,3,1,0,63.34,26.48,21,3,0,0,43.5629,73.52,0.1209,0.3154,0.6628
S02980,4,0,1,70.7,40.41,17,0,2,0,38.3647,69.59,0.0187,0.3,0.6691
S02981,6,0,0,50.24,45.84,22,7,1,0,46.6084,59.16,0.3027,0.2692,0.6062
S02982,1,1,1,65.95,26.83,18,4,0,0,44.7503,73.17,0.0847,0.6538,0.5726
S02983,7,1,0,98.82,37.02,18,4,0,0,57.8983,62.98,0.3715,0.3538,0.5608
S02984,7,1,1,66.52,45.97,25,2,1,0,45.2847,59.03,0.0768,0.5769,0.5334
S02985,6,1,1,49.08,21.58,19,7,0,0,44.3647,78.42,0.3188,0.7692,0.5661
S02986,6,0,1,85.08,76.4,45,6,0,0,72.2654,23.6,0.1808,0.5308,0.3088
S02987,6,1,1,77.84,40.18,25,3,0,0,51.7357,59.82,0.0804,0.6154,0.5044
S02988,7,1,1,84.46,38.62,28,1,1,0,52.3172,66.38,0.1722,0.5385,0.5478
S02989,8,1,1,67.54,34.21,25,1,0,0,43.7696,65.79,0.0626,0.5385,0.5753
S02990,4,1,0,56.89,49.57,25,4,0,0,45.2788,50.43,0.2104,0.3538,0.5548
S02991,4,1,1,69.25,29.42,29,8,2,0,60.288,80.58,0.0389,0.8077,0.5094
S02992,6,1,1,80.32,42.65,28,3,1,0,54.5074,62.35,0.1148,0.6154,0.5048
S02993,2,0,1,70.92,99.92261815608512,22,0,0,0,41.4188,0.0774,0.0157,0.3,0.3803
S02994,7,1,1,77.82,21.02,31,4,0,0,57.2101,78.98,0.0801,0.6538,0.5522
S02995,7,0,1,3.532500000000013,99.93222686473464,19,0,1,0,12.6842,5.0678,0.951,0.3,0.5009
S02996,6,0,1,78.38,36.44,14,0,0,0,39.6571,63.56,0.0879,0.3,0.6404
S02997,3,0,1,71.95,25.1,10,1,0,0,36.6353,74.9,0.0014,0.3385,0.6868
S02998,3,0,1,61.41,39.8,16,7,2,0,47.5171,70.2,0.1477,0.5692,0.5722
S02999,4,0,0,74.1,49.58,22,1,0,0,44.6139,50.42,0.0285,0.0385,0.6359
S03000,6,1,1,66.2,47.88,40,2,1,0,54.055,57.12,0.0812,0.5769,0.4951
S03001,7,1,1,81.26,33.4,25,2,0,0,51.1807,66.6,0.1278,0.5769,0.543
S03002,6,1,0,85.1,39.0,28,1,0,0,52.5732,61.0,0.1811,0.2385,0.6004
S03003,8,0,0,79.52,53.56,22,3,0,0,50.6281,46.44,0.1037,0.1154,0.5797
S03004,8,0,1,47.48,51.69,22,2,2,0,35.889,58.31,0.341,0.3769,0.6134
S03005,6,1,0,57.53,41.78,19,5,2,0,43.8986,68.22,0.2015,0.3923,0.6212
S03006,3,1,1,62.45,36.64,14,8,0,0,48.6697,63.36,0.1332,0.8077,0.4812
S03007,5,0,0,60.06,19.25,10,1,3,0,31.8793,95.75,0.1664,0.0385,0.8618
S03008,4,1,1,63.86,34.5,16,3,1,0,40.8048,70.5,0.1137,0.6154,0.5853
S03009,6,1,1,85.88,31.77,21,1,0,0,48.7327,68.23,0.192,0.5385,0.5677
S03010,7,1,1,82.48,50.6,22,4,0,0,53.7352,49.4,0.1448,0.6538,0.4461
S03011,3,1,1,65.64,33.0,21,0,1,0,38.7136,72.0,0.089,0.5,0.6275
S03012,5,1,0,80.88,31.5,22,4,0,0,53.0952,68.5,0.1226,0.3538,0.5997
S03013,1,1,1,76.93,44.22,36,4,1,0,59.8202,60.78,0.0677,0.6538,0.4703
S03014,6,0,1,71.51,48.52,32,6,0,0,59.1255,51.48,0.0075,0.5308,0.4663
S03015,4,0,1,89.22,51.15,27,0,0,0,51.7049,48.85,0.2383,0.3,0.5394
S03016,4,0,1,62.08,30.82,11,0,1,1,31.3574,74.18,0.1384,0.3,0.712
S03017,5,1,0,72.79,96.98542598500885,22,6,0,0,53.7053,3.0146,0.0103,0.4308,0.3164
S03018,2,1,1,56.24,19.55,22,4,0,0,43.2392,80.45,0.2194,0.6538,0.607
S03019,5,0,1,56.96,21.07,17,2,0,1,36.7149,78.93,0.2094,0.3769,0.693
S03020,6,1,1,51.59,17.7,12,8,0,1,43.1393,82.3,0.284,0.8077,0.5763
S03021,3,0,0,57.21,13.97,22,1,0,0,37.8579,86.03,0.206,0.0385,0.802
S03022,2,0,0,73.25,40.66,23,3,0,0,48.7133,59.34,0.0167,0.1154,0.638
S03023,4,1,1,67.46,21.05,18,2,0,1,41.5081,78.95,0.0637,0.5769,0.6263
S03024,2,0,1,67.95,38.88,19,1,1,0,40.3743,66.12,0.0569,0.3385,0.6385
S03025,3,0,0,67.51,41.095,22,4,0,0,47.7472,58.905,0.063,0.1538,0.6301
S03026,6,0,0,98.59,62.16,31,3,0,0,63.5951,37.84,0.3684,0.1154,0.4999
S03027,1,0,1,54.94,32.97,17,4,1,0,39.7531,72.03,0.2375,0.4538,0.6355
S03028,6,1,1,53.34,12.6,22,6,2,0,45.9253,97.4,0.2597,0.7308,0.6462
S03029,2,1,1,72.05,38.78,21,5,0,0,50.893,61.22,0.0,0.6923,0.4937
S03030,8,1,1,70.92,35.16,16,3,2,0,43.6288,74.84,0.0157,0.6154,0.5928
S03031,6,1,1,79.72,51.16,16,3,1,0,47.1488,53.84,0.1065,0.6154,0.4965
S03032,3,0,0,81.28,40.65,19,2,0,0,47.6293,59.35,0.1281,0.0769,0.6515
S03033,5,1,1,86.17,28.68,22,2,0,1,51.365,71.32,0.196,0.5769,0.5613
S03034,1,0,0,70.38,99.30699186593098,56,5,0,0,70.9877,0.693,0.0232,0.1923,0.3062
S03035,1,0,1,66.06,27.92,7,6,0,0,42.115,72.08,0.0831,0.5308,0.6082
S03036,8,1,1,72.05,50.73,35,6,0,0,61.1212,49.27,0.0,0.7308,0.4005
S03037,7,0,1,30.24,26.28,18,2,2,1,26.6201,83.72,0.5803,0.3769,0.7475
S03038,2,0,1,72.94,98.95119107965525,22,0,1,0,42.2268,6.0488,0.0124,0.3,0.4014
S03039,3,0,0,78.45,46.61,22,4,0,0,52.1232,53.39,0.0888,0.1538,0.5927
S03040,2,1,1,100.0,39.23,19,3,0,0,57.0404,60.77,0.3879,0.6154,0.4896
S03041,4,0,1,47.09,29.82,15,1,1,0,29.6574,75.18,0.3464,0.3385,0.7123
S03042,3,0,0,65.7,28.96,7,0,0,0,30.4325,71.04,0.0881,0.0,0.7776
S03043,3,1,1,51.64,19.75,14,6,1,0,40.4995,85.25,0.2833,0.7308,0.6166
S03044,5,0,1,45.03,35.37,6,4,0,0,29.2636,64.63,0.375,0.4538,0.6426
S03045,2,1,0,68.93,29.87,3,3,0,0,35.1209,70.13,0.0433,0.3154,0.6787
S03046,8,0,1,84.5,45.24,39,0,0,0,56.9356,54.76,0.1728,0.3,0.5448
S03047,6,1,1,90.09,44.22,19,5,1,0,56.9226,60.78,0.2504,0.6923,0.4708
S03048,7,1,1,64.02,36.26,22,0,1,0,38.6588,68.74,0.1115,0.5,0.6147
S03049,2,0,1,82.0,61.99,25,1,0,0,49.5536,38.01,0.1381,0.3385,0.494
S03050,6,1,1,69.03,41.095,18,2,0,0,42.1361,58.905,0.0419,0.5769,0.5439
S03051,7,0,0,80.35,40.12,22,4,0,0,52.8832,59.88,0.1152,0.1538,0.616
S03052,2,1,1,89.32,53.84,23,6,0,0,60.9105,46.16,0.2397,0.7308,0.3888
S03053,7,1,0,69.09,41.09,24,1,0,0,43.7964,58.91,0.0411,0.2385,0.6227
S03054,3,1,1,88.15,41.095,31,6,0,0,65.1883,58.905,0.2235,0.7308,0.4248
S03055,7,1,1,53.8,10.59,5,6,1,0,36.0246,94.41,0.2533,0.7308,0.6689
S03056,4,1,1,81.85,38.8,28,0,0,0,49.3502,61.2,0.136,0.5,0.5471
S03057,7,1,1,87.51,97.23993402200811,20,7,0,0,60.3299,2.7601,0.2146,0.7692,0.2076
S03058,2,0,1,85.95,32.45,18,2,0,0,48.9041,67.55,0.1929,0.3769,0.6048
S03059,4,1,0,54.22,35.2,18,2,0,0,36.2121,64.8,0.2475,0.2769,0.6632
S03060,3,1,0,68.91,46.0,18,4,1,0,45.9343,59.0,0.0436,0.3538,0.5868
S03061,2,1,1,76.53,31.15,27,6,0,0,58.1674,68.85,0.0622,0.7308,0.4891
S03062,3,0,1,78.65,41.095,28,5,1,0,57.6856,63.905,0.0916,0.4923,0.5306
S03063,4,0,0,73.74,47.48,12,1,0,0,38.5377,52.52,0.0235,0.0385,0.6656
S03064,2,1,1,93.44,64.15,36,5,0,0,68.3473,35.85,0.2969,0.6923,0.3311
S03065,6,1,1,52.57,26.84,18,5,1,0,41.3214,78.16,0.2704,0.6923,0.5949
S03066,5,0,1,68.4,30.52,16,5,2,1,46.4669,79.48,0.0507,0.4923,0.6322
S03067,7,0,1,46.68,39.84,12,3,0,0,31.5599,60.16,0.3521,0.4154,0.6263
S03068,6,0,1,81.32,62.26,32,0,0,0,51.5111,37.74,0.1287,0.3,0.4957
S03069,2,0,0,80.32,58.64,23,2,0,0,49.6182,41.36,0.1148,0.0769,0.5726
S03070,1,1,1,100.0,62.35,49,0,0,0,69.0678,37.65,0.3879,0.5,0.3839
S03071,4,0,1,87.4,52.74,40,3,0,0,64.458,47.26,0.213,0.4154,0.4596
S03072,4,0,0,76.97,32.21,25,2,1,0,49.4647,72.79,0.0683,0.0769,0.6988
S03073,2,0,1,75.82,43.92,22,0,0,0,43.3788,56.08,0.0523,0.3,0.5975
S03074,7,0,1,67.25,32.12,19,0,0,0,38.1712,67.88,0.0666,0.3,0.6629
S03075,5,1,1,73.96,38.61,18,0,0,0,40.262,61.39,0.0265,0.5,0.5796
S03076,6,0,0,76.14,19.88,25,3,2,0,51.0557,90.12,0.0568,0.1154,0.7529
S03077,1,0,1,42.53,98.08423054110682,59,2,0,1,55.8582,1.9158,0.4097,0.3769,0.3179
S03078,7,0,1,74.95,49.69,13,6,1,0,49.2303,55.31,0.0402,0.5308,0.5162
S03079,2,1,1,73.52,44.96,28,4,1,0,53.7105,60.04,0.0204,0.6538,0.4887
S03080,4,1,0,98.31,31.32,39,6,0,0,73.9981,68.68,0.3645,0.4308,0.508
S03081,4,0,0,70.02,47.83,26,5,0,0,53.0471,52.17,0.0282,0.1923,0.5749
S03082,7,1,1,60.52,45.25,17,4,1,0,41.9851,59.75,0.16,0.6538,0.5286
S03083,3,0,0,76.03,29.17,28,0,0,0,47.0222,70.83,0.0552,0.0,0.7187
S03084,2,1,1,73.12,48.05,33,3,0,0,54.5935,51.95,0.0149,0.6154,0.4629
S03085,3,0,0,70.04,35.5,21,4,0,0,48.1659,64.5,0.0279,0.1538,0.651
S03086,3,1,1,52.82,96.80049972769834,16,7,0,0,44.0811,3.1995,0.2669,0.7692,0.2662
S03087,2,1,1,69.66,54.35,39,2,0,0,54.8457,45.65,0.0332,0.5769,0.4464
S03088,2,0,0,63.31,34.65,22,3,0,1,44.1441,65.35,0.1213,0.1154,0.678
S03089,2,0,1,68.75,34.69,13,6,0,0,46.7503,65.31,0.0458,0.5308,0.5649
S03090,4,0,1,82.98,67.71,33,1,0,0,54.6913,32.29,0.1517,0.3385,0.4531
S03091,3,0,1,61.88,96.28569140776864,22,5,0,0,47.4182,3.7143,0.1412,0.4923,0.3258
S03092,4,0,1,68.68,43.5,16,2,2,0,40.8097,66.5,0.0468,0.3769,0.6289
S03093,6,0,1,80.12,43.57,17,2,1,0,45.9789,61.43,0.112,0.3769,0.5906
S03094,2,1,1,67.96,33.2,23,1,2,0,42.7511,76.8,0.0568,0.5385,0.6229
S03095,8,0,1,100.0,55.54,32,3,0,0,64.7523,44.46,0.3879,0.4154,0.4474
S03096,7,1,1,75.73,38.26,14,1,0,0,40.5202,61.74,0.0511,0.5385,0.5705
S03097,2,0,1,53.37,30.65,15,0,1,1,30.2463,74.35,0.2593,0.3,0.7165
S03098,3,0,1,59.41,10.83,17,0,0,0,33.8487,89.17,0.1754,0.3,0.7632
S03099,2,0,0,57.9,25.99,17,2,1,0,37.0909,79.01,0.1964,0.0769,0.767
S03100,3,1,1,59.62,32.74,22,1,0,0,38.8219,67.26,0.1725,0.5385,0.5985
S03101,3,0,1,80.05,34.33,11,2,1,0,42.3916,70.67,0.111,0.3769,0.6401
S03102,2,0,1,55.4,30.19,8,7,0,0,40.3673,69.81,0.2311,0.5692,0.5957
S03103,1,1,1,67.03,53.59,17,1,1,0,38.8198,51.41,0.0697,0.5385,0.5351
S03104,4,1,1,89.14,61.4,39,2,0,0,62.6377,38.6,0.2372,0.5769,0.3909
S03105,6,1,1,64.2,50.22,39,8,3,0,64.2002,64.78,0.109,0.8077,0.4325
S03106,3,0,1,82.07,41.095,26,2,0,0,52.0979,58.905,0.1391,0.3769,0.5591
S03107,7,0,1,46.76,40.16,14,2,0,0,30.8552,59.84,0.351,0.3769,0.6371
S03108,3,1,1,66.44,56.26,1,3,0,0,32.9385,43.74,0.0779,0.6154,0.5058
S03109,8,1,1,58.71,39.36,25,4,1,1,46.0068,65.64,0.1851,0.6538,0.5381
S03110,2,1,0,76.5,47.71,28,3,0,0,52.9794,52.29,0.0618,0.3154,0.5449
S03111,5,0,1,56.48,98.03042580856192,19,0,1,0,33.8632,6.9696,0.2161,0.3,0.4344
S03112,7,0,0,100.0,55.84,23,1,0,0,55.5671,44.16,0.3879,0.0385,0.5725
S03113,1,1,1,47.41,97.09130175463756,29,4,0,1,43.8597,2.9087,0.342,0.6538,0.2947
S03114,8,1,1,89.04,57.6,41,3,0,0,65.7073,42.4,0.2358,0.6154,0.3858
S03115,3,0,1,85.17,42.41,30,1,0,0,53.7877,57.59,0.1821,0.3385,0.5575
S03116,4,1,1,76.65,57.26,32,4,2,0,57.3354,52.74,0.0638,0.6538,0.4468
S03117,6,1,1,72.82,72.91,23,7,1,0,56.2336,32.09,0.0107,0.7692,0.3392
S03118,6,0,1,99.82,63.24,39,4,0,0,70.7559,36.76,0.3854,0.4538,0.3859
S03119,1,0,1,100.0,60.24,22,1,0,0,54.9739,39.76,0.3879,0.3385,0.482
S03120,7,1,1,68.89,42.0,3,4,0,0,37.028,58.0,0.0439,0.6538,0.539
S03121,5,0,1,74.37,26.41,13,1,1,0,39.3829,78.59,0.0322,0.3385,0.6919
S03122,8,1,1,63.71,40.48,13,1,1,0,35.1189,64.52,0.1158,0.5385,0.6005
S03123,4,1,1,54.46,32.14,11,2,0,0,32.1556,67.86,0.2441,0.5769,0.6147
S03124,5,0,1,78.95,31.65,29,5,0,0,58.3988,68.35,0.0958,0.4923,0.5459
S03125,4,1,1,75.74,97.02869288755572,56,2,0,0,67.3625,2.9713,0.0512,0.5769,0.2319
S03126,8,0,1,47.85,0.0,13,2,1,1,30.698,100.0,0.3359,0.3769,0.7983
S03127,7,0,1,78.84,22.14,15,0,0,0,40.4343,77.86,0.0942,0.3,0.6949
S03128,8,1,1,76.25,25.04,14,4,1,0,46.4974,79.96,0.0583,0.6538,0.5936
S03129,5,1,0,62.98,20.88,20,3,0,1,42.8256,79.12,0.1259,0.3154,0.6877
S03130,7,0,1,62.0,46.18,14,0,0,0,33.1051,53.82,0.1395,0.3,0.6244
S03131,3,1,1,78.36,32.04,25,8,0,0,61.5591,67.96,0.0876,0.8077,0.4545
S03132,4,1,1,96.13,58.87,35,2,0,0,63.0609,41.13,0.3342,0.5769,0.3996
S03133,7,1,1,3.532500000000013,99.5336495224708,38,0,1,0,23.9554,5.4664,0.951,0.5,0.413
S03134,1,1,1,83.71,45.21,26,6,0,0,60.4462,54.79,0.1618,0.7308,0.4249
S03135,6,0,0,59.52,35.19,32,3,1,0,48.5603,69.81,0.1739,0.1154,0.6804
S03136,1,0,1,65.79,30.71,23,0,1,0,39.9601,74.29,0.0869,0.3,0.6823
S03137,5,1,1,81.12,55.49,31,3,0,0,56.6071,44.51,0.1259,0.6154,0.4261
S03138,4,0,0,51.62,8.01,24,4,0,0,42.5776,91.99,0.2836,0.1538,0.7805
S03139,4,1,1,75.11,54.84,29,6,0,0,58.7859,45.16,0.0425,0.7308,0.3922
S03140,4,0,1,79.4,36.92,19,1,0,0,44.9543,63.08,0.102,0.3385,0.6104
S03141,4,0,1,71.42,46.24,31,1,0,0,48.8809,53.76,0.0087,0.3385,0.5593
S03142,4,0,1,76.79,47.95,21,0,0,0,43.1736,52.05,0.0658,0.3,0.5821
S03143,4,0,0,72.87,54.71,25,2,0,0,47.8247,45.29,0.0114,0.0769,0.5945
S03144,5,0,1,62.67,97.2637321932485,59,0,2,0,60.068,12.7363,0.1302,0.3,0.3657
S03145,7,1,0,54.33,29.94,25,2,1,1,40.4087,75.06,0.2459,0.2769,0.6896
S03146,5,1,1,70.65,25.02,25,2,0,0,46.9367,74.98,0.0194,0.5769,0.5914
S03147,6,0,0,91.57,49.46,18,2,0,0,51.1521,50.54,0.2709,0.0769,0.6039
S03148,7,0,0,87.37,77.81,45,1,0,0,63.566,22.19,0.2126,0.0385,0.4567
S03149,8,1,0,66.82,34.9,27,3,0,0,48.5142,65.1,0.0726,0.3154,0.6118
S03150,1,0,0,66.51,32.19,16,1,0,0,38.0186,67.81,0.0769,0.0385,0.7285
S03151,6,0,1,65.4,36.44,11,5,0,0,42.3008,63.56,0.0923,0.4923,0.5831
S03152,2,0,1,65.41,39.28,22,5,1,0,48.8302,65.72,0.0922,0.4923,0.5689
S03153,2,1,1,76.32,46.58,16,2,0,0,43.8657,53.42,0.0593,0.5769,0.5159
S03154,7,1,1,87.86,52.19,35,2,0,0,59.7529,47.81,0.2194,0.5769,0.4379
S03155,1,1,1,100.0,70.31,41,1,0,0,66.2451,29.69,0.3879,0.5385,0.3523
S03156,7,1,1,59.55,25.69,13,3,0,0,37.3011,74.31,0.1735,0.6154,0.6128
S03157,7,1,1,81.77,43.67,20,4,0,1,52.2647,56.33,0.1349,0.6538,0.4789
S03158,8,0,1,80.14,33.5,22,1,0,0,47.0299,66.5,0.1123,0.3385,0.6168
S03159,6,0,0,67.05,26.86,13,4,0,0,42.2242,73.14,0.0694,0.1538,0.7063
S03160,7,0,1,56.61,33.29,19,0,2,0,33.9152,76.71,0.2143,0.3,0.7131
S03161,1,0,0,76.13,43.98,22,3,0,0,49.2721,56.02,0.0566,0.1154,0.6228
S03162,8,1,1,100.0,68.82,38,5,0,0,72.1578,31.18,0.3879,0.6923,0.2991
S03163,2,0,0,76.04,42.27,17,4,0,0,48.1931,57.73,0.0554,0.1538,0.6238
S03164,3,0,1,60.19,35.39,25,3,0,0,44.6757,64.61,0.1646,0.4154,0.5982
S03165,2,0,1,69.64,30.14,14,2,0,0,40.0072,69.86,0.0334,0.3769,0.6452
S03166,4,1,1,54.9,34.98,23,4,1,0,43.2964,70.02,0.238,0.6538,0.5651
S03167,6,1,0,72.28,43.78,11,4,0,0,43.1297,56.22,0.0032,0.3538,0.5855
S03168,3,1,1,82.25,45.63,39,2,0,0,59.8817,54.37,0.1416,0.5769,0.4637
S03169,7,0,0,61.61,59.84,15,1,1,0,35.4654,45.16,0.1449,0.0385,0.6469
S03170,5,0,0,23.17,0.69,10,3,1,1,20.9694,100.0,0.6784,0.1154,0.8978
S03171,6,1,1,76.15,36.88,29,5,0,0,57.2788,63.12,0.0569,0.6923,0.4789
S03172,8,1,1,64.48,26.17,10,3,0,0,37.4934,73.83,0.1051,0.6154,0.6102
S03173,4,1,0,60.74,46.16,25,1,0,0,41.0496,53.84,0.157,0.2385,0.6121
S03174,3,0,0,60.61,45.84,14,1,0,0,34.4722,54.16,0.1588,0.0385,0.6864
S03175,8,0,1,78.0,38.87,22,6,2,0,55.7893,71.13,0.0826,0.5308,0.5566
S03176,5,1,1,65.88,25.16,15,5,1,0,44.8657,79.84,0.0856,0.6923,0.5893
S03177,5,1,1,85.96,45.31,40,4,0,0,65.8051,54.69,0.1931,0.6538,0.425
S03178,3,1,1,86.29,53.07,18,1,0,0,47.117,46.93,0.1976,0.5385,0.4882
S03179,2,0,0,72.05,26.92,24,1,2,0,44.9804,83.08,0.0,0.0385,0.7653
S03180,2,0,0,64.19,36.16,15,6,0,0,46.1128,63.84,0.1091,0.2308,0.6363
S03181,2,0,1,73.92,49.46,32,2,0,0,52.3972,50.54,0.026,0.3769,0.5245
S03182,2,1,1,69.82,51.41,40,1,1,0,53.5799,53.59,0.031,0.5385,0.4922
S03183,6,0,1,45.71,14.42,8,4,1,1,30.7221,90.58,0.3656,0.4538,0.7413
S03184,1,0,0,100.0,44.47,34,0,0,0,60.1695,55.53,0.3879,0.0,0.6115
S03185,6,0,1,82.72,44.61,23,2,1,0,50.5782,60.39,0.1481,0.3769,0.5703
S03186,8,1,1,65.05,46.22,28,0,0,0,42.6302,53.78,0.0972,0.5,0.5409
S03187,7,0,1,43.25,18.58,10,4,0,1,30.9245,81.42,0.3997,0.4538,0.704
S03188,4,0,1,72.05,48.59,29,6,0,0,57.5619,51.41,0.0,0.5308,0.4715
S03189,1,1,1,63.18,31.81,16,0,0,0,34.7635,68.19,0.1231,0.5,0.6261
S03190,7,1,0,71.09,54.45,40,5,0,0,61.7802,45.55,0.0133,0.3923,0.4679
S03191,1,1,0,39.54,5.35,0,4,1,0,23.5083,99.65,0.4512,0.3538,0.8279
S03192,6,1,1,64.92,35.24,23,2,1,0,43.4582,69.76,0.099,0.5769,0.5827
S03193,6,0,1,65.83,53.38,20,5,1,0,47.8118,51.62,0.0863,0.4923,0.5161
S03194,2,1,1,69.12,32.27,21,3,1,0,45.8749,72.73,0.0407,0.6154,0.5765
S03195,6,1,1,68.46,42.48,23,8,0,0,56.4127,57.52,0.0498,0.8077,0.4307
S03196,2,0,1,72.78,40.35,23,3,0,0,48.5253,59.65,0.0101,0.4154,0.5649
S03197,2,1,1,94.82,48.85,32,4,0,0,64.6034,51.15,0.316,0.6538,0.415
S03198,7,0,1,64.27,45.52,23,1,0,0,41.2751,54.48,0.108,0.3385,0.5888
S03199,8,0,0,58.33,32.07,31,7,0,0,55.1834,67.93,0.1904,0.2692,0.6113
S03200,3,0,1,46.09,29.32,0,0,0,0,18.436,70.68,0.3603,0.3,0.7432
S03201,8,0,0,64.33,49.87,34,5,0,0,55.5169,50.13,0.1071,0.1923,0.5581
S03202,8,1,1,50.98,24.11,35,4,1,0,48.847,80.89,0.2924,0.6538,0.5891
S03203,7,0,1,86.4,49.59,14,4,0,0,50.5574,50.41,0.1992,0.4538,0.5112
S03204,2,1,1,70.56,40.29,22,0,1,0,41.2748,64.71,0.0207,0.5,0.5894
S03205,3,0,1,3.532500000000013,98.81599699235768,38,6,0,0,35.4938,1.184,0.951,0.5308,0.3478
S03206,6,0,1,93.99,51.24,38,4,0,0,67.8307,48.76,0.3045,0.4538,0.4442
S03207,8,0,0,59.02,30.92,31,5,0,0,51.6132,69.08,0.1808,0.1923,0.6476
S03208,7,0,0,66.79,42.2,24,5,0,0,50.5687,57.8,0.073,0.1923,0.6061
S03209,4,1,1,91.98,62.56,13,3,0,0,50.2731,37.44,0.2766,0.6154,0.42
S03210,2,1,1,74.84,46.74,34,4,0,0,57.7978,53.26,0.0387,0.6538,0.4473
S03211,8,0,1,79.82,41.5,30,0,1,0,49.7246,63.5,0.1078,0.3,0.605
S03212,3,1,1,87.49,54.79,40,0,0,0,58.7248,45.21,0.2143,0.5,0.4503
S03213,3,1,1,85.45,40.51,15,4,0,0,50.7706,59.49,0.186,0.6538,0.4968
S03214,8,1,1,78.16,44.24,15,5,0,0,49.7777,55.76,0.0848,0.6923,0.4757
S03215,5,0,0,92.95,47.8,30,3,1,0,60.7458,57.2,0.2901,0.1154,0.5873
S03216,3,0,0,70.98,15.78,33,4,0,1,55.6606,84.22,0.0149,0.1538,0.7036
S03217,1,1,1,79.79,51.85,38,6,0,0,65.9968,48.15,0.1074,0.7308,0.3789
S03218,4,1,1,69.35,41.095,16,5,2,0,46.8469,68.905,0.0375,0.6923,0.5386
S03219,8,0,1,87.31,36.42,25,5,1,0,59.3699,68.58,0.2118,0.4923,0.5435
S03220,4,1,1,61.49,42.94,42,6,1,0,61.0497,62.06,0.1466,0.7308,0.4519
S03221,6,0,1,46.76,35.49,9,1,1,0,25.9661,69.51,0.351,0.3385,0.7025
S03222,3,1,1,81.82,39.53,31,5,0,0,60.7332,60.47,0.1356,0.6923,0.4562
S03223,7,0,1,56.7,27.93,13,0,0,0,30.3919,72.07,0.213,0.3,0.7069
S03224,7,1,0,55.21,27.71,20,4,1,0,41.6407,77.29,0.2337,0.3538,0.675
S03225,5,0,1,90.97,33.55,22,0,1,0,49.4388,71.45,0.2626,0.3,0.6378
S03226,7,0,0,86.49,47.66,21,1,0,0,48.9767,52.34,0.2004,0.0385,0.6283
S03227,5,1,1,66.86,35.11,18,4,1,0,45.1143,69.89,0.072,0.6538,0.5582
S03228,4,0,1,26.32,34.14,2,0,2,1,11.7144,75.86,0.6347,0.3,0.7874
S03229,6,1,1,80.0,50.56,23,7,0,0,59.1056,49.44,0.1103,0.7692,0.3986
S03230,7,1,1,81.94,55.95,30,0,0,0,50.5726,44.05,0.1373,0.5,0.4742
S03231,7,0,1,79.75,43.54,40,6,0,0,67.1673,56.46,0.1069,0.5308,0.4581
S03232,2,0,1,79.06,49.05,22,2,0,0,48.521,50.95,0.0973,0.3769,0.5398
S03233,6,1,0,69.28,40.25,14,7,1,0,49.4786,64.75,0.0384,0.4692,0.5685
S03234,1,1,1,65.84,12.15,20,2,1,0,42.0466,92.85,0.0862,0.5769,0.68
S03235,5,1,1,55.41,38.47,10,2,0,0,31.9424,61.53,0.231,0.5769,0.5901
S03236,5,0,1,61.54,26.5,6,0,0,0,28.1753,73.5,0.1459,0.3,0.7204
S03237,3,1,1,76.82,38.22,22,6,1,0,55.3173,66.78,0.0662,0.7308,0.4908
S03238,8,0,1,4.125279468751555,95.1891804962615,22,3,0,0,20.4702,4.8108,0.9427,0.4154,0.4437
S03239,8,1,1,83.85,41.33,28,0,0,0,50.1502,58.67,0.1638,0.5,0.5342
S03240,1,0,1,50.9,23.75,0,3,0,0,26.1292,76.25,0.2935,0.4154,0.7097
S03241,2,0,1,47.11,19.37,9,3,1,1,29.9522,85.63,0.3461,0.4154,0.7338
S03242,2,1,1,66.3,48.18,9,5,0,0,41.4744,51.82,0.0798,0.6923,0.489
S03243,8,1,1,56.7,48.39,17,3,1,0,38.534,56.61,0.213,0.6154,0.5377
S03244,5,0,1,74.79,41.095,24,2,0,0,47.9994,58.905,0.038,0.3769,0.5734
S03245,6,1,1,52.35,34.66,16,7,0,0,43.8931,65.34,0.2734,0.7692,0.5154
S03246,7,0,0,72.05,64.3,23,0,0,0,42.4641,35.7,0.0,0.0,0.5942
S03247,7,0,1,72.05,98.31517107258504,22,5,0,0,51.4862,1.6848,0.0,0.4923,0.3035
S03248,1,0,1,95.89,51.11,29,2,0,0,59.4055,48.89,0.3309,0.3769,0.4934
S03249,2,0,0,79.86,52.01,28,3,0,0,54.3234,47.99,0.1084,0.1154,0.573
S03250,4,0,1,56.17,27.94,12,2,1,1,33.4328,77.06,0.2204,0.3769,0.697
S03251,3,0,1,100.0,55.18,25,1,0,0,56.7536,44.82,0.3879,0.3385,0.496
S03252,6,0,1,75.98,35.57,17,1,0,0,42.3998,64.43,0.0545,0.3385,0.6247
S03253,2,1,1,74.49,28.95,18,9,0,0,57.7817,71.05,0.0339,0.8462,0.4704
S03254,3,1,1,71.02,27.29,18,6,0,1,50.6244,72.71,0.0143,0.7308,0.531
S03255,2,1,0,72.05,51.5,16,3,0,0,44.0808,48.5,0.0,0.3154,0.5609
S03256,2,0,1,79.88,46.89,22,0,1,0,45.0028,58.11,0.1087,0.3,0.5999
S03257,2,1,1,59.03,46.72,28,3,0,0,45.9914,53.28,0.1807,0.6154,0.4983
S03258,2,0,1,68.8,28.03,19,4,1,0,46.4835,76.97,0.0451,0.4538,0.6317
S03259,5,1,1,73.74,40.68,13,5,0,0,46.8232,59.32,0.0235,0.6923,0.5003
S03260,4,1,1,72.05,41.92,7,5,0,0,42.5879,58.08,0.0,0.6923,0.5102
S03261,4,0,1,81.0,45.97,40,0,0,0,56.1288,54.03,0.1242,0.3,0.5447
S03262,4,0,1,74.47,40.99,22,0,1,0,42.8388,64.01,0.0336,0.3,0.6311
S03263,6,1,1,63.75,51.17,22,2,1,0,42.397,53.83,0.1152,0.5769,0.5227
S03264,7,1,1,72.05,37.18,28,3,0,0,51.1994,62.82,0.0,0.6154,0.5182
S03265,5,1,1,54.13,38.85,22,5,0,0,44.3182,61.15,0.2487,0.6923,0.5164
S03266,6,1,1,80.89,36.6,25,3,0,0,52.9557,63.4,0.1227,0.6154,0.5144
S03267,6,1,1,3.532500000000013,98.78941264802214,9,0,1,0,6.752,6.2106,0.951,0.5,0.4762
S03268,6,0,1,72.05,42.43,37,1,0,0,52.6922,57.57,0.0,0.3385,0.5612
S03269,2,1,1,75.57,38.74,22,5,0,0,52.8942,61.26,0.0489,0.6923,0.4868
S03270,8,0,1,72.06,43.16,19,5,2,0,49.7106,66.84,0.0001,0.4923,0.5703
S03271,2,0,1,71.92,68.36,23,0,0,0,42.4121,31.64,0.0018,0.3,0.5031
S03272,4,0,0,58.43,95.98959844793984,18,3,0,1,39.8192,4.0104,0.189,0.1154,0.4478
S03273,6,1,1,76.03,41.095,28,4,0,0,54.7145,58.905,0.0552,0.6538,0.4807
S03274,4,1,1,67.31,98.83613921641565,24,3,0,0,46.9305,1.1639,0.0658,0.6154,0.2865
S03275,2,0,1,70.7,96.18623619872471,17,6,1,0,49.9032,8.8138,0.0187,0.5308,0.3279
S03276,8,0,1,89.37,51.39,29,4,0,0,60.6437,48.61,0.2404,0.4538,0.4687
S03277,1,0,1,79.58,67.96,29,4,0,0,56.7277,32.04,0.1045,0.4538,0.4162
S03278,2,1,1,63.44,45.79,14,7,0,0,47.1426,54.21,0.1195,0.7692,0.4595
S03279,8,1,1,69.77,66.89,33,0,0,0,47.4843,33.11,0.0316,0.5,0.4412
S03280,6,0,1,95.99,48.5,31,2,0,0,60.632,51.5,0.3323,0.3769,0.4996
S03281,1,0,1,67.39,53.39,34,6,1,0,58.664,51.61,0.0647,0.5308,0.4684
S03282,7,1,1,72.6,35.87,11,2,0,0,39.4116,64.13,0.0076,0.5769,0.5744
S03283,8,0,0,81.96,47.95,31,2,0,0,55.02,52.05,0.1375,0.0769,0.5964
S03284,1,0,1,75.23,38.77,16,3,0,0,45.3528,61.23,0.0441,0.4154,0.5823
S03285,4,0,1,66.41,42.06,15,0,0,0,35.4623,57.94,0.0783,0.3,0.6326
S03286,4,0,1,60.85,38.55,26,5,1,0,49.3791,66.45,0.1554,0.4923,0.5699
S03287,2,0,1,71.85,31.61,21,4,1,0,48.8899,73.39,0.0028,0.4538,0.609
S03288,2,1,0,81.87,95.22420402488918,47,2,1,0,64.4755,9.7758,0.1363,0.2769,0.3442
S03289,2,0,1,91.81,42.96,34,4,0,0,64.5858,57.04,0.2743,0.4538,0.4887
S03290,2,0,0,50.02,25.32,9,1,0,0,27.2701,74.68,0.3058,0.0385,0.7936
S03291,4,1,1,98.44,64.47,36,1,0,0,62.655,35.53,0.3663,0.5385,0.3882
S03292,4,1,1,67.67,48.44,19,5,0,0,47.9546,51.56,0.0608,0.6923,0.4653
S03293,2,0,0,85.87,56.96,34,2,0,0,58.3636,43.04,0.1918,0.0769,0.5487
S03294,3,0,1,60.94,41.095,16,0,2,0,33.8675,68.905,0.1542,0.3,0.6821
S03295,2,1,0,47.84,39.92,17,5,1,0,38.8361,65.08,0.336,0.3923,0.6263
S03296,7,0,0,52.31,16.16,17,1,1,1,32.9318,88.84,0.274,0.0385,0.8305
S03297,2,1,1,67.04,43.29,21,2,0,0,43.1198,56.71,0.0695,0.5769,0.5317
S03298,8,0,1,79.86,54.03,34,4,0,0,59.8058,45.97,0.1084,0.4538,0.4611
S03299,5,0,0,72.47,21.93,8,5,1,0,43.3491,83.07,0.0058,0.1923,0.7325
S03300,7,0,1,68.25,20.25,22,0,0,0,40.3508,79.75,0.0527,0.3,0.7028
S03301,6,1,1,88.77,47.02,23,4,0,0,56.8444,52.98,0.2321,0.6538,0.4495
S03302,3,0,1,72.03,41.095,12,0,0,0,35.9306,58.905,0.0003,0.3,0.6349
S03303,5,0,1,76.2,26.04,17,3,0,0,46.334,73.96,0.0576,0.4154,0.6298
S03304,3,0,1,100.0,48.03,28,1,0,0,58.5332,51.97,0.3879,0.3385,0.5184
S03305,1,1,1,71.88,38.67,22,0,0,0,41.8028,61.33,0.0024,0.5,0.574
S03306,3,0,1,61.56,45.92,21,3,0,0,42.8509,54.08,0.1456,0.4154,0.5625
S03307,3,1,1,79.21,50.95,29,3,0,0,54.6566,49.05,0.0994,0.6154,0.4511
S03308,2,1,1,83.01,49.28,23,4,1,0,54.5404,55.72,0.1521,0.6538,0.4685
S03309,1,0,1,76.51,46.77,37,5,2,0,62.1685,63.23,0.0619,0.4923,0.5123
S03310,8,1,1,74.35,55.18,20,1,0,0,43.5275,44.82,0.0319,0.5385,0.4923
S03311,5,1,1,94.23,49.59,15,5,0,0,56.2057,50.41,0.3078,0.6923,0.4318
S03312,4,0,1,92.36,45.29,27,2,0,0,56.8071,54.71,0.2819,0.3769,0.5258
S03313,8,0,1,70.24,41.095,22,3,0,0,46.9161,58.905,0.0251,0.4154,0.5676
S03314,2,0,1,62.35,23.85,0,0,0,0,24.94,76.15,0.1346,0.3,0.7423
S03315,4,0,1,78.44,45.81,34,0,1,0,51.5455,59.19,0.0887,0.3,0.5814
S03316,7,0,1,62.26,17.11,18,1,0,0,37.505,82.89,0.1359,0.3385,0.7157
S03317,6,1,1,85.28,37.96,18,6,0,0,56.3284,62.04,0.1836,0.7308,0.4683
S03318,4,1,0,78.36,44.71,22,10,0,1,63.6256,55.29,0.0876,0.5846,0.4523
S03319,3,0,1,100.0,51.84,39,1,0,0,65.0587,48.16,0.3879,0.3385,0.4803
S03320,1,0,1,94.1,57.46,37,3,0,0,65.3584,42.54,0.306,0.4154,0.4376
S03321,1,0,0,55.82,16.88,11,2,1,0,32.6996,88.12,0.2253,0.0769,0.8188
S03322,2,0,1,64.22,8.98,9,1,0,0,32.9501,91.02,0.1087,0.3385,0.7641
S03323,7,0,0,43.29,20.93,13,3,2,1,30.7971,89.07,0.3992,0.1154,0.8196
S03324,6,1,1,39.93,24.61,13,3,1,1,29.4531,80.39,0.4458,0.6154,0.6646
S03325,4,1,1,73.71,38.36,22,5,2,0,52.1502,71.64,0.023,0.6923,0.531
S03326,7,0,1,54.11,17.25,11,4,1,0,35.8617,87.75,0.249,0.4538,0.712
S03327,2,1,1,96.62,60.09,30,3,0,0,62.2138,39.91,0.341,0.6154,0.388
S03328,2,1,1,89.37,49.97,29,3,0,0,58.7206,50.03,0.2404,0.6154,0.4407
S03329,4,1,1,72.05,48.14,29,4,2,0,53.7157,61.86,0.0,0.6538,0.496
S03330,8,0,1,67.08,61.35,31,1,0,0,47.1449,38.65,0.069,0.3385,0.505
S03331,5,0,1,94.28,63.89,43,4,0,0,70.9128,36.11,0.3085,0.4538,0.3828
S03332,7,1,0,97.72,64.85,42,0,0,0,64.0033,35.15,0.3563,0.2,0.4666
S03333,2,0,1,58.01,32.06,32,1,1,0,44.1101,72.94,0.1949,0.3385,0.6527
S03334,7,1,0,56.08,34.72,25,4,1,0,44.9548,70.28,0.2217,0.3538,0.6353
S03335,1,0,1,67.48,22.65,16,3,0,0,42.2528,77.35,0.0634,0.4154,0.6577
S03336,2,1,1,78.47,39.99,37,2,0,0,57.1833,60.01,0.0891,0.5769,0.4957
S03337,5,1,1,64.29,33.14,9,2,1,1,34.9011,71.86,0.1077,0.5769,0.6211
S03338,1,0,1,78.78,50.51,44,4,0,0,65.306,49.49,0.0934,0.4538,0.4559
S03339,7,0,0,100.0,46.64,25,3,0,0,60.5997,53.36,0.3879,0.1154,0.5725
S03340,7,1,1,50.91,32.62,22,8,0,0,48.7995,67.38,0.2934,0.8077,0.4968
S03341,5,0,1,65.31,36.6,32,5,0,0,54.7224,63.4,0.0935,0.4923,0.539
S03342,3,1,1,51.2,41.095,19,3,1,0,37.5204,63.905,0.2894,0.6154,0.5704
S03343,1,1,1,59.45,27.19,1,8,0,0,39.7578,72.81,0.1749,0.8077,0.5502
S03344,5,0,1,67.58,98.93102830729342,13,0,0,0,34.7439,1.069,0.062,0.3,0.4077
S03345,5,1,1,61.09,25.5,22,5,0,0,47.1022,74.5,0.1521,0.6923,0.5601
S03346,7,0,1,79.8,59.42,30,1,0,0,51.6397,40.58,0.1076,0.3385,0.497
S03347,5,1,1,74.26,60.1,22,5,1,0,52.3702,44.9,0.0307,0.6923,0.4232
S03348,2,0,1,76.49,43.09,25,0,0,0,45.4265,56.91,0.0616,0.3,0.5936
S03349,1,0,1,67.4,29.79,9,0,0,0,32.299,70.21,0.0645,0.3,0.6928
S03350,7,0,1,68.78,99.9449174350788,35,4,2,0,55.967,10.0551,0.0454,0.4538,0.3309
S03351,2,1,1,66.74,28.76,18,4,0,0,45.0663,71.24,0.0737,0.6538,0.5638
S03352,8,1,1,68.27,52.41,27,0,1,0,43.3249,52.59,0.0525,0.5,0.5337
S03353,1,1,1,78.29,58.77,22,1,1,0,46.2899,46.23,0.0866,0.5385,0.4883
S03354,6,0,1,43.15,14.1,3,4,1,0,26.732,90.9,0.4011,0.4538,0.7566
S03355,8,0,1,76.32,39.73,25,7,1,0,58.82,65.27,0.0593,0.5692,0.5129
S03356,4,1,1,58.97,99.23346232398846,20,8,1,0,50.837,5.7665,0.1815,0.8077,0.2432
S03357,1,1,1,66.92,48.05,19,1,2,0,39.9623,61.95,0.0712,0.5385,0.5733
S03358,8,0,1,48.58,97.25347193212788,21,4,0,0,39.5819,2.7465,0.3257,0.4538,0.359
S03359,2,1,1,66.62,39.84,15,4,1,0,43.2386,65.16,0.0754,0.6538,0.5459
S03360,5,0,1,3.532500000000013,99.25577546295476,24,1,0,0,17.5734,0.7442,0.951,0.3385,0.4568
S03361,8,0,1,78.86,44.64,22,0,1,0,44.5948,60.36,0.0945,0.3,0.6104
S03362,6,1,1,54.21,41.095,35,2,0,0,46.2929,58.905,0.2476,0.5769,0.5294
S03363,1,0,1,78.13,48.75,19,3,0,0,48.2924,51.25,0.0844,0.4154,0.5321
S03364,7,0,1,89.1,56.47,22,4,0,0,56.3832,43.53,0.2366,0.4538,0.4633
S03365,2,1,1,64.59,40.86,34,2,2,0,49.8516,69.14,0.1035,0.5769,0.5579
S03366,6,1,1,72.01,59.99,15,5,0,0,47.3177,40.01,0.0006,0.6923,0.4214
S03367,5,0,0,40.97,6.64,12,5,0,1,33.122,93.36,0.4314,0.1923,0.8094
S03368,3,1,1,58.54,37.37,10,6,0,0,40.8867,62.63,0.1875,0.7308,0.5247
S03369,4,0,1,76.06,29.69,8,1,2,0,37.0928,80.31,0.0557,0.3385,0.7068
S03370,1,0,1,86.33,28.67,21,0,0,0,46.9896,71.33,0.1982,0.3,0.6459
S03371,8,0,1,63.01,12.4,15,3,0,1,39.8715,87.6,0.1255,0.4154,0.707
S03372,2,0,1,100.0,52.19,28,0,1,0,56.6102,52.81,0.3879,0.3,0.5381
S03373,3,0,0,76.71,62.23,22,3,0,0,49.5041,37.77,0.0647,0.1154,0.549
S03374,5,0,1,72.05,47.58,16,3,1,0,44.0808,57.42,0.0,0.4154,0.5715
S03375,6,1,1,91.31,41.03,20,4,0,0,56.0807,58.97,0.2673,0.6538,0.4761
S03376,5,1,1,53.21,24.38,18,0,1,0,31.962,80.62,0.2615,0.5,0.6856
S03377,5,1,1,76.93,43.94,34,2,1,0,54.7876,61.06,0.0677,0.5769,0.5083
S03378,5,1,1,58.06,96.20922934838272,28,3,1,0,45.6034,8.7908,0.1942,0.6154,0.3217
S03379,7,0,0,51.64,96.71108466582363,13,3,0,0,34.1371,3.2889,0.2833,0.1154,0.4648
S03380,4,0,0,86.43,61.73,35,2,0,0,59.1809,38.27,0.1996,0.0769,0.5267
S03381,7,0,1,68.1,41.095,16,2,0,0,40.5777,58.905,0.0548,0.3769,0.5994
S03382,7,1,1,97.89,56.36,29,3,0,0,62.1286,43.64,0.3586,0.6154,0.4033
S03383,8,0,1,56.73,41.095,20,2,1,0,38.4026,63.905,0.2126,0.3769,0.627
S03384,8,0,1,48.61,5.78,11,3,0,1,31.7387,94.22,0.3253,0.4154,0.7619
S03385,7,0,1,64.81,99.03535063695668,10,3,3,1,37.6254,15.9646,0.1005,0.4154,0.4283
S03386,2,0,1,100.0,47.45,39,0,0,0,63.1356,52.55,0.3879,0.3,0.5142
S03387,7,1,0,84.51,27.29,20,5,0,0,55.2838,72.71,0.1729,0.3923,0.5993
S03388,6,1,1,80.31,52.36,21,2,0,0,48.4278,47.64,0.1146,0.5769,0.4768
S03389,3,0,0,80.8,47.09,34,3,0,0,58.2587,52.91,0.1214,0.1154,0.5789
S03390,6,1,0,64.73,29.45,24,4,0,0,47.8216,70.55,0.1016,0.3538,0.6264
S03391,3,1,1,100.0,44.21,34,2,0,0,64.0156,55.79,0.3879,0.5769,0.4549
S03392,5,0,1,78.87,45.47,13,5,1,0,48.8752,59.53,0.0947,0.4923,0.544
S03393,7,0,1,77.46,97.67852721445274,15,6,0,0,51.4208,2.3215,0.0751,0.5308,0.2966
S03394,2,1,0,86.77,35.45,31,3,0,0,58.8671,64.55,0.2043,0.3154,0.5733
S03395,3,0,1,52.9,27.18,21,3,1,0,39.3869,77.82,0.2658,0.4154,0.6696
S03396,7,0,0,58.81,52.34,20,2,1,0,39.2346,52.66,0.1838,0.0769,0.6541
S03397,4,0,1,68.32,46.15,17,5,0,0,47.0281,53.85,0.0518,0.4923,0.5277
S03398,8,1,1,86.87,47.35,24,2,0,0,52.8314,52.65,0.2057,0.5769,0.4815
S03399,1,1,0,52.53,33.29,17,7,0,0,44.5583,66.71,0.2709,0.4692,0.5936
S03400,6,1,1,70.99,29.96,12,4,0,0,43.207,70.04,0.0147,0.6538,0.5655
S03401,7,0,1,68.87,35.86,22,0,0,0,40.5988,64.14,0.0441,0.3,0.6395
S03402,8,0,1,48.38,9.51,22,1,0,1,34.3259,90.49,0.3285,0.3385,0.7572
S03403,2,1,1,64.37,24.42,11,9,0,0,49.5811,75.58,0.1066,0.8462,0.5172
S03404,8,1,1,80.13,50.46,27,3,1,0,53.8382,54.54,0.1121,0.6154,0.4759
S03405,4,1,1,49.75,43.7,19,0,1,0,31.1712,61.3,0.3095,0.5,0.6111
S03406,3,1,1,93.17,57.27,33,8,0,0,72.2289,42.73,0.2931,0.8077,0.3162
S03407,3,0,1,79.02,49.36,16,0,0,1,41.0995,50.64,0.0967,0.3,0.5837
S03408,6,1,1,77.19,14.83,9,3,0,0,41.9842,85.17,0.0713,0.6154,0.6399
S03409,6,1,1,72.12,44.67,22,6,0,0,53.4373,55.33,0.001,0.7308,0.4516
S03410,4,1,1,55.62,26.13,1,5,0,0,32.4566,73.87,0.228,0.6923,0.6088
S03411,1,1,0,62.25,30.16,26,8,1,0,55.7083,74.84,0.136,0.5077,0.5775
S03412,8,0,1,77.43,38.33,16,2,0,0,44.3097,61.67,0.0747,0.3769,0.5974
S03413,2,1,0,62.23,56.73,37,6,1,0,58.3796,48.27,0.1363,0.4308,0.4811
S03414,1,0,1,74.83,42.19,16,2,0,0,43.2697,57.81,0.0386,0.3769,0.5856
S03415,5,0,1,58.52,30.63,21,5,1,0,45.481,74.37,0.1878,0.4923,0.6152
S03416,4,1,1,78.77,59.37,19,5,1,0,52.3946,45.63,0.0933,0.6923,0.4261
S03417,5,1,1,79.89,44.21,24,5,0,0,55.8087,55.79,0.1088,0.6923,0.4548
S03418,8,1,1,47.58,41.7,15,6,0,0,39.4688,58.3,0.3396,0.7308,0.5124
S03419,1,0,0,73.01,40.33,30,4,1,0,54.6929,64.67,0.0133,0.1538,0.6288
S03420,3,0,1,49.17,31.05,22,3,0,1,38.4881,68.95,0.3176,0.4154,0.6372
S03421,5,0,0,44.08,41.47,18,3,1,0,34.0792,63.53,0.3882,0.1154,0.706
S03422,7,1,1,63.09,29.46,28,3,0,0,47.6154,70.54,0.1244,0.6154,0.5617
S03423,5,1,1,100.0,77.69,28,6,0,0,68.1486,22.31,0.3879,0.7308,0.268
S03424,4,1,1,83.63,41.97,32,5,0,0,62.0504,58.03,0.1607,0.6923,0.4419
S03425,5,0,1,72.05,57.38,27,4,0,0,52.5293,42.62,0.0,0.4538,0.4732
S03426,8,1,1,81.13,54.83,34,5,0,0,62.2369,45.17,0.126,0.6923,0.3898
S03427,4,1,0,75.08,30.81,24,12,1,0,67.3462,74.19,0.0421,0.6615,0.4957
S03428,8,0,0,85.43,34.89,32,2,0,0,57.0012,65.11,0.1857,0.0769,0.6417
S03429,7,1,1,62.41,22.68,21,8,0,1,52.8062,77.32,0.1338,0.8077,0.5225
S03430,3,1,1,79.06,41.095,31,6,2,0,61.5523,68.905,0.0973,0.7308,0.4775
S03431,2,0,1,89.66,53.74,22,3,0,0,54.6841,46.26,0.2444,0.4154,0.4898
S03432,7,0,1,82.49,37.18,14,1,0,0,43.2242,62.82,0.1449,0.3385,0.6154
S03433,2,1,1,90.64,49.33,37,3,0,0,63.9744,50.67,0.258,0.6154,0.4249
S03434,3,1,1,74.74,40.49,34,2,0,0,53.9116,59.51,0.0373,0.5769,0.5051
S03435,2,1,0,97.38,52.38,31,1,0,0,59.2649,47.62,0.3516,0.2385,0.5234
S03436,5,1,1,68.88,38.11,28,1,1,0,46.0852,66.89,0.044,0.5385,0.5716
S03437,3,0,1,100.0,44.91,19,4,0,0,58.9635,55.09,0.3879,0.4538,0.5005
S03438,6,1,0,80.6,32.51,21,2,0,0,48.5438,67.49,0.1187,0.2769,0.6308
S03439,8,1,1,66.24,28.73,21,4,0,0,46.6459,71.27,0.0806,0.6538,0.5584
S03440,7,0,1,54.31,31.03,2,2,1,0,26.7566,73.97,0.2462,0.3769,0.708
S03441,8,1,0,59.88,97.31498240002048,6,5,1,0,37.1267,7.685,0.1689,0.3923,0.4027
S03442,1,0,1,57.61,40.68,19,2,0,0,38.1613,59.32,0.2004,0.3769,0.6095
S03443,4,0,1,70.67,37.92,17,0,0,0,38.3527,62.08,0.0192,0.3,0.6391
S03444,2,0,1,52.89,46.79,13,0,1,0,28.8679,58.21,0.2659,0.3,0.6568
S03445,8,1,0,91.39,51.1,26,4,0,0,59.672,48.9,0.2684,0.3538,0.4983
S03446,6,0,1,73.66,41.77,22,0,0,0,42.5148,58.23,0.0223,0.3,0.6091
S03447,3,0,1,73.05,29.16,21,4,0,0,49.3699,70.84,0.0139,0.4538,0.5971
S03448,5,1,1,54.52,16.05,16,6,1,0,42.838,88.95,0.2433,0.7308,0.6232
S03449,5,0,1,60.46,50.21,14,0,0,0,32.4891,49.79,0.1609,0.3,0.6104
S03450,4,1,1,38.69,27.62,6,8,2,0,34.4199,82.38,0.463,0.8077,0.6071
S03451,4,1,1,96.27,40.61,30,5,0,0,65.92,59.39,0.3362,0.6923,0.4338
S03452,1,0,0,50.73,37.27,21,1,1,1,34.6727,67.73,0.2959,0.0385,0.7399
S03453,4,0,1,51.87,35.17,22,2,0,0,37.645,64.83,0.2801,0.3769,0.6333
S03454,3,1,0,93.2,60.88,15,6,0,0,57.7168,39.12,0.2935,0.4308,0.4468
S03455,7,0,0,77.81,30.05,15,3,0,0,45.7915,69.95,0.0799,0.1154,0.6907
S03456,7,0,0,73.81,43.49,31,7,1,1,61.3754,61.51,0.0244,0.2692,0.5639
S03457,7,1,1,77.1,97.8205887371015,19,0,0,0,42.1112,2.1794,0.0701,0.5,0.3363
S03458,1,1,1,86.31,50.21,27,6,0,0,62.0794,49.79,0.1979,0.7308,0.3992
S03459,7,1,0,72.05,44.46,38,0,0,0,51.3624,55.54,0.0,0.2,0.5924
S03460,4,1,1,48.85,36.19,19,3,0,0,36.5804,63.81,0.322,0.6154,0.5734
S03461,4,1,1,83.0,23.79,9,5,0,0,48.1544,76.21,0.152,0.6923,0.5632
S03462,8,1,1,78.34,51.05,36,4,1,0,60.3842,53.95,0.0873,0.6538,0.441
S03463,7,1,1,89.57,36.85,30,4,0,0,61.3169,63.15,0.2432,0.6538,0.4745
S03464,1,1,1,53.26,42.49,19,2,1,0,36.4213,62.51,0.2608,0.5769,0.5783
S03465,3,1,0,61.06,32.3,21,1,0,0,38.8047,67.7,0.1525,0.2385,0.6754
S03466,6,0,1,77.88,45.52,32,4,0,0,57.8274,54.48,0.0809,0.4538,0.5021
S03467,5,0,1,57.83,39.92,17,0,1,1,33.2167,65.08,0.1974,0.3,0.6691
S03468,3,0,1,36.71,16.76,0,5,1,1,24.2994,88.24,0.4905,0.4923,0.7448
S03469,5,0,0,74.96,43.04,22,0,0,0,43.0348,56.96,0.0404,0.0,0.6772
S03470,7,0,1,85.43,36.19,16,3,0,0,49.4328,63.81,0.1857,0.4154,0.5784
S03471,2,0,1,70.07,43.97,36,0,0,0,49.3839,56.03,0.0275,0.3,0.5763
S03472,6,1,1,80.22,33.4,22,4,2,0,52.8312,76.6,0.1134,0.6538,0.558
S03473,6,0,0,78.05,33.17,24,1,0,0,47.3804,66.83,0.0833,0.0385,0.6919
S03474,8,0,1,72.16,40.8,17,1,0,0,40.8718,59.2,0.0015,0.3385,0.6091
S03475,3,0,1,74.04,29.23,26,3,0,0,50.809,70.77,0.0276,0.4154,0.6014
S03476,2,0,1,92.24,51.25,33,3,0,0,62.2415,48.75,0.2802,0.4154,0.4733
S03477,5,1,0,57.54,31.33,12,1,1,1,32.0577,73.67,0.2014,0.2385,0.7229
S03478,5,0,1,83.6,51.88,30,3,0,0,57.0058,48.12,0.1603,0.4154,0.4891
S03479,4,0,1,54.29,7.2,17,3,1,1,37.57,97.8,0.2465,0.4154,0.7559
S03480,7,1,1,60.08,25.89,17,2,0,0,37.9629,74.11,0.1661,0.5769,0.6193
S03481,7,0,1,89.94,55.68,23,2,0,0,53.4662,44.32,0.2483,0.3769,0.4959
S03482,2,0,1,53.85,44.33,34,2,1,0,45.5556,60.67,0.2526,0.3769,0.589
S03483,7,1,1,68.38,43.28,31,5,1,0,55.3572,61.72,0.0509,0.6923,0.4801
S03484,2,1,1,100.0,53.75,38,5,0,0,72.1578,46.25,0.3879,0.6923,0.3594
S03485,4,1,0,87.38,51.51,37,5,0,0,66.5165,48.49,0.2128,0.3923,0.4631
S03486,1,1,1,60.94,38.68,21,6,1,0,48.3721,66.32,0.1542,0.7308,0.5133
S03487,3,1,0,63.51,30.19,17,8,1,0,50.8734,74.81,0.1185,0.5077,0.5943
S03488,8,0,1,69.45,41.095,0,3,1,0,33.5492,63.905,0.0361,0.4154,0.6343
S03489,4,1,1,91.68,56.16,20,4,0,0,56.2287,43.84,0.2724,0.6538,0.4151
S03490,6,1,1,56.98,36.38,34,0,1,0,42.9615,68.62,0.2092,0.5,0.5991
S03491,1,0,1,72.05,41.05,26,2,1,0,48.0899,63.95,0.0,0.3769,0.5933
S03492,6,1,0,82.7,41.86,28,9,2,0,66.9979,68.14,0.1478,0.5462,0.5015
S03493,3,0,1,46.78,95.70107989430667,1,2,1,1,23.1514,9.2989,0.3507,0.3769,0.4619
S03494,6,1,0,58.33,40.74,23,5,1,0,46.5915,64.26,0.1904,0.3923,0.5959
S03495,8,1,1,70.72,57.69,20,1,0,0,42.0755,42.31,0.0185,0.5385,0.4874
S03496,5,0,1,71.49,40.46,28,3,0,0,50.9754,59.54,0.0078,0.4154,0.5559
S03497,1,0,1,51.53,47.42,6,2,1,0,28.0175,57.58,0.2848,0.3769,0.638
S03498,4,1,1,77.31,35.49,20,8,0,0,58.173,64.51,0.073,0.8077,0.4525
S03499,1,1,0,80.31,58.7,32,1,0,0,53.0301,41.3,0.1146,0.2385,0.52
S03500,4,0,1,62.06,52.21,34,1,0,0,46.9166,47.79,0.1387,0.3385,0.5423
S03501,1,0,1,96.91,64.28,26,2,0,0,58.0339,35.72,0.345,0.3769,0.4455
S03502,6,1,0,72.05,41.095,16,3,1,0,44.0808,63.905,0.0,0.3154,0.6225
S03503,3,0,1,56.93,40.45,25,5,2,1,47.2179,69.55,0.2099,0.4923,0.5899
S03504,2,1,1,96.31,41.095,22,7,0,0,65.0364,58.905,0.3367,0.7692,0.4157
S03505,1,1,1,72.05,29.19,10,3,0,0,40.5214,70.81,0.0,0.6154,0.5876
S03506,8,0,1,74.68,42.18,26,0,0,0,45.2957,57.82,0.0365,0.3,0.5977
S03507,7,1,1,64.7,30.13,36,3,3,0,53.0052,84.87,0.102,0.6154,0.6001
S03508,7,0,1,81.36,41.35,19,0,0,0,43.8152,58.65,0.1292,0.3,0.6062
S03509,1,1,1,64.78,30.32,17,6,1,0,47.5352,74.68,0.1009,0.7308,0.5496
S03510,3,1,0,65.69,34.51,21,4,0,0,46.4259,65.49,0.0883,0.3538,0.611
S03511,8,0,1,69.6,24.71,18,1,1,1,40.441,80.29,0.034,0.3385,0.695
S03512,5,0,1,64.47,25.77,6,3,0,0,35.1166,74.23,0.1052,0.4154,0.6702
S03513,2,0,0,88.08,55.59,35,3,0,0,61.7639,44.41,0.2225,0.1154,0.5326
S03514,2,1,1,53.13,20.81,17,0,1,0,31.3367,84.19,0.2626,0.5,0.7021
S03515,3,0,1,71.44,44.32,22,0,0,0,41.6268,55.68,0.0085,0.3,0.602
S03516,8,1,1,73.34,41.49,22,0,0,0,42.3868,58.51,0.0179,0.5,0.5607
S03517,2,1,1,70.13,41.63,34,1,0,0,50.1446,58.37,0.0266,0.5385,0.5233
S03518,8,0,0,86.52,52.42,24,3,1,0,54.6145,52.58,0.2008,0.1154,0.5903
S03519,6,1,1,49.44,32.48,6,3,2,1,29.1046,77.52,0.3138,0.6154,0.6544
S03520,8,0,1,80.52,47.28,39,3,0,0,61.1128,52.72,0.1176,0.4154,0.4931
S03521,7,1,1,53.33,14.35,0,5,0,0,30.9474,85.65,0.2598,0.6923,0.6612
S03522,3,0,1,64.37,40.98,18,3,0,0,42.1952,59.02,0.1066,0.4154,0.5845
S03523,7,1,0,51.78,96.38683461356857,15,3,0,0,35.3795,3.6132,0.2813,0.3154,0.4118
S03524,2,0,1,67.02,24.79,20,2,0,0,42.5186,75.21,0.0698,0.3769,0.6578
S03525,3,0,1,63.33,41.095,7,4,0,0,37.1769,58.905,0.121,0.4538,0.5921
S03526,2,1,1,96.57,44.34,22,7,0,0,65.1404,55.66,0.3403,0.7692,0.4023
S03527,2,1,1,75.62,95.83961019981716,22,3,0,0,49.0681,4.1604,0.0495,0.6154,0.2911
S03528,1,1,1,78.6,36.2,36,4,2,0,60.4882,73.8,0.0909,0.6538,0.52
S03529,2,1,1,55.39,31.07,13,6,1,0,41.4063,73.93,0.2312,0.7308,0.5681
S03530,1,0,1,83.1,42.81,22,3,1,0,52.0601,62.19,0.1534,0.4154,0.5627
S03531,4,1,0,96.57,55.23,22,3,0,0,57.4481,44.77,0.3403,0.3154,0.4992
S03532,1,0,0,85.05,34.16,35,3,0,0,60.5519,65.84,0.1804,0.1154,0.6226
S03533,1,0,1,52.32,19.46,23,3,0,1,40.3413,80.54,0.2738,0.4154,0.6771
S03534,8,1,0,65.04,96.94890013263117,0,2,0,0,29.8622,3.0511,0.0973,0.2769,0.4385
S03535,1,1,1,73.63,30.48,4,8,0,0,47.2095,69.52,0.0219,0.8077,0.5109
S03536,1,0,1,63.34,23.83,20,0,0,0,37.2004,76.17,0.1209,0.3,0.6995
S03537,1,0,1,72.05,61.53,35,0,1,0,49.5827,43.47,0.0,0.3,0.5253
S03538,2,1,0,64.77,28.83,16,4,0,0,43.0918,71.17,0.101,0.3538,0.6454
S03539,5,0,1,71.35,32.43,22,1,0,0,43.5139,67.57,0.0097,0.3385,0.6334
S03540,7,0,1,63.0,50.24,17,4,0,0,42.9771,49.76,0.1256,0.4538,0.5352
S03541,6,0,1,75.48,37.59,24,2,0,0,48.2754,62.41,0.0476,0.3769,0.5865
S03542,5,0,1,72.05,28.65,23,0,0,0,42.4641,71.35,0.0,0.3,0.6618
S03543,1,0,1,73.72,37.55,23,0,1,0,43.1321,67.45,0.0232,0.3,0.6438
S03544,7,1,1,72.05,41.095,16,4,1,0,46.0038,63.905,0.0,0.6538,0.5312
S03545,1,0,0,55.89,4.09,11,5,0,0,38.4968,95.91,0.2243,0.1923,0.8008
S03546,6,0,1,90.13,49.61,14,3,0,0,50.1263,50.39,0.2509,0.4154,0.5223
S03547,4,1,1,69.84,50.39,20,5,0,0,49.4158,49.61,0.0307,0.6923,0.4524
S03548,8,1,0,69.2,45.09,28,0,0,0,44.2902,54.91,0.0396,0.2,0.6146
S03549,3,1,1,36.92,16.4,7,4,1,0,26.6129,88.6,0.4876,0.6538,0.6978
S03550,6,1,1,70.09,32.84,19,3,0,0,45.0764,67.16,0.0272,0.6154,0.557
S03551,4,1,1,72.05,39.27,30,3,0,0,52.3858,60.73,0.0,0.6154,0.5057
S03552,5,1,1,44.61,36.77,21,6,0,1,41.8401,63.23,0.3808,0.7308,0.5238
S03553,8,1,1,86.84,34.62,42,4,0,0,67.3436,65.38,0.2053,0.6538,0.4624
S03554,6,1,1,63.97,44.12,38,6,1,0,59.6688,60.88,0.1121,0.7308,0.452
S03555,4,1,0,100.0,66.8,33,2,1,0,63.4224,38.2,0.3879,0.2769,0.4616
S03556,4,0,0,93.22,34.24,21,0,0,0,49.7456,65.76,0.2938,0.0,0.6889
S03557,6,1,1,61.2,40.48,14,2,0,0,36.6312,59.52,0.1506,0.5769,0.5656
S03558,3,1,1,92.54,97.60759995529338,34,3,0,0,62.9547,2.3924,0.2844,0.6154,0.2354
S03559,2,0,1,96.16,53.99,43,5,0,0,73.5879,46.01,0.3346,0.4923,0.4034
S03560,4,1,1,63.61,17.22,11,5,0,0,41.5848,82.78,0.1171,0.6923,0.6125
S03561,1,0,1,56.51,25.72,19,2,0,0,37.7213,74.28,0.2157,0.3769,0.6709
S03562,2,0,1,39.67,21.21,4,0,0,1,18.2409,78.79,0.4494,0.3,0.7763
S03563,4,1,1,77.71,67.28,23,1,1,0,46.6511,37.72,0.0786,0.5385,0.453
S03564,7,0,1,57.4,23.04,16,0,2,1,32.4515,86.96,0.2033,0.3,0.7593
S03565,7,0,1,78.16,37.84,28,5,0,0,57.4896,62.16,0.0848,0.4923,0.5244
S03566,3,0,1,63.48,42.14,22,1,0,0,40.3659,57.86,0.1189,0.3385,0.6055
S03567,4,1,1,60.3,36.29,22,3,0,0,42.9401,63.71,0.1631,0.6154,0.5507
S03568,2,0,1,63.58,33.18,16,3,1,0,40.6928,71.82,0.1176,0.4154,0.641
S03569,7,1,0,52.5,9.75,11,5,1,0,37.1408,95.25,0.2713,0.3923,0.7529
S03570,2,1,1,72.05,22.09,18,6,1,0,51.0364,82.91,0.0,0.7308,0.5703
S03571,7,1,1,60.95,37.92,11,3,0,0,36.6747,62.08,0.1541,0.6154,0.5661
S03572,7,1,1,71.79,53.02,23,5,2,0,51.9755,56.98,0.0036,0.6923,0.4729
S03573,6,1,1,73.56,18.07,4,0,1,0,31.7969,86.93,0.021,0.5,0.7114
S03574,3,0,1,55.93,96.15618972617756,15,5,0,0,40.8857,3.8438,0.2237,0.4923,0.3492
S03575,8,1,1,88.51,41.095,27,7,0,0,64.8825,58.905,0.2285,0.7692,0.4162
S03576,6,0,1,69.61,36.43,12,3,1,1,40.7319,68.57,0.0339,0.4154,0.6279
S03577,6,0,1,94.54,47.92,27,0,0,0,53.8329,52.08,0.3121,0.3,0.5449
S03578,7,0,1,75.62,50.21,33,4,0,0,57.5166,49.79,0.0495,0.4538,0.4844
S03579,8,1,0,73.04,31.55,32,2,0,0,52.0452,68.45,0.0137,0.2769,0.6224
S03580,1,0,1,64.64,41.095,16,3,0,0,41.1168,58.905,0.1028,0.4154,0.5879
S03581,8,1,1,81.22,44.25,30,3,0,0,56.0538,55.75,0.1273,0.6154,0.473
S03582,7,0,1,72.5,26.67,11,3,1,0,41.2947,78.33,0.0062,0.4154,0.6649
S03583,2,0,1,84.88,41.74,25,0,0,0,48.7825,58.26,0.1781,0.3,0.5873
S03584,3,0,0,96.07,62.15,33,0,0,0,58.0043,37.85,0.3334,0.0,0.5484
S03585,7,1,1,61.1,39.15,31,0,1,0,42.8298,65.85,0.152,0.5,0.5885
S03586,2,0,1,81.2,53.1,35,2,1,0,57.0889,51.9,0.127,0.3769,0.5136
S03587,4,0,1,80.78,52.58,27,0,0,0,48.3289,47.42,0.1212,0.3,0.5455
S03588,6,0,1,78.87,33.19,18,8,0,0,57.6106,66.81,0.0947,0.6077,0.5137
S03589,6,0,1,65.5,35.24,31,0,1,0,44.5898,69.76,0.0909,0.3,0.648
S03590,8,1,1,65.81,60.56,17,3,0,0,42.178,39.44,0.0866,0.6154,0.4563
S03591,1,0,1,63.24,23.24,23,3,0,0,44.7093,76.76,0.1223,0.4154,0.6467
S03592,3,0,1,62.94,12.68,18,2,0,0,39.7001,87.32,0.1264,0.3769,0.7161
S03593,8,1,1,59.4,32.72,34,7,1,0,57.391,72.28,0.1756,0.7692,0.496
S03594,5,0,1,70.43,33.35,17,3,1,0,44.026,71.65,0.0225,0.4154,0.6287
S03595,2,0,1,60.63,44.42,26,4,0,0,47.368,55.58,0.1585,0.4538,0.5431
S03596,3,1,1,78.53,36.58,24,5,0,0,55.2647,63.42,0.0899,0.6923,0.4872
S03597,3,1,1,72.85,50.15,27,5,0,0,54.7723,49.85,0.0111,0.6923,0.4346
S03598,5,1,1,74.54,42.79,36,0,0,0,51.1719,57.21,0.0346,0.5,0.5247
S03599,3,0,1,67.9,34.58,5,3,1,0,35.8953,70.42,0.0576,0.4154,0.6522
S03600,5,0,1,73.03,98.85488635923372,55,2,1,0,65.6853,6.1451,0.0136,0.3769,0.3005
S03601,4,0,0,68.29,27.83,14,1,1,0,37.5442,77.17,0.0522,0.0385,0.7677
S03602,5,0,1,83.69,56.75,30,2,0,0,55.1188,43.25,0.1616,0.3769,0.4859
S03603,2,0,1,65.36,27.36,26,4,1,0,49.26,77.64,0.0929,0.4538,0.6247
S03604,5,1,1,77.63,42.01,21,4,0,0,51.2019,57.99,0.0774,0.6538,0.4893
S03605,8,1,1,52.4,28.16,11,4,3,1,35.1777,86.84,0.2727,0.6538,0.6608
S03606,2,0,1,82.68,48.18,28,6,0,0,61.2206,51.82,0.1475,0.5308,0.4603
S03607,3,0,0,63.61,32.18,9,3,0,0,36.5522,67.82,0.1171,0.1154,0.7145
S03608,6,1,1,58.32,35.13,22,6,1,1,47.9173,69.87,0.1906,0.7308,0.5291
S03609,5,0,0,54.92,0.0,10,4,0,0,35.5925,100.0,0.2378,0.1538,0.837
S03610,6,0,0,53.73,34.04,22,0,2,0,34.5428,75.96,0.2543,0.0,0.7829
S03611,5,0,1,64.78,13.55,9,3,1,0,37.0202,91.45,0.1009,0.4154,0.7324
S03612,6,1,1,94.48,44.59,26,2,0,0,57.0619,55.41,0.3113,0.5769,0.4777
S03613,5,1,1,62.35,39.25,13,7,0,0,46.1134,60.75,0.1346,0.7692,0.4893
S03614,1,0,0,38.86,41.095,8,3,1,1,26.059,63.905,0.4607,0.1154,0.7356
S03615,7,0,1,77.48,62.89,35,3,2,0,57.5239,47.11,0.0754,0.4154,0.4833
S03616,4,1,1,55.29,37.25,23,2,0,0,39.6062,62.75,0.2326,0.5769,0.5682
S03617,1,1,1,72.05,37.08,23,3,0,0,48.2333,62.92,0.0,0.6154,0.529
S03618,4,1,1,65.68,20.9,16,0,1,0,35.7635,84.1,0.0884,0.5,0.6862
S03619,4,0,1,67.89,52.75,28,1,1,1,45.6892,52.25,0.0577,0.3385,0.5645
S03620,1,1,0,89.96,34.83,20,2,0,0,51.6946,65.17,0.2486,0.2769,0.6105
S03621,8,1,1,81.27,33.41,26,3,0,0,53.701,66.59,0.128,0.6154,0.5246
S03622,2,1,0,53.3,27.05,22,3,0,0,40.1401,72.95,0.2602,0.3154,0.6725
S03623,3,0,1,55.51,41.28,15,0,2,0,31.1023,68.72,0.2296,0.3,0.691
S03624,4,1,1,45.25,27.89,19,2,1,1,33.2173,77.11,0.372,0.5769,0.648
S03625,7,0,1,100.0,49.95,27,1,0,0,57.94,50.05,0.3879,0.3385,0.5128
S03626,6,0,1,59.06,28.72,26,1,0,0,40.9708,71.28,0.1803,0.3385,0.6571
S03627,7,0,1,89.55,62.23,46,0,0,0,63.1081,37.77,0.2429,0.3,0.4552
S03628,2,1,1,64.02,19.28,24,1,2,0,41.7684,90.72,0.1115,0.5385,0.6821
S03629,7,0,1,55.8,15.67,16,4,0,0,39.5038,84.33,0.2255,0.4538,0.6856
S03630,7,1,0,72.32,36.49,32,2,0,0,51.7572,63.51,0.0037,0.2769,0.6037
S03631,4,0,1,67.1,24.69,12,1,0,0,35.8817,75.31,0.0687,0.3385,0.691
S03632,5,0,1,84.03,46.78,39,7,1,0,70.2091,58.22,0.1663,0.5692,0.4448
S03633,1,0,1,84.22,53.38,21,2,0,0,49.9918,46.62,0.1689,0.3769,0.5173
S03634,7,1,1,63.15,56.36,37,5,0,0,56.8245,43.64,0.1235,0.6923,0.4026
S03635,8,0,0,72.05,15.0,9,2,3,1,38.0051,100.0,0.0,0.0769,0.8478
S03636,4,0,0,54.04,29.01,21,0,1,0,34.0736,75.99,0.25,0.0,0.7847
S03637,5,0,0,37.76,6.98,0,1,2,1,17.0271,100.0,0.4759,0.0385,0.9308
S03638,4,0,0,67.88,30.31,19,0,2,1,38.4232,79.69,0.0579,0.0,0.7843
S03639,1,0,1,71.82,40.64,14,1,0,0,38.9562,59.36,0.0032,0.3385,0.6165
S03640,5,0,0,54.86,35.33,5,2,2,0,28.7563,74.67,0.2386,0.0769,0.7788
S03641,6,0,1,53.05,45.75,25,4,1,0,43.7428,59.25,0.2637,0.4538,0.5705
S03642,8,1,1,71.76,35.24,13,1,0,0,38.3389,64.76,0.004,0.5385,0.5902
S03643,8,0,1,72.05,12.85,13,6,1,1,48.0703,92.15,0.0,0.5308,0.6677
S03644,4,0,1,68.81,20.53,14,3,0,0,41.5983,79.47,0.045,0.4154,0.6684
S03645,8,0,1,66.49,24.0,30,2,0,0,48.2388,76.0,0.0772,0.3769,0.6409
S03646,5,0,1,75.73,56.09,32,4,0,0,56.9674,43.91,0.0511,0.4538,0.4628
S03647,6,1,1,63.52,33.68,30,5,0,0,52.82,66.32,0.1184,0.6923,0.5073
S03648,5,0,0,64.67,33.28,13,0,1,0,33.5799,71.72,0.1024,0.0,0.7694
S03649,8,0,1,43.77,43.77,22,5,0,0,40.1742,56.23,0.3925,0.4923,0.5612
S03650,6,1,1,71.25,25.35,16,5,1,0,47.6069,79.65,0.0111,0.6923,0.5789
S03651,1,0,1,73.33,34.38,17,3,0,0,45.186,65.62,0.0178,0.4154,0.6005
S03652,1,1,0,69.33,36.1,16,4,1,0,44.9158,68.9,0.0378,0.3538,0.6299
S03653,4,1,0,100.0,38.59,27,2,0,0,59.8631,61.41,0.3879,0.2769,0.5669
S03654,5,0,1,74.44,49.03,23,3,1,0,49.1893,55.97,0.0332,0.4154,0.5479
S03655,6,0,0,69.65,47.0,15,0,0,0,36.7583,53.0,0.0333,0.0,0.6833
S03656,4,0,1,79.49,51.74,27,0,0,0,47.8129,48.26,0.1033,0.3,0.5507
S03657,5,0,0,100.0,41.095,12,3,0,0,52.8879,58.905,0.3879,0.1154,0.6217
S03658,8,0,1,75.79,43.95,26,1,0,0,47.6628,56.05,0.0519,0.3385,0.5728
S03659,3,1,1,38.65,19.72,2,1,2,0,18.5695,90.28,0.4636,0.5385,0.7615
S03660,4,0,1,78.48,52.64,19,0,0,0,42.6632,47.36,0.0892,0.3,0.5651
S03661,5,0,1,58.81,40.62,13,1,0,0,33.1589,59.38,0.1838,0.3385,0.6368
S03662,4,0,1,43.16,31.1,20,3,1,1,34.8976,73.9,0.401,0.4154,0.6696
S03663,8,1,1,97.46,48.15,36,8,0,0,75.7245,51.85,0.3527,0.8077,0.3404
S03664,8,1,1,94.22,25.93,29,3,0,0,60.6606,74.07,0.3077,0.6154,0.5301
S03665,5,0,1,58.42,42.56,12,3,1,0,36.2559,62.44,0.1892,0.4154,0.619
S03666,4,1,1,58.52,52.0,24,3,0,0,43.4145,48.0,0.1878,0.6154,0.4862
S03667,5,0,1,74.4,96.49121092181257,22,0,1,0,42.8108,8.5088,0.0326,0.3,0.4092
S03668,2,1,0,58.72,43.24,17,8,1,0,48.9574,61.76,0.185,0.5077,0.5488
S03669,4,1,1,69.97,10.76,9,4,0,0,41.0193,89.24,0.0289,0.6538,0.6499
S03670,2,1,1,61.3,37.99,13,4,2,0,39.9242,72.01,0.1492,0.6538,0.5849
S03671,2,0,0,65.99,42.78,25,3,0,1,46.9957,57.22,0.0841,0.1154,0.6355
S03672,1,0,1,50.93,19.25,11,2,2,0,30.7436,90.75,0.2931,0.3769,0.7612
S03673,5,1,1,84.4,41.095,20,7,0,0,59.0859,58.905,0.1714,0.7692,0.4365
S03674,1,0,1,90.06,44.33,22,3,0,0,54.8441,55.67,0.25,0.4154,0.5269
S03675,6,0,0,70.5,48.96,23,0,0,0,41.8441,51.04,0.0215,0.0,0.6577
S03676,4,1,1,71.46,52.2,10,0,0,0,34.5162,47.8,0.0082,0.5,0.5454
S03677,3,1,1,81.44,44.34,26,5,0,0,57.6151,55.66,0.1303,0.6923,0.4479
S03678,7,1,1,72.03,49.09,23,3,0,0,48.2253,50.91,0.0003,0.6154,0.481
S03679,5,1,0,97.94,52.7,28,7,0,0,69.2477,47.3,0.3593,0.4692,0.4295
S03680,6,1,1,52.25,27.61,7,4,0,0,32.7449,72.39,0.2748,0.6538,0.6115
S03681,6,0,0,84.91,41.71,35,3,0,0,60.4959,58.29,0.1785,0.1154,0.5926
S03682,1,1,1,70.29,34.91,11,8,1,0,50.026,70.09,0.0244,0.8077,0.5033
S03683,2,1,1,55.18,32.77,18,3,0,0,38.5192,67.23,0.2341,0.6154,0.5803
S03684,5,1,1,100.0,60.12,22,6,0,0,64.5893,39.88,0.3879,0.7308,0.3508
S03685,8,0,0,100.0,68.56,34,1,0,0,62.0926,31.44,0.3879,0.0385,0.4988
S03686,2,0,1,68.88,45.82,31,3,1,0,51.7111,59.18,0.044,0.4154,0.5519
S03687,1,1,1,78.67,29.16,16,7,0,0,54.4211,70.84,0.0919,0.7692,0.5006
S03688,8,0,1,64.93,38.33,14,6,2,0,45.8155,71.67,0.0988,0.5308,0.5936
S03689,8,0,1,67.35,29.5,17,5,0,0,46.6401,70.5,0.0652,0.4923,0.5957
S03690,2,1,1,55.01,45.32,43,8,0,0,62.8971,54.68,0.2365,0.8077,0.3967
S03691,4,0,1,52.8,32.41,20,4,0,0,40.6767,67.59,0.2672,0.4538,0.6145
S03692,6,0,1,99.66,65.94,38,2,0,0,66.2525,34.06,0.3832,0.3769,0.4101
S03693,2,0,1,71.42,44.01,27,0,0,0,44.5849,55.99,0.0087,0.3,0.5929
S03694,3,0,1,72.76,46.61,23,1,2,0,44.6711,63.39,0.0099,0.3385,0.6126
S03695,4,1,1,59.84,38.38,26,4,0,0,47.052,61.62,0.1695,0.6538,0.5183
S03696,6,0,0,74.85,56.93,22,5,0,0,52.6062,43.07,0.0389,0.1923,0.5401
S03697,3,0,1,72.05,24.9,17,5,1,0,48.5201,80.1,0.0,0.4923,0.6275
S03698,4,0,1,60.39,96.0657753505247,22,0,0,0,37.2068,3.9342,0.1618,0.3,0.4105
S03699,3,0,1,54.0,39.8,24,0,0,0,35.8373,60.2,0.2505,0.3,0.6404
S03700,7,0,1,91.39,42.27,20,1,0,0,50.3435,57.73,0.2684,0.3385,0.5701
S03701,2,0,1,47.22,29.39,5,3,0,1,27.6233,70.61,0.3446,0.4154,0.6819
S03702,2,0,1,54.31,13.62,8,4,0,0,34.1621,86.38,0.2462,0.4538,0.7125
S03703,2,0,0,41.29,26.19,16,3,0,1,31.7768,73.81,0.4269,0.1154,0.7552
S03704,8,0,1,58.65,39.21,22,2,0,0,40.357,60.79,0.186,0.3769,0.6077
S03705,8,0,1,65.11,21.07,12,0,1,0,33.1626,83.93,0.0963,0.3,0.7447
S03706,5,0,1,86.67,60.21,43,4,0,0,67.8688,39.79,0.2029,0.4538,0.4082
S03707,2,0,1,68.67,20.02,24,0,0,0,41.7053,79.98,0.0469,0.3,0.699
S03708,7,0,1,65.84,37.32,21,1,0,0,40.7167,62.68,0.0862,0.3385,0.6236
S03709,4,0,0,76.5,53.6,22,2,0,0,47.497,46.4,0.0618,0.0769,0.6001
S03710,7,0,0,65.36,31.21,27,0,2,0,42.1609,78.79,0.0929,0.0,0.7676
S03711,3,1,1,100.0,57.45,36,2,0,0,65.2021,42.55,0.3879,0.5769,0.3978
S03712,8,0,1,63.13,33.98,34,4,1,0,53.1138,71.02,0.1238,0.4538,0.5847
S03713,7,1,1,72.05,45.85,15,5,2,0,47.3337,64.15,0.0,0.6923,0.5179
S03714,2,1,1,84.4,49.48,15,2,0,0,46.5045,50.52,0.1714,0.5769,0.4951
S03715,6,0,1,62.7,97.68542599634324,13,3,0,0,38.5611,2.3146,0.1298,0.4154,0.3704
S03716,3,0,0,74.48,51.43,28,4,1,0,54.0945,53.57,0.0337,0.1538,0.5865
S03717,3,0,1,64.49,41.095,16,5,1,0,44.9029,63.905,0.1049,0.4923,0.5754
S03718,3,0,1,76.11,46.58,34,2,0,0,54.4596,53.42,0.0563,0.3769,0.5288
S03719,6,0,1,73.51,27.93,20,2,0,0,45.1146,72.07,0.0203,0.3769,0.6362
S03720,3,0,1,69.9,33.95,30,2,0,0,49.6028,66.05,0.0298,0.3769,0.5964
S03721,6,1,0,54.67,25.08,10,6,2,0,39.3387,84.92,0.2412,0.4308,0.6943
S03722,5,0,0,72.05,72.97,42,3,1,0,59.5045,32.03,0.0,0.1154,0.491
S03723,7,1,0,80.8,42.31,37,6,0,0,65.8076,57.69,0.1214,0.4308,0.4927
S03724,8,1,0,48.17,27.04,9,3,0,0,30.3762,72.96,0.3314,0.3154,0.7067
S03725,1,0,1,65.69,29.66,24,0,0,1,40.5133,70.34,0.0883,0.3,0.6646
S03726,8,1,1,72.05,15.54,16,1,2,0,40.2346,94.46,0.0,0.5385,0.7024
S03727,1,1,1,83.43,62.74,31,0,2,0,51.7618,47.26,0.1579,0.5,0.4829
S03728,5,0,1,72.05,56.67,33,1,1,0,50.3193,48.33,0.0,0.3385,0.5326
S03729,3,0,1,72.06,36.1,30,4,1,0,54.3129,68.9,0.0001,0.4538,0.5721
S03730,6,0,1,59.36,31.5,22,3,0,0,42.5641,68.5,0.1761,0.4154,0.6212
S03731,6,0,0,67.27,41.73,26,4,0,0,50.024,58.27,0.0663,0.1538,0.6195
S03732,7,0,1,83.81,32.07,17,0,0,0,43.6087,67.93,0.1632,0.3,0.6441
S03733,4,0,0,87.84,54.29,28,5,0,0,61.3616,45.71,0.2192,0.1923,0.52
S03734,8,0,0,84.7,26.96,18,3,0,0,50.3272,73.04,0.1756,0.1154,0.6872
S03735,3,1,0,48.72,21.29,14,7,0,1,41.2546,78.71,0.3238,0.4692,0.6531
S03736,2,0,1,69.21,39.21,30,5,0,0,55.096,60.79,0.0394,0.4923,0.5272
S03737,4,0,1,75.8,46.89,24,1,1,0,46.4804,58.11,0.052,0.3385,0.5851
S03738,5,0,1,60.98,36.98,0,3,1,0,30.1612,68.02,0.1536,0.4154,0.6627
S03739,6,1,1,47.11,10.81,22,0,0,1,31.8948,89.19,0.3461,0.5,0.7201
S03740,7,1,1,52.7,29.59,20,3,0,0,38.7136,70.41,0.2686,0.6154,0.5923
S03741,2,0,1,94.5,56.43,26,1,0,0,55.1468,43.57,0.3116,0.3385,0.4966
S03742,3,1,1,54.13,31.67,22,1,0,0,36.6259,68.33,0.2487,0.5385,0.6105
S03743,8,0,1,72.05,33.44,22,0,0,0,41.8708,66.56,0.0,0.3,0.6447
S03744,4,1,0,69.65,48.24,25,0,1,0,42.6905,56.76,0.0333,0.2,0.6276
S03745,2,1,1,69.69,21.51,25,5,2,0,52.3219,88.49,0.0328,0.6923,0.5978
S03746,8,0,0,67.2,37.94,22,2,0,1,43.777,62.06,0.0673,0.0769,0.6758
S03747,4,1,1,83.84,44.35,21,6,1,0,57.5321,60.65,0.1636,0.7308,0.4585
S03748,8,1,1,72.53,97.68552313981458,29,5,0,0,55.8308,2.3145,0.0067,0.6923,0.2408
S03749,8,1,1,62.62,32.43,31,0,2,0,43.4378,77.57,0.1309,0.5,0.6332
S03750,8,0,1,72.77,40.23,5,2,1,0,35.9203,64.77,0.01,0.3769,0.6391
S03751,5,1,1,52.84,31.79,16,2,1,0,34.4737,73.21,0.2666,0.5769,0.628
S03752,7,0,0,79.14,3.65,11,1,0,0,40.1045,96.35,0.0984,0.0385,0.8354
S03753,8,1,0,61.79,36.57,12,2,1,1,35.6808,68.43,0.1424,0.2769,0.6796
S03754,3,1,1,62.65,29.83,13,2,3,1,36.618,85.17,0.1305,0.5769,0.6683
S03755,1,0,1,79.7,52.99,25,0,1,0,46.7105,52.01,0.1062,0.3,0.5696
S03756,3,0,1,65.89,51.03,23,3,2,0,45.7693,58.97,0.0855,0.4154,0.5718
S03757,6,0,1,66.73,41.32,28,3,2,0,49.0714,68.68,0.0738,0.4154,0.5991
S03758,5,0,1,89.51,43.53,31,2,0,0,58.04,56.47,0.2423,0.3769,0.5285
S03759,1,0,1,57.4,43.45,23,5,0,0,46.2195,56.55,0.2033,0.4923,0.5414
S03760,5,0,1,79.48,96.0462771652048,16,1,0,0,43.2066,3.9537,0.1031,0.3385,0.38
S03761,2,1,1,86.24,55.73,36,4,0,0,63.5442,44.27,0.1969,0.6538,0.3912
S03762,5,0,1,89.5,36.24,2,1,0,0,38.9095,63.76,0.2422,0.3385,0.6342
S03763,5,0,1,100.0,71.92,45,0,0,0,66.6949,28.08,0.3879,0.3,0.4039
S03764,6,1,1,62.37,31.37,30,2,0,0,46.5908,68.63,0.1344,0.5769,0.5672
S03765,4,0,1,58.98,36.58,24,3,0,0,43.5985,63.42,0.1814,0.4154,0.5972
S03766,4,0,1,84.26,51.75,45,1,0,0,62.322,48.25,0.1695,0.3385,0.4902
S03767,6,1,1,86.1,46.65,13,5,0,0,51.7672,53.35,0.195,0.6923,0.4591
S03768,6,1,0,60.14,33.99,24,9,2,0,55.601,76.01,0.1653,0.5462,0.5729
S03769,7,1,1,79.27,42.98,26,1,1,0,49.0548,62.02,0.1002,0.5385,0.5418
S03770,3,0,0,100.0,62.68,34,3,0,0,65.9387,37.32,0.3879,0.1154,0.4896
S03771,4,0,1,73.57,50.26,22,4,0,1,50.1712,49.74,0.0211,0.4538,0.5099
S03772,3,1,1,85.85,56.25,31,2,0,0,56.576,43.75,0.1915,0.5769,0.4328
S03773,5,1,1,95.65,63.46,34,8,0,0,73.8141,36.54,0.3276,0.8077,0.2859
S03774,2,1,1,100.0,63.99,27,4,0,0,63.7093,36.01,0.3879,0.6538,0.3576
S03775,4,1,1,75.69,38.72,23,7,0,0,57.3816,61.28,0.0505,0.7692,0.452
S03776,2,0,1,90.8,47.89,19,4,0,0,55.2835,52.11,0.2602,0.4538,0.5015
S03777,5,0,1,60.17,30.5,15,0,1,0,32.9663,74.5,0.1649,0.3,0.7076
S03778,7,1,1,72.37,44.05,30,3,0,0,52.5138,55.95,0.0044,0.6154,0.4862
S03779,8,1,1,65.3,36.52,28,1,1,0,44.6532,68.48,0.0937,0.5385,0.583
S03780,4,0,1,72.05,24.88,18,6,2,1,51.0364,85.12,0.0,0.5308,0.6292
S03781,1,1,1,47.95,26.9,21,0,1,0,31.6376,78.1,0.3345,0.5,0.6767
S03782,2,0,0,78.45,40.58,33,4,0,0,58.6486,59.42,0.0888,0.1538,0.594
S03783,1,1,1,78.75,16.93,20,5,0,0,52.9798,83.07,0.093,0.6923,0.5738
S03784,7,0,1,56.38,32.9,20,3,0,0,40.1856,67.1,0.2175,0.4154,0.6239
S03785,8,1,1,95.36,73.7,40,3,0,0,67.642,26.3,0.3235,0.6154,0.3146
S03786,5,0,1,55.35,29.87,5,4,1,0,32.7984,75.13,0.2318,0.4538,0.6723
S03787,2,1,1,75.86,35.35,13,2,0,0,41.902,64.65,0.0529,0.5769,0.5677
S03788,1,1,1,65.77,17.54,9,0,0,0,31.647,82.46,0.0872,0.5,0.6941
S03789,8,0,0,73.6,25.24,9,2,2,0,38.6251,84.76,0.0215,0.0769,0.7846
S03790,3,1,0,85.48,25.45,19,0,0,0,45.4632,74.55,0.1864,0.2,0.6891
S03791,1,1,1,83.36,48.36,22,8,0,0,61.7795,51.64,0.157,0.8077,0.3884
S03792,2,1,0,82.62,44.03,38,4,0,0,63.2827,55.97,0.1467,0.3538,0.5139
S03793,3,0,1,80.7,54.43,22,3,0,0,51.1001,45.57,0.1201,0.4154,0.4996
S03794,6,1,0,52.91,0.0,3,5,1,0,32.559,100.0,0.2656,0.3923,0.788
S03795,8,1,1,89.02,45.17,30,5,0,0,63.02,54.83,0.2355,0.6923,0.4257
S03796,3,1,0,56.1,39.82,15,1,0,0,33.2614,60.18,0.2214,0.2385,0.6647
S03797,6,0,1,70.41,23.0,16,0,1,1,37.6555,82.0,0.0228,0.3,0.7212
S03798,1,1,1,66.73,41.095,16,5,1,0,45.7989,63.905,0.0738,0.6923,0.5222
S03799,1,0,0,77.25,41.31,33,7,1,0,63.9378,63.69,0.0722,0.2692,0.5637
S03800,1,0,1,64.73,18.76,9,0,2,0,31.231,91.24,0.1016,0.3,0.7807
S03801,8,0,1,69.62,27.36,8,2,0,0,36.4399,72.64,0.0337,0.3769,0.6688
S03802,5,0,1,96.28,33.01,35,6,1,0,70.8132,71.99,0.3363,0.5308,0.5074
S03803,7,0,1,52.57,37.94,11,2,0,1,31.3996,62.06,0.2704,0.3769,0.6441
S03804,1,0,1,71.96,53.76,35,0,0,0,49.5467,46.24,0.0012,0.3,0.5365
S03805,1,1,1,55.29,23.64,15,1,0,0,32.9374,76.36,0.2326,0.5385,0.6555
S03806,7,0,1,82.12,26.36,25,4,0,0,55.3708,73.64,0.1398,0.4538,0.5873
S03807,1,0,0,61.1,96.15969813509425,25,0,1,0,39.2705,8.8403,0.152,0.0,0.4979
S03808,2,1,1,72.58,40.34,22,1,2,0,44.0059,69.66,0.0074,0.5385,0.59
S03809,5,1,0,52.13,37.04,18,3,0,0,37.2992,62.96,0.2765,0.3154,0.6424
S03810,5,1,1,91.37,42.65,26,3,0,0,57.741,57.35,0.2681,0.6154,0.4735
S03811,2,1,1,73.09,48.67,31,3,0,0,53.3951,51.33,0.0144,0.6154,0.4646
S03812,4,1,1,74.07,22.69,18,4,0,0,47.9983,77.31,0.028,0.6538,0.5778
S03813,6,1,0,84.44,46.26,28,3,0,0,56.1554,53.74,0.172,0.3154,0.5396
S03814,4,1,1,53.23,14.26,13,5,0,0,38.6192,85.74,0.2612,0.6923,0.6347
S03815,4,1,1,62.77,39.1,22,0,0,0,38.1588,60.9,0.1288,0.5,0.585
S03816,1,0,0,74.55,35.28,21,6,1,0,53.8161,69.72,0.0347,0.2308,0.6328
S03817,4,1,1,45.57,22.4,15,6,0,0,38.6648,77.6,0.3675,0.7308,0.5924
S03818,7,1,1,47.18,32.08,28,3,1,0,41.2514,72.92,0.3452,0.6154,0.5935
S03819,6,1,1,59.68,13.33,16,0,0,0,33.3635,86.67,0.1717,0.5,0.7049
S03820,8,1,0,54.89,31.07,19,4,1,0,40.9195,73.93,0.2382,0.3538,0.6641
S03821,2,0,1,66.84,57.12,39,1,0,0,51.7947,42.88,0.0723,0.3385,0.5056
S03822,1,0,1,79.84,46.49,28,1,0,0,50.4692,53.51,0.1081,0.3385,0.5528
S03823,5,1,0,72.05,46.99,7,5,0,0,42.5879,53.01,0.0,0.3923,0.5649
S03824,2,1,1,99.14,48.87,27,3,0,0,61.4422,51.13,0.376,0.6154,0.4356
S03825,5,1,1,71.66,37.39,13,4,0,0,44.0682,62.61,0.0054,0.6538,0.5328
S03826,8,1,1,74.32,48.63,31,2,0,0,51.964,51.37,0.0315,0.5769,0.4794
S03827,3,1,1,71.63,45.82,22,3,0,0,47.4721,54.18,0.0058,0.6154,0.4967
S03828,5,1,1,76.8,56.46,33,3,0,0,56.0655,43.54,0.0659,0.6154,0.4241
S03829,6,0,1,77.98,31.66,29,6,0,0,59.9339,68.34,0.0823,0.5308,0.5309
S03830,2,1,1,85.83,42.49,32,2,0,0,57.1612,57.51,0.1913,0.5769,0.4858
S03831,8,0,0,85.77,48.15,18,0,0,0,44.986,51.85,0.1904,0.0,0.6499
S03832,2,1,0,79.79,50.07,29,0,0,0,49.1194,49.93,0.1074,0.2,0.5778
S03833,7,0,0,94.65,58.58,42,3,0,0,68.5445,41.42,0.3137,0.1154,0.4969
S03834,6,1,1,72.4,60.62,11,2,1,0,39.3316,44.38,0.0049,0.5769,0.4956
S03835,2,0,1,62.83,34.57,17,1,0,0,37.1398,65.43,0.128,0.3385,0.6471
S03836,6,0,1,65.28,40.51,23,1,0,0,41.6791,59.49,0.094,0.3385,0.6075
S03837,2,1,1,70.41,26.14,23,4,0,0,49.5004,73.86,0.0228,0.6538,0.5587
S03838,5,1,1,55.75,45.72,28,3,1,0,44.6794,59.28,0.2262,0.6154,0.5269
S03839,8,0,1,62.8,38.54,25,3,0,0,45.7197,61.46,0.1284,0.4154,0.582
S03840,8,1,1,54.9,32.58,20,2,2,0,37.6706,77.42,0.238,0.5769,0.6336
S03841,7,0,1,77.16,65.35,22,6,1,0,55.4533,39.65,0.0709,0.5308,0.4318
S03842,4,0,1,77.31,44.23,30,0,0,0,48.7206,55.77,0.073,0.3,0.5776
S03843,5,0,1,45.47,35.84,13,2,1,0,29.746,69.16,0.3689,0.3769,0.6783
S03844,3,1,1,62.19,43.89,16,0,0,0,34.3675,56.11,0.1368,0.5,0.5792
S03845,8,1,1,99.38,57.82,40,4,0,0,71.1731,42.18,0.3793,0.6538,0.3562
S03846,4,1,1,81.45,28.22,20,5,0,0,54.0598,71.78,0.1305,0.6923,0.5248
S03847,7,1,0,78.82,37.15,24,2,2,0,49.6114,72.85,0.094,0.2769,0.6485
S03848,3,1,0,62.04,40.89,10,5,1,0,40.3636,64.11,0.1389,0.3923,0.6171
S03849,6,1,0,72.05,41.61,30,4,1,0,54.3089,63.39,0.0,0.3538,0.575
S03850,2,1,1,71.78,32.21,32,4,0,0,55.3874,67.79,0.0037,0.6538,0.5139
S03851,6,0,1,72.05,30.93,11,7,1,0,48.807,74.07,0.0,0.5692,0.5832
S03852,1,0,1,64.59,24.57,19,4,1,0,44.7995,80.43,0.1035,0.4538,0.6515
S03853,1,0,1,64.93,24.62,16,5,0,0,45.0789,75.38,0.0988,0.4923,0.6207
S03854,3,1,1,72.05,21.24,23,4,3,1,50.1564,93.76,0.0,0.6538,0.636
S03855,4,0,0,52.15,44.14,27,4,1,0,44.5693,60.86,0.2762,0.1538,0.649
S03856,6,0,1,69.01,49.15,18,0,0,0,38.282,50.85,0.0422,0.3,0.5944
S03857,3,1,1,59.28,10.08,0,4,1,0,31.4043,94.92,0.1772,0.6538,0.7063
S03858,1,1,0,72.05,44.05,30,0,0,0,46.6166,55.95,0.0,0.2,0.6106
S03859,3,0,1,47.92,31.22,14,0,0,1,27.4731,68.78,0.3349,0.3,0.704
S03860,4,0,0,84.02,40.14,27,2,0,0,53.4711,59.86,0.1661,0.0769,0.6331
S03861,5,0,1,100.0,51.91,40,0,0,0,63.7288,48.09,0.3879,0.3,0.4943
S03862,6,0,1,87.41,63.86,25,2,0,0,53.6407,36.14,0.2132,0.3769,0.4626
S03863,2,1,0,88.96,34.43,23,4,0,0,56.9204,65.57,0.2347,0.3538,0.5746
S03864,5,1,0,81.39,50.04,23,0,1,0,46.2001,54.96,0.1296,0.2,0.6081
S03865,6,0,1,75.98,48.8,22,4,0,0,51.1352,51.2,0.0545,0.4538,0.5124
S03866,7,0,1,73.3,68.21,30,0,0,0,47.1166,31.79,0.0173,0.3,0.4873
S03867,5,0,1,58.28,50.07,31,2,2,0,45.548,59.93,0.1911,0.3769,0.5861
S03868,7,0,1,82.35,31.68,22,0,0,0,45.9908,68.32,0.143,0.3,0.6373
S03869,2,0,1,81.46,32.74,25,2,0,0,51.2607,67.26,0.1306,0.3769,0.5954
S03870,6,1,1,65.05,32.54,27,5,1,0,51.6523,72.46,0.0972,0.6923,0.536
S03871,1,0,1,79.89,41.19,17,3,0,0,47.81,58.81,0.1088,0.4154,0.5641
S03872,1,1,1,61.59,22.14,30,4,1,0,50.1249,82.86,0.1452,0.6538,0.5926
S03873,7,0,1,62.55,38.98,21,0,1,0,37.4776,66.02,0.1319,0.3,0.6579
S03874,4,1,1,83.63,48.5,25,4,0,0,55.9748,51.5,0.1607,0.6538,0.4466
S03875,5,0,1,78.46,35.46,17,0,1,0,41.4687,69.54,0.089,0.3,0.658
S03876,5,0,1,68.52,52.01,26,1,0,0,44.7548,47.99,0.049,0.3385,0.5507
S03877,6,1,1,66.79,41.51,18,3,0,0,43.1632,58.49,0.073,0.6154,0.529
S03878,2,1,1,74.62,53.22,23,3,0,0,49.2613,46.78,0.0357,0.6154,0.4609
S03879,2,0,1,44.47,43.93,0,2,0,0,21.6342,56.07,0.3828,0.3769,0.6543
S03880,1,0,1,60.63,22.64,15,3,0,1,38.9195,77.36,0.1585,0.4154,0.6694
S03881,7,1,1,3.532500000000013,96.99403489021525,11,5,0,0,17.5538,3.006,0.951,0.6923,0.3775
S03882,2,1,1,72.18,36.07,26,0,0,0,44.2957,63.93,0.0018,0.5,0.5757
S03883,5,1,1,88.33,55.44,22,8,0,0,63.7675,44.56,0.226,0.8077,0.3531
S03884,4,0,1,79.16,29.63,4,1,0,0,35.96,70.37,0.0987,0.3385,0.671
S03885,2,0,1,64.33,30.07,22,3,1,0,44.5521,74.93,0.1071,0.4154,0.6399
S03886,4,0,1,61.4,41.095,7,5,1,0,38.3279,63.905,0.1478,0.4923,0.5984
S03887,1,0,1,60.69,34.48,10,3,0,0,35.9774,65.52,0.1577,0.4154,0.6323
S03888,2,1,1,100.0,77.61,41,2,0,0,68.1682,22.39,0.3879,0.5769,0.3067
S03889,2,1,1,72.05,98.59726027431287,9,2,0,0,38.0051,1.4027,0.0,0.5769,0.3284
S03890,7,0,0,75.0,22.66,26,2,0,0,49.2699,77.34,0.0409,0.0769,0.7177
S03891,5,1,1,3.7388448208788865,97.17596363303524,7,2,1,0,9.4942,7.824,0.9481,0.5769,0.4538
S03892,8,1,1,54.29,97.67390784362196,57,3,1,0,61.2988,7.3261,0.2465,0.6154,0.2609
S03893,4,1,0,71.34,61.38,14,3,3,0,42.6103,53.62,0.0099,0.3154,0.5865
S03894,2,0,1,64.53,96.52738658172912,22,3,1,0,44.6321,8.4726,0.1044,0.4154,0.3738
S03895,5,0,0,72.05,41.83,27,1,0,0,46.76,58.17,0.0,0.0385,0.6594
S03896,8,0,1,73.8,40.08,9,4,0,0,42.5513,59.92,0.0243,0.4538,0.5773
S03897,5,0,1,81.01,41.21,35,2,0,0,57.0129,58.79,0.1244,0.3769,0.5414
S03898,1,0,0,43.96,11.93,3,0,1,0,19.3637,93.07,0.3899,0.0,0.9045
S03899,3,0,0,55.42,41.26,20,0,0,0,34.0324,58.74,0.2308,0.0,0.7158
S03900,8,0,1,72.05,20.55,12,4,1,0,43.631,84.45,0.0,0.4538,0.6716
S03901,5,0,1,62.29,22.34,15,1,0,0,35.7374,77.66,0.1355,0.3385,0.7009
S03902,8,1,1,67.35,17.68,11,3,0,0,39.2347,82.32,0.0652,0.6154,0.6381
S03903,5,1,1,73.64,31.68,19,3,1,0,46.4964,73.32,0.0221,0.6154,0.5767
S03904,1,0,0,60.83,29.36,17,3,0,0,40.186,70.64,0.1557,0.1154,0.7131
S03905,7,1,1,72.05,34.32,14,1,1,0,39.0482,70.68,0.0,0.5385,0.6114
S03906,7,0,0,80.16,43.82,28,1,0,0,50.5972,56.18,0.1126,0.0385,0.638
S03907,6,0,1,72.98,49.8,22,3,0,0,48.0121,50.2,0.0129,0.4154,0.5289
S03908,8,1,1,82.81,55.41,48,3,1,0,67.3678,49.59,0.1493,0.6154,0.4087
S03909,2,0,1,39.41,16.68,22,3,2,1,34.5841,93.32,0.453,0.4154,0.7484
S03910,8,0,1,63.21,27.93,29,1,0,0,44.4105,72.07,0.1227,0.3385,0.6482
S03911,2,0,1,85.38,36.92,13,2,0,0,45.71,63.08,0.185,0.3769,0.5981
S03912,8,0,1,59.03,43.84,2,0,1,0,24.7984,61.16,0.1807,0.3,0.6828
S03913,2,1,0,57.0,32.89,15,6,1,0,43.2368,72.11,0.2089,0.4308,0.6294
S03914,5,0,0,70.11,63.11,36,4,1,0,57.0922,41.89,0.0269,0.1538,0.5293
S03915,7,0,1,71.74,28.91,42,4,0,0,61.3036,71.09,0.0043,0.4538,0.5563
S03916,1,0,1,63.98,23.13,14,3,0,0,39.6663,76.87,0.112,0.4154,0.6648
S03917,1,0,1,99.65,35.62,28,5,0,0,66.0856,64.38,0.3831,0.4923,0.5031
S03918,7,0,1,76.3,43.2,28,1,1,0,49.0532,61.8,0.059,0.3385,0.5909
S03919,1,1,1,58.46,36.0,16,7,1,0,46.3371,69.0,0.1886,0.7692,0.5215
S03920,5,1,1,50.41,35.94,13,5,0,0,37.4912,64.06,0.3003,0.6923,0.5519
S03921,8,0,0,78.08,53.63,30,1,0,0,50.9517,46.37,0.0837,0.0385,0.5975
S03922,5,1,1,58.1,52.3,39,5,1,0,55.991,52.7,0.1936,0.6923,0.4418
S03923,4,0,0,100.0,59.2,43,4,0,0,73.2008,40.8,0.3879,0.1538,0.4685
S03924,4,0,1,78.42,45.76,40,4,0,0,62.7891,54.24,0.0884,0.4538,0.4837
S03925,6,0,1,80.4,28.33,11,2,1,0,42.5316,76.67,0.1159,0.3769,0.6636
S03926,5,0,1,75.73,61.87,32,0,0,0,49.2751,38.13,0.0511,0.3,0.5051
S03927,5,1,0,88.82,53.84,21,2,0,0,51.8318,46.16,0.2328,0.2769,0.534
S03928,2,1,1,36.07,22.04,23,4,1,0,35.7644,82.96,0.4994,0.6538,0.6432
S03929,6,0,1,53.95,35.6,27,3,1,0,43.3662,69.4,0.2512,0.4154,0.622
S03930,6,0,1,87.51,61.74,22,3,0,0,53.8241,38.26,0.2146,0.4154,0.4608
S03931,6,1,0,94.51,43.29,25,1,0,0,54.5576,56.71,0.3117,0.2385,0.5763
S03932,1,0,1,53.47,30.05,22,1,1,0,36.3619,74.95,0.2579,0.3385,0.6879
S03933,6,0,1,44.72,20.48,9,0,0,0,23.227,79.52,0.3793,0.3,0.7618
S03934,6,1,1,74.51,57.02,29,1,0,0,48.9305,42.98,0.0341,0.5385,0.466
S03935,2,1,1,79.28,42.62,28,0,0,0,48.3222,57.38,0.1003,0.5,0.5354
S03936,7,1,1,74.21,54.12,35,6,1,0,61.9852,50.88,0.03,0.7308,0.4039
S03937,5,0,1,71.11,36.08,35,1,0,0,51.1298,63.92,0.013,0.3385,0.5921
S03938,4,0,0,44.22,9.7,22,1,0,1,32.6619,90.3,0.3863,0.0385,0.8373
S03939,6,0,1,66.37,26.31,24,1,1,0,42.7084,78.69,0.0788,0.3385,0.6807
S03940,5,1,0,68.61,49.73,25,10,2,0,61.5053,60.27,0.0477,0.5846,0.4797
S03941,5,0,1,63.78,41.48,19,3,0,0,42.5524,58.52,0.1148,0.4154,0.5813
S03942,3,0,1,43.22,40.63,20,1,2,0,31.0755,69.37,0.4001,0.3385,0.6841
S03943,8,0,1,80.77,53.64,30,1,0,0,52.0277,46.36,0.121,0.3385,0.5187
S03944,8,1,1,84.99,46.31,22,4,1,0,54.7392,58.69,0.1796,0.6538,0.4797
S03945,2,1,1,60.08,29.78,17,0,0,0,34.1167,70.22,0.1661,0.5,0.6365
S03946,6,1,0,69.21,47.46,19,5,2,0,48.5706,62.54,0.0394,0.3923,0.5821
S03947,1,0,1,64.55,39.07,14,3,0,0,39.8943,60.93,0.1041,0.4154,0.6002
S03948,3,1,1,64.69,27.38,22,6,0,0,50.4653,72.62,0.1022,0.7308,0.5312
S03949,8,0,1,79.4,33.63,15,2,1,0,44.5045,71.37,0.102,0.3769,0.6355
S03950,2,0,0,79.76,48.05,22,1,1,0,46.8779,56.95,0.107,0.0385,0.6541
S03951,4,0,0,88.12,54.9,39,4,0,0,66.0759,45.1,0.223,0.1538,0.5107
S03952,2,0,1,87.81,57.56,29,3,1,0,58.0966,47.44,0.2187,0.4154,0.4826
S03953,6,0,0,69.42,49.05,29,5,1,0,54.5868,55.95,0.0365,0.1923,0.5847
S03954,4,1,1,100.0,49.36,34,2,0,0,64.0156,50.64,0.3879,0.5769,0.4343
S03955,5,0,1,95.25,38.8,23,1,0,0,53.6671,61.2,0.322,0.3385,0.5723
S03956,8,0,0,62.13,25.88,22,4,1,0,45.5952,79.12,0.1377,0.1538,0.7184
S03957,5,1,1,73.9,31.55,22,2,0,0,46.457,68.45,0.0257,0.5769,0.567
S03958,6,1,1,42.21,40.97,12,0,1,0,24.0026,64.03,0.4142,0.5,0.6471
S03959,1,0,1,72.41,34.88,16,0,0,0,38.4555,65.12,0.005,0.3,0.6509
S03960,2,1,1,97.11,96.18235862983046,44,5,0,0,74.5611,3.8176,0.3478,0.6923,0.1812
S03961,8,0,1,100.0,59.57,34,4,0,0,67.8618,40.43,0.3879,0.4538,0.4108
S03962,7,0,1,70.18,49.24,42,1,1,0,54.9103,55.76,0.026,0.3385,0.5462
S03963,6,1,1,72.05,31.14,25,0,0,0,43.6505,68.86,0.0,0.5,0.5977
S03964,4,1,1,81.08,35.54,20,0,1,0,44.2964,69.46,0.1253,0.5,0.5978
S03965,2,0,1,100.0,47.0,19,0,0,0,51.2712,53.0,0.3879,0.3,0.5576
S03966,7,0,0,57.26,51.65,26,2,0,0,42.1739,48.35,0.2053,0.0769,0.6266
S03967,7,0,1,100.0,65.03,26,2,0,0,59.2699,34.97,0.3879,0.3769,0.4382
S03968,2,0,1,67.24,23.97,17,3,0,0,42.75,76.03,0.0668,0.4154,0.6506
S03969,5,1,1,54.45,48.17,26,7,1,0,50.6653,56.83,0.2443,0.7692,0.4577
S03970,5,0,1,67.27,58.85,29,0,2,1,44.1114,51.15,0.0663,0.3,0.5752
S03971,4,1,1,59.86,34.89,13,5,2,0,41.2712,75.11,0.1692,0.6923,0.5829
S03972,8,0,1,72.05,35.79,21,0,0,0,41.2776,64.21,0.0,0.3,0.6374
S03973,1,1,1,47.21,19.56,0,7,1,1,32.3455,85.44,0.3448,0.7692,0.6363
S03974,3,0,1,74.12,48.85,7,4,0,0,41.4929,51.15,0.0287,0.4538,0.5459
S03975,1,0,1,81.96,37.49,32,1,1,0,53.6901,67.51,0.1375,0.3385,0.5975
S03976,6,0,1,94.24,98.40336668614351,37,2,0,0,63.4913,1.5966,0.308,0.3769,0.2899
S03977,6,0,1,82.21,51.42,29,2,0,0,53.9335,48.58,0.141,0.3769,0.5113
S03978,8,1,0,93.32,49.83,32,6,0,0,67.8495,50.17,0.2952,0.4308,0.4555
S03979,5,1,1,62.91,15.31,14,2,1,0,37.3152,89.69,0.1269,0.5769,0.6839
S03980,2,1,1,77.91,37.61,36,3,1,0,58.2892,67.39,0.0813,0.6154,0.5117
S03981,4,0,1,38.56,1.73,0,1,2,1,17.3471,100.0,0.4648,0.3385,0.8547
S03982,1,1,1,70.29,96.47735237040176,18,0,0,0,38.794,3.5226,0.0244,0.5,0.3533
S03983,6,1,1,77.8,62.14,26,5,0,0,56.1591,37.86,0.0798,0.6923,0.3818
S03984,6,1,1,79.16,58.01,25,3,1,0,52.2637,46.99,0.0987,0.6154,0.4512
S03985,7,1,0,48.39,26.72,14,8,1,0,43.0457,78.28,0.3284,0.5077,0.6355
S03986,3,1,1,66.15,40.94,16,7,0,0,49.4131,59.06,0.0819,0.7692,0.471
S03987,3,0,1,68.24,41.56,25,3,0,0,47.8957,58.44,0.0529,0.4154,0.5623
S03988,1,1,1,65.56,29.31,10,6,0,0,43.6947,70.69,0.0901,0.7308,0.5471
S03989,4,0,1,82.88,46.03,25,2,0,0,51.8287,53.97,0.1503,0.3769,0.5403
S03990,4,0,1,68.75,36.78,25,7,1,0,55.792,68.22,0.0458,0.5692,0.5353
S03991,7,1,1,73.49,26.68,20,2,0,0,45.1066,73.32,0.02,0.5769,0.5912
S03992,7,0,1,64.66,36.16,20,2,0,0,41.5746,63.84,0.1026,0.3769,0.6156
S03993,2,0,1,87.97,42.19,30,3,1,0,58.7538,62.81,0.221,0.4154,0.5418
S03994,3,0,0,89.09,37.46,14,0,0,0,43.9411,62.54,0.2365,0.0,0.6964
S03995,5,0,1,67.37,35.05,7,1,0,0,33.0236,64.95,0.065,0.3385,0.6596
S03996,3,1,0,100.0,41.07,34,5,0,0,69.7849,58.93,0.3879,0.3923,0.4934
S03997,1,1,1,60.5,19.58,13,4,0,0,39.6042,80.42,0.1603,0.6538,0.6196
S03998,7,0,1,87.11,46.24,23,3,0,0,54.2573,53.76,0.209,0.4154,0.5213
S03999,6,1,1,57.73,22.23,22,3,0,0,41.9121,77.77,0.1988,0.6154,0.6105
S04000,5,1,1,83.6,36.5,19,8,0,0,60.0958,63.5,0.1603,0.8077,0.4417
S04001,3,1,1,82.43,45.01,22,4,0,0,53.7152,54.99,0.1441,0.6538,0.4685
S04002,7,0,0,56.82,34.92,30,1,0,0,42.4477,65.08,0.2114,0.0385,0.7021
S04003,1,0,0,70.04,35.96,31,5,0,0,56.0212,64.04,0.0279,0.1923,0.612
S04004,4,0,1,100.0,68.83,42,6,0,0,76.4537,31.17,0.3879,0.5308,0.3244
S04005,7,0,1,59.79,97.7452720572188,9,4,0,1,36.9473,2.2547,0.1702,0.4538,0.3663
S04006,8,1,1,78.03,28.62,24,2,1,1,49.2954,76.38,0.083,0.5769,0.5888
S04007,3,0,0,77.03,24.02,14,2,0,0,42.9632,75.98,0.0691,0.0769,0.7343
S04008,6,0,1,71.37,32.72,22,0,0,0,41.5988,67.28,0.0094,0.3,0.6485
S04009,2,1,1,46.03,7.66,10,3,0,1,30.1134,92.34,0.3611,0.6154,0.7101
S04010,1,0,1,84.43,61.17,18,0,0,0,44.45,38.83,0.1718,0.3,0.5247
S04011,3,0,1,72.17,16.36,27,2,1,0,48.7311,88.64,0.0017,0.3769,0.6898
S04012,8,1,1,72.05,52.54,26,4,0,0,51.936,47.46,0.0,0.6538,0.4446
S04013,6,1,1,75.48,44.57,37,5,0,0,61.7565,55.43,0.0476,0.6923,0.4325
S04014,4,0,1,72.97,41.26,23,0,0,0,42.8321,58.74,0.0128,0.3,0.61
S04015,3,1,1,77.59,27.28,4,6,0,0,44.9473,72.72,0.0769,0.7308,0.5509
S04016,2,1,1,57.19,22.02,3,4,0,0,32.348,77.98,0.2062,0.6538,0.6353
S04017,3,1,1,95.37,52.17,48,7,0,0,80.0841,47.83,0.3237,0.7692,0.3187
S04018,2,0,1,66.37,47.35,18,2,0,0,41.0721,52.65,0.0788,0.3769,0.5726
S04019,2,1,1,66.56,24.42,22,3,3,0,45.4441,90.58,0.0762,0.6154,0.6494
S04020,6,1,1,91.38,49.42,29,4,0,0,61.4477,50.58,0.2683,0.6538,0.4238
S04021,2,0,0,75.71,71.65,35,0,1,0,51.0467,33.35,0.0508,0.0,0.5547
S04022,1,1,1,68.45,38.21,22,5,2,0,50.0462,71.79,0.05,0.6923,0.5389
S04023,5,1,1,78.21,36.39,35,4,2,0,59.739,73.61,0.0855,0.6538,0.5219
S04024,3,0,1,81.39,63.29,36,1,1,0,55.835,41.71,0.1296,0.3385,0.4868
S04025,4,1,0,70.22,99.56649472477156,22,7,1,0,54.6004,5.4335,0.0254,0.4692,0.3133
S04026,2,0,1,85.83,45.27,31,5,0,0,62.3372,54.73,0.1913,0.4923,0.4777
S04027,2,1,1,52.94,35.63,22,1,0,0,36.1499,64.37,0.2652,0.5385,0.5963
S04028,4,1,1,75.93,48.58,10,7,1,0,49.7657,56.42,0.0539,0.7692,0.4592
S04029,6,0,1,84.0,41.71,31,2,0,0,55.836,58.29,0.1659,0.3769,0.5435
S04030,4,0,0,81.33,41.88,28,0,0,0,49.1422,58.12,0.1288,0.0,0.6605
S04031,5,0,1,38.38,16.3,12,2,0,0,26.3168,83.7,0.4673,0.3769,0.7485
S04032,5,1,1,70.1,46.63,26,6,1,0,55.0022,58.37,0.0271,0.7308,0.4583
S04033,3,0,1,72.05,35.83,11,0,0,0,35.3454,64.17,0.0,0.3,0.658
S04034,3,1,0,91.29,63.37,41,7,1,0,74.2996,41.63,0.267,0.4692,0.3892
S04035,4,0,0,66.14,26.76,20,1,1,0,40.2435,78.24,0.082,0.0385,0.7625
S04036,1,0,1,89.62,41.095,33,2,0,0,59.2704,58.905,0.2439,0.3769,0.5339
S04037,6,1,1,53.74,20.21,14,0,0,0,29.8011,79.79,0.2541,0.5,0.6899
S04038,5,1,1,77.86,99.8119614248494,33,3,0,0,56.4895,0.188,0.0806,0.6154,0.2492
S04039,3,0,1,72.12,38.54,23,2,0,0,46.3382,61.46,0.001,0.3769,0.5894
S04040,3,0,1,100.0,45.45,32,3,0,0,64.7523,54.55,0.3879,0.4154,0.4877
S04041,3,0,1,89.67,57.3,38,4,0,0,66.1027,42.7,0.2446,0.4538,0.426
S04042,6,0,1,88.71,43.73,15,0,0,0,44.3823,56.27,0.2312,0.3,0.5947
S04043,7,0,1,100.0,62.02,30,5,0,0,67.412,37.98,0.3879,0.4923,0.3929
S04044,1,1,1,76.26,39.63,19,1,1,0,43.6983,65.37,0.0584,0.5385,0.5739
S04045,4,0,1,70.51,43.03,25,6,0,0,54.573,56.97,0.0214,0.5308,0.5042
S04046,1,0,0,68.8,57.59,24,1,0,0,43.6804,42.41,0.0451,0.0385,0.6071
S04047,4,0,1,76.92,40.92,24,0,0,0,45.0053,59.08,0.0676,0.3,0.6038
S04048,2,0,1,30.45,0.0,2,1,1,1,15.2895,100.0,0.5774,0.3385,0.8619
S04049,3,1,1,72.03,49.13,22,0,1,0,41.8628,55.87,0.0003,0.5,0.552
S04050,4,0,1,75.4,51.83,26,4,1,0,53.276,53.17,0.0465,0.4538,0.5128
S04051,3,0,1,69.66,23.83,20,2,0,0,43.5746,76.17,0.0332,0.3769,0.6579
S04052,4,1,1,49.04,18.87,23,4,0,0,40.9524,81.13,0.3194,0.6538,0.6177
S04053,7,1,1,69.75,36.35,27,4,2,1,51.6093,73.65,0.0319,0.6538,0.5505
S04054,7,1,1,48.99,17.34,14,2,0,0,31.7472,82.66,0.3201,0.5769,0.6753
S04055,1,1,1,98.61,42.42,13,3,0,0,52.9251,57.58,0.3686,0.6154,0.4912
S04056,4,1,1,68.14,33.74,19,5,1,0,48.1426,71.26,0.0543,0.6923,0.5435
S04057,7,1,1,41.06,23.44,16,0,1,1,25.9155,81.56,0.4301,0.5,0.7105
S04058,5,1,1,68.9,49.77,19,0,0,0,38.8312,50.23,0.0437,0.5,0.54
S04059,2,0,1,85.43,70.12,30,0,0,0,51.9686,29.88,0.1857,0.3,0.4626
S04060,5,1,1,74.64,28.3,22,0,1,0,42.9068,76.7,0.0359,0.5,0.6316
S04061,2,1,1,58.29,33.91,19,4,0,0,42.2795,66.09,0.191,0.6538,0.5529
S04062,1,1,0,61.83,50.69,30,7,1,0,55.9901,54.31,0.1418,0.4692,0.504
S04063,6,0,1,67.7,52.93,27,0,0,0,43.0969,47.07,0.0604,0.3,0.5624
S04064,5,1,0,65.41,98.41140207409686,10,4,0,0,39.7885,1.5886,0.0922,0.3538,0.3786
S04065,7,0,1,53.11,22.26,2,0,0,1,22.4304,77.74,0.2629,0.3,0.7575
S04066,3,1,1,70.99,50.57,26,2,0,0,47.6659,49.43,0.0147,0.5769,0.4867
S04067,7,0,1,51.99,24.92,25,4,0,0,43.3188,75.08,0.2784,0.4538,0.6353
S04068,4,1,1,86.24,99.29441650334653,22,7,0,0,61.0084,0.7056,0.1969,0.7692,0.197
S04069,6,1,0,88.07,58.06,27,6,1,0,62.7834,46.94,0.2223,0.4308,0.4603
S04070,1,0,1,56.95,36.07,36,2,1,1,47.9821,68.93,0.2096,0.3769,0.6136
S04071,1,0,1,61.25,38.56,16,0,1,0,33.9915,66.44,0.1499,0.3,0.6718
S04072,7,0,0,65.65,97.90166208279156,40,4,0,0,57.6811,2.0983,0.0888,0.1538,0.3681
S04073,7,1,0,71.53,38.83,16,2,0,0,41.9497,61.17,0.0072,0.2769,0.6286
S04074,8,1,0,75.85,36.41,19,5,0,0,51.2266,63.59,0.0527,0.3923,0.577
S04075,3,1,1,78.95,47.68,19,1,0,1,44.7743,52.32,0.0958,0.5385,0.5179
S04076,1,0,1,78.6,43.29,15,2,0,0,44.1845,56.71,0.0909,0.3769,0.578
S04077,8,1,1,95.31,41.095,17,4,0,0,55.9011,58.905,0.3228,0.6538,0.4765
S04078,5,1,1,72.91,40.65,21,4,1,0,49.3139,64.35,0.0119,0.6538,0.5214
S04079,2,0,1,52.46,37.37,17,2,1,1,34.9149,67.63,0.2719,0.3769,0.6541
S04080,7,0,1,47.86,99.07398051054922,8,2,1,1,27.7359,5.926,0.3357,0.3769,0.4324
S04081,8,0,1,96.54,43.31,27,3,0,0,60.4022,56.69,0.3399,0.4154,0.5115
S04082,3,0,1,79.64,58.56,37,0,0,0,53.8052,41.44,0.1053,0.3,0.5024
S04083,7,0,1,75.1,43.52,31,3,0,0,54.1991,56.48,0.0423,0.4154,0.5324
S04084,7,0,1,78.74,39.87,23,0,0,0,45.1401,60.13,0.0929,0.3,0.6075
S04085,5,0,0,74.4,27.0,27,2,0,1,49.6231,73.0,0.0326,0.0769,0.6991
S04086,6,0,1,78.5,50.97,12,0,1,0,38.5186,54.03,0.0895,0.3,0.6063
S04087,3,0,1,66.41,43.56,23,3,1,0,45.9773,61.44,0.0783,0.4154,0.581
S04088,8,1,1,87.83,41.095,28,1,0,0,53.6652,58.905,0.219,0.5385,0.5132
S04089,8,0,1,64.13,40.5,17,0,0,1,35.7367,59.5,0.1099,0.3,0.6379
S04090,8,0,1,58.45,43.57,18,0,0,0,34.058,56.43,0.1888,0.3,0.6315
S04091,6,1,0,46.64,33.53,12,3,1,1,31.5439,71.47,0.3527,0.3154,0.6966
S04092,1,0,1,68.43,29.5,11,2,0,0,37.7436,70.5,0.0502,0.3769,0.6557
S04093,3,0,1,91.01,48.43,22,2,2,0,53.301,61.57,0.2632,0.3769,0.5655
S04094,4,0,1,65.14,34.49,28,0,1,0,42.6662,70.51,0.0959,0.3,0.6577
S04095,8,0,1,51.32,99.54858595809992,12,5,2,0,37.262,10.4514,0.2877,0.4923,0.3883
S04096,5,1,1,76.27,22.6,22,3,1,0,49.3281,82.4,0.0586,0.6154,0.6031
S04097,5,0,1,62.23,41.095,0,3,0,0,30.6612,58.905,0.1363,0.4154,0.6245
S04098,2,0,1,95.22,64.87,47,1,0,0,67.8924,35.13,0.3216,0.3385,0.4183
S04099,7,1,1,88.12,95.61268763519725,27,4,0,0,58.9573,4.3873,0.223,0.6538,0.2477
S04100,3,1,1,52.94,23.27,22,0,1,0,34.2268,81.73,0.2652,0.5,0.6821
S04101,1,0,1,69.39,36.36,14,0,0,0,36.0611,63.64,0.0369,0.3,0.6533
S04102,8,0,1,60.67,26.45,16,1,1,0,35.6826,78.55,0.1579,0.3385,0.7047
S04103,2,0,1,54.59,10.78,14,3,1,0,35.9103,94.22,0.2423,0.4154,0.7473
S04104,1,1,1,71.16,46.53,24,7,0,0,56.1628,53.47,0.0124,0.7692,0.425
S04105,1,1,1,84.27,60.38,28,0,0,0,50.3182,39.62,0.1696,0.5,0.4574
S04106,4,1,1,70.77,59.64,15,4,1,0,44.8986,45.36,0.0178,0.6538,0.4608
S04107,1,0,1,64.26,34.7,12,1,2,0,34.7457,75.3,0.1081,0.3385,0.695
S04108,7,0,1,38.91,16.44,10,0,1,1,21.4962,88.56,0.46,0.3,0.804
S04109,5,1,0,62.01,36.37,5,3,1,1,33.5393,68.63,0.1393,0.3154,0.6783
S04110,3,0,1,80.28,34.56,19,5,0,0,52.9986,65.44,0.1142,0.4923,0.5532
S04111,1,1,1,51.87,21.88,14,1,2,0,30.9762,88.12,0.2801,0.5385,0.7094
S04112,4,0,1,91.24,52.29,33,1,1,0,57.9953,52.71,0.2663,0.3385,0.5232
S04113,2,0,1,63.25,31.62,31,2,1,0,47.536,73.38,0.1221,0.3769,0.6329
S04114,8,0,1,74.91,31.18,20,1,0,0,43.7515,68.82,0.0397,0.3385,0.6375
S04115,3,0,1,66.01,52.17,21,5,0,0,48.477,47.83,0.0838,0.4923,0.4986
S04116,4,1,1,54.36,13.49,1,0,2,0,22.3372,96.51,0.2455,0.5,0.7829
S04117,1,0,1,78.6,50.71,27,3,0,0,53.2262,49.29,0.0909,0.4154,0.507
S04118,2,1,1,63.03,22.85,12,2,0,0,36.1768,77.15,0.1252,0.5769,0.6378
S04119,2,1,1,59.5,29.81,15,4,1,0,40.3906,75.19,0.1742,0.6538,0.5959
S04120,1,1,1,36.36,24.62,13,4,2,1,29.9482,85.38,0.4954,0.6538,0.6733
S04121,6,1,1,91.54,54.77,34,3,0,0,62.5547,45.23,0.2705,0.6154,0.4081
S04122,8,1,1,72.09,25.97,11,5,1,0,44.9768,79.03,0.0006,0.6923,0.5856
S04123,8,1,0,88.6,61.87,35,3,0,0,61.9719,38.13,0.2297,0.3154,0.4568
S04124,3,0,1,81.3,46.26,25,3,0,0,53.1197,53.74,0.1284,0.4154,0.5252
S04125,7,1,1,88.6,37.9,39,3,1,0,64.3448,67.1,0.2297,0.6154,0.4893
S04126,5,1,0,63.54,50.04,31,1,0,0,45.7289,49.96,0.1181,0.2385,0.5802
S04127,1,0,1,51.41,35.31,28,2,1,0,41.0203,69.69,0.2865,0.3769,0.641
S04128,1,1,1,83.44,39.27,15,3,0,0,48.0435,60.73,0.1581,0.6154,0.5209
S04129,5,0,1,73.95,45.17,26,2,0,0,48.8499,54.83,0.0264,0.3769,0.5541
S04130,4,1,1,65.0,12.68,7,2,1,0,33.9987,92.32,0.0978,0.5769,0.7061
S04131,1,0,1,83.14,43.64,37,4,1,0,62.8975,61.36,0.1539,0.4538,0.5118
S04132,8,1,0,76.62,50.43,36,3,1,0,57.7732,54.57,0.0634,0.3154,0.5372
S04133,6,0,1,81.58,39.65,34,1,1,0,54.7246,65.35,0.1323,0.3385,0.5852
S04134,5,1,1,56.66,36.66,14,5,1,0,40.5845,68.34,0.2136,0.6923,0.5582
S04135,8,0,1,86.66,37.89,32,5,0,0,63.2624,62.11,0.2028,0.4923,0.5039
S04136,8,1,0,71.93,36.16,18,5,1,0,49.0654,68.84,0.0017,0.3923,0.6056
S04137,8,0,0,88.27,62.98,28,3,0,0,57.6874,37.02,0.2251,0.1154,0.5173
S04138,3,1,0,86.52,39.42,27,5,0,0,60.2403,60.58,0.2008,0.3923,0.5334
S04139,8,0,1,82.29,38.04,10,0,0,0,38.8482,61.96,0.1421,0.3,0.6369
S04140,5,0,1,70.33,26.47,15,3,0,0,42.7995,73.53,0.0239,0.4154,0.6405
S04141,6,0,1,82.64,39.6,44,2,0,0,63.0038,60.4,0.147,0.3769,0.5269
S04142,7,1,0,88.66,55.61,28,4,0,0,59.7665,44.39,0.2305,0.3538,0.4799
S04143,2,0,1,81.1,45.43,27,4,0,0,56.1493,54.57,0.1256,0.4538,0.5083
S04144,4,1,0,75.04,42.23,23,4,0,0,51.3524,57.77,0.0415,0.3538,0.5629
S04145,2,0,1,82.68,47.54,23,7,0,0,60.1776,52.46,0.1475,0.5692,0.4569
S04146,3,1,0,64.11,27.3,20,8,0,0,52.893,72.7,0.1102,0.5077,0.5787
S04147,4,0,1,94.71,39.29,27,0,0,0,53.9009,60.71,0.3145,0.3,0.5792
S04148,7,0,0,46.77,20.55,0,1,1,1,20.6311,84.45,0.3509,0.0385,0.856
S04149,7,0,1,72.52,58.31,29,5,3,0,55.8268,56.69,0.0065,0.4923,0.5083
S04150,4,0,1,65.91,46.05,33,2,1,0,49.7864,58.95,0.0852,0.3769,0.5673
S04151,3,0,1,62.39,15.81,10,4,1,0,38.5805,89.19,0.1341,0.4538,0.7083
S04152,5,0,0,76.58,70.52,21,0,0,0,43.0896,29.48,0.0629,0.0,0.5671
S04153,8,0,1,55.12,23.69,28,1,1,0,40.5812,81.31,0.235,0.3385,0.6986
S04154,8,1,1,100.0,34.68,26,3,0,0,61.193,65.32,0.3879,0.6154,0.4933
S04155,2,0,0,51.72,47.29,18,5,0,1,40.9814,52.71,0.2822,0.1923,0.6193
S04156,2,1,0,57.73,40.96,52,5,0,0,63.5548,59.04,0.1988,0.3923,0.5156
S04157,6,0,1,56.31,28.57,22,3,1,0,41.3441,76.43,0.2185,0.4154,0.6572
S04158,3,0,0,74.98,53.59,24,1,0,0,46.1524,46.41,0.0407,0.0385,0.6145
S04159,2,0,1,72.05,69.07,35,3,0,0,55.3519,30.93,0.0,0.4154,0.4261
S04160,1,0,1,79.89,45.64,31,1,0,0,52.2689,54.36,0.1088,0.3385,0.5499
S04161,4,0,1,94.09,57.55,25,3,0,0,58.2357,42.45,0.3059,0.4154,0.4621
S04162,4,1,0,59.59,43.96,4,2,0,0,30.055,56.04,0.1729,0.2769,0.6497
S04163,5,1,1,81.88,36.44,31,1,0,0,53.0649,63.56,0.1364,0.5385,0.5339
S04164,2,1,1,67.45,43.38,27,2,0,0,46.8431,56.62,0.0638,0.5769,0.5183
S04165,6,0,1,75.42,36.82,21,0,0,0,42.6256,63.18,0.0468,0.3,0.6285
S04166,6,0,1,88.63,99.98609123505985,42,0,0,0,60.3673,0.0139,0.2301,0.3,0.3138
S04167,4,1,0,46.62,40.45,25,1,1,1,35.4016,64.55,0.3529,0.2385,0.6747
S04168,2,0,1,100.0,71.46,39,0,0,0,63.1356,28.54,0.3879,0.3,0.4182
S04169,5,0,0,72.05,43.83,19,5,0,0,49.7066,56.17,0.0,0.1923,0.6026
S04170,6,0,1,47.9,24.92,0,3,1,1,24.9292,80.08,0.3352,0.4154,0.7292
S04171,3,0,0,61.61,30.39,17,6,0,0,46.2672,69.61,0.1449,0.2308,0.6588
S04172,3,1,1,73.53,36.62,8,2,0,0,38.0039,63.38,0.0205,0.5769,0.5763
S04173,5,0,1,61.6,30.24,0,0,0,0,24.64,69.76,0.145,0.3,0.7178
S04174,3,0,1,41.28,48.46,17,0,1,0,26.5967,56.54,0.4271,0.3,0.6581
S04175,4,1,0,73.45,29.24,32,0,1,0,48.3631,75.76,0.0194,0.2,0.6838
S04176,3,1,1,61.17,19.88,3,6,0,0,37.7861,80.12,0.151,0.7308,0.6055
S04177,3,0,1,81.77,42.79,24,4,1,0,54.6376,62.21,0.1349,0.4538,0.5442
S04178,6,0,1,55.97,35.68,22,3,0,0,41.2081,64.32,0.2232,0.4154,0.6092
S04179,4,1,1,100.0,69.88,30,3,0,0,63.5658,30.12,0.3879,0.6154,0.3441
S04180,4,0,1,79.7,49.11,14,1,0,0,42.1082,50.89,0.1062,0.3385,0.5716
S04181,6,0,1,72.05,44.06,34,4,0,0,56.6818,55.94,0.0,0.4538,0.5119
S04182,3,0,1,81.35,46.48,15,4,0,0,49.1306,53.52,0.1291,0.4538,0.5287
S04183,1,0,1,44.68,16.73,0,4,0,1,25.5643,83.27,0.3799,0.4538,0.7302
S04184,7,1,1,64.55,32.87,9,7,2,0,44.6205,77.13,0.1041,0.7692,0.56
S04185,1,1,0,98.75,67.83,36,3,0,0,66.6252,32.17,0.3706,0.3154,0.4166
S04186,5,1,1,67.2,9.8,19,5,0,0,47.7666,90.2,0.0673,0.6923,0.6205
S04187,3,1,0,71.06,33.73,16,3,0,0,43.6848,66.27,0.0137,0.3154,0.6333
S04188,2,1,0,72.05,28.24,24,3,1,0,48.8265,76.76,0.0,0.3154,0.6573
S04189,1,1,1,93.97,45.27,33,3,1,0,62.9335,59.73,0.3042,0.6154,0.4648
S04190,8,1,1,68.33,22.71,3,1,0,1,31.0347,77.29,0.0516,0.5385,0.6659
S04191,4,0,0,53.22,12.58,20,2,3,0,36.9986,100.0,0.2613,0.0769,0.8513
S04192,3,0,1,100.0,73.83,42,3,0,0,70.6845,26.17,0.3879,0.4154,0.3534
S04193,6,0,1,51.37,53.08,14,1,1,0,30.7762,51.92,0.287,0.3385,0.6153
S04194,1,0,0,70.54,40.14,20,3,1,0,45.8496,64.86,0.021,0.1154,0.6701
S04195,5,0,0,59.37,56.42,33,3,2,0,49.0935,53.58,0.176,0.1154,0.6136
S04196,4,0,1,61.48,41.095,13,3,0,0,38.0731,58.905,0.1467,0.4154,0.5985
S04197,5,1,1,56.1,43.27,15,0,1,0,31.3383,61.73,0.2214,0.5,0.6122
S04198,1,0,1,63.9,31.94,22,4,0,0,46.3032,68.06,0.1131,0.4538,0.5967
S04199,8,0,1,86.76,42.99,28,0,1,0,51.3142,62.01,0.2042,0.3,0.5934
S04200,2,0,1,43.47,24.03,10,3,3,1,29.0894,90.97,0.3967,0.4154,0.7582
S04201,6,0,1,90.91,69.53,30,3,0,0,59.9298,30.47,0.2618,0.4154,0.4083
S04202,6,1,1,88.33,67.42,41,2,1,1,63.5002,37.58,0.226,0.5769,0.3838
S04203,3,0,1,79.64,62.57,32,1,0,0,52.7621,37.43,0.1053,0.3385,0.4804
S04204,2,0,1,73.89,26.8,23,1,0,0,45.1231,73.2,0.0255,0.3385,0.6502
S04205,3,0,1,76.15,28.0,17,5,0,0,50.1601,72.0,0.0569,0.4923,0.5894
S04206,7,1,0,93.35,44.5,24,2,0,0,55.4234,55.5,0.2956,0.2769,0.5588
S04207,8,1,1,45.81,43.68,21,7,1,0,44.2432,61.32,0.3642,0.7692,0.4981
S04208,8,0,0,82.91,97.964819224418,14,0,0,0,41.4691,2.0352,0.1507,0.0,0.463
S04209,2,0,1,60.81,25.5,38,5,0,0,56.4818,74.5,0.156,0.4923,0.5772
S04210,5,1,0,84.39,44.5,27,0,2,0,49.7729,65.5,0.1713,0.2,0.6378
S04211,2,1,1,62.8,22.44,8,1,1,0,31.7888,82.56,0.1284,0.5385,0.6844
S04212,6,0,1,82.6,45.7,28,4,0,0,57.3425,54.3,0.1464,0.4538,0.5031
S04213,4,0,0,48.77,46.24,8,6,1,0,35.7922,58.76,0.3231,0.2308,0.6521
S04214,6,0,1,46.61,21.74,22,5,1,1,41.3102,83.26,0.3531,0.4923,0.6654
S04215,6,0,1,70.3,29.16,10,1,1,0,35.9753,75.84,0.0243,0.3385,0.6928
S04216,8,1,0,3.532500000000013,97.54939473012054,28,3,0,0,23.7924,2.4506,0.951,0.3154,0.4477
S04217,4,1,0,80.04,95.39023057614882,8,4,0,0,44.4541,4.6098,0.1109,0.3538,0.3744
S04218,3,1,1,79.94,40.75,20,3,0,0,49.6096,59.25,0.1095,0.6154,0.5095
S04219,5,1,0,84.9,35.39,20,2,1,0,49.6706,69.61,0.1783,0.2769,0.6354
S04220,2,0,1,66.05,40.93,16,0,0,0,35.9115,59.07,0.0833,0.3,0.6356
S04221,1,1,1,81.16,38.84,20,1,0,0,46.2515,61.16,0.1264,0.5385,0.5481
S04222,5,0,1,63.3,33.24,20,4,0,0,44.8767,66.76,0.1214,0.4538,0.5965
S04223,7,0,1,72.05,30.67,28,3,1,0,51.1994,74.33,0.0,0.4154,0.6143
S04224,5,1,1,69.15,20.38,24,3,1,0,47.6665,84.62,0.0402,0.6154,0.6178
S04225,7,0,1,63.82,48.61,30,4,1,0,51.0169,56.39,0.1142,0.4538,0.5336
S04226,2,1,1,71.01,41.44,18,7,0,0,52.5435,58.56,0.0144,0.7692,0.458
S04227,4,1,1,68.18,42.31,24,5,1,0,51.1247,62.69,0.0537,0.6923,0.4987
S04228,5,1,1,61.39,34.11,22,0,1,0,37.6068,70.89,0.148,0.5,0.6269
S04229,3,1,1,69.89,37.78,31,4,0,0,54.0381,62.22,0.03,0.6538,0.4963
S04230,1,0,1,74.33,39.17,17,0,0,0,39.8167,60.83,0.0316,0.3,0.629
S04231,1,0,1,55.5,40.47,23,4,0,0,43.5364,59.53,0.2297,0.4538,0.5723
S04232,8,1,1,78.26,44.15,18,2,0,0,45.8281,55.85,0.0862,0.5769,0.5188
S04233,5,1,1,64.59,26.24,15,4,1,1,42.4266,78.76,0.1035,0.6538,0.6031
S04234,3,1,0,74.97,50.11,21,7,0,0,55.9072,49.89,0.0405,0.4692,0.4866
S04235,3,0,0,62.02,99.001202705743,22,0,2,0,37.8588,10.9988,0.1392,0.0,0.5115
S04236,1,0,1,87.76,44.93,19,2,0,0,50.2213,55.07,0.218,0.3769,0.5503
S04237,8,0,1,86.34,39.0,20,1,0,0,48.3235,61.0,0.1983,0.3385,0.5902
S04238,1,1,1,56.26,23.88,12,3,3,0,35.3919,91.12,0.2192,0.6154,0.6868
S04239,7,1,1,79.87,47.01,26,1,0,0,49.2948,52.99,0.1085,0.5385,0.5048
S04240,2,1,1,93.69,35.62,23,7,0,0,64.5816,64.38,0.3003,0.7692,0.4392
S04241,3,0,1,72.05,28.48,19,5,2,0,49.7066,81.52,0.0,0.4923,0.629
S04242,3,0,0,58.97,25.73,15,1,0,0,34.4094,74.27,0.1815,0.0385,0.767
S04243,7,0,1,83.03,47.14,32,3,0,0,57.9643,52.86,0.1524,0.4154,0.5047
S04244,1,0,1,52.39,31.71,16,2,0,0,34.2937,68.29,0.2729,0.3769,0.6589
S04245,3,0,1,60.34,26.17,32,4,2,0,50.8114,83.83,0.1625,0.4538,0.644
S04246,3,1,1,56.78,48.56,18,4,0,0,41.0823,51.44,0.2119,0.6538,0.4985
S04247,3,0,1,83.21,41.44,17,6,0,0,54.9072,58.56,0.1549,0.5308,0.5094
S04248,2,0,1,61.61,38.87,17,8,0,0,50.1134,61.13,0.1449,0.6077,0.5172
S04249,8,1,1,67.73,47.0,21,4,1,0,47.2419,58.0,0.06,0.6538,0.5032
S04250,4,1,1,72.05,48.11,11,6,0,0,46.8839,51.89,0.0,0.7308,0.4608
S04251,4,0,1,72.05,57.82,41,3,0,0,58.9113,42.18,0.0,0.4154,0.4587
S04252,4,0,1,59.11,22.12,15,1,0,0,34.4654,77.88,0.1796,0.3385,0.7063
S04253,8,1,1,50.89,12.78,10,3,1,0,32.0574,92.22,0.2937,0.6154,0.7028
S04254,3,1,1,50.3,95.57566479490288,57,2,1,1,57.7797,9.4243,0.3019,0.5769,0.2912
S04255,3,1,1,82.4,38.97,19,3,0,0,50.0004,61.03,0.1437,0.6154,0.5153
S04256,3,0,1,72.05,66.78,34,2,0,0,52.8356,33.22,0.0,0.3769,0.4537
S04257,3,0,1,90.73,46.64,35,5,0,0,66.6701,53.36,0.2593,0.4923,0.457
S04258,1,1,1,53.09,19.69,17,4,0,0,39.0131,80.31,0.2632,0.6538,0.6212
S04259,5,0,0,68.53,29.78,26,4,1,1,50.528,75.22,0.0489,0.1538,0.6856
S04260,1,0,1,100.0,41.095,29,2,0,0,61.0495,58.905,0.3879,0.3769,0.5277
S04261,2,1,1,67.47,47.54,22,4,1,0,47.7312,57.46,0.0636,0.6538,0.4993
S04262,2,0,1,63.55,23.81,17,4,1,0,43.1971,81.19,0.118,0.4538,0.6601
S04263,3,1,1,71.68,34.36,18,0,0,0,39.35,65.64,0.0051,0.5,0.5998
S04264,7,1,1,79.95,32.6,9,0,0,0,37.319,67.4,0.1096,0.5,0.614
S04265,5,0,1,79.7,22.87,17,3,1,0,47.734,82.13,0.1062,0.4154,0.6576
S04266,8,1,0,62.78,97.87528350449416,22,6,1,0,49.7013,7.1247,0.1287,0.4308,0.3468
S04267,3,0,0,63.22,37.5,11,3,0,0,37.5827,62.5,0.1226,0.1154,0.6896
S04268,8,1,1,72.05,43.3,31,5,0,0,56.8252,56.7,0.0,0.6923,0.4548
S04269,1,1,1,61.05,33.39,23,1,1,0,39.9871,71.61,0.1527,0.5385,0.6119
S04270,5,1,1,53.48,28.98,23,0,1,1,35.0361,76.02,0.2577,0.5,0.6565
S04271,7,0,1,99.12,53.55,36,6,0,0,72.5424,46.45,0.3757,0.5308,0.3992
S04272,5,1,1,65.9,41.095,29,3,0,0,49.3326,58.905,0.0854,0.6154,0.5091
S04273,8,1,1,66.75,51.59,21,8,0,0,54.5422,48.41,0.0736,0.8077,0.4008
S04274,3,1,1,67.21,39.74,33,3,1,0,52.2295,65.26,0.0672,0.6154,0.5244
S04275,1,1,1,70.79,26.73,12,6,0,0,46.9731,73.27,0.0175,0.7308,0.546
S04276,7,0,1,78.52,34.37,24,0,1,0,45.6453,70.63,0.0898,0.3,0.6478
S04277,1,1,1,65.02,50.85,12,3,1,0,38.8959,54.15,0.0976,0.6154,0.5266
S04278,7,0,1,89.09,99.92058492274018,39,3,0,0,64.5408,0.0794,0.2365,0.4154,0.2706
S04279,6,0,1,80.97,46.5,29,2,0,0,53.4375,53.5,0.1238,0.3769,0.5327
S04280,7,1,1,69.14,44.37,31,4,0,0,53.7381,55.63,0.0404,0.6538,0.471
S04281,4,1,1,62.01,26.35,8,5,1,0,39.1651,78.65,0.1393,0.6923,0.6044
S04282,8,1,1,88.27,35.7,23,2,1,0,52.7982,69.3,0.2251,0.5769,0.5482
S04283,2,0,1,69.57,31.12,7,0,0,0,31.9805,68.88,0.0344,0.3,0.6886
S04284,4,0,1,53.36,16.18,19,2,1,0,36.4613,88.82,0.2594,0.3769,0.7334
S04285,1,0,1,87.32,39.38,25,6,0,0,61.297,60.62,0.2119,0.5308,0.4952
S04286,7,0,0,61.11,32.01,25,1,1,0,41.1976,72.99,0.1518,0.0385,0.7381
S04287,6,1,1,85.03,58.23,27,4,0,0,57.7213,41.77,0.1802,0.6538,0.4016
S04288,7,1,1,34.29,14.37,0,4,0,1,21.4083,85.63,0.5241,0.6538,0.7041
S04289,7,0,1,66.47,20.32,7,4,1,1,38.4329,84.68,0.0774,0.4538,0.6908
S04290,3,0,1,89.4,61.21,29,1,0,0,54.8865,38.79,0.2408,0.3385,0.4784
S04291,1,0,1,72.08,40.58,22,0,0,0,41.8828,59.42,0.0004,0.3,0.6161
S04292,8,1,0,80.97,26.45,8,7,0,0,50.5953,73.55,0.1238,0.4692,0.5998
S04293,4,1,1,58.47,38.13,17,2,0,0,37.3189,61.87,0.1885,0.5769,0.5726
S04294,1,0,1,77.22,97.3083919631284,16,1,0,0,42.3026,2.6916,0.0718,0.3385,0.3781
S04295,8,0,1,72.06,13.53,14,0,1,0,37.1291,91.47,0.0001,0.3,0.7609
S04296,8,0,1,75.65,40.84,18,1,0,0,42.861,59.16,0.05,0.3385,0.602
S04297,4,0,1,100.0,49.63,33,3,0,0,65.3455,50.37,0.3879,0.4154,0.4689
S04298,7,1,1,91.57,40.37,24,2,0,0,54.7114,59.63,0.2709,0.5769,0.5028
S04299,1,1,1,83.88,35.86,11,5,2,0,49.6928,74.14,0.1642,0.6923,0.5496
S04300,1,0,0,84.07,29.32,28,3,0,0,56.0074,70.68,0.1668,0.1154,0.6578
S04301,3,1,1,58.36,28.45,15,3,1,0,38.0115,76.55,0.19,0.6154,0.6193
S04302,6,0,0,64.93,34.67,12,6,0,1,44.6291,65.33,0.0988,0.2308,0.6474
S04303,2,0,0,49.01,17.27,12,4,1,1,34.415,87.73,0.3198,0.1538,0.792
S04304,1,1,0,52.96,24.72,13,3,0,0,34.6651,75.28,0.265,0.3154,0.7009
S04305,6,0,0,3.532500000000013,96.31404977044096,18,2,1,0,15.9371,8.686,0.951,0.0769,0.5597
S04306,7,0,1,71.56,43.3,20,2,0,0,44.3346,56.7,0.0068,0.3769,0.5774
S04307,6,1,1,53.62,36.1,17,7,1,0,44.9943,68.9,0.2558,0.7692,0.5258
S04308,7,1,1,71.41,33.35,22,6,0,0,53.1533,66.65,0.0089,0.7308,0.4979
S04309,7,0,1,69.69,39.12,28,2,2,0,48.3323,70.88,0.0328,0.3769,0.6201
S04310,5,1,1,54.99,21.09,29,5,0,0,48.8148,78.91,0.2368,0.6923,0.5717
S04311,5,0,1,94.88,46.89,31,2,0,0,60.188,53.11,0.3169,0.3769,0.5076
S04312,7,1,0,52.13,39.01,10,3,0,0,32.5534,60.99,0.2765,0.3154,0.6512
S04313,3,0,0,88.76,34.15,22,2,0,0,52.401,65.85,0.2319,0.0769,0.6608
S04314,1,1,1,38.19,34.47,15,3,2,1,29.9435,75.53,0.47,0.6154,0.6435
S04315,7,0,1,69.87,23.67,14,6,1,0,47.7915,81.33,0.0303,0.5308,0.6253
S04316,3,1,1,54.04,46.1,35,8,0,0,57.7633,53.9,0.25,0.8077,0.4115
S04317,8,1,1,62.18,47.72,41,2,0,0,53.0402,52.28,0.137,0.5769,0.4793
S04318,4,0,1,99.15,71.23,30,4,0,0,65.1489,28.77,0.3761,0.4538,0.3736
S04319,7,1,1,66.8,5.85,7,5,0,0,40.4879,94.15,0.0729,0.6923,0.6618
S04320,1,0,1,55.43,25.16,22,4,0,0,42.9152,74.84,0.2307,0.4538,0.6357
S04321,6,1,1,79.31,69.37,42,0,0,0,56.6393,30.63,0.1008,0.5,0.3993
S04322,4,0,1,66.66,32.65,10,3,0,0,38.3654,67.35,0.0748,0.4154,0.6313
S04323,4,0,1,74.26,54.15,38,0,0,0,52.2464,45.85,0.0307,0.3,0.5255
S04324,3,1,1,58.28,16.34,3,1,1,0,27.0147,88.66,0.1911,0.5385,0.7255
S04325,8,0,0,59.02,15.83,6,0,0,0,27.1673,84.17,0.1808,0.0,0.8416
S04326,4,0,1,60.18,46.6,21,1,0,0,38.4527,53.4,0.1647,0.3385,0.5944
S04327,7,0,0,83.98,50.49,35,8,0,0,69.7393,49.51,0.1656,0.3077,0.477
S04328,4,0,1,68.6,70.38,21,1,2,0,41.8207,39.62,0.0479,0.3385,0.5275
S04329,1,0,1,56.28,33.99,20,0,0,0,34.3764,66.01,0.2189,0.3,0.6687
S04330,8,1,0,74.43,53.58,32,3,1,0,54.5243,51.42,0.033,0.3154,0.536
S04331,2,1,1,73.19,56.33,33,4,0,0,56.5446,43.67,0.0158,0.6538,0.4133
S04332,3,0,1,80.6,47.67,21,0,0,0,44.6976,52.33,0.1187,0.3,0.5779
S04333,7,0,1,64.77,40.53,13,2,1,0,37.466,64.47,0.101,0.3769,0.6325
S04334,8,1,1,70.84,56.53,30,3,1,0,51.9018,48.47,0.0168,0.6154,0.4584
S04335,8,1,0,78.33,45.01,28,5,0,0,57.5576,54.99,0.0872,0.3923,0.5204
S04336,4,1,1,56.86,28.08,22,3,0,0,41.5641,71.92,0.2108,0.6154,0.5884
S04337,7,0,0,85.29,54.96,22,4,0,0,54.8592,45.04,0.1838,0.1538,0.5497
S04338,3,0,0,72.25,59.17,28,3,0,0,51.2794,40.83,0.0028,0.1154,0.555
S04339,6,1,0,55.48,19.06,8,5,2,1,36.5531,90.94,0.23,0.3923,0.7377
S04340,5,0,1,55.37,48.09,18,6,1,0,44.3644,56.91,0.2315,0.5308,0.5397
S04341,1,0,1,70.51,28.16,23,4,0,0,49.5404,71.84,0.0214,0.4538,0.6005
S04342,4,0,1,63.75,36.06,20,2,1,0,41.2106,68.94,0.1152,0.3769,0.6373
S04343,4,1,1,3.532500000000013,98.44022769837594,22,7,0,0,27.9254,1.5598,0.951,0.7692,0.3162
S04344,3,0,0,67.7,15.05,13,2,0,0,38.638,84.95,0.0604,0.0769,0.7853
S04345,3,1,1,76.55,42.84,29,7,0,0,61.2849,57.16,0.0625,0.7692,0.4218
S04346,5,1,1,59.27,37.7,18,1,0,0,36.309,62.3,0.1774,0.5385,0.5875
S04347,1,0,0,71.66,35.56,16,3,0,0,43.9248,64.44,0.0054,0.1154,0.6752
S04348,2,1,1,91.73,64.91,19,3,0,0,53.7324,35.09,0.2731,0.6154,0.3984
S04349,7,1,0,69.78,34.27,37,3,0,0,55.6304,65.73,0.0315,0.3154,0.5894
S04350,3,0,0,63.71,34.95,19,2,0,0,40.6013,65.05,0.1158,0.0769,0.6989
S04351,5,1,1,59.04,23.84,15,9,0,0,49.822,76.16,0.1806,0.8462,0.5187
S04352,5,0,1,71.72,30.89,13,3,1,0,42.1691,74.11,0.0046,0.4154,0.645
S04353,5,0,1,93.14,50.31,39,1,0,0,62.3147,49.69,0.2927,0.3385,0.496
S04354,4,1,1,51.55,27.95,23,5,0,0,43.8795,72.05,0.2845,0.6923,0.5615
S04355,4,1,0,72.05,41.51,29,3,0,0,51.7926,58.49,0.0,0.3154,0.5738
S04356,7,0,1,46.29,12.31,13,0,1,1,26.2279,92.69,0.3575,0.3,0.804
S04357,8,1,1,65.84,49.64,26,5,1,0,51.3751,55.36,0.0862,0.6923,0.4686
S04358,3,1,1,75.94,51.03,17,5,0,0,50.0761,48.97,0.054,0.6923,0.4475
S04359,6,1,0,48.29,28.59,16,5,1,0,38.4229,76.41,0.3298,0.3923,0.6731
S04360,8,0,1,65.33,34.22,20,2,0,0,41.8426,65.78,0.0933,0.3769,0.6224
S04361,1,0,0,76.36,40.78,26,4,0,0,53.66,59.22,0.0598,0.1538,0.6106
S04362,7,0,0,73.97,43.62,9,4,1,0,42.6193,61.38,0.0266,0.1538,0.6579
S04363,4,1,1,77.08,40.2,39,4,0,0,61.6599,59.8,0.0698,0.6538,0.4599
S04364,8,0,1,57.38,95.10029284374198,57,0,1,1,56.7656,9.8997,0.2036,0.3,0.3659
S04365,5,1,1,76.35,34.3,22,6,1,0,55.1293,70.7,0.0597,0.7308,0.5071
S04366,7,0,0,63.0,32.68,24,3,1,0,45.2065,72.32,0.1256,0.1154,0.7022
S04367,2,1,1,82.71,38.76,14,5,0,0,51.0045,61.24,0.148,0.6923,0.4934
S04368,2,1,0,37.34,21.96,11,2,0,1,25.3076,78.04,0.4817,0.2769,0.7544
S04369,8,1,0,67.66,14.18,3,1,2,1,30.7667,95.82,0.0609,0.2385,0.816
S04370,5,1,1,73.48,30.32,21,0,2,0,41.8496,79.68,0.0198,0.5,0.6472
S04371,5,1,1,92.24,43.6,26,3,1,0,58.089,61.4,0.2802,0.6154,0.4884
S04372,2,0,0,73.3,48.02,32,6,1,0,59.8415,56.98,0.0173,0.2308,0.5608
S04373,2,1,1,74.82,30.06,37,0,1,0,51.8772,74.94,0.0384,0.5,0.5932
S04374,7,1,1,72.05,59.24,38,5,0,0,60.9778,40.76,0.0,0.6923,0.3765
S04375,3,1,1,90.8,97.212555536375,38,4,0,0,66.5547,2.7874,0.2602,0.6538,0.2148
S04376,5,0,1,66.27,28.84,21,3,0,0,44.7349,71.16,0.0802,0.4154,0.6242
S04377,3,1,1,50.95,29.44,18,2,0,0,34.9041,70.56,0.2929,0.5769,0.6159
S04378,3,0,0,48.08,37.63,17,2,1,0,33.1629,67.37,0.3327,0.0769,0.7342
S04379,2,0,1,81.96,40.38,17,3,0,0,48.638,59.62,0.1375,0.4154,0.5644
S04380,8,0,0,75.35,43.64,33,1,0,0,51.6393,56.36,0.0458,0.0385,0.6351
S04381,8,0,1,68.15,49.69,27,6,1,0,54.8154,55.31,0.0541,0.5308,0.4967
S04382,1,0,0,63.21,50.19,25,0,0,0,40.1145,49.81,0.1227,0.0,0.6588
S04383,3,0,1,74.71,26.74,5,0,0,0,32.8501,73.26,0.0369,0.3,0.7031
S04384,5,1,1,75.15,37.48,27,3,0,0,51.8462,62.52,0.043,0.6154,0.5148
S04385,4,0,1,79.2,52.8,33,3,0,0,57.0255,47.2,0.0992,0.4154,0.4854
S04386,6,0,0,55.37,23.79,16,3,0,0,37.4088,76.21,0.2315,0.1154,0.7451
S04387,3,1,1,45.54,12.5,9,0,1,0,23.555,92.5,0.3679,0.5,0.7626
S04388,1,1,1,58.3,20.83,7,0,1,0,27.4725,84.17,0.1908,0.5,0.7155
S04389,3,0,1,51.73,12.54,4,0,1,0,23.0649,92.46,0.282,0.3,0.8141
S04390,5,0,1,50.96,15.38,16,2,0,0,33.7217,84.62,0.2927,0.3769,0.7262
S04391,2,1,1,95.55,68.74,29,5,0,0,65.0388,31.26,0.3262,0.6923,0.3243
S04392,7,1,1,37.99,6.12,8,4,2,1,27.6341,100.0,0.4727,0.6538,0.7398
S04393,1,1,1,79.05,41.095,37,3,0,0,59.3384,58.905,0.0972,0.6154,0.4741
S04394,1,0,1,85.6,24.0,17,3,0,0,50.094,76.0,0.1881,0.4154,0.6248
S04395,5,1,1,86.81,62.98,25,2,0,0,53.4007,37.02,0.2049,0.5769,0.417
S04396,5,1,1,76.16,49.51,37,3,0,0,58.1824,50.49,0.057,0.6154,0.4445
S04397,3,1,1,91.8,65.26,27,4,0,0,60.4293,34.74,0.2741,0.6538,0.364
S04398,3,1,1,98.75,47.99,33,3,0,0,64.8455,52.01,0.3706,0.6154,0.4272
S04399,1,1,0,67.47,60.41,19,5,0,0,47.8746,39.59,0.0636,0.3923,0.4927
S04400,6,1,1,78.71,34.75,30,4,0,0,56.9729,65.25,0.0924,0.6538,0.4981
S04401,4,1,1,91.14,48.52,13,8,0,0,59.5525,51.48,0.265,0.8077,0.3956
S04402,1,1,0,59.07,6.99,16,9,0,0,50.4272,93.01,0.1802,0.5462,0.659
S04403,4,0,1,68.33,33.72,22,1,0,0,42.3059,66.28,0.0516,0.3385,0.6324
S04404,8,0,1,62.61,29.85,11,2,1,0,35.4156,75.15,0.131,0.3769,0.6824
S04405,3,1,1,78.91,45.57,28,1,0,0,50.0972,54.43,0.0952,0.5385,0.5078
S04406,8,1,0,43.53,21.55,18,4,3,1,35.7823,93.45,0.3958,0.3538,0.7601
S04407,3,0,0,93.55,58.48,34,0,0,0,57.5895,41.52,0.2984,0.0,0.5645
S04408,2,0,1,80.01,46.75,40,5,0,0,65.3482,53.25,0.1105,0.4923,0.4612
S04409,3,1,1,80.85,57.8,22,2,0,0,49.237,42.2,0.1221,0.5769,0.4522
S04410,3,1,0,36.55,26.38,14,11,1,1,44.0789,78.62,0.4927,0.6231,0.6044
S04411,1,0,0,56.4,95.29494088096928,58,5,1,0,66.5822,9.7051,0.2172,0.1923,0.3577
S04412,5,0,1,94.36,56.26,29,2,0,0,58.7935,43.74,0.3096,0.3769,0.475
S04413,3,0,1,69.34,42.66,31,2,1,0,49.972,62.34,0.0376,0.3769,0.5802
S04414,6,1,1,46.14,2.75,15,3,1,1,33.1235,100.0,0.3596,0.6154,0.7302
S04415,4,1,1,75.32,52.33,22,0,0,0,43.1788,47.67,0.0454,0.5,0.5146
S04416,4,1,1,72.05,38.71,32,5,0,0,57.4184,61.29,0.0,0.6923,0.4711
S04417,4,0,1,79.97,43.6,21,0,0,0,44.4456,56.4,0.1099,0.3,0.595
S04418,2,1,1,69.74,41.23,19,4,0,0,46.8595,58.77,0.0321,0.6538,0.5076
S04419,6,0,1,89.03,49.28,27,3,0,0,57.3982,50.72,0.2357,0.4154,0.4981
S04420,1,1,0,61.47,44.91,25,2,0,0,43.2647,55.09,0.1468,0.2769,0.5997
S04421,6,0,0,80.1,57.74,34,2,0,0,56.0556,42.26,0.1117,0.0769,0.5536
S04422,8,0,0,74.03,42.5,22,2,0,0,46.509,57.5,0.0275,0.0769,0.648
S04423,7,1,0,70.0,28.44,20,2,1,0,43.7106,76.56,0.0285,0.2769,0.684
S04424,4,0,0,66.32,29.53,4,1,0,0,30.824,70.47,0.0795,0.0385,0.7644
S04425,3,1,1,66.85,45.98,15,8,0,0,51.0229,54.02,0.0722,0.8077,0.4356
S04426,7,1,1,72.48,35.18,15,3,0,0,43.6595,64.82,0.006,0.6154,0.5526
S04427,3,0,0,67.61,23.9,23,3,1,1,46.4573,81.1,0.0616,0.1154,0.7329
S04428,4,0,1,72.05,41.095,26,0,0,0,44.2437,58.905,0.0,0.3,0.6058
S04429,7,1,1,63.96,26.94,12,1,1,1,34.6257,78.06,0.1123,0.5385,0.6564
S04430,8,1,0,95.52,63.0,32,3,0,0,62.9603,37.0,0.3257,0.3154,0.4488
S04431,8,0,1,63.29,29.31,19,2,0,0,40.4333,70.69,0.1216,0.3769,0.647
S04432,1,0,0,85.8,42.93,7,2,0,0,42.3187,57.07,0.1908,0.0769,0.6609
S04433,8,1,1,86.45,49.93,36,1,0,0,57.859,50.07,0.1999,0.5385,0.4631
S04434,1,0,1,74.49,39.07,31,5,0,0,57.8012,60.93,0.0339,0.4923,0.5183
S04435,5,1,0,73.15,44.65,21,6,0,0,53.2561,55.35,0.0153,0.4308,0.5273
S04436,8,1,1,61.07,26.99,22,5,1,0,47.0942,78.01,0.1524,0.6923,0.5741
S04437,6,0,1,64.24,16.78,17,0,1,0,35.7807,88.22,0.1084,0.3,0.7526
S04438,8,1,1,75.3,42.81,11,5,0,0,46.2608,57.19,0.0451,0.6923,0.4938
S04439,3,0,1,71.32,42.21,39,6,0,0,63.2021,57.79,0.0101,0.5308,0.4773
S04440,3,0,1,89.75,97.1430026055042,35,0,1,0,56.6627,7.857,0.2457,0.3,0.3581
S04441,3,1,1,65.18,42.01,27,3,1,0,47.8582,62.99,0.0954,0.6154,0.5306
S04442,3,1,1,66.09,42.23,18,8,1,0,52.4986,62.77,0.0827,0.8077,0.4654
S04443,6,1,1,47.03,38.8,22,1,0,0,33.7859,61.2,0.3473,0.5385,0.5919
S04444,4,0,1,81.65,45.02,15,3,0,0,47.3275,54.98,0.1332,0.4154,0.5504
S04445,6,1,1,80.3,49.81,23,2,0,0,49.6102,50.19,0.1145,0.5769,0.4829
S04446,4,0,1,86.66,60.76,22,4,0,0,55.4072,39.24,0.2028,0.4538,0.4496
S04447,3,0,1,87.5,41.09,23,3,0,0,54.4133,58.91,0.2144,0.4154,0.5413
S04448,2,0,1,83.83,44.34,34,0,1,0,53.7015,60.66,0.1635,0.3,0.5797
S04449,5,0,0,84.47,54.24,22,2,0,0,50.685,45.76,0.1724,0.0769,0.5864
S04450,8,0,0,81.15,28.91,27,0,0,0,48.4769,71.09,0.1263,0.0,0.7147
S04451,7,1,0,83.46,31.19,21,2,0,0,49.6878,68.81,0.1584,0.2769,0.6321
S04452,3,0,1,44.37,41.095,16,4,0,0,34.9318,58.905,0.3842,0.4538,0.5999
S04453,4,1,1,55.5,49.27,32,2,2,0,45.0292,60.73,0.2297,0.5769,0.5411
S04454,6,1,1,53.05,40.56,17,6,1,0,42.8432,64.44,0.2637,0.7308,0.5251
S04455,5,0,1,91.05,61.66,34,2,0,0,60.4356,38.34,0.2637,0.3769,0.4476
S04456,1,0,0,60.26,36.55,24,1,0,0,40.2644,63.45,0.1636,0.0385,0.7032
S04457,5,0,1,62.66,25.53,10,1,0,0,32.9193,74.47,0.1303,0.3385,0.698
S04458,1,0,0,72.1,37.05,21,4,2,0,48.9899,72.95,0.0007,0.1538,0.6819
S04459,1,1,1,72.05,32.14,14,4,0,0,44.8174,67.86,0.0,0.6538,0.5511
S04460,6,1,1,77.71,41.53,7,1,0,0,37.1596,58.47,0.0786,0.5385,0.5692
S04461,1,1,1,40.04,13.38,22,2,0,1,32.913,86.62,0.4443,0.5769,0.6871
S04462,3,0,0,54.34,33.37,9,1,0,0,28.9981,66.63,0.2458,0.0385,0.7554
S04463,5,0,1,74.98,55.28,29,0,2,0,47.1954,54.72,0.0407,0.3,0.5787
S04464,6,0,1,53.38,34.5,10,4,1,0,34.9765,70.5,0.2591,0.4538,0.6461
S04465,4,1,1,91.49,44.71,46,5,1,0,73.4995,60.29,0.2698,0.6923,0.4108
S04466,1,0,0,72.69,46.48,20,3,0,0,46.7096,53.52,0.0089,0.1154,0.6217
S04467,7,0,1,88.98,56.81,44,0,0,0,61.6937,43.19,0.235,0.3,0.4818
S04468,8,1,0,77.37,58.05,22,6,2,0,55.5373,51.95,0.0738,0.4308,0.5057
S04469,8,1,1,71.82,38.45,22,3,0,0,47.5481,61.55,0.0032,0.6154,0.5259
S04470,6,0,1,57.05,48.84,30,0,0,0,40.6166,51.16,0.2082,0.3,0.5875
S04471,4,1,1,85.94,59.01,20,5,0,0,55.8558,40.99,0.1928,0.6923,0.3954
S04472,8,0,1,78.62,52.06,25,0,0,0,46.2785,47.94,0.0912,0.3,0.5548
S04473,4,0,1,100.0,53.01,37,2,0,0,65.7953,46.99,0.3879,0.3769,0.4635
S04474,2,0,1,84.43,53.6,30,0,0,0,51.5686,46.4,0.1718,0.3,0.5301
S04475,7,0,1,66.04,28.86,21,3,1,0,44.6429,76.14,0.0834,0.4154,0.6445
S04476,3,1,0,76.34,36.43,23,9,0,0,61.4878,63.57,0.0595,0.5462,0.5025
S04477,8,0,1,78.33,58.46,31,0,0,0,49.7218,41.54,0.0872,0.3,0.5171
S04478,3,1,1,89.44,51.25,30,0,0,0,53.5726,48.75,0.2414,0.5,0.4825
S04479,7,0,1,91.83,53.84,37,3,0,0,64.4504,46.16,0.2745,0.4154,0.4552
S04480,5,1,1,69.57,56.85,22,8,1,0,56.2635,48.15,0.0344,0.8077,0.3938
S04481,4,1,0,53.77,46.04,22,3,0,0,40.3281,53.96,0.2537,0.3154,0.5958
S04482,3,0,1,44.19,17.41,21,1,2,1,32.0567,92.59,0.3867,0.3385,0.7735
S04483,7,1,0,54.91,30.07,14,5,0,0,39.8845,69.93,0.2379,0.3923,0.642
S04484,1,1,0,63.12,35.34,28,2,1,1,45.7043,69.66,0.1239,0.2769,0.6494
S04485,4,1,1,94.57,49.93,29,1,0,0,56.9545,50.07,0.3126,0.5385,0.4663
S04486,3,0,0,94.79,57.92,19,1,0,0,51.1103,42.08,0.3156,0.0385,0.5798
S04487,5,1,1,86.4,53.88,25,1,0,0,51.3136,46.12,0.1992,0.5385,0.4703
S04488,3,0,1,90.46,31.85,23,1,0,0,51.7511,68.15,0.2555,0.3385,0.6068
S04489,6,1,1,61.39,46.84,22,6,0,0,49.1453,53.16,0.148,0.7308,0.4579
S04490,4,1,0,49.27,21.15,12,7,2,0,40.2882,88.85,0.3162,0.4692,0.6971
S04491,2,0,1,56.9,36.16,18,7,0,0,46.8995,63.84,0.2103,0.5692,0.5489
S04492,2,1,0,41.48,33.5,20,4,0,0,36.1487,66.5,0.4243,0.3538,0.651
S04493,6,1,1,55.29,43.67,28,9,1,0,56.0339,61.33,0.2326,0.8462,0.4377
S04494,3,1,1,64.41,31.14,22,2,0,0,42.661,68.86,0.106,0.5769,0.5819
S04495,3,0,0,74.5,50.25,32,5,0,0,58.3984,49.75,0.034,0.1923,0.5465
S04496,6,0,1,74.03,49.22,22,2,0,0,46.509,50.78,0.0275,0.3769,0.5461
S04497,3,0,1,61.66,26.39,6,1,1,0,30.1464,78.61,0.1442,0.3385,0.7243
S04498,4,0,0,80.53,35.69,16,2,0,1,45.5497,64.31,0.1177,0.0769,0.6786
S04499,2,1,1,72.05,23.27,17,4,1,0,46.5971,81.73,0.0,0.6538,0.6004
S04500,3,0,0,72.15,61.44,29,2,0,0,49.9095,38.56,0.0014,0.0769,0.5603
S04501,6,1,0,55.35,17.7,15,2,0,0,34.8845,82.3,0.2318,0.2769,0.7379
S04502,5,1,1,88.33,45.1,22,0,0,0,48.3828,54.9,0.226,0.5,0.5253
S04503,8,1,1,72.31,49.81,37,0,0,0,50.8732,50.19,0.0036,0.5,0.4977
S04504,7,0,0,82.18,32.49,19,3,0,0,49.9124,67.51,0.1406,0.1154,0.6665
S04505,1,1,0,53.76,56.05,33,8,0,0,56.4649,43.95,0.2539,0.5077,0.4512
S04506,4,1,1,74.62,22.75,10,1,1,0,37.7033,82.25,0.0357,0.5385,0.6624
S04507,3,1,1,80.59,54.15,40,6,0,0,67.5033,45.85,0.1185,0.7308,0.3644
S04508,5,0,1,41.34,31.32,11,1,1,0,24.9845,73.68,0.4262,0.3385,0.7226
S04509,3,1,1,4.437895575749856,97.29175106269751,27,2,0,0,21.6383,2.7082,0.9384,0.5769,0.3909
S04510,8,0,1,53.26,21.33,16,3,0,0,36.5648,78.67,0.2608,0.4154,0.6829
S04511,3,1,1,75.16,39.81,17,5,1,0,49.7641,65.19,0.0432,0.6923,0.5135
S04512,5,0,1,98.82,55.02,44,3,0,0,71.3989,44.98,0.3715,0.4154,0.4262
S04513,1,0,1,86.32,49.78,22,3,0,0,53.3481,50.22,0.1981,0.4154,0.5103
S04514,8,1,0,49.65,41.095,10,1,0,1,27.7153,58.905,0.3109,0.2385,0.679
S04515,8,0,1,69.33,33.85,10,0,0,0,33.6642,66.15,0.0378,0.3,0.6718
S04516,7,1,1,90.5,54.55,23,5,1,0,59.4595,50.45,0.2561,0.6923,0.4206
S04517,3,1,1,59.75,21.2,12,1,1,0,32.9417,83.8,0.1707,0.5385,0.6853
S04518,1,0,1,66.6,33.72,14,4,0,0,42.6374,66.28,0.0756,0.4538,0.6024
S04519,6,0,0,66.18,33.71,19,0,2,1,37.7432,76.29,0.0815,0.0,0.7731
S04520,4,0,1,80.55,31.68,17,0,1,0,42.3047,73.32,0.118,0.3,0.6702
S04521,8,1,1,48.95,41.22,27,3,1,1,41.3662,63.78,0.3206,0.6154,0.5565
S04522,6,1,0,81.39,28.51,25,1,0,0,49.3096,71.49,0.1296,0.2385,0.6538
S04523,5,0,1,62.66,22.51,22,0,0,1,38.1148,77.49,0.1303,0.3,0.7016
S04524,8,0,1,71.83,50.07,29,3,1,0,51.7046,54.93,0.0031,0.4154,0.5349
S04525,7,0,0,68.63,99.726667934172,22,1,0,0,42.4259,0.2733,0.0475,0.0385,0.443
S04526,4,1,1,81.0,66.04,33,0,0,0,51.9763,33.96,0.1242,0.5,0.4289
S04527,1,0,1,71.68,24.01,20,3,1,0,46.3056,80.99,0.0051,0.4154,0.658
S04528,1,0,1,93.61,63.64,22,1,0,0,52.4179,36.36,0.2992,0.3385,0.4774
S04529,4,1,1,86.84,58.86,30,0,0,0,52.5326,41.14,0.2053,0.5,0.4557
S04530,5,0,1,60.07,21.57,27,4,0,0,47.7373,78.43,0.1663,0.4538,0.6332
S04531,1,0,1,92.48,52.85,31,4,0,0,63.0741,47.15,0.2836,0.4538,0.4544
S04532,2,1,0,76.79,29.05,25,4,0,0,53.2388,70.95,0.0658,0.3538,0.609
S04533,6,1,1,74.55,34.07,25,3,2,0,50.4197,75.93,0.0347,0.6154,0.5734
S04534,7,0,1,84.72,35.19,12,2,1,0,44.8528,69.81,0.1759,0.3769,0.628
S04535,1,1,0,56.38,41.095,18,3,0,1,38.9992,58.905,0.2175,0.3154,0.6203
S04536,5,0,0,51.31,23.85,21,3,1,0,38.7509,81.15,0.2879,0.1154,0.7601
S04537,1,1,0,72.37,37.5,22,6,0,0,53.5373,62.5,0.0044,0.4308,0.5549
S04538,6,0,1,62.91,36.78,28,5,1,0,51.3896,68.22,0.1269,0.4923,0.5699
S04539,7,1,1,100.0,46.8,42,5,1,0,74.5306,58.2,0.3879,0.6923,0.3989
S04540,7,0,1,60.54,26.29,14,0,0,0,32.5211,73.71,0.1598,0.3,0.706
S04541,5,1,1,72.6,43.81,26,3,0,0,50.233,56.19,0.0076,0.6154,0.4951
S04542,6,1,1,72.05,49.16,24,5,0,0,52.6727,50.84,0.0,0.6923,0.4459
S04543,8,0,1,90.47,67.72,13,4,0,0,51.5922,32.28,0.2557,0.4538,0.4351
S04544,5,0,1,57.08,97.88871035840276,16,3,1,0,38.0928,7.1113,0.2078,0.4154,0.3913
S04545,4,1,1,47.82,12.34,5,5,1,0,31.7095,92.66,0.3363,0.6923,0.6866
S04546,7,0,0,92.92,47.26,31,3,0,0,61.3271,52.74,0.2897,0.1154,0.5675
S04547,5,1,1,73.21,46.96,28,0,0,0,45.8942,53.04,0.0161,0.5,0.5265
S04548,7,1,1,84.15,58.83,25,2,0,0,52.3367,41.17,0.1679,0.5769,0.4373
S04549,5,0,1,84.85,61.35,20,0,0,0,45.8044,38.65,0.1777,0.3,0.5193
S04550,7,0,1,87.45,32.67,30,2,1,0,56.6228,72.33,0.2137,0.3769,0.5969
S04551,1,1,1,66.33,56.42,40,3,0,0,56.03,43.58,0.0794,0.6154,0.4244
S04552,1,0,1,72.05,13.0,2,2,1,0,33.8526,92.0,0.0,0.3769,0.7553
S04553,1,1,1,42.06,20.99,14,7,1,1,38.5906,84.01,0.4162,0.7692,0.6087
S04554,5,0,1,57.08,97.85740500211304,13,0,2,0,30.5439,12.1426,0.2078,0.3,0.4667
S04555,6,0,1,72.93,41.095,19,0,2,0,40.4432,68.905,0.0122,0.3,0.6591
S04556,2,0,1,61.48,28.79,18,4,0,0,42.9623,71.21,0.1467,0.4538,0.621
S04557,2,0,1,54.89,48.16,14,1,0,0,32.1842,51.84,0.2382,0.3385,0.6101
S04558,7,1,0,72.76,59.23,28,3,1,0,51.4834,45.77,0.0099,0.3154,0.524
S04559,7,0,0,92.14,55.44,22,5,0,0,59.5222,44.56,0.2788,0.1923,0.5218
S04560,6,1,1,71.16,12.44,5,1,0,0,33.3532,87.56,0.0124,0.5385,0.6989
S04561,4,1,1,55.01,19.05,22,0,0,1,35.0548,80.95,0.2365,0.5,0.6761
S04562,4,0,0,91.09,56.72,38,1,0,0,60.9014,43.28,0.2643,0.0385,0.5503
S04563,1,0,1,60.39,35.31,13,2,0,0,35.714,64.69,0.1618,0.3769,0.6395
S04564,2,1,1,94.19,55.77,31,0,0,0,56.0658,44.23,0.3073,0.5,0.4557
S04565,8,1,1,68.05,96.53610241935368,55,5,1,0,69.4625,8.4639,0.0555,0.6923,0.2177
S04566,3,1,1,73.55,44.32,31,1,0,0,49.7329,55.68,0.0208,0.5385,0.514
S04567,6,0,0,95.41,69.48,42,5,0,0,72.6946,30.52,0.3242,0.1923,0.4196
S04568,6,1,1,51.73,28.06,18,5,1,1,40.9854,76.94,0.282,0.6923,0.5912
S04569,3,0,0,56.25,24.86,23,0,0,0,36.1441,75.14,0.2193,0.0,0.7741
S04570,2,1,0,67.1,43.67,32,6,0,0,57.3615,56.33,0.0687,0.4308,0.5169
S04571,6,0,0,69.9,42.22,19,0,0,0,39.2312,57.78,0.0298,0.0,0.6938
S04572,1,1,1,100.0,54.39,36,2,0,0,65.2021,45.61,0.3879,0.5769,0.41
S04573,4,0,0,58.68,26.53,0,0,0,0,23.472,73.47,0.1856,0.0,0.8117
S04574,8,1,1,52.44,20.65,3,3,1,0,28.5249,84.35,0.2722,0.6154,0.6837
S04575,6,0,0,57.96,19.23,21,5,1,1,45.257,85.77,0.1956,0.1923,0.7366
S04576,7,1,1,75.48,41.4,29,6,0,0,58.9339,58.6,0.0476,0.7308,0.4454
S04577,1,0,1,79.38,41.095,22,2,1,0,48.649,63.905,0.1017,0.3769,0.5911
S04578,2,1,1,61.39,27.64,14,6,0,0,44.3995,72.36,0.148,0.7308,0.5513
S04579,3,0,1,72.32,41.095,20,1,0,0,42.7155,58.905,0.0037,0.3385,0.6015
S04580,3,0,1,100.0,38.29,34,7,0,0,73.631,61.71,0.3879,0.5692,0.4468
S04581,2,1,1,72.53,35.24,4,8,1,0,46.7695,69.76,0.0067,0.8077,0.5134
S04582,8,0,1,72.05,50.66,28,0,0,0,45.4302,49.34,0.0,0.3,0.5634
S04583,2,0,1,100.0,98.99079191148296,56,2,0,0,77.0665,1.0092,0.3879,0.3769,0.2401
S04584,6,1,1,61.53,34.6,21,4,0,0,44.7619,65.4,0.146,0.6538,0.5415
S04585,5,1,1,60.55,10.57,17,3,1,0,40.074,94.43,0.1596,0.6154,0.6836
S04586,5,1,1,64.95,31.01,9,0,0,0,31.319,68.99,0.0985,0.5,0.6413
S04587,2,0,1,64.08,26.69,11,3,0,0,37.9267,73.31,0.1106,0.4154,0.6566
S04588,3,0,1,44.68,33.92,25,3,1,0,38.4717,71.08,0.3799,0.4154,0.6458
S04589,5,1,1,74.07,44.4,18,3,0,0,46.0752,55.6,0.028,0.6154,0.5073
S04590,3,0,1,75.25,43.07,30,1,0,0,49.8197,56.93,0.0444,0.3385,0.5687
S04591,6,1,1,69.21,22.59,13,4,0,0,43.0882,77.41,0.0394,0.6538,0.5954
S04592,1,0,0,75.71,28.68,24,9,0,0,61.829,71.32,0.0508,0.3462,0.5823
S04593,1,1,1,75.87,28.98,20,5,0,0,51.8278,71.02,0.053,0.6923,0.5296
S04594,6,1,1,52.26,30.43,13,3,0,0,34.3851,69.57,0.2747,0.6154,0.6041
S04595,5,0,1,76.33,43.83,21,2,1,0,46.8358,61.17,0.0594,0.3769,0.5865
S04596,1,0,0,80.38,28.13,37,2,0,0,57.9473,71.87,0.1156,0.0769,0.6654
S04597,8,0,1,48.04,51.89,29,2,3,0,40.2655,63.11,0.3332,0.3769,0.6173
S04598,1,0,1,93.95,56.54,32,0,0,0,56.5631,43.46,0.304,0.3,0.5009
S04599,8,1,1,53.46,22.41,12,7,0,0,41.9642,77.59,0.258,0.7692,0.5712
S04600,6,0,1,54.93,17.42,6,3,0,0,31.3006,82.58,0.2376,0.4154,0.7169
S04601,8,0,1,75.03,31.58,22,1,0,0,44.9859,68.42,0.0414,0.3385,0.6316
S04602,8,0,0,80.02,62.39,37,3,0,0,59.7264,37.61,0.1106,0.1154,0.5125
S04603,3,1,0,83.67,48.97,15,5,0,0,51.9817,51.03,0.1613,0.3923,0.5241
S04604,7,0,1,80.41,42.1,22,0,0,0,45.2148,57.9,0.116,0.3,0.5983
S04605,2,0,1,64.2,46.25,21,11,1,0,59.2915,58.75,0.109,0.7231,0.4467
S04606,4,1,1,73.63,38.22,2,3,1,0,36.4077,66.78,0.0219,0.6154,0.5858
S04607,2,0,0,67.25,30.41,11,3,1,1,39.1947,74.59,0.0666,0.1154,0.7323
S04608,4,0,0,74.61,47.29,13,4,0,0,45.2482,52.71,0.0355,0.1538,0.614
S04609,7,1,1,73.03,50.5,17,3,0,0,45.066,49.5,0.0136,0.6154,0.4864
S04610,4,0,1,64.43,48.47,22,1,0,0,40.7459,51.53,0.1058,0.3385,0.5789
S04611,1,1,1,66.79,46.77,29,4,0,0,51.6117,53.23,0.073,0.6538,0.4688
S04612,3,1,0,44.22,26.37,7,1,2,1,23.7636,83.63,0.3863,0.2385,0.7917
S04613,7,1,1,84.45,36.58,23,3,0,0,53.1933,63.42,0.1721,0.6154,0.5137
S04614,5,0,1,76.46,22.67,23,3,1,0,49.9973,82.33,0.0612,0.4154,0.6505
S04615,5,0,1,37.4,19.61,4,4,0,0,25.0252,80.39,0.4809,0.4538,0.7205
S04616,4,0,1,83.9,46.21,30,0,0,0,51.3566,53.79,0.1645,0.3,0.5604
S04617,3,0,0,71.2,37.58,26,1,0,0,45.8268,62.42,0.0118,0.0385,0.6797
S04618,5,0,1,57.95,9.24,0,0,1,1,23.18,95.76,0.1957,0.3,0.8269
S04619,6,1,1,56.62,41.06,22,6,1,0,47.2373,63.94,0.2142,0.7308,0.5077
S04620,8,1,1,72.05,32.82,20,5,2,0,50.2998,77.18,0.0,0.6923,0.5596
S04621,5,0,1,58.03,22.36,19,0,0,0,34.4832,77.64,0.1946,0.3,0.7149
S04622,8,1,1,60.04,31.18,28,1,1,0,42.5492,73.82,0.1667,0.5385,0.6117
S04623,7,1,0,97.51,98.75469638724164,17,2,0,0,52.9349,1.2453,0.3534,0.2769,0.3505
S04624,1,1,1,77.57,34.82,14,5,0,0,48.9485,65.18,0.0766,0.6923,0.5163
S04625,4,1,1,100.0,55.85,32,0,0,0,58.9831,44.15,0.3879,0.5,0.4452
S04626,4,1,1,75.39,37.43,5,6,1,0,44.6606,67.57,0.0464,0.7308,0.5313
S04627,1,0,1,80.69,25.97,24,3,0,0,52.2825,74.03,0.1199,0.4154,0.6093
S04628,2,0,0,58.79,36.87,24,6,0,0,49.2917,63.13,0.184,0.2308,0.6223
S04629,7,1,1,72.05,24.77,25,5,0,0,53.2659,75.23,0.0,0.6923,0.5414
S04630,3,1,0,70.77,35.52,23,6,0,0,53.4905,64.48,0.0178,0.4308,0.563
S04631,2,1,1,81.3,48.66,24,3,0,0,52.5265,51.34,0.1284,0.6154,0.4677
S04632,3,1,0,71.26,35.67,19,0,0,0,39.7752,64.33,0.011,0.2,0.6681
S04633,3,0,1,77.27,20.27,20,1,0,0,44.6955,79.73,0.0724,0.3385,0.6779
S04634,2,0,1,76.73,38.92,26,0,0,0,46.1157,61.08,0.065,0.3,0.6079
S04635,1,1,1,67.46,46.58,8,3,1,0,37.499,58.42,0.0637,0.6154,0.5486
S04636,7,0,0,65.91,52.63,32,3,1,0,51.1163,52.37,0.0852,0.1154,0.6017
S04637,7,1,1,61.97,55.69,13,6,1,0,44.0383,49.31,0.1399,0.7308,0.4604
S04638,4,1,0,88.23,52.44,33,6,0,0,66.4067,47.56,0.2246,0.4308,0.4501
S04639,5,1,1,67.46,30.21,21,5,0,0,49.057,69.79,0.0637,0.6923,0.5344
S04640,8,0,1,76.93,34.21,15,3,0,0,45.4395,65.79,0.0677,0.4154,0.6003
S04641,7,1,1,69.65,45.44,32,4,0,0,54.5354,54.56,0.0333,0.6538,0.4639
S04642,1,0,1,87.94,50.63,22,2,0,0,52.073,49.37,0.2205,0.3769,0.521
S04643,8,1,1,42.18,23.88,0,6,2,1,28.4105,86.12,0.4146,0.7308,0.6623
S04644,1,0,1,72.05,47.51,23,0,0,0,42.4641,52.49,0.0,0.3,0.5863
S04645,1,1,1,53.18,15.35,22,4,2,0,42.0152,94.65,0.2619,0.6538,0.6681
S04646,4,0,1,77.86,43.81,8,3,1,0,41.659,61.19,0.0806,0.4154,0.5951
S04647,6,0,0,69.8,32.05,5,2,1,0,34.7323,72.95,0.0312,0.0769,0.751
S04648,1,0,1,49.82,39.73,8,3,2,1,30.443,70.27,0.3085,0.4154,0.6707
S04649,3,0,1,77.06,47.94,14,5,0,0,48.7445,52.06,0.0695,0.4923,0.5146
S04650,3,0,1,75.36,48.76,15,6,0,0,50.5808,51.24,0.0459,0.5308,0.4952
S04651,4,1,1,68.53,32.13,11,2,0,0,37.7836,67.87,0.0489,0.5769,0.595
S04652,8,1,1,70.43,25.55,21,3,3,0,46.3989,89.45,0.0225,0.6154,0.6416
S04653,3,0,1,74.42,50.93,16,1,0,0,41.1826,49.07,0.0329,0.3385,0.5675
S04654,2,1,0,89.67,62.39,38,3,1,0,64.1796,42.61,0.2446,0.3154,0.467
S04655,1,1,1,67.29,54.89,22,8,0,0,55.3515,45.11,0.0661,0.8077,0.3848
S04656,2,1,1,87.2,47.14,34,5,1,0,64.6649,57.86,0.2103,0.6923,0.432
S04657,2,0,1,71.44,99.75710303112284,9,1,0,0,35.8381,0.2429,0.0085,0.3385,0.3909
S04658,5,0,1,91.44,49.17,24,3,0,0,56.5825,50.83,0.2691,0.4154,0.5014
S04659,4,1,1,72.05,32.03,22,3,0,0,47.6401,67.97,0.0,0.6154,0.5513
S04660,4,0,1,62.01,19.4,22,4,1,0,45.5472,85.6,0.1393,0.4538,0.6695
S04661,7,0,1,55.53,24.47,11,2,0,0,32.5836,75.53,0.2293,0.3769,0.6939
S04662,5,1,0,71.49,29.75,18,4,0,0,46.9663,70.25,0.0078,0.3538,0.6282
S04663,2,0,1,60.1,44.18,15,6,1,0,44.4768,60.82,0.1659,0.5308,0.5549
S04664,4,1,1,93.07,54.87,28,2,0,0,57.6843,45.13,0.2917,0.5769,0.4344
S04665,3,0,1,58.93,36.23,35,2,1,1,48.1809,68.77,0.1821,0.3769,0.6122
S04666,7,1,1,61.65,47.19,21,0,0,0,37.1176,52.81,0.1443,0.5,0.5563
S04667,3,1,0,80.72,54.37,26,4,0,0,55.404,45.63,0.1203,0.3538,0.5002
S04668,2,1,1,89.79,47.18,19,3,0,0,52.9564,52.82,0.2462,0.6154,0.4721
S04669,6,1,1,82.97,41.31,16,3,1,0,48.4488,63.69,0.1516,0.6154,0.5313
S04670,4,1,1,87.88,38.82,26,4,0,0,58.268,61.18,0.2197,0.6538,0.4773
S04671,1,0,1,70.8,46.17,31,2,0,0,50.556,53.83,0.0173,0.3769,0.5441
S04672,6,1,1,71.01,37.11,20,4,1,0,47.9607,67.89,0.0144,0.6538,0.5402
S04673,2,1,0,100.0,67.64,31,6,0,0,69.9283,32.36,0.3879,0.4308,0.377
S04674,7,0,1,97.35,96.87334460173555,26,1,0,0,56.2868,3.1267,0.3511,0.3385,0.3309
S04675,7,0,1,82.71,36.21,12,5,0,0,49.818,63.79,0.148,0.4923,0.5577
S04676,3,0,1,88.6,64.75,32,3,1,0,60.1923,40.25,0.2297,0.4154,0.4465
S04677,5,1,1,84.88,41.07,25,0,0,0,48.7825,58.93,0.1781,0.5,0.54
S04678,5,1,1,53.91,27.12,19,6,0,0,44.3736,72.88,0.2518,0.7308,0.5535
S04679,6,0,1,71.41,41.53,23,2,1,0,46.0542,63.47,0.0089,0.3769,0.5985
S04680,1,0,1,94.45,56.04,23,0,0,0,51.4241,43.96,0.3109,0.3,0.5209
S04681,3,1,1,82.81,51.74,28,5,1,0,59.3496,53.26,0.1493,0.6923,0.4322
S04682,2,0,0,71.05,53.13,12,4,0,0,43.231,46.87,0.0139,0.1538,0.5977
S04683,6,1,1,94.63,60.21,32,0,0,0,56.8351,39.79,0.3134,0.5,0.4352
S04684,1,0,1,77.54,25.5,24,3,0,0,51.0225,74.5,0.0762,0.4154,0.6156
S04685,5,0,1,83.33,55.47,39,1,0,0,58.3907,44.53,0.1566,0.3385,0.4891
S04686,6,0,1,77.62,41.44,18,1,1,0,43.649,63.56,0.0773,0.3385,0.6168
S04687,8,1,1,80.12,31.24,15,0,2,0,40.9463,78.76,0.112,0.5,0.6467
S04688,3,1,1,72.05,42.11,22,4,0,0,49.5632,57.89,0.0,0.6538,0.4946
S04689,1,0,1,91.5,40.97,34,0,0,0,56.7695,59.03,0.27,0.3,0.5624
S04690,6,0,1,93.45,44.6,8,2,0,0,45.9719,55.4,0.297,0.3769,0.5665
S04691,1,0,1,65.23,38.85,27,4,0,0,49.8013,61.15,0.0947,0.4538,0.5568
S04692,1,0,0,77.33,33.08,23,0,0,0,44.5761,66.92,0.0733,0.0,0.7117
S04693,8,1,1,91.07,41.96,20,3,0,0,54.0616,58.04,0.264,0.6154,0.4891
S04694,7,0,1,70.03,49.9,19,1,1,0,41.2063,55.1,0.028,0.3385,0.5916
S04695,6,0,1,52.37,26.85,9,5,0,0,35.9024,73.15,0.2731,0.4923,0.6439
S04696,7,0,1,58.37,24.65,8,1,0,0,30.0168,75.35,0.1899,0.3385,0.7117
S04697,1,0,1,59.41,97.12855595583552,2,0,0,0,24.9504,2.8714,0.1754,0.3,0.4492
S04698,1,0,1,65.13,45.38,26,2,0,0,45.3219,54.62,0.096,0.3769,0.5656
S04699,3,0,1,60.81,39.85,14,1,1,1,34.5522,65.15,0.156,0.3385,0.655
S04700,1,0,1,87.44,55.09,25,5,1,0,59.4219,49.91,0.2136,0.4923,0.4686
S04701,8,0,1,67.85,47.87,28,3,0,0,49.5194,52.13,0.0583,0.4154,0.5314
S04702,1,0,1,90.92,62.15,30,1,0,0,56.0877,37.85,0.2619,0.3385,0.4705
S04703,5,1,1,55.05,20.97,4,6,1,0,35.9313,84.03,0.2359,0.7308,0.6277
S04704,7,0,1,66.7,32.72,26,3,0,0,47.873,67.28,0.0743,0.4154,0.5977
S04705,6,0,1,73.56,50.79,35,2,1,0,54.0329,54.21,0.021,0.3769,0.5335
S04706,2,0,1,72.05,50.61,31,0,0,0,47.2098,49.39,0.0,0.3,0.5573
S04707,4,1,1,89.15,44.51,22,4,1,0,56.4032,60.49,0.2373,0.6538,0.4811
S04708,5,1,0,63.93,30.42,8,6,0,0,41.8562,69.58,0.1127,0.4308,0.6241
S04709,7,1,1,86.9,65.51,21,5,0,0,56.833,34.49,0.2061,0.6923,0.366
S04710,4,1,0,46.77,29.49,22,5,0,1,41.3742,70.51,0.3509,0.3923,0.6392
S04711,3,1,1,85.07,61.28,39,7,0,0,70.6251,38.72,0.1807,0.7692,0.3154
S04712,7,0,1,51.88,11.16,9,0,1,1,26.091,93.84,0.2799,0.3,0.809
S04713,8,1,1,78.7,53.61,20,4,0,0,51.0367,46.39,0.0923,0.6538,0.4435
S04714,4,1,1,88.94,54.93,37,5,0,0,67.1405,45.07,0.2344,0.6923,0.3722
S04715,1,0,1,85.31,47.88,24,3,1,0,54.1305,57.12,0.184,0.4154,0.5352
S04716,5,0,1,47.41,30.33,27,0,2,1,34.9809,79.67,0.342,0.3,0.7212
S04717,8,0,0,65.29,23.89,19,2,0,0,41.2333,76.11,0.0938,0.0769,0.7409
S04718,8,0,0,82.75,35.78,36,2,0,0,58.3021,64.22,0.1485,0.0769,0.6336
S04719,4,1,0,82.32,39.65,29,3,0,0,55.9006,60.35,0.1425,0.3154,0.5669
S04720,2,0,1,76.14,80.74,30,1,0,0,50.1757,19.26,0.0568,0.3385,0.4168
S04721,5,1,1,72.05,35.52,9,1,1,0,36.0821,69.48,0.0,0.5385,0.617
S04722,7,1,0,89.97,51.64,22,4,0,0,56.7312,48.36,0.2487,0.3538,0.5064
S04723,8,0,1,92.64,57.63,33,4,0,0,64.3246,42.37,0.2858,0.4538,0.4309
S04724,1,0,1,74.46,59.96,30,2,0,0,51.4268,40.04,0.0334,0.3769,0.4859
S04725,3,1,1,75.43,46.52,28,5,0,0,56.3976,53.48,0.0469,0.6923,0.4435
S04726,4,1,1,79.55,18.42,11,8,0,0,53.73,81.58,0.1041,0.8077,0.5363
S04727,1,0,1,93.91,66.43,32,1,0,0,58.4701,33.57,0.3034,0.3385,0.445
S04728,8,0,1,75.76,40.49,19,5,1,0,51.1906,64.51,0.0515,0.4923,0.5558
S04729,1,1,1,69.13,41.095,17,3,0,0,43.506,58.905,0.0405,0.6154,0.5295
S04730,6,1,1,77.72,44.89,22,0,1,0,44.1388,60.11,0.0787,0.5,0.561
S04731,8,0,1,72.05,44.67,36,5,0,0,59.7913,55.33,0.0,0.4923,0.489
S04732,6,0,1,72.0,47.4,21,0,1,0,41.2576,57.6,0.0007,0.3,0.611
S04733,7,1,1,45.51,41.095,29,7,1,0,48.8689,63.905,0.3684,0.7692,0.4923
S04734,3,0,0,72.05,42.32,16,3,0,0,44.0808,57.68,0.0,0.1154,0.6476
S04735,7,0,1,89.57,46.94,39,1,1,0,60.8867,58.06,0.2432,0.3385,0.5345
S04736,4,1,1,87.31,73.79,31,3,0,0,59.0831,26.21,0.2118,0.6154,0.3442
S04737,1,0,1,86.26,62.32,29,0,0,0,51.7074,37.68,0.1972,0.3,0.4947
S04738,3,0,0,71.2,41.095,33,4,0,0,55.7486,58.905,0.0118,0.1538,0.602
S04739,3,1,1,74.19,54.81,18,1,0,0,42.277,45.19,0.0297,0.5385,0.4982
S04740,5,1,1,89.87,57.1,39,6,0,0,70.6221,42.9,0.2473,0.7308,0.3417
S04741,3,0,1,85.01,56.9,25,2,0,0,52.6807,43.1,0.1799,0.3769,0.4938
S04742,4,0,0,94.3,96.55209167061176,25,0,0,0,52.5505,3.4479,0.3088,0.0,0.4299
S04743,4,1,1,61.91,41.095,8,4,3,0,37.2021,73.905,0.1407,0.6538,0.602
S04744,3,1,1,61.82,39.7,22,0,0,0,37.7788,60.3,0.142,0.5,0.584
S04745,6,1,1,67.01,41.87,30,2,0,0,48.4468,58.13,0.07,0.5769,0.5187
S04746,3,1,1,57.85,32.31,14,2,1,0,35.2912,72.69,0.1971,0.5769,0.623
S04747,7,1,1,52.18,18.1,20,5,0,0,42.3518,81.9,0.2758,0.6923,0.6063
S04748,3,1,1,79.03,51.29,26,0,0,0,47.0357,48.71,0.0969,0.5,0.5052
S04749,7,1,1,78.01,54.32,22,5,0,0,53.8702,45.68,0.0827,0.6923,0.4211
S04750,3,0,1,75.69,40.42,31,4,0,0,56.3581,59.58,0.0505,0.4538,0.5276
S04751,1,1,1,72.05,35.62,19,6,1,0,51.6296,69.38,0.0,0.7308,0.5141
S04752,2,1,1,50.04,13.51,0,9,1,0,37.3237,91.49,0.3055,0.8462,0.6238
S04753,7,0,1,64.8,33.61,22,2,1,0,42.817,71.39,0.1006,0.3769,0.6415
S04754,7,0,0,67.6,96.71504939494248,21,7,0,0,52.9592,3.285,0.0618,0.2692,0.3605
S04755,2,1,1,72.73,33.85,18,3,1,0,45.5392,71.15,0.0094,0.6154,0.5714
S04756,5,0,1,50.1,34.02,7,0,1,0,24.1925,70.98,0.3046,0.3,0.7242
S04757,5,1,1,58.08,15.22,5,5,0,0,35.8135,84.78,0.1939,0.6923,0.6407
S04758,2,0,1,65.45,32.87,17,3,0,0,42.034,67.13,0.0916,0.4154,0.6176
S04759,4,0,1,87.87,53.2,21,1,0,0,49.5287,46.8,0.2196,0.3385,0.5292
S04760,6,0,1,75.93,50.35,32,2,1,0,53.2012,54.65,0.0539,0.3769,0.5382
S04761,8,1,1,87.32,57.0,32,5,0,0,63.5264,43.0,0.2119,0.6923,0.3766
S04762,7,0,1,70.16,42.62,18,0,0,0,38.742,57.38,0.0262,0.3,0.6189
S04763,1,1,1,72.01,44.48,27,4,1,0,52.5133,60.52,0.0006,0.6538,0.4948
S04764,2,0,0,79.49,32.65,24,4,1,0,53.7256,72.35,0.1033,0.1538,0.6629
S04765,4,0,1,69.34,38.27,19,0,0,0,39.0072,61.73,0.0376,0.3,0.6354
S04766,2,0,0,62.63,28.45,19,3,0,0,42.0924,71.55,0.1307,0.1154,0.71
S04767,5,0,1,49.65,99.73955865151966,29,4,1,0,44.7557,5.2604,0.3109,0.4538,0.3509
S04768,1,1,1,63.03,30.89,24,4,0,0,47.1416,69.11,0.1252,0.6538,0.548
S04769,1,1,1,84.54,56.57,25,4,0,0,56.3388,43.43,0.1734,0.6538,0.4131
S04770,1,0,1,90.91,55.61,36,2,0,0,61.5661,44.39,0.2618,0.3769,0.4679
S04771,3,0,1,60.4,41.73,25,1,0,0,40.9136,58.27,0.1617,0.3385,0.6053
S04772,7,1,1,45.99,32.59,15,1,0,0,29.2174,67.41,0.3617,0.5385,0.6328
S04773,2,1,1,85.9,60.83,25,4,0,0,56.8828,39.17,0.1922,0.6538,0.3941
S04774,8,0,1,73.04,48.43,20,1,1,0,43.0035,56.57,0.0137,0.3385,0.5911
S04775,3,1,1,51.79,20.94,7,7,1,0,38.3301,84.06,0.2812,0.7692,0.6098
S04776,1,0,1,25.34,21.18,7,0,0,0,14.2885,78.82,0.6483,0.3,0.7903
S04777,3,0,1,57.55,34.04,12,1,1,0,32.0617,70.96,0.2012,0.3385,0.687
S04778,6,1,1,65.06,43.83,16,4,1,0,43.2078,61.17,0.097,0.6538,0.53
S04779,1,1,1,54.73,34.33,21,3,1,0,40.1189,70.67,0.2404,0.6154,0.5884
S04780,1,1,1,82.38,68.94,40,6,0,0,68.2193,31.06,0.1434,0.7308,0.3028
S04781,7,0,0,59.81,37.3,21,2,0,0,40.2278,62.7,0.1699,0.0769,0.6908
S04782,5,0,1,72.19,25.39,22,4,0,0,49.6192,74.61,0.0019,0.4538,0.6113
S04783,3,1,1,100.0,58.03,32,5,0,0,68.5984,41.97,0.3879,0.6923,0.3547
S04784,7,0,1,73.76,38.22,32,5,0,0,58.1024,61.78,0.0237,0.4923,0.5207
S04785,7,0,1,70.27,37.62,25,2,0,0,46.7847,62.38,0.0247,0.3769,0.5915
S04786,3,1,1,70.61,39.84,23,5,0,0,51.5035,60.16,0.02,0.6923,0.4873
S04787,5,0,1,82.04,52.85,28,2,2,0,53.2723,57.15,0.1387,0.3769,0.5479
S04788,1,0,0,80.18,36.31,14,5,0,0,49.9925,63.69,0.1128,0.1923,0.6317
S04789,3,0,1,56.95,48.89,22,3,0,0,41.6001,51.11,0.2096,0.4154,0.555
S04790,5,1,1,65.83,34.67,13,3,2,0,39.8131,75.33,0.0863,0.6154,0.6081
S04791,2,0,1,61.99,41.095,22,0,0,0,37.8468,58.905,0.1396,0.3,0.6282
S04792,8,0,1,67.76,45.6,15,4,0,1,43.6946,54.4,0.0595,0.4538,0.5512
S04793,8,0,0,99.4,62.19,37,6,0,0,73.2476,37.81,0.3796,0.2308,0.4372
S04794,3,0,1,81.26,31.75,25,1,0,0,49.2576,68.25,0.1278,0.3385,0.616
S04795,4,0,0,70.8,24.78,13,3,1,0,41.8011,80.22,0.0173,0.1154,0.7457
S04796,2,1,1,90.67,68.05,27,7,0,0,65.7465,31.95,0.2584,0.7692,0.3054
S04797,5,0,1,74.83,51.43,41,3,0,0,60.0233,48.57,0.0386,0.4154,0.4803
S04798,1,0,1,47.43,19.48,0,3,0,0,24.7412,80.52,0.3417,0.4154,0.7316
S04799,4,0,1,96.96,68.92,33,0,0,0,58.3603,31.08,0.3457,0.3,0.4451
S04800,5,0,1,69.65,35.26,13,2,0,0,39.418,64.74,0.0333,0.3769,0.6268
S04801,5,0,1,38.16,23.23,21,4,1,0,35.4139,81.77,0.4704,0.4538,0.6897
S04802,5,1,1,48.01,30.34,20,3,1,1,36.8376,74.66,0.3337,0.6154,0.6159
S04803,2,1,1,88.92,48.08,30,0,1,0,53.3646,56.92,0.2341,0.5,0.5159
S04804,7,1,1,48.25,29.88,21,1,0,0,33.6807,70.12,0.3303,0.5385,0.628
S04805,6,0,1,92.24,54.93,32,2,0,0,59.7252,45.07,0.2802,0.3769,0.477
S04806,7,1,1,73.22,46.03,23,1,0,0,44.8551,53.97,0.0162,0.5385,0.5243
S04807,4,1,1,82.71,42.32,21,3,0,0,51.3109,57.68,0.148,0.6154,0.4973
S04808,8,0,1,68.15,36.74,18,2,0,1,41.7841,63.26,0.0541,0.3769,0.6126
S04809,4,0,1,79.85,44.27,22,4,1,0,52.6832,60.73,0.1083,0.4538,0.5451
S04810,7,1,1,76.75,67.46,24,5,0,0,54.5527,32.54,0.0652,0.6923,0.3662
S04811,2,0,1,71.42,37.48,7,1,1,1,34.6436,67.52,0.0087,0.3385,0.6642
S04812,2,0,0,56.02,9.86,25,6,0,1,48.777,90.14,0.2225,0.2308,0.7321
S04813,5,1,1,77.38,50.13,40,4,0,0,62.3731,49.87,0.074,0.6538,0.4177
S04814,5,0,1,44.74,10.33,9,0,1,1,23.235,94.67,0.379,0.3,0.8224
S04815,6,1,1,85.97,50.21,37,1,1,0,58.2602,54.79,0.1932,0.5385,0.4806
S04816,3,0,1,74.95,38.7,22,6,0,0,54.5693,61.3,0.0402,0.5308,0.5215
S04817,7,0,1,78.96,26.25,20,0,0,0,43.4484,73.75,0.0959,0.3,0.6679
S04818,3,0,1,32.75,34.29,5,1,2,1,17.9892,75.71,0.5455,0.3385,0.7553
S04819,5,0,1,55.11,32.43,17,1,0,0,34.0518,67.57,0.2351,0.3385,0.6665
S04820,8,1,0,72.05,43.51,14,4,0,0,44.8174,56.49,0.0,0.3538,0.5806
S04821,5,1,0,82.11,41.97,31,3,2,0,57.0031,68.03,0.1396,0.3154,0.5938
S04822,6,1,1,57.86,29.66,13,3,1,0,36.6251,75.34,0.1969,0.6154,0.6193
S04823,8,0,1,100.0,59.57,24,3,0,0,60.0065,40.43,0.3879,0.4154,0.4478
S04824,8,0,0,68.05,25.86,21,5,0,0,49.293,74.14,0.0555,0.1923,0.676
S04825,4,0,1,56.76,54.51,11,0,0,0,29.2294,45.49,0.2122,0.3,0.6047
S04826,4,0,1,72.05,49.78,19,1,1,0,42.0143,55.22,0.0,0.3385,0.5892
S04827,2,1,0,57.74,34.06,17,7,0,0,46.6423,65.94,0.1986,0.4692,0.5832
S04828,5,0,1,54.23,97.82691214420674,5,4,2,0,32.3504,12.1731,0.2473,0.4538,0.422
S04829,8,0,1,87.16,57.35,22,6,0,0,59.4533,42.65,0.2097,0.5308,0.4298
S04830,4,0,0,79.7,26.6,32,8,0,0,66.2477,73.4,0.1062,0.3077,0.5848
S04831,3,1,1,79.74,45.99,20,7,1,0,57.2219,59.01,0.1067,0.7692,0.4435
S04832,1,0,0,91.15,66.17,29,3,0,0,59.4326,33.83,0.2651,0.1154,0.4985
S04833,4,1,1,79.3,32.62,30,2,0,1,53.3628,67.38,0.1006,0.5769,0.5385
S04834,2,1,1,55.99,25.97,18,5,2,0,42.6894,84.03,0.2229,0.6923,0.6136
S04835,8,1,0,82.63,44.94,41,10,0,0,76.6048,55.06,0.1468,0.5846,0.406
S04836,5,0,1,55.1,40.82,14,2,0,0,34.1912,59.18,0.2353,0.3769,0.6228
S04837,2,0,0,64.83,45.91,29,4,0,1,50.8277,54.09,0.1002,0.1538,0.6
S04838,1,0,1,71.31,28.44,11,4,0,0,42.7417,71.56,0.0103,0.4538,0.6232
S04839,7,1,1,69.79,33.98,12,3,0,0,40.8039,66.02,0.0314,0.6154,0.5674
S04840,8,1,1,45.13,32.98,26,6,1,0,45.0142,72.02,0.3736,0.7308,0.5478
S04841,7,1,1,57.49,18.56,14,0,0,0,31.3011,81.44,0.2021,0.5,0.6912
S04842,1,0,0,71.66,24.67,22,5,0,0,51.3302,75.33,0.0054,0.1923,0.6736
S04843,1,0,0,62.84,30.03,19,5,1,1,46.0226,74.97,0.1278,0.1923,0.6907
S04844,2,1,1,88.89,46.43,39,1,0,0,60.6147,53.57,0.2337,0.5385,0.4675
S04845,7,0,0,91.46,47.08,23,0,0,0,50.2281,52.92,0.2694,0.0,0.6359
S04846,7,1,1,55.19,22.25,16,1,2,0,33.4906,87.75,0.234,0.5385,0.6992
S04847,7,1,0,72.9,34.92,8,6,0,0,45.4442,65.08,0.0118,0.4308,0.5936
S04848,1,0,1,95.74,51.3,27,1,0,0,56.236,48.7,0.3288,0.3385,0.5133
S04849,2,0,1,69.99,49.48,30,7,0,0,59.2541,50.52,0.0286,0.5692,0.4524
S04850,8,0,1,65.9,41.095,14,3,0,0,40.4343,58.905,0.0854,0.4154,0.5902
S04851,8,0,1,84.9,23.56,17,0,0,0,44.0447,76.44,0.1783,0.3,0.6766
S04852,6,1,0,67.89,30.37,15,8,0,0,51.4389,69.63,0.0577,0.5077,0.5716
S04853,1,0,1,91.06,99.30184846270365,59,2,0,0,75.2702,0.6982,0.2638,0.3769,0.2451
S04854,1,0,0,63.08,50.25,25,4,0,0,47.7548,49.75,0.1245,0.1538,0.5934
S04855,1,0,1,64.88,49.46,23,0,1,0,39.5961,55.54,0.0995,0.3,0.6086
S04856,6,0,1,83.85,62.22,31,3,1,0,57.6991,42.78,0.1638,0.4154,0.4653
S04857,7,1,1,73.51,42.3,23,1,0,0,44.9711,57.7,0.0203,0.5385,0.5388
S04858,6,1,1,73.63,49.9,18,4,0,0,47.8223,50.1,0.0219,0.6538,0.4696
S04859,3,0,0,43.36,39.33,6,6,1,1,32.4418,65.67,0.3982,0.2308,0.6914
S04860,7,0,1,72.05,47.31,24,4,0,0,50.7496,52.69,0.0,0.4538,0.5197
S04861,1,0,1,84.96,57.4,22,2,0,0,50.881,42.6,0.1792,0.3769,0.4981
S04862,7,0,1,60.24,35.41,11,0,0,0,30.6214,64.59,0.1639,0.3,0.6762
S04863,8,0,0,82.51,23.16,18,0,0,0,43.682,76.84,0.1452,0.0,0.7545
S04864,6,1,0,76.02,33.61,15,3,0,0,45.0755,66.39,0.0551,0.3154,0.6289
S04865,8,0,0,69.0,15.77,28,1,0,0,46.1332,84.23,0.0423,0.0385,0.7658
S04866,5,0,1,92.37,50.88,29,1,1,0,56.0745,54.12,0.282,0.3385,0.5356
S04867,4,0,0,66.9,30.78,25,0,1,0,41.5905,74.22,0.0715,0.0,0.7513
S04868,3,1,1,67.95,19.77,17,4,0,0,44.9571,80.23,0.0569,0.6538,0.6001
S04869,8,0,0,68.83,45.18,22,3,1,0,46.3521,59.82,0.0447,0.1154,0.6482
S04870,6,1,1,73.21,32.85,21,7,1,0,55.2032,72.15,0.0161,0.7692,0.5031
S04871,2,0,1,83.5,41.095,14,3,1,0,47.4743,63.905,0.1589,0.4154,0.5856
S04872,8,1,1,49.91,35.15,22,4,0,1,40.7072,64.85,0.3073,0.6538,0.5535
S04873,1,1,0,85.02,32.71,27,7,0,0,63.4865,67.29,0.18,0.4692,0.5297
S04874,5,0,1,73.02,46.49,20,3,0,0,46.8416,53.51,0.0135,0.4154,0.5462
S04875,2,0,1,80.31,46.71,28,0,0,0,48.7342,53.29,0.1146,0.3,0.5676
S04876,6,0,1,100.0,55.64,22,1,0,0,54.9739,44.36,0.3879,0.3385,0.5004
S04877,4,1,0,64.33,29.53,23,4,0,0,47.0684,70.47,0.1071,0.3538,0.6287
S04878,4,1,1,53.63,37.71,11,5,0,0,37.5928,62.29,0.2557,0.6923,0.5445
S04879,6,0,1,74.91,41.21,22,2,0,1,46.861,58.79,0.0397,0.3769,0.5769
S04880,7,0,1,77.28,49.24,33,1,0,0,52.4113,50.76,0.0726,0.3385,0.535
S04881,4,0,1,85.07,46.09,32,4,0,1,60.7034,53.91,0.1807,0.4538,0.4897
S04882,8,0,1,72.05,20.13,18,1,0,0,41.421,79.87,0.0,0.3385,0.6899
S04883,4,1,1,59.55,33.12,17,4,2,1,41.5971,76.88,0.1735,0.6538,0.5985
S04884,2,0,1,49.01,25.73,0,0,0,1,19.604,74.27,0.3198,0.3,0.7535
S04885,1,0,1,51.49,22.84,8,4,0,1,33.0341,77.16,0.2854,0.4538,0.6796
S04886,2,1,1,65.76,27.86,22,2,0,0,43.201,72.14,0.0873,0.5769,0.5931
S04887,6,1,1,70.25,31.99,16,1,0,0,39.5146,68.01,0.025,0.5385,0.5991
S04888,5,1,1,100.0,56.53,22,2,0,0,56.897,43.47,0.3879,0.5769,0.4305
S04889,3,0,1,46.61,35.41,17,1,0,1,30.6518,64.59,0.3531,0.3385,0.6665
S04890,4,1,1,77.03,57.78,35,3,1,0,57.3439,47.22,0.0691,0.6154,0.4343
S04891,7,1,1,61.11,40.89,13,7,1,0,45.6174,64.11,0.1518,0.7692,0.5045
S04892,5,0,1,75.34,35.11,31,0,0,0,48.5258,64.89,0.0457,0.3,0.6147
S04893,1,0,0,63.7,42.25,25,0,0,0,40.3105,57.75,0.1159,0.0,0.6899
S04894,1,1,1,87.53,99.58311244424851,20,5,0,0,56.4918,0.4169,0.2149,0.6923,0.2309
S04895,4,0,1,87.44,42.61,22,0,1,0,48.0268,62.39,0.2136,0.3,0.6065
S04896,4,1,0,70.3,28.2,36,4,0,0,57.1682,71.8,0.0243,0.3538,0.5987
S04897,7,1,1,93.59,43.88,21,7,0,0,63.3552,56.12,0.299,0.7692,0.4104
S04898,5,1,1,83.4,61.99,22,6,1,0,57.9493,43.01,0.1575,0.7308,0.3865
S04899,7,1,1,92.89,63.59,46,3,0,0,70.2134,36.41,0.2892,0.6154,0.346
S04900,5,1,1,71.35,35.62,18,4,0,0,46.9103,64.38,0.0097,0.6538,0.5299
S04901,3,0,1,86.28,44.77,38,7,0,0,70.5159,55.23,0.1975,0.5692,0.4318
S04902,6,0,1,60.48,35.68,10,2,0,0,33.9704,64.32,0.1606,0.3769,0.6442
S04903,5,1,0,58.96,49.52,19,5,0,0,44.4706,50.48,0.1817,0.3923,0.5482
S04904,6,0,1,100.0,66.53,41,3,0,0,70.0913,33.47,0.3879,0.4154,0.3847
S04905,2,1,1,55.71,16.86,13,5,0,0,39.6112,83.14,0.2268,0.6923,0.6208
S04906,6,1,0,65.46,27.1,21,3,1,0,44.4109,77.9,0.0915,0.3154,0.6773
S04907,3,0,1,43.53,14.9,22,2,0,0,34.309,85.1,0.3958,0.3769,0.7261
S04908,7,1,1,59.31,50.38,11,2,0,0,34.0956,49.62,0.1768,0.5769,0.5349
S04909,7,0,0,57.09,43.01,35,7,1,0,57.0603,61.99,0.2076,0.2692,0.5809
S04910,5,1,1,61.95,45.51,27,2,0,0,44.6431,54.49,0.1402,0.5769,0.5175
S04911,8,0,1,76.5,44.83,21,2,0,0,46.9038,55.17,0.0618,0.3769,0.5623
S04912,5,1,1,80.12,47.89,22,4,0,0,52.7912,52.11,0.112,0.6538,0.4602
S04913,1,1,1,56.9,31.37,32,0,0,0,41.7431,68.63,0.2103,0.5,0.6034
S04914,5,0,0,60.16,21.61,15,5,0,0,42.5777,78.39,0.165,0.1923,0.7165
S04915,7,0,1,88.25,35.72,24,2,0,0,53.3834,64.28,0.2248,0.3769,0.5761
S04916,1,0,0,97.58,59.37,41,7,0,0,76.8156,40.63,0.3543,0.2692,0.4264
S04917,1,1,1,90.84,40.5,18,2,0,0,50.8601,59.5,0.2608,0.5769,0.5158
S04918,3,0,0,3.532500000000013,99.40613231810428,13,5,0,1,18.7402,0.5939,0.951,0.1923,0.4887
S04919,7,0,1,89.84,51.98,30,3,0,0,59.5018,48.02,0.2469,0.4154,0.48
S04920,5,1,0,99.81,36.95,27,9,0,0,73.2486,63.05,0.3853,0.5462,0.4593
S04921,8,0,1,46.56,6.88,1,1,1,1,21.1403,98.12,0.3538,0.3385,0.8339
S04922,7,0,0,88.24,60.95,29,2,0,0,56.3455,39.05,0.2247,0.0769,0.5398
S04923,5,1,0,75.38,58.22,29,3,1,0,53.1246,46.78,0.0462,0.3154,0.5223
S04924,6,0,1,67.09,49.85,15,2,0,0,39.5805,50.15,0.0688,0.3769,0.5678
S04925,3,0,1,72.05,95.91519689234302,14,0,0,0,37.1251,4.0848,0.0,0.3,0.4114
S04926,1,1,1,78.65,48.18,35,3,0,0,57.9919,51.82,0.0916,0.6154,0.4505
S04927,4,1,1,89.36,63.32,33,3,1,0,61.0895,41.68,0.2402,0.6154,0.3991
S04928,5,0,1,88.59,32.18,22,1,0,0,50.4099,67.82,0.2296,0.3385,0.6102
S04929,2,1,1,49.4,28.63,22,7,1,1,46.2724,76.37,0.3144,0.7692,0.5512
S04930,2,0,0,62.27,39.66,21,0,0,0,37.3656,60.34,0.1357,0.0,0.7106
S04931,1,0,0,73.4,45.13,37,5,0,0,60.9245,54.87,0.0187,0.1923,0.5582
S04932,6,1,1,95.58,67.2,36,2,0,0,63.4341,32.8,0.3266,0.5769,0.365
S04933,8,0,1,31.09,13.44,0,1,1,1,14.3591,91.56,0.5685,0.3385,0.8314
S04934,7,0,1,62.84,19.94,14,3,1,0,39.2103,85.06,0.1278,0.4154,0.6992
S04935,4,1,1,49.08,20.15,9,4,0,0,32.6633,79.85,0.3188,0.6538,0.6416
S04936,5,0,0,51.46,20.6,18,3,1,0,37.0312,84.4,0.2858,0.1154,0.7791
S04937,8,0,1,86.79,57.71,25,4,0,0,57.2388,42.29,0.2046,0.4538,0.4554
S04938,5,0,1,64.02,39.17,11,1,1,0,34.0565,65.83,0.1115,0.3385,0.6595
S04939,3,1,1,36.99,29.85,15,5,1,0,33.3097,75.15,0.4866,0.6923,0.6109
S04940,3,1,1,72.05,50.35,30,2,0,0,50.4628,49.65,0.0,0.5769,0.4778
S04941,6,1,0,100.0,65.04,32,8,0,0,74.3677,34.96,0.3879,0.5077,0.3526
S04942,4,0,1,44.9,48.2,14,2,0,0,30.1112,51.8,0.3768,0.3769,0.6076
S04943,7,1,1,79.99,38.5,18,3,0,0,48.4432,61.5,0.1102,0.6154,0.5226
S04944,7,1,1,95.52,51.88,27,4,1,0,61.9173,53.12,0.3257,0.6538,0.4323
S04945,1,0,1,71.26,37.65,18,1,1,0,41.105,67.35,0.011,0.3385,0.6409
S04946,6,0,1,100.0,61.32,22,3,0,0,58.8201,38.68,0.3879,0.4154,0.445
S04947,3,1,1,62.1,41.095,21,5,0,0,46.913,58.905,0.1381,0.6923,0.4983
S04948,5,0,1,72.05,67.03,28,0,0,0,45.4302,32.97,0.0,0.3,0.4979
S04949,3,1,1,90.15,64.46,26,4,0,0,59.176,35.54,0.2512,0.6538,0.3716
S04950,3,0,0,71.51,34.61,7,4,0,0,40.4489,65.39,0.0075,0.1538,0.6815
S04951,3,0,0,49.69,42.34,27,4,0,0,43.5853,57.66,0.3103,0.1538,0.6396
S04952,1,1,1,56.97,7.98,0,3,0,0,28.5572,92.02,0.2093,0.6154,0.7143
S04953,7,1,1,72.05,27.37,13,4,1,1,44.2242,77.63,0.0,0.6538,0.5923
S04954,2,0,0,80.91,64.6,26,4,0,0,55.48,35.4,0.123,0.1538,0.509
S04955,4,1,1,79.11,12.23,23,3,0,0,51.0573,87.77,0.098,0.6154,0.6185
S04956,2,0,0,73.19,49.28,23,4,0,0,50.6124,50.72,0.0158,0.1538,0.5873
S04957,2,1,1,70.16,45.99,16,0,0,0,37.5555,54.01,0.0262,0.5,0.5596
S04958,3,0,1,92.36,53.62,35,0,0,0,57.7067,46.38,0.2819,0.3,0.5085
S04959,8,0,1,76.47,45.42,14,1,1,0,40.8162,59.58,0.0613,0.3385,0.6108
S04960,8,0,0,63.68,33.02,22,3,0,0,44.2921,66.98,0.1162,0.1154,0.684
S04961,4,0,1,74.21,57.02,18,5,1,0,49.9774,47.98,0.03,0.4923,0.4939
S04962,5,0,1,100.0,65.1,29,0,0,0,57.2034,34.9,0.3879,0.3,0.4644
S04963,8,0,0,81.33,48.32,23,2,0,0,50.0222,51.68,0.1288,0.0769,0.6124
S04964,2,1,0,66.15,23.29,19,5,0,0,47.3466,76.71,0.0819,0.3923,0.6431
S04965,8,0,1,71.33,35.17,26,2,0,0,47.8019,64.83,0.01,0.3769,0.5978
S04966,1,0,1,72.05,22.53,25,0,0,0,43.6505,77.47,0.0,0.3,0.6821
S04967,2,0,1,65.68,40.54,28,4,1,0,50.5745,64.46,0.0884,0.4538,0.5674
S04968,3,1,1,64.36,43.58,28,8,0,0,57.7388,56.42,0.1067,0.8077,0.4217
S04969,1,0,1,72.05,39.05,25,0,0,0,43.6505,60.95,0.0,0.3,0.616
S04970,7,0,1,94.79,53.47,36,1,0,0,61.195,46.53,0.3156,0.3385,0.4873
S04971,7,1,0,83.86,51.62,43,2,0,0,62.8986,48.38,0.1639,0.2769,0.5041
S04972,4,0,0,65.86,22.78,9,5,0,0,41.2984,77.22,0.0859,0.1923,0.7163
S04973,7,1,0,85.04,49.81,36,3,1,0,61.1412,55.19,0.1803,0.3154,0.5279
S04974,7,0,1,72.13,49.53,35,3,0,0,55.3839,50.47,0.0011,0.4154,0.5042
S04975,7,1,1,77.17,28.36,28,1,0,0,49.4012,71.64,0.0711,0.5385,0.579
S04976,7,0,1,75.8,65.53,39,2,0,0,57.3017,34.47,0.052,0.3769,0.4431
S04977,5,1,1,40.35,25.22,25,0,1,0,30.9705,79.78,0.44,0.5,0.6857
S04978,1,1,1,26.29,5.78,3,4,2,1,19.988,100.0,0.6351,0.6538,0.7666
S04979,8,0,1,75.4,41.095,22,6,0,0,54.7493,58.905,0.0465,0.5308,0.5113
S04980,5,0,1,59.21,46.64,22,5,1,1,46.3502,58.36,0.1782,0.4923,0.5481
S04981,8,0,1,47.41,41.82,9,6,0,0,35.8414,58.18,0.342,0.5308,0.5746
S04982,8,0,1,59.67,58.16,40,0,2,0,47.5968,51.84,0.1718,0.3,0.5658
S04983,2,1,1,85.87,38.59,34,2,0,0,58.3636,61.41,0.1918,0.5769,0.4971
S04984,4,1,1,77.37,48.0,25,2,0,1,49.6247,52.0,0.0738,0.5769,0.4901
S04985,2,1,1,83.58,50.94,15,4,0,0,50.0226,49.06,0.16,0.6538,0.4577
S04986,1,1,1,78.8,53.89,27,5,1,0,57.1523,51.11,0.0937,0.6923,0.4313
S04987,8,1,1,58.22,12.9,8,7,1,1,41.4953,92.1,0.192,0.7692,0.6309
S04988,8,1,1,83.65,42.88,33,4,0,0,60.7286,57.12,0.161,0.6538,0.4525
S04989,8,0,1,80.79,29.01,6,5,0,0,45.4907,70.99,0.1213,0.4923,0.6017
S04990,8,0,1,70.24,52.97,33,2,1,0,51.5184,52.03,0.0251,0.3769,0.5336
S04991,6,0,1,72.88,34.37,19,2,0,0,44.2693,65.63,0.0115,0.3769,0.6134
S04992,5,0,1,83.89,46.34,13,8,1,0,56.6525,58.66,0.1643,0.6077,0.4844
S04993,8,0,1,60.76,32.08,18,1,2,1,36.905,77.92,0.1567,0.3385,0.6979
S04994,5,0,1,88.32,57.84,28,1,0,0,53.8612,42.16,0.2258,0.3385,0.4955
S04995,6,0,0,80.48,47.89,25,1,0,0,48.9456,52.11,0.117,0.0385,0.6275
S04996,2,0,0,72.03,49.72,33,2,0,0,52.2344,50.28,0.0003,0.0769,0.5991
S04997,6,0,1,94.97,37.13,34,4,0,0,65.8498,62.87,0.3181,0.4538,0.5076
S04998,7,0,0,52.59,24.12,22,0,1,1,34.0868,80.88,0.2701,0.0,0.8042
S04999,6,0,1,65.1,43.03,18,1,1,0,38.641,61.97,0.0965,0.3385,0.628
S05000,4,0,1,61.77,33.72,22,2,1,0,41.605,71.28,0.1427,0.3769,0.6453
S05001,2,1,1,77.37,28.25,14,0,0,0,39.2531,71.75,0.0738,0.5,0.6246
S05002,1,1,0,89.74,37.78,31,3,0,0,60.0551,62.22,0.2455,0.3154,0.5598
S05003,6,0,1,57.25,99.02305319070626,11,1,0,0,31.3485,0.9769,0.2054,0.3385,0.4096
S05004,6,0,1,100.0,66.72,43,1,0,0,67.4316,33.28,0.3879,0.3385,0.4125
S05005,7,0,1,62.06,55.09,19,6,1,0,47.6336,49.91,0.1387,0.5308,0.5002
S05006,8,0,1,77.41,29.46,30,4,0,0,56.4529,70.54,0.0744,0.4538,0.5711
S05007,4,0,1,72.04,46.1,25,0,0,0,43.6465,53.9,0.0001,0.3,0.5878
S05008,7,1,1,72.69,97.76369170921518,37,6,1,0,62.5636,7.2363,0.0089,0.7308,0.2273
S05009,6,0,0,60.11,26.28,6,5,1,1,37.2187,78.72,0.1657,0.1923,0.7365
S05010,3,0,1,72.05,51.61,27,1,0,0,46.76,48.39,0.0,0.3385,0.5453
S05011,7,1,1,59.19,14.08,10,5,0,0,39.2236,85.92,0.1785,0.6923,0.6333
S05012,1,0,0,45.47,19.66,0,4,0,0,25.8803,80.34,0.3689,0.1538,0.7923
S05013,5,0,1,55.17,96.01673293897775,8,1,0,0,28.7368,3.9833,0.2343,0.3385,0.4307
S05014,8,0,1,72.05,60.99,40,4,0,0,60.2411,39.01,0.0,0.4538,0.4317
S05015,6,1,1,90.76,52.8,29,6,0,0,65.0459,47.2,0.2597,0.7308,0.3784
S05016,8,0,1,41.89,23.92,10,5,2,1,32.3036,86.08,0.4186,0.4923,0.7082
S05017,1,1,1,84.21,49.26,33,0,0,0,53.2603,50.74,0.1688,0.5,0.4915
S05018,5,1,1,42.27,32.13,13,1,1,0,26.5429,72.87,0.4133,0.5385,0.664
S05019,7,0,1,71.59,54.76,27,0,0,0,44.6529,45.24,0.0064,0.3,0.5497
S05020,6,1,1,53.88,28.55,18,2,2,1,36.0761,81.45,0.2522,0.5769,0.6553
S05021,8,0,0,85.36,41.095,32,1,0,1,55.0501,58.905,0.1847,0.0385,0.6333
S05022,4,0,0,80.32,53.64,22,2,0,0,49.025,46.36,0.1148,0.0769,0.5946
S05023,6,0,1,86.69,52.29,36,0,0,0,56.0319,47.71,0.2032,0.3,0.5197
S05024,4,1,1,67.57,31.04,11,3,1,0,39.3227,73.96,0.0622,0.6154,0.6044
S05025,7,0,0,69.13,48.44,21,4,1,1,47.8019,56.56,0.0405,0.1538,0.6205
S05026,1,0,1,49.51,30.06,23,4,2,1,41.1404,79.94,0.3128,0.4538,0.6623
S05027,3,1,1,56.54,42.6,16,4,0,0,39.7998,57.4,0.2153,0.6538,0.5269
S05028,1,0,1,86.23,60.14,24,3,0,0,54.4985,39.86,0.1968,0.4154,0.4648
S05029,6,1,1,77.51,64.44,43,3,0,0,62.2817,35.56,0.0758,0.6154,0.3704
S05030,2,1,1,73.57,51.67,34,5,1,0,59.2129,53.33,0.0211,0.6923,0.433
S05031,3,1,1,90.93,52.36,22,7,0,0,62.8844,47.64,0.262,0.7692,0.3782
S05032,7,1,1,52.5,21.74,8,2,0,0,29.5919,78.26,0.2713,0.5769,0.6652
S05033,3,1,1,82.8,28.64,10,0,1,0,39.0522,76.36,0.1492,0.5,0.6438
S05034,2,0,1,54.31,46.56,22,6,2,0,46.3133,63.44,0.2462,0.5308,0.559
S05035,1,1,1,94.17,59.57,41,4,1,0,69.6823,45.43,0.307,0.6538,0.3744
S05036,2,1,1,80.17,41.93,29,5,0,0,58.8868,58.07,0.1127,0.6923,0.4531
S05037,8,1,1,86.47,48.14,14,6,0,0,54.4315,51.86,0.2001,0.7308,0.4342
S05038,5,1,1,61.48,49.84,20,3,0,0,42.2256,50.16,0.1467,0.6154,0.499
S05039,8,0,1,72.05,56.84,29,2,0,0,49.8695,43.16,0.0,0.3769,0.5039
S05040,2,0,1,100.0,67.92,34,1,0,0,62.0926,32.08,0.3879,0.3385,0.4264
S05041,3,0,0,78.46,63.46,40,4,0,0,62.8051,36.54,0.089,0.1538,0.4879
S05042,2,0,1,89.63,55.09,35,3,0,0,62.3839,44.91,0.244,0.4154,0.4574
S05043,4,1,0,67.47,37.4,25,2,0,0,45.6647,62.6,0.0636,0.2769,0.6213
S05044,5,1,1,52.97,38.77,15,5,0,0,39.7017,61.23,0.2648,0.6923,0.5329
S05045,7,0,1,83.94,52.08,30,4,0,0,59.0649,47.92,0.165,0.4538,0.4715
S05046,3,0,1,58.21,32.54,12,1,0,0,32.3257,67.46,0.1921,0.3385,0.6721
S05047,7,1,0,72.05,53.54,34,6,0,0,60.528,46.46,0.0,0.4308,0.4663
S05048,6,0,1,87.72,51.67,27,2,0,0,54.9511,48.33,0.2175,0.3769,0.5068
S05049,3,1,1,75.53,41.095,17,3,0,0,46.066,58.905,0.0483,0.6154,0.5205
S05050,8,1,1,72.05,40.69,30,1,0,0,48.5397,59.31,0.0,0.5385,0.5327
S05051,4,0,1,86.84,62.12,10,3,1,0,46.4374,42.88,0.2053,0.4154,0.5051
S05052,2,0,1,76.12,40.28,20,1,1,0,44.2355,64.72,0.0565,0.3385,0.6194
S05053,8,1,0,65.93,46.84,25,5,0,0,50.8179,53.16,0.0849,0.3923,0.5367
S05054,8,0,1,49.28,29.01,24,2,1,1,37.7954,75.99,0.316,0.3769,0.6775
S05055,1,1,0,86.38,64.13,31,6,0,0,64.4803,35.87,0.1989,0.4308,0.4101
S05056,8,0,1,77.5,44.59,19,0,0,0,42.2712,55.41,0.0756,0.3,0.5987
S05057,8,0,0,100.0,54.98,32,3,0,0,64.7523,45.02,0.3879,0.1154,0.5246
S05058,7,0,0,70.56,21.91,24,7,1,0,55.9228,83.09,0.0207,0.2692,0.6693
S05059,3,1,1,76.53,43.51,37,5,0,0,62.1765,56.49,0.0622,0.6923,0.4353
S05060,6,1,0,76.88,55.14,32,5,0,0,59.3504,44.86,0.067,0.3923,0.4736
S05061,5,1,0,81.76,27.75,33,2,0,0,56.1264,72.25,0.1348,0.2769,0.6233
S05062,5,0,1,57.5,23.63,18,4,1,1,41.3703,81.37,0.2019,0.4538,0.6672
S05063,5,1,1,72.05,95.60527862759204,57,5,1,1,72.2489,9.3947,0.0,0.6923,0.2116
S05064,6,0,1,84.41,19.54,16,3,1,0,49.0248,85.46,0.1715,0.4154,0.6664
S05065,5,1,1,67.01,38.69,18,9,0,0,54.7897,61.31,0.07,0.8462,0.4419
S05066,6,1,1,83.85,36.98,32,2,0,0,56.3692,63.02,0.1638,0.5769,0.5106
S05067,5,0,1,73.45,42.17,19,0,2,0,40.6512,67.83,0.0194,0.3,0.654
S05068,1,1,1,78.03,56.89,29,4,0,0,56.1077,43.11,0.083,0.6538,0.4126
S05069,1,0,1,89.27,44.01,22,0,0,0,48.7588,55.99,0.239,0.3,0.5783
S05070,8,0,1,68.59,35.28,16,4,0,1,44.6198,64.72,0.048,0.4538,0.5893
S05071,8,0,1,50.22,26.84,26,3,0,0,41.281,73.16,0.303,0.4154,0.6443
S05072,5,1,0,68.0,43.63,27,3,3,0,48.9862,71.37,0.0562,0.3154,0.6352
S05073,2,0,1,59.62,31.96,16,4,1,0,41.0318,73.04,0.1725,0.4538,0.6351
S05074,7,1,1,4.3733752787411655,98.10093934007296,4,3,2,1,9.8915,11.8991,0.9393,0.6154,0.4591
S05075,2,0,1,70.4,38.08,29,1,0,0,47.2865,61.92,0.0229,0.3385,0.5976
S05076,4,1,0,74.99,58.86,31,9,0,0,65.6935,41.14,0.0408,0.5462,0.3981
S05077,3,1,1,87.31,64.83,33,6,1,0,66.0387,40.17,0.2118,0.7308,0.3468
S05078,1,0,1,54.91,30.83,15,2,0,0,34.7085,69.17,0.2379,0.3769,0.661
S05079,7,1,1,73.33,9.03,14,6,1,1,49.1755,95.97,0.0178,0.7308,0.6291
S05080,5,1,1,88.92,58.58,28,5,0,0,61.7936,41.42,0.2341,0.6923,0.3763
S05081,3,0,1,63.38,27.72,31,0,2,0,43.7418,82.28,0.1203,0.3,0.701
S05082,5,0,1,80.04,35.37,18,7,0,0,56.1555,64.63,0.1109,0.5692,0.5197
S05083,1,0,1,95.97,96.10233453812413,22,0,0,0,51.4388,3.8977,0.332,0.3,0.3606
S05084,4,1,1,44.06,45.33,25,4,0,0,40.1468,54.67,0.3885,0.6538,0.5147
S05085,5,1,0,76.09,38.46,21,4,0,0,50.5859,61.54,0.0561,0.3538,0.5807
S05086,3,1,1,89.44,56.12,28,2,0,0,56.2323,43.88,0.2414,0.5769,0.4345
S05087,7,1,0,66.74,14.62,10,1,0,1,34.5513,85.38,0.0737,0.2385,0.761
S05088,2,1,1,92.8,57.08,35,0,0,0,57.8827,42.92,0.288,0.5,0.4441
S05089,2,0,1,81.51,52.83,20,0,0,0,44.4684,47.17,0.1313,0.3,0.558
S05090,5,0,1,98.54,45.51,20,1,0,0,53.2035,54.49,0.3677,0.3385,0.5471
S05091,8,1,1,80.74,39.85,18,3,1,0,48.7432,65.15,0.1206,0.6154,0.5361
S05092,4,0,1,99.79,71.58,34,1,0,0,62.0086,28.42,0.385,0.3385,0.412
S05093,1,0,1,76.5,32.53,11,3,1,0,42.8947,72.47,0.0618,0.4154,0.6359
S05094,8,1,1,51.48,27.03,4,4,0,0,30.6572,72.97,0.2855,0.6538,0.6211
S05095,4,1,1,62.53,28.55,23,0,2,0,38.6561,81.45,0.1321,0.5,0.6655
S05096,2,1,1,87.28,47.75,27,3,0,0,56.6982,52.25,0.2114,0.6154,0.4567
S05097,5,0,0,86.98,34.75,21,2,0,0,51.0958,65.25,0.2072,0.0769,0.6629
S05098,3,1,1,67.34,20.42,18,4,0,0,45.3063,79.58,0.0654,0.6538,0.5963
S05099,8,0,1,99.06,57.86,46,1,0,0,68.8352,42.14,0.3749,0.3385,0.443
S05100,3,0,1,66.69,54.06,31,2,1,0,48.912,50.94,0.0744,0.3769,0.5383
S05101,5,1,1,78.93,41.095,24,2,1,0,49.6554,63.905,0.0955,0.5769,0.5376
S05102,5,1,0,78.51,54.57,31,8,0,0,65.1784,45.43,0.0897,0.5077,0.4267
S05103,2,1,1,52.04,17.61,16,5,1,0,39.9229,87.39,0.2777,0.6923,0.6368
S05104,4,1,0,70.34,53.36,8,8,0,0,48.2664,46.64,0.0237,0.5077,0.4907
S05105,1,1,1,100.0,58.13,17,6,0,0,61.6232,41.87,0.3879,0.7308,0.3691
S05106,6,0,1,58.17,18.46,10,0,0,1,29.2002,81.54,0.1926,0.3,0.749
S05107,7,0,1,81.38,34.42,13,6,0,0,51.8023,65.58,0.1295,0.5308,0.5483
S05108,8,1,1,54.68,15.54,18,2,1,0,36.3961,89.46,0.2411,0.5769,0.6862
S05109,3,1,1,58.01,13.22,13,0,0,0,30.9159,86.78,0.1949,0.5,0.7139
S05110,3,0,1,50.79,33.28,18,4,1,0,38.6863,71.72,0.2951,0.4538,0.638
S05111,5,0,0,86.12,27.41,31,3,0,1,58.6071,72.59,0.1953,0.1154,0.6564
S05112,6,0,1,58.93,36.34,23,4,1,0,44.9084,68.66,0.1821,0.4538,0.604
S05113,8,0,1,91.01,40.05,22,2,0,0,53.301,59.95,0.2632,0.3769,0.559
S05114,1,1,1,72.05,43.01,24,4,1,0,50.7496,61.99,0.0,0.6538,0.5069
S05115,2,0,1,73.92,38.21,15,3,0,0,44.2355,61.79,0.026,0.4154,0.5885
S05116,3,0,1,78.17,32.01,30,2,1,0,52.9108,72.99,0.0849,0.3769,0.6125
S05117,3,1,1,47.75,28.03,23,7,1,1,46.2056,76.97,0.3373,0.7692,0.5539
S05118,4,0,1,75.05,45.82,29,1,0,0,49.1465,54.18,0.0416,0.3385,0.5601
S05119,7,0,1,77.25,43.08,23,0,0,0,44.5441,56.92,0.0722,0.3,0.5968
S05120,1,0,1,89.1,51.12,33,1,0,0,57.1393,48.88,0.2366,0.3385,0.5109
S05121,7,0,0,57.61,37.81,5,2,0,0,29.8563,62.19,0.2004,0.0769,0.725
S05122,5,0,1,59.74,96.01474720717384,4,0,1,0,26.2689,8.9853,0.1709,0.3,0.469
S05123,5,0,0,81.89,36.42,22,0,0,0,45.8068,63.58,0.1366,0.0,0.694
S05124,6,0,1,93.19,43.69,41,4,0,0,69.2903,56.31,0.2934,0.4538,0.4693
S05125,1,0,1,72.05,16.69,9,1,1,0,36.0821,88.31,0.0,0.3385,0.7423
S05126,6,0,0,53.47,27.23,16,1,4,1,32.8026,92.77,0.2579,0.0385,0.8466
S05127,2,0,1,67.25,40.9,24,1,0,0,43.0604,59.1,0.0666,0.3385,0.6011
S05128,5,1,1,56.8,46.71,12,2,2,0,33.6848,63.29,0.2117,0.5769,0.591
S05129,6,0,1,77.97,33.1,22,1,0,0,46.1619,66.9,0.0822,0.3385,0.6214
S05130,5,0,1,55.8,32.74,21,2,1,0,38.6238,72.26,0.2255,0.3769,0.6596
S05131,3,1,1,86.59,46.68,29,0,0,0,51.8394,53.32,0.2018,0.5,0.5068
S05132,4,0,1,75.19,46.64,24,5,1,0,53.9287,58.36,0.0436,0.4923,0.5216
S05133,4,0,0,87.06,44.1,20,2,0,0,50.5346,55.9,0.2083,0.0769,0.6275
S05134,1,1,1,72.05,10.1,9,6,1,0,45.6974,94.9,0.0,0.7308,0.637
S05135,6,1,1,45.63,24.58,10,4,2,1,31.8765,85.42,0.3667,0.6538,0.6667
S05136,1,0,1,91.39,67.16,27,4,1,0,60.2653,37.84,0.2684,0.4538,0.427
S05137,4,1,1,61.21,30.8,14,2,0,0,36.6352,69.2,0.1505,0.5769,0.6044
S05138,6,1,1,50.0,43.6,14,1,0,0,30.2282,56.4,0.306,0.5385,0.5852
S05139,1,0,1,68.96,33.47,14,0,1,0,35.8891,71.53,0.0429,0.3,0.6855
S05140,8,0,1,75.64,54.1,24,1,1,0,46.4164,50.9,0.0498,0.3385,0.5565
S05141,4,0,1,69.63,31.51,19,0,0,0,39.1232,68.49,0.0336,0.3,0.662
S05142,1,1,1,79.02,44.95,17,5,0,0,51.3081,55.05,0.0967,0.6923,0.4675
S05143,6,0,1,76.99,46.63,9,0,0,0,36.135,53.37,0.0686,0.3,0.612
S05144,5,0,0,76.2,41.095,32,0,1,0,49.4631,63.905,0.0576,0.0,0.6825
S05145,6,0,1,92.23,72.68,36,0,0,0,58.2479,27.32,0.2801,0.3,0.4304
S05146,7,1,1,71.79,64.78,16,2,0,0,42.0537,35.22,0.0036,0.5769,0.4495
S05147,4,0,1,71.35,27.59,28,6,0,0,56.6886,72.41,0.0097,0.5308,0.5585
S05148,7,0,1,84.04,31.57,19,3,0,0,50.6564,68.43,0.1664,0.4154,0.5926
S05149,3,0,1,80.29,29.19,23,3,0,0,51.5293,70.81,0.1144,0.4154,0.599
S05150,5,1,0,58.46,49.17,13,5,0,0,40.7112,50.83,0.1886,0.3923,0.5628
S05151,2,0,1,70.62,32.15,20,5,0,0,49.7278,67.85,0.0198,0.4923,0.5743
S05152,5,1,1,78.57,42.95,30,5,2,0,58.84,67.05,0.0905,0.6923,0.4892
S05153,3,0,0,63.2,38.5,16,6,1,0,46.31,66.5,0.1228,0.2308,0.6462
S05154,6,0,0,63.91,95.76894555141638,56,2,0,0,62.6305,4.2311,0.113,0.0769,0.3785
S05155,7,0,1,51.13,34.52,22,0,0,0,33.5028,65.48,0.2904,0.3,0.6697
S05156,7,0,0,28.76,9.02,7,4,2,1,23.3489,100.0,0.6008,0.1538,0.8798
S05157,8,0,1,66.39,48.99,16,0,2,0,36.0475,61.01,0.0786,0.3,0.6429
S05158,1,1,1,72.05,31.08,25,6,1,0,55.189,73.92,0.0,0.7308,0.5198
S05159,2,0,1,55.57,33.18,24,0,2,1,36.4653,76.82,0.2287,0.3,0.7047
S05160,8,1,0,92.67,58.72,38,1,0,0,61.5334,41.28,0.2862,0.2385,0.4901
S05161,4,0,1,56.3,32.11,6,2,0,0,29.9255,67.89,0.2186,0.3769,0.6726
S05162,1,1,1,85.69,46.61,17,6,1,0,55.8992,58.39,0.1893,0.7308,0.4552
S05163,3,0,1,78.28,44.67,33,1,0,0,52.8113,55.33,0.0865,0.3385,0.5519
S05164,7,0,1,100.0,47.92,30,2,0,0,61.6428,52.08,0.3879,0.3769,0.4983
S05165,3,0,1,80.1,53.47,8,1,0,0,38.7088,46.53,0.1117,0.3385,0.566
S05166,1,1,1,50.31,11.56,9,4,2,1,33.1553,98.44,0.3017,0.6538,0.7143
S05167,6,1,1,87.82,55.97,25,4,1,0,57.6508,49.03,0.2189,0.6538,0.4309
S05168,2,1,1,72.05,41.08,29,4,0,0,53.7157,58.92,0.0,0.6538,0.4842
S05169,3,1,1,45.42,32.25,19,0,1,1,29.4392,72.75,0.3696,0.5,0.663
S05170,1,0,1,81.59,51.13,18,0,0,0,43.314,48.87,0.1324,0.3,0.5689
S05171,5,0,1,84.9,37.98,35,1,0,0,56.6458,62.02,0.1783,0.3385,0.5652
S05172,4,0,0,68.81,46.23,24,1,0,1,43.6844,53.77,0.045,0.0385,0.6526
S05173,7,1,1,35.67,7.8,0,1,1,0,16.1911,97.2,0.5049,0.5385,0.7975
S05174,3,0,1,67.56,12.81,18,4,1,0,45.3943,92.19,0.0623,0.4538,0.6964
S05175,2,0,1,63.28,44.82,23,3,1,0,44.7253,60.18,0.1217,0.4154,0.5803
S05176,2,1,0,94.95,42.85,31,2,0,0,60.216,57.15,0.3178,0.2769,0.5486
S05177,2,0,1,70.67,98.61320270874688,25,3,0,0,48.8677,1.3868,0.0192,0.4154,0.3307
S05178,4,1,0,65.82,19.01,15,3,0,1,40.9955,80.99,0.0865,0.3154,0.7016
S05179,1,0,1,72.05,41.095,24,4,1,0,50.7496,63.905,0.0,0.4538,0.5645
S05180,4,1,1,76.89,55.3,21,1,1,0,45.1367,49.7,0.0672,0.5385,0.5062
S05181,7,1,1,72.85,68.38,43,0,0,0,54.6485,31.62,0.0111,0.5,0.4102
S05182,7,1,1,60.15,19.57,22,3,0,0,42.8801,80.43,0.1652,0.6154,0.6178
S05183,6,0,0,75.96,50.95,45,5,2,0,66.6943,59.05,0.0543,0.1923,0.5547
S05184,8,0,0,63.64,34.0,12,0,0,1,32.5746,66.0,0.1167,0.0,0.75
S05185,7,0,1,72.05,12.07,19,0,1,1,40.0912,92.93,0.0,0.3,0.7564
S05186,6,0,0,72.05,55.54,33,1,0,0,50.3193,44.46,0.0,0.0385,0.5921
S05187,7,1,1,80.6,55.36,18,3,0,0,48.6872,44.64,0.1187,0.6154,0.4543
S05188,1,0,1,75.0,99.7585790795732,28,1,1,0,48.5332,5.2414,0.0409,0.3385,0.3665
S05189,7,0,1,3.532500000000013,96.51507053245534,16,0,1,1,10.9045,8.4849,0.951,0.3,0.5208
S05190,3,0,1,70.92,28.22,24,2,2,0,46.4514,81.78,0.0157,0.3769,0.6703
S05191,6,1,1,84.29,44.68,28,6,0,0,61.8646,55.32,0.1699,0.7308,0.4221
S05192,8,0,1,62.52,57.95,16,0,0,1,34.4995,42.05,0.1323,0.3,0.5725
S05193,4,0,1,84.89,64.54,24,0,0,0,48.1933,35.46,0.1782,0.3,0.4982
S05194,1,0,1,49.88,41.095,17,1,0,0,31.9598,58.905,0.3077,0.3385,0.6391
S05195,3,0,1,74.52,46.13,16,0,1,0,39.2995,58.87,0.0343,0.3,0.6229
S05196,4,1,1,72.39,23.59,16,4,0,1,46.1398,76.41,0.0047,0.6538,0.5807
S05197,8,0,1,87.04,57.44,35,1,1,0,57.5018,47.56,0.208,0.3385,0.5044
S05198,8,1,1,58.22,29.72,21,0,0,0,35.7456,70.28,0.192,0.5,0.631
S05199,5,1,1,59.85,34.03,22,6,1,0,48.5293,70.97,0.1693,0.7308,0.5313
S05200,8,1,1,51.08,27.18,7,6,0,0,36.123,72.82,0.291,0.7308,0.5821
S05201,4,1,1,72.05,28.81,2,2,0,0,33.8526,71.19,0.0,0.5769,0.6221
S05202,4,1,1,75.83,43.84,31,6,0,0,60.2603,56.16,0.0525,0.7308,0.431
S05203,7,0,0,45.03,49.42,18,5,0,0,38.3054,50.58,0.375,0.1923,0.6202
S05204,6,0,0,65.36,26.74,11,3,0,0,38.4387,73.26,0.0929,0.1154,0.7297
S05205,5,1,1,81.16,41.32,31,3,0,0,56.6231,58.68,0.1264,0.6154,0.4827
S05206,4,1,0,70.46,98.80296570956511,38,4,0,0,58.4187,1.197,0.0221,0.3538,0.3119
S05207,6,0,0,73.13,96.7927658544003,11,0,1,0,35.7774,8.2072,0.015,0.0,0.5076
S05208,7,0,1,49.41,34.41,9,3,0,0,30.8722,65.59,0.3142,0.4154,0.6505
S05209,4,0,1,70.5,29.54,9,1,1,0,35.4621,75.46,0.0215,0.3385,0.6931
S05210,1,0,1,72.43,35.42,30,1,1,0,48.6917,69.58,0.0053,0.3385,0.6233
S05211,1,0,0,69.54,49.71,21,0,0,0,40.2736,50.29,0.0348,0.0,0.6602
S05212,2,0,1,74.29,42.77,20,0,1,0,41.5804,62.23,0.0311,0.3,0.6284
S05213,4,0,1,67.36,39.14,23,0,0,0,40.5881,60.86,0.0651,0.3,0.6264
S05214,5,1,0,65.16,35.94,16,4,0,0,43.2478,64.06,0.0956,0.3538,0.6164
S05215,7,1,1,56.4,36.47,14,2,1,1,34.7112,68.53,0.2172,0.5769,0.6084
S05216,2,1,1,86.62,35.15,30,5,0,0,62.06,64.85,0.2022,0.6923,0.4691
S05217,7,1,0,53.6,37.83,11,5,1,0,37.5808,67.17,0.2561,0.3923,0.6391
S05218,6,0,1,74.37,22.52,20,4,0,0,49.3047,77.48,0.0322,0.4538,0.6239
S05219,1,0,0,99.2,44.24,31,4,0,0,65.7621,55.76,0.3768,0.1538,0.5544
S05220,3,1,0,88.52,57.41,29,7,0,0,66.0729,42.59,0.2286,0.4692,0.4218
S05221,3,1,1,79.64,57.1,30,9,0,0,66.9603,42.9,0.1053,0.8462,0.3257
S05222,8,1,1,75.75,38.93,28,5,1,0,56.5256,66.07,0.0514,0.6923,0.4934
S05223,8,1,1,70.08,41.48,10,7,1,0,47.4257,63.52,0.0273,0.7692,0.4958
S05224,7,1,0,58.48,34.58,29,2,0,0,44.4415,65.42,0.1883,0.2769,0.6369
S05225,5,1,0,68.19,21.84,22,4,0,0,48.0192,78.16,0.0536,0.3538,0.6561
S05226,4,1,0,80.62,37.38,23,5,0,0,55.5075,62.62,0.1189,0.3923,0.5581
S05227,3,1,1,77.85,25.69,22,3,0,0,49.9601,74.31,0.0805,0.6154,0.5685
S05228,7,0,0,72.05,54.93,43,9,0,0,71.6362,45.07,0.0,0.3462,0.443
S05229,1,0,1,90.3,62.85,48,4,0,0,72.2869,37.15,0.2533,0.4538,0.3821
S05230,3,0,1,69.62,50.11,36,4,0,0,56.8962,49.89,0.0337,0.4538,0.487
S05231,2,0,1,74.88,28.54,22,2,1,0,46.849,76.46,0.0393,0.3769,0.6476
S05232,4,1,0,43.51,29.22,15,0,2,1,26.3023,80.78,0.3961,0.2,0.7811
S05233,3,0,1,100.0,67.61,44,0,0,0,66.1017,32.39,0.3879,0.3,0.4232
S05234,2,0,1,65.79,99.93144178205304,18,5,0,0,46.6094,0.0686,0.0869,0.4923,0.3141
S05235,4,1,1,81.78,42.05,30,2,1,0,54.3548,62.95,0.135,0.5769,0.5173
S05236,7,0,1,65.78,26.6,22,1,2,0,41.2859,83.4,0.087,0.3385,0.7045
S05237,5,1,1,65.43,35.59,35,4,0,0,54.627,64.41,0.0919,0.6538,0.503
S05238,7,0,0,68.44,45.78,33,1,0,0,48.8753,54.22,0.0501,0.0385,0.6362
S05239,8,0,0,53.32,28.47,15,1,1,0,32.1494,76.53,0.26,0.0385,0.784
S05240,8,0,1,34.8,22.58,21,6,2,0,37.9161,87.42,0.517,0.5308,0.6843
S05241,3,0,0,89.4,44.5,29,0,0,0,52.9634,55.5,0.2408,0.0,0.6366
S05242,8,0,1,80.19,48.53,21,2,0,0,48.3798,51.47,0.113,0.3769,0.5423
S05243,8,0,1,58.26,36.16,15,0,1,0,32.2023,68.84,0.1914,0.3,0.6877
S05244,8,0,1,78.78,41.73,26,1,0,0,48.8588,58.27,0.0934,0.3385,0.5774
S05245,3,0,1,84.36,67.56,21,1,0,0,48.1247,32.44,0.1709,0.3385,0.4767
S05246,2,1,1,61.6,18.77,15,3,2,0,39.3075,91.23,0.145,0.6154,0.6735
S05247,5,0,1,78.18,97.6173383355882,13,1,1,0,40.9069,7.3827,0.0851,0.3385,0.4017
S05248,8,0,1,72.05,35.18,21,3,0,0,47.0469,64.82,0.0,0.4154,0.5908
S05249,8,0,1,50.42,20.98,17,1,1,0,32.1758,84.02,0.3002,0.3385,0.7388
S05250,5,1,1,80.0,46.49,34,2,0,0,56.0156,53.51,0.1103,0.5769,0.4738
S05251,2,1,1,77.47,50.13,32,4,0,0,57.6634,49.87,0.0752,0.6538,0.4342
S05252,4,1,0,100.0,58.23,36,1,0,0,63.279,41.77,0.3879,0.2385,0.486
S05253,6,1,1,80.36,66.71,13,4,0,0,47.5482,33.29,0.1153,0.6538,0.4033
S05254,5,0,1,65.84,16.54,13,2,2,0,37.894,93.46,0.0862,0.3769,0.747
S05255,3,1,1,67.57,32.9,22,3,0,0,45.8481,67.1,0.0622,0.6154,0.5541
S05256,3,0,1,100.0,66.32,40,4,0,0,71.4211,33.68,0.3879,0.4538,0.3713
S05257,1,1,1,66.68,6.62,16,3,0,0,41.9328,93.38,0.0745,0.6154,0.6729
S05258,3,0,1,80.79,47.52,16,0,0,0,41.8075,52.48,0.1213,0.3,0.5886
S05259,6,0,1,68.42,57.87,33,2,1,0,50.7904,47.13,0.0504,0.3769,0.5165
S05260,2,1,0,88.22,42.9,22,4,0,0,56.0312,57.1,0.2244,0.3538,0.5438
S05261,8,1,0,88.96,38.65,20,2,0,0,51.2946,61.35,0.2347,0.2769,0.5966
S05262,1,1,1,71.66,35.62,24,6,0,0,54.4397,64.38,0.0054,0.7308,0.4843
S05263,5,0,1,65.9,39.69,20,0,0,0,38.2244,60.31,0.0854,0.3,0.6325
S05264,4,0,0,65.54,35.63,16,0,1,0,35.7075,69.37,0.0904,0.0,0.7525
S05265,7,0,1,46.09,30.92,13,1,1,0,28.0709,74.08,0.3603,0.3385,0.7134
S05266,8,0,0,73.51,28.98,16,0,1,0,38.8955,76.02,0.0203,0.0,0.7679
S05267,5,0,1,73.21,47.88,19,0,0,0,40.5552,52.12,0.0161,0.3,0.5915
S05268,6,0,1,59.76,31.63,18,1,1,0,36.505,73.37,0.1706,0.3385,0.6811
S05269,6,1,1,44.48,43.19,0,3,0,0,23.5612,56.81,0.3827,0.6154,0.5909
S05270,5,0,1,75.09,35.45,31,2,0,0,52.272,64.55,0.0422,0.3769,0.581
S05271,2,1,1,76.99,51.41,13,6,0,0,50.0463,48.59,0.0686,0.7308,0.4365
S05272,4,1,1,77.92,32.51,17,2,0,0,45.0989,67.49,0.0815,0.5769,0.5679
S05273,2,1,1,57.15,22.7,25,6,1,1,49.229,82.3,0.2068,0.7308,0.5742
S05274,4,0,1,77.95,45.46,29,0,1,0,48.3834,59.54,0.0819,0.3,0.5938
S05275,5,0,1,69.32,26.91,22,2,1,0,44.625,78.09,0.0379,0.3769,0.6619
S05276,2,0,1,84.97,44.06,13,5,0,0,51.3152,55.94,0.1793,0.4923,0.5211
S05277,2,1,1,57.38,38.82,12,1,0,0,31.9937,61.18,0.2036,0.5385,0.5981
S05278,7,0,1,89.25,44.39,27,0,0,0,51.7169,55.61,0.2387,0.3,0.5664
S05279,4,0,1,94.65,44.03,29,3,1,0,60.8326,60.97,0.3137,0.4154,0.5271
S05280,2,1,0,73.74,55.26,32,3,0,0,54.2483,44.74,0.0235,0.3154,0.5102
S05281,6,1,1,72.05,41.46,41,4,0,0,60.8343,58.54,0.0,0.6538,0.4578
S05282,6,1,1,83.76,33.95,32,9,0,0,69.7947,66.05,0.1625,0.8462,0.4084
S05283,7,0,1,56.61,38.06,13,2,0,0,34.202,61.94,0.2143,0.3769,0.6338
S05284,7,1,1,64.71,42.76,30,3,1,0,49.4498,62.24,0.1019,0.6154,0.522
S05285,8,0,1,74.76,41.095,19,0,1,0,41.1752,63.905,0.0376,0.3,0.6365
S05286,5,0,1,72.05,41.095,12,4,0,0,43.631,58.905,0.0,0.4538,0.5695
S05287,3,1,0,54.06,31.21,6,5,0,0,34.7987,68.79,0.2497,0.3923,0.6553
S05288,7,1,0,96.57,52.17,22,3,0,0,57.4481,47.83,0.3403,0.3154,0.5114
S05289,3,0,0,69.1,17.09,22,5,0,0,50.3062,82.91,0.0409,0.1923,0.7075
S05290,3,0,1,71.48,68.07,21,0,0,0,41.0496,31.93,0.0079,0.3,0.509
S05291,7,0,0,72.05,98.84738094611632,16,3,0,0,44.0808,1.1526,0.0,0.1154,0.4215
S05292,8,1,1,100.0,46.32,26,11,0,0,76.5776,53.68,0.3879,0.9231,0.3159
S05293,3,1,1,78.34,33.05,13,1,0,0,40.9709,66.95,0.0873,0.5385,0.5898
S05294,6,0,1,89.47,29.69,28,2,0,0,56.2443,70.31,0.2418,0.3769,0.5902
S05295,8,0,1,58.2,19.05,11,5,2,1,39.4208,90.95,0.1922,0.4923,0.7028
S05296,7,1,1,64.06,33.51,28,4,2,0,49.9265,76.49,0.1109,0.6538,0.5678
S05297,1,1,1,51.71,24.82,16,1,1,0,32.0986,80.18,0.2823,0.5385,0.6737
S05298,6,0,0,64.27,98.30461058224267,32,4,1,0,52.3834,6.6954,0.108,0.1538,0.405
S05299,2,1,0,80.48,54.69,22,8,0,0,60.6275,45.31,0.117,0.5077,0.4421
S05300,7,1,1,75.18,53.76,41,6,0,0,65.9325,46.24,0.0434,0.7308,0.3715
S05301,1,0,0,72.05,64.4,32,2,0,0,51.6492,35.6,0.0,0.0769,0.5424
S05302,8,1,1,100.0,50.65,28,2,0,0,60.4563,49.35,0.3879,0.5769,0.4416
S05303,2,1,1,69.95,55.2,41,6,0,0,63.8405,44.8,0.0291,0.7308,0.3731
S05304,4,0,0,61.8,28.67,4,3,0,1,32.8621,71.33,0.1423,0.1154,0.7415
S05305,2,1,1,89.4,55.32,24,7,0,0,63.4588,44.68,0.2408,0.7692,0.3643
S05306,7,1,1,90.96,33.86,16,3,0,0,51.6448,66.14,0.2625,0.6154,0.53
S05307,4,0,1,78.62,48.24,10,2,0,0,41.2264,51.76,0.0912,0.3769,0.5685
S05308,6,0,1,82.58,39.89,10,7,0,0,52.4257,60.11,0.1461,0.5692,0.5147
S05309,1,1,0,80.24,47.45,30,6,0,0,61.4311,52.55,0.1137,0.4308,0.4875
S05310,4,0,1,57.17,39.72,6,0,0,0,26.4273,60.28,0.2065,0.3,0.6736
S05311,8,0,1,53.72,25.65,14,1,1,0,31.7162,79.35,0.2544,0.3385,0.7218
S05312,8,0,1,71.24,39.34,29,1,1,0,47.6225,65.66,0.0112,0.3385,0.6113
S05313,2,1,1,68.99,53.29,25,0,0,0,42.4265,46.71,0.0425,0.5,0.5133
S05314,4,1,1,76.15,40.05,27,3,0,1,52.2462,59.95,0.0569,0.6154,0.5031
S05315,4,1,0,70.03,41.47,31,2,0,0,50.248,58.53,0.028,0.2769,0.589
S05316,5,1,1,46.45,16.46,26,9,1,0,51.3114,88.54,0.3553,0.8462,0.563
S05317,5,0,0,40.32,7.43,1,0,0,1,16.7212,92.57,0.4404,0.0,0.9118
S05318,1,0,1,83.06,58.3,30,0,0,0,51.0206,41.7,0.1528,0.3,0.5132
S05319,7,1,1,62.06,35.76,17,1,0,0,36.8318,64.24,0.1387,0.5385,0.5934
S05320,2,0,1,3.532500000000013,97.58159477436304,20,4,0,0,20.9697,2.4184,0.951,0.4538,0.4228
S05321,3,1,1,63.63,23.03,7,4,3,0,37.2969,91.97,0.1169,0.6538,0.6739
S05322,7,0,0,58.3,20.44,13,6,1,0,42.5703,84.56,0.1908,0.2308,0.7315
S05323,6,0,1,57.9,33.74,14,1,1,0,33.3882,71.26,0.1964,0.3385,0.6836
S05324,4,1,1,87.3,59.05,39,5,1,0,67.671,45.95,0.2117,0.6923,0.3739
S05325,8,0,0,68.41,27.28,12,0,0,1,34.4826,72.72,0.0505,0.0,0.7702
S05326,4,0,0,81.52,25.5,7,5,0,1,46.3759,74.5,0.1314,0.1923,0.6876
S05327,5,0,1,83.54,30.15,27,2,0,0,53.2791,69.85,0.1595,0.3769,0.5987
S05328,2,0,1,76.75,52.15,14,1,1,0,40.9282,52.85,0.0652,0.3385,0.5835
S05329,2,0,0,84.03,43.82,26,8,0,0,64.4203,56.18,0.1663,0.3077,0.5223
S05330,4,1,0,72.05,48.42,28,5,0,0,55.0456,51.58,0.0,0.3923,0.5156
S05331,5,0,1,92.46,40.86,29,0,1,0,54.1874,64.14,0.2833,0.3,0.5919
S05332,7,1,1,84.35,41.57,23,4,0,0,55.0764,58.43,0.1707,0.6538,0.4775
S05333,4,1,1,86.35,35.96,26,2,0,0,53.8099,64.04,0.1985,0.5769,0.5236
S05334,8,0,1,57.92,41.55,24,3,1,0,43.1745,63.45,0.1961,0.4154,0.5988
S05335,5,0,1,75.95,45.58,15,3,1,0,45.0475,59.42,0.0541,0.4154,0.5762
S05336,1,1,1,44.47,34.83,18,6,2,1,40.0044,75.17,0.3828,0.7308,0.578
S05337,6,1,1,93.02,40.15,22,1,0,0,52.1819,59.85,0.291,0.5385,0.5221
S05338,5,1,1,62.65,38.07,24,1,0,0,41.2204,61.93,0.1305,0.5385,0.5688
S05339,4,0,1,64.73,17.19,7,2,0,1,33.8907,82.81,0.1016,0.3769,0.7184
S05340,4,1,1,51.49,31.32,19,3,1,0,37.6364,73.68,0.2854,0.6154,0.6091
S05341,3,1,1,71.46,46.79,21,2,0,0,44.8878,53.21,0.0082,0.5769,0.5115
S05342,5,1,0,67.98,34.25,22,7,1,0,53.7044,70.75,0.0565,0.4692,0.5777
S05343,5,0,0,99.34,58.18,40,0,0,0,63.4648,41.82,0.3788,0.0,0.5452
S05344,4,1,1,84.89,34.37,20,0,0,0,45.8204,65.63,0.1782,0.5,0.5771
S05345,3,0,0,64.28,26.85,19,2,0,0,40.8293,73.15,0.1078,0.0769,0.7305
S05346,4,1,0,47.01,18.6,16,5,1,1,37.9109,86.4,0.3475,0.3923,0.7148
S05347,4,0,1,37.74,11.9,8,0,1,0,19.8418,93.1,0.4762,0.3,0.828
S05348,4,1,0,56.61,43.72,23,2,1,0,40.1342,61.28,0.2143,0.2769,0.6354
S05349,3,0,1,52.03,22.62,18,5,1,0,41.1054,82.38,0.2779,0.4923,0.6626
S05350,5,1,1,77.23,40.65,20,4,1,0,50.4487,64.35,0.0719,0.6538,0.5174
S05351,2,0,0,69.83,52.04,32,0,0,0,46.9151,47.96,0.0308,0.0,0.6276
S05352,5,0,1,72.26,45.44,27,1,0,0,46.844,54.56,0.0029,0.3385,0.5697
S05353,1,1,1,57.77,54.39,11,4,0,0,37.3257,45.61,0.1982,0.6538,0.4884
S05354,4,1,1,74.28,44.48,16,1,0,0,41.1266,55.52,0.031,0.5385,0.5435
S05355,7,0,1,50.69,23.57,13,2,1,0,31.834,81.43,0.2965,0.3769,0.7201
S05356,7,1,1,70.68,26.96,26,2,0,1,47.5419,73.04,0.019,0.5769,0.5815
S05357,6,0,1,84.45,50.14,9,0,0,0,39.119,49.86,0.1721,0.3,0.5875
S05358,6,1,0,66.52,29.05,14,3,1,0,40.6823,75.95,0.0768,0.3154,0.6826
S05359,1,1,1,78.65,33.52,20,3,1,0,49.0936,71.48,0.0916,0.6154,0.5602
S05360,3,1,0,42.35,98.97299135391152,0,3,1,0,22.7092,6.027,0.4122,0.3154,0.4658
S05361,6,1,1,41.14,6.67,3,2,1,1,22.0818,98.33,0.429,0.5769,0.7718
S05362,7,0,1,76.91,40.91,25,2,0,0,49.4407,59.09,0.0675,0.3769,0.5691
S05363,5,0,0,87.71,41.83,24,2,0,0,53.1674,58.17,0.2173,0.0769,0.6274
S05364,7,1,1,68.43,38.26,18,0,1,0,38.05,66.74,0.0502,0.5,0.6088
S05365,3,0,1,100.0,72.59,21,2,0,0,56.3038,27.41,0.3879,0.3769,0.4184
S05366,2,0,0,50.35,27.24,13,1,0,0,29.7749,72.76,0.3012,0.0385,0.7772
S05367,1,1,1,61.8,45.65,7,5,0,0,38.4879,54.35,0.1423,0.6923,0.5096
S05368,5,0,1,74.1,43.89,35,4,2,0,58.095,66.11,0.0285,0.4538,0.5477
S05369,6,0,0,78.97,48.79,39,2,1,0,58.5697,56.21,0.096,0.0769,0.6006
S05370,3,1,1,63.24,9.63,15,5,1,0,43.8097,95.37,0.1223,0.6923,0.6551
S05371,7,0,1,56.11,38.6,8,2,0,0,31.0359,61.4,0.2212,0.3769,0.6427
S05372,6,0,1,81.3,40.35,33,0,0,0,52.0963,59.65,0.1284,0.3,0.5813
S05373,3,0,1,74.0,51.34,28,3,0,0,51.9794,48.66,0.0271,0.4154,0.5089
S05374,2,0,1,66.83,19.99,36,3,1,0,53.8572,85.01,0.0724,0.4154,0.6477
S05375,6,1,1,79.48,45.85,42,6,1,0,68.2457,59.15,0.1031,0.7308,0.415
S05376,6,1,1,69.95,31.66,5,2,0,0,34.7923,68.34,0.0291,0.5769,0.6074
S05377,2,1,0,69.9,41.25,31,5,0,0,55.9652,58.75,0.0298,0.3923,0.541
S05378,3,0,0,69.35,29.24,20,0,0,0,39.6044,70.76,0.0375,0.0,0.7444
S05379,4,0,1,59.68,36.75,22,0,0,0,36.9228,63.25,0.1717,0.3,0.6488
S05380,5,0,1,58.16,42.62,24,4,0,0,45.1936,57.38,0.1928,0.4538,0.5579
S05381,2,1,1,64.11,23.55,25,4,1,0,48.1668,81.45,0.1102,0.6538,0.5938
S05382,8,1,1,72.48,49.34,31,1,0,0,49.3049,50.66,0.006,0.5385,0.4954
S05383,4,0,1,43.93,32.24,22,4,3,0,38.3152,82.76,0.3903,0.4538,0.6835
S05384,4,1,0,86.17,54.17,20,7,0,0,59.7939,45.83,0.196,0.4692,0.4567
S05385,1,1,1,72.28,45.06,32,7,0,0,61.3566,54.94,0.0032,0.7692,0.4127
S05386,8,0,0,56.02,24.3,10,3,0,0,34.1094,75.7,0.2225,0.1154,0.7546
S05387,2,1,0,96.25,67.79,46,5,0,0,75.4035,32.21,0.3359,0.3923,0.3669
S05388,8,1,1,72.63,95.74935256621774,17,9,1,0,56.4444,9.2506,0.008,0.8462,0.2279
S05389,4,0,1,51.97,41.095,12,4,0,0,35.599,58.905,0.2787,0.4538,0.5976
S05390,7,0,1,95.58,75.88,29,2,0,0,59.2815,24.12,0.3266,0.3769,0.3948
S05391,2,1,1,92.32,33.63,17,0,0,0,47.0127,66.37,0.2813,0.5,0.5759
S05392,2,1,0,58.37,29.24,5,6,1,1,37.8526,75.76,0.1899,0.4308,0.6629
S05393,7,1,1,67.16,39.94,28,4,0,0,51.1665,60.06,0.0679,0.6538,0.4977
S05394,7,1,1,65.14,8.94,6,3,1,1,35.3846,96.06,0.0959,0.6154,0.7065
S05395,5,1,0,43.66,37.38,32,2,0,0,40.2932,62.62,0.394,0.2769,0.6402
S05396,1,0,0,76.87,40.83,23,4,1,0,52.0844,64.17,0.0669,0.1538,0.6359
S05397,8,0,1,84.68,51.63,19,1,0,0,47.0663,48.37,0.1753,0.3385,0.5441
S05398,4,0,0,81.85,56.19,29,2,0,0,53.7895,43.81,0.136,0.0769,0.5678
S05399,8,1,1,72.49,32.2,3,8,0,0,46.1603,67.8,0.0061,0.8077,0.5077
S05400,7,1,1,86.13,56.28,25,3,0,0,55.0517,43.72,0.1954,0.6154,0.4283
S05401,7,1,1,54.97,16.99,15,2,0,0,34.7325,83.01,0.2371,0.5769,0.6663
S05402,6,0,1,72.05,50.05,22,1,0,0,43.7939,49.95,0.0,0.3385,0.5619
S05403,6,0,1,60.42,42.35,13,1,0,0,33.8029,57.65,0.1614,0.3385,0.6277
S05404,5,1,1,62.08,48.72,31,8,2,0,58.6064,61.28,0.1384,0.8077,0.4381
S05405,1,0,1,63.37,34.12,21,1,1,0,39.7287,70.88,0.1205,0.3385,0.6598
S05406,4,0,0,62.28,98.6561725916558,22,2,1,0,41.809,6.3438,0.1356,0.0769,0.4598
S05407,6,1,1,69.11,27.06,15,1,0,0,38.4654,72.94,0.0408,0.5385,0.6225
S05408,7,1,1,68.53,41.095,11,1,1,0,35.8605,63.905,0.0489,0.5385,0.5955
S05409,5,1,1,73.94,49.45,21,2,0,0,45.8798,50.55,0.0262,0.5769,0.4974
S05410,6,0,1,59.72,25.13,0,0,1,0,23.888,79.87,0.1711,0.3,0.7609
S05411,1,0,1,74.5,41.15,15,0,0,0,38.6983,58.85,0.034,0.3,0.625
S05412,4,0,1,55.64,30.48,7,3,0,0,32.1778,69.52,0.2278,0.4154,0.6616
S05413,5,0,1,82.99,44.39,10,3,2,0,44.8974,65.61,0.1518,0.4154,0.6014
S05414,8,0,0,82.8,46.37,32,7,1,0,65.5646,58.63,0.1492,0.2692,0.5377
S05415,3,0,1,71.91,46.05,21,4,0,0,48.9139,53.95,0.0019,0.4538,0.5312
S05416,2,1,1,62.25,51.64,22,2,1,1,41.797,53.36,0.136,0.5769,0.5229
S05417,3,0,0,76.67,53.96,29,6,0,0,59.4099,46.04,0.0641,0.2308,0.5185
S05418,2,0,0,58.69,22.14,4,0,0,0,25.8489,77.86,0.1854,0.0,0.821
S05419,5,0,1,72.52,31.6,12,1,0,0,38.0497,68.4,0.0065,0.3385,0.6558
S05420,6,1,0,69.72,45.68,31,6,0,0,57.8163,54.32,0.0323,0.4308,0.5072
S05421,7,0,1,100.0,80.65,51,2,0,0,74.1004,19.35,0.3879,0.3769,0.3238
S05422,8,0,1,53.59,36.46,21,8,0,0,49.2782,63.54,0.2562,0.6077,0.5298
S05423,1,0,1,31.99,0.9,12,1,1,1,21.8377,100.0,0.556,0.3385,0.8389
S05424,2,0,1,62.44,21.91,14,3,0,1,39.0503,78.09,0.1334,0.4154,0.6718
S05425,3,1,0,46.27,12.99,9,0,1,1,23.847,92.01,0.3578,0.2,0.8346
S05426,2,0,1,61.1,40.84,20,4,0,0,43.9967,59.16,0.152,0.4538,0.5692
S05427,7,0,0,52.54,21.46,26,2,0,0,40.2859,78.54,0.2708,0.0769,0.7539
S05428,2,1,0,58.43,44.65,21,0,0,0,35.8296,55.35,0.189,0.2,0.646
S05429,1,0,1,56.03,51.38,24,5,2,0,46.2647,58.62,0.2223,0.4923,0.5495
S05430,7,1,1,86.44,53.31,20,3,0,0,52.2096,46.69,0.1997,0.6154,0.4502
S05431,8,0,1,71.27,21.59,27,3,1,1,50.2942,83.41,0.0108,0.4154,0.6538
S05432,2,1,0,88.13,38.33,23,5,0,0,58.5115,61.67,0.2232,0.3923,0.5438
S05433,3,0,1,72.61,38.44,24,0,1,0,43.2813,66.56,0.0078,0.3,0.6398
S05434,5,0,0,85.93,96.25668600851532,32,6,0,0,64.8935,3.7433,0.1926,0.2308,0.3301
S05435,5,0,1,67.47,41.095,17,1,1,0,38.9958,63.905,0.0636,0.3385,0.6345
S05436,8,1,1,95.92,41.85,23,2,0,0,55.8582,58.15,0.3313,0.5769,0.4929
S05437,4,0,0,79.06,46.53,28,5,0,0,57.8496,53.47,0.0973,0.1923,0.5633
S05438,1,1,1,60.3,27.42,17,3,1,0,39.974,77.58,0.1631,0.6154,0.6166
S05439,4,1,1,81.29,42.86,27,2,0,0,52.3791,57.14,0.1282,0.5769,0.501
S05440,5,0,1,72.41,50.11,28,2,0,0,49.4203,49.89,0.005,0.3769,0.5324
S05441,5,0,0,68.96,20.85,32,3,1,0,52.3363,84.15,0.0429,0.1154,0.7246
S05442,5,0,0,73.44,27.24,28,1,0,0,47.9092,72.76,0.0193,0.0385,0.7137
S05443,8,1,1,83.27,43.93,31,0,0,0,51.6978,56.07,0.1557,0.5,0.5183
S05444,7,1,1,40.24,15.48,7,5,0,1,29.8639,84.52,0.4415,0.6923,0.6605
S05445,3,0,1,66.74,29.55,18,2,1,1,41.2201,75.45,0.0737,0.3769,0.6633
S05446,3,0,1,82.24,48.03,30,3,0,0,56.4618,51.97,0.1414,0.4154,0.5064
S05447,6,1,1,75.72,37.04,21,2,1,0,46.5918,67.96,0.0509,0.5769,0.5645
S05448,4,0,1,55.1,47.2,20,3,2,1,39.6736,62.8,0.2353,0.4154,0.6085
S05449,4,0,0,36.48,96.6468990362436,3,2,3,1,20.2178,18.3531,0.4937,0.0769,0.5834
S05450,2,0,1,97.51,63.48,47,2,0,0,70.7315,36.52,0.3534,0.3769,0.4043
S05451,3,0,0,69.19,36.54,23,2,1,0,45.1662,68.46,0.0397,0.0769,0.6965
S05452,6,1,1,94.71,53.28,32,3,0,0,62.6363,46.72,0.3145,0.6154,0.4138
S05453,7,1,1,83.92,41.8,23,2,1,0,51.0582,63.2,0.1647,0.5769,0.5299
S05454,7,0,1,60.1,49.33,33,9,1,0,60.924,55.67,0.1659,0.6462,0.4479
S05455,3,0,1,34.48,17.51,0,1,1,1,15.7151,87.49,0.5214,0.3385,0.8103
S05456,2,1,1,65.07,21.75,14,3,0,0,40.1023,78.25,0.0969,0.6154,0.6188
S05457,2,0,0,71.44,55.31,29,1,1,1,47.7025,49.69,0.0085,0.0385,0.6222
S05458,4,0,1,72.05,50.04,27,5,0,0,54.4523,49.96,0.0,0.4923,0.4862
S05459,5,0,1,55.34,24.6,12,0,1,0,29.2546,80.4,0.2319,0.3,0.7442
S05460,8,1,0,74.67,47.09,19,6,1,0,52.6776,57.91,0.0364,0.4308,0.5396
S05461,8,1,1,74.66,34.04,21,6,1,1,53.8601,70.96,0.0362,0.7308,0.5126
S05462,1,1,1,86.79,51.08,29,2,0,0,55.7655,48.92,0.2046,0.5769,0.4563
S05463,6,0,1,67.4,32.29,22,2,0,0,43.857,67.71,0.0645,0.3769,0.6231
S05464,3,1,1,78.64,54.2,30,1,0,0,51.1757,45.8,0.0915,0.5385,0.4695
S05465,2,0,1,72.05,50.25,32,0,0,0,47.8031,49.75,0.0,0.3,0.5567
S05466,5,1,1,85.13,46.03,24,8,0,0,63.6739,53.97,0.1815,0.8077,0.3911
S05467,1,0,1,59.7,40.19,22,0,0,0,36.9308,59.81,0.1714,0.3,0.635
S05468,3,0,1,25.94,0.0,0,1,0,1,12.2991,100.0,0.64,0.3385,0.8723
S05469,5,0,0,68.45,41.095,23,2,0,0,44.8702,58.905,0.05,0.0769,0.6593
S05470,3,0,1,68.54,30.74,22,0,0,0,40.4668,69.26,0.0487,0.3,0.6604
S05471,5,0,1,54.64,41.095,31,2,2,0,44.092,68.905,0.2416,0.3769,0.6271
S05472,4,1,0,49.38,32.78,27,6,0,0,47.3074,67.22,0.3146,0.4308,0.5956
S05473,7,1,1,63.38,21.02,17,7,0,0,48.8983,78.98,0.1203,0.7692,0.5525
S05474,2,1,0,70.28,58.11,15,1,0,0,38.9334,41.89,0.0246,0.2385,0.5717
S05475,1,0,0,73.43,44.71,17,2,0,0,43.3029,55.29,0.0192,0.0769,0.6504
S05476,5,0,1,37.72,8.73,8,0,0,0,19.8338,91.27,0.4765,0.3,0.8207
S05477,3,0,0,45.7,32.39,23,3,2,0,37.6933,77.61,0.3657,0.1154,0.7497
S05478,6,0,1,88.94,61.72,32,3,0,0,60.3283,38.28,0.2344,0.4154,0.4381
S05479,1,0,1,69.16,9.74,26,3,1,0,48.857,95.26,0.0401,0.4154,0.7062
S05480,5,1,1,71.96,44.98,29,10,0,0,65.2182,55.02,0.0012,0.8846,0.3707
S05481,8,1,1,52.0,24.38,7,5,0,0,34.5679,75.62,0.2783,0.6923,0.6084
S05482,1,0,1,71.93,37.72,17,2,0,0,42.7029,62.28,0.0017,0.3769,0.6054
S05483,3,1,1,66.36,23.13,25,5,0,0,50.9899,76.87,0.079,0.6923,0.5559
S05484,7,1,1,62.72,28.94,13,3,1,0,38.5691,76.06,0.1295,0.6154,0.6154
S05485,5,0,0,50.07,5.89,2,0,1,1,21.2144,99.11,0.3051,0.0,0.9222
S05486,2,1,0,58.97,31.68,9,1,0,0,30.8501,68.32,0.1815,0.2385,0.7057
S05487,2,0,0,100.0,54.77,41,4,0,0,72.0143,45.23,0.3879,0.1538,0.4904
S05488,7,0,1,66.76,37.52,18,0,0,0,37.382,62.48,0.0734,0.3,0.6441
S05489,7,1,1,83.84,47.52,28,4,0,0,57.8385,52.48,0.1636,0.6538,0.444
S05490,3,1,1,69.05,36.16,13,4,1,0,43.0242,68.84,0.0416,0.6538,0.5613
S05491,4,0,1,72.05,34.06,24,0,0,0,43.0573,65.94,0.0,0.3,0.6381
S05492,7,0,1,62.46,33.46,17,0,2,0,35.0687,76.54,0.1331,0.3,0.7084
S05493,2,1,1,92.18,55.1,33,4,0,0,64.1406,44.9,0.2794,0.6538,0.3917
S05494,2,0,0,77.6,55.17,21,4,1,0,51.1899,49.83,0.077,0.1538,0.5817
S05495,7,1,1,60.16,37.84,22,3,0,0,42.8841,62.16,0.165,0.6154,0.5447
S05496,2,1,0,66.09,41.56,16,5,2,0,45.5429,68.44,0.0827,0.3923,0.6163
S05497,7,0,0,88.14,56.57,28,0,0,0,51.8662,43.43,0.2233,0.0,0.5922
S05498,4,1,1,29.42,97.2080813057107,56,3,0,1,50.7576,2.7919,0.5917,0.6154,0.2797
S05499,8,1,1,76.66,48.87,24,1,0,0,46.8244,51.13,0.064,0.5385,0.506
S05500,1,1,1,80.06,50.65,28,2,0,0,52.4803,49.35,0.1112,0.5769,0.4695
S05501,8,0,0,60.75,14.29,14,3,1,1,38.3743,90.71,0.1568,0.1154,0.7997
S05502,2,0,1,74.32,46.88,22,2,0,0,46.625,53.12,0.0315,0.3769,0.5551
S05503,1,0,1,79.53,55.78,27,0,0,0,47.8289,44.22,0.1038,0.3,0.5345
S05504,6,1,0,53.53,35.7,20,4,0,0,40.9687,64.3,0.257,0.3538,0.6254
S05505,5,1,1,84.63,36.68,26,4,0,0,56.968,63.32,0.1746,0.6538,0.4904
S05506,7,1,1,76.46,30.65,17,5,0,0,50.2841,69.35,0.0612,0.6923,0.5283
S05507,1,1,1,69.71,30.93,22,0,1,0,40.9348,74.07,0.0325,0.5,0.628
S05508,1,0,1,73.57,46.63,28,0,0,0,46.0382,53.37,0.0211,0.3,0.5773
S05509,5,0,0,82.61,49.21,16,3,0,0,48.3048,50.79,0.1466,0.1154,0.6052
S05510,8,1,1,100.0,30.48,22,3,0,0,58.8201,69.52,0.3879,0.6154,0.5184
S05511,4,0,1,72.05,38.24,20,4,1,0,48.3767,66.76,0.0,0.4538,0.5843
S05512,7,1,1,84.16,45.97,25,1,0,0,50.4176,54.03,0.1681,0.5385,0.505
S05513,8,0,1,74.9,34.95,6,1,0,0,35.4424,65.05,0.0396,0.3385,0.6515
S05514,7,0,1,100.0,49.91,37,5,0,0,71.5645,50.09,0.3879,0.4923,0.4268
S05515,5,1,0,50.01,26.06,22,4,0,0,40.7472,73.94,0.3059,0.3538,0.6647
S05516,6,0,1,45.94,97.4880837784656,0,3,0,0,24.1452,2.5119,0.3624,0.4154,0.4217
S05517,5,0,1,74.3,97.43521723809177,14,0,0,1,38.0251,2.5648,0.0312,0.3,0.4022
S05518,6,1,0,81.9,47.61,24,3,0,0,52.7665,52.39,0.1367,0.3154,0.546
S05519,5,1,0,33.38,11.71,0,3,0,0,19.1212,88.29,0.5367,0.3154,0.8074
S05520,5,1,1,71.95,46.25,30,4,0,0,54.2689,53.75,0.0014,0.6538,0.4616
S05521,4,1,0,69.29,31.7,23,4,0,0,49.0524,68.3,0.0383,0.3538,0.6131
S05522,6,1,1,83.16,48.73,32,3,0,0,58.0163,51.27,0.1542,0.6154,0.4482
S05523,7,0,1,78.43,34.86,17,2,0,0,45.3029,65.14,0.0885,0.3769,0.6078
S05524,8,0,1,44.88,26.72,16,2,2,1,31.2897,83.28,0.3771,0.3769,0.7294
S05525,5,1,1,55.8,27.7,11,1,0,1,30.7685,72.3,0.2255,0.5385,0.6469
S05526,1,0,0,59.9,27.01,17,2,1,0,37.8909,77.99,0.1686,0.0769,0.7601
S05527,5,1,0,83.08,44.09,29,1,1,0,52.3585,60.91,0.1531,0.2385,0.6008
S05528,3,1,1,77.62,40.28,24,5,0,0,54.9007,59.72,0.0773,0.6923,0.4737
S05529,1,0,1,72.05,34.96,26,0,1,0,44.2437,70.04,0.0,0.3,0.6503
S05530,1,0,0,74.17,21.89,24,2,1,1,47.7514,83.11,0.0294,0.0769,0.7461
S05531,5,1,1,56.13,41.63,13,3,0,0,35.9331,58.37,0.221,0.6154,0.5539
S05532,8,0,1,100.0,95.2908433399516,39,0,0,0,63.1356,4.7092,0.3879,0.3,0.3229
S05533,5,0,1,80.62,54.77,34,1,0,0,54.3406,45.23,0.1189,0.3385,0.5061
S05534,4,1,1,83.79,29.73,27,4,1,0,57.2253,75.27,0.1629,0.6538,0.5373
S05535,1,0,1,92.65,59.17,41,2,0,0,65.2282,40.83,0.2859,0.3769,0.4408
S05536,6,0,1,87.24,45.84,26,2,0,0,54.1659,54.16,0.2108,0.3769,0.5328
S05537,1,1,1,72.05,23.89,22,3,0,0,47.6401,76.11,0.0,0.6154,0.5838
S05538,7,1,1,69.23,53.62,21,3,1,0,45.9189,51.38,0.0391,0.6154,0.491
S05539,7,0,1,91.32,63.94,28,0,0,0,53.1382,36.06,0.2675,0.3,0.4833
S05540,8,1,1,72.4,42.95,20,3,1,0,46.5936,62.05,0.0049,0.6154,0.5313
S05541,3,1,1,60.76,39.09,13,1,1,0,33.9389,65.91,0.1567,0.5385,0.6102
S05542,2,0,1,100.0,56.73,25,1,0,0,56.7536,43.27,0.3879,0.3385,0.4898
S05543,3,0,0,57.96,28.17,18,2,0,0,37.7081,71.83,0.1956,0.0769,0.7361
S05544,7,1,0,45.98,12.28,23,0,0,1,32.0361,87.72,0.3618,0.2,0.7888
S05545,2,0,1,86.89,41.08,34,6,1,0,66.464,63.92,0.206,0.5308,0.4904
S05546,8,1,1,61.03,29.86,22,6,2,0,49.0013,80.14,0.1529,0.7308,0.5664
S05547,2,1,1,78.53,69.5,22,2,0,0,48.309,30.5,0.0899,0.5769,0.4087
S05548,1,0,1,99.26,46.56,32,2,0,0,62.5332,53.44,0.3777,0.3769,0.5007
S05549,2,1,1,51.38,20.66,7,8,0,0,40.0892,79.34,0.2869,0.8077,0.5751
S05550,7,0,0,71.39,38.66,19,1,0,0,41.7503,61.34,0.0092,0.0385,0.6896
S05551,5,1,1,94.25,57.45,30,0,0,0,55.4966,42.55,0.3081,0.5,0.451
S05552,3,0,1,82.23,41.74,22,0,0,0,45.9428,58.26,0.1413,0.3,0.5972
S05553,6,1,1,69.3,36.52,26,4,0,0,50.836,63.48,0.0382,0.6538,0.5125
S05554,6,0,1,100.0,84.78,40,4,0,0,71.4211,15.22,0.3879,0.4538,0.2975
S05555,5,1,1,70.57,27.18,8,6,0,0,44.5122,72.82,0.0205,0.7308,0.5528
S05556,5,1,1,77.95,66.69,23,0,0,0,44.8241,33.31,0.0819,0.5,0.4514
S05557,1,0,1,96.74,38.63,8,1,0,0,45.3648,61.37,0.3427,0.3385,0.6021
S05558,3,0,1,86.71,48.97,27,0,1,0,50.7009,56.03,0.2035,0.3,0.5717
S05559,5,1,1,91.83,59.17,29,0,0,0,53.9354,40.83,0.2745,0.5,0.4495
S05560,2,1,1,58.51,35.69,32,5,1,0,52.0024,69.31,0.1879,0.6923,0.5222
S05561,4,0,0,90.42,43.26,41,4,1,0,68.1823,61.74,0.255,0.1538,0.5699
S05562,1,0,0,74.54,47.99,31,4,0,0,55.8981,52.01,0.0346,0.1538,0.5739
S05563,7,1,1,60.81,17.15,11,0,1,0,30.8494,87.85,0.156,0.5,0.7184
S05564,1,0,0,75.33,13.95,15,3,1,0,44.7995,91.05,0.0455,0.1154,0.7786
S05565,1,1,0,74.85,41.72,15,0,0,0,38.8383,58.28,0.0389,0.2,0.6472
S05566,6,0,1,100.0,51.5,45,1,0,0,68.618,48.5,0.3879,0.3385,0.4692
S05567,2,0,1,77.72,48.39,17,1,0,0,43.0958,51.61,0.0787,0.3385,0.571
S05568,3,1,1,60.29,34.02,15,6,1,0,44.5528,70.98,0.1632,0.7308,0.5453
S05569,3,0,1,56.83,34.89,10,2,1,0,32.5104,70.11,0.2112,0.3769,0.6724
S05570,2,1,0,71.29,47.79,12,0,0,0,35.6346,52.21,0.0105,0.2,0.6341
S05571,7,1,1,51.8,36.85,18,2,2,0,35.2441,73.15,0.2811,0.5769,0.625
S05572,6,0,1,61.27,45.16,20,0,1,0,36.3724,59.84,0.1496,0.3,0.6371
S05573,2,0,1,68.34,22.35,3,2,0,1,32.9618,77.65,0.0515,0.3769,0.701
S05574,6,0,0,65.67,42.35,10,0,0,0,32.2002,57.65,0.0885,0.0,0.7179
S05575,6,1,1,82.9,52.54,28,3,0,0,55.5394,47.46,0.1506,0.6154,0.4416
S05576,5,1,1,60.93,38.22,18,7,0,0,48.5115,61.78,0.1543,0.7692,0.485
S05577,5,1,1,34.95,27.24,6,5,2,0,27.1547,82.76,0.5149,0.6923,0.6629
S05578,8,0,1,46.71,38.42,18,0,0,0,29.362,61.58,0.3517,0.3,0.6686
S05579,4,0,1,71.73,37.31,11,3,0,0,40.9867,62.69,0.0044,0.4154,0.6035
S05580,4,0,1,72.05,13.8,14,0,0,0,37.1251,86.2,0.0,0.3,0.7399
S05581,5,1,1,53.45,45.14,20,2,0,0,37.0906,54.86,0.2582,0.5769,0.5454
S05582,7,0,1,100.0,48.52,27,2,0,0,59.8631,51.48,0.3879,0.3769,0.5022
S05583,6,0,1,84.43,51.66,29,2,0,0,54.8215,48.34,0.1718,0.3769,0.5073
S05584,1,0,1,71.12,41.72,22,3,2,0,47.2681,68.28,0.0129,0.4154,0.6038
S05585,4,0,1,75.5,17.65,17,0,0,1,40.2847,82.35,0.0479,0.3,0.7134
S05586,6,1,1,68.02,27.34,7,0,0,0,31.3605,72.66,0.0559,0.5,0.6559
S05587,2,1,1,72.05,23.03,0,1,1,0,30.7431,81.97,0.0,0.5385,0.6857
S05588,8,1,1,87.46,77.08,24,1,0,1,51.1444,22.92,0.2139,0.5385,0.378
S05589,7,0,1,84.77,58.51,31,0,0,0,52.2978,41.49,0.1765,0.3,0.5079
S05590,7,1,1,42.34,13.36,11,2,2,1,27.3076,96.64,0.4124,0.5769,0.7468
S05591,1,0,1,75.4,58.66,33,2,0,0,53.5824,41.34,0.0465,0.3769,0.4836
S05592,5,1,1,77.05,56.07,21,2,1,0,47.1238,48.93,0.0694,0.5769,0.4866
S05593,5,1,1,67.17,26.48,4,4,0,1,36.9332,73.52,0.0677,0.6538,0.6014
S05594,6,0,0,100.0,58.13,35,2,0,0,64.6089,41.87,0.3879,0.0769,0.5221
S05595,7,1,1,100.0,57.22,24,5,0,0,63.8527,42.78,0.3879,0.6923,0.3746
S05596,3,0,1,66.34,98.771554491979,21,6,1,1,50.5321,6.2284,0.0793,0.5308,0.3154
S05597,5,0,0,72.05,28.68,3,0,0,0,30.5997,71.32,0.0,0.0,0.7782
S05598,6,0,1,66.9,25.02,18,0,2,1,37.438,84.98,0.0715,0.3,0.7339
S05599,7,0,0,62.83,21.11,25,3,1,0,45.7317,83.89,0.128,0.1154,0.7466
S05600,7,1,1,58.19,24.7,22,4,2,0,44.0192,85.3,0.1924,0.6538,0.6237
S05601,3,1,1,72.05,37.88,23,0,0,0,42.4641,62.12,0.0,0.5,0.5749
S05602,8,1,0,100.0,54.63,32,1,0,0,60.9061,45.37,0.3879,0.2385,0.5087
S05603,1,1,1,95.25,58.72,27,0,0,0,54.1169,41.28,0.322,0.5,0.4507
S05604,4,1,0,72.05,36.91,24,7,0,0,56.5188,63.09,0.0,0.4692,0.5372
S05605,5,0,1,35.89,12.4,14,0,0,1,22.6611,87.6,0.5019,0.3,0.7961
S05606,1,0,1,44.03,41.095,6,1,2,1,23.0944,68.905,0.3889,0.3385,0.7102
S05607,4,0,1,87.96,38.81,23,0,0,0,48.8281,61.19,0.2208,0.3,0.5989
S05608,5,1,1,96.29,41.39,19,2,0,0,53.6333,58.61,0.3364,0.5769,0.5025
S05609,5,1,1,80.31,46.29,31,6,1,0,62.0523,58.71,0.1146,0.7308,0.435
S05610,1,1,0,67.42,33.68,18,5,0,0,47.2614,66.32,0.0643,0.3923,0.6018
S05611,3,0,1,92.28,35.49,20,0,0,0,48.7764,64.51,0.2808,0.3,0.6123
S05612,2,0,0,72.05,56.87,33,0,0,0,48.3963,43.13,0.0,0.0,0.6031
S05613,6,1,1,89.06,60.82,28,6,0,0,63.7726,39.18,0.2361,0.7308,0.3508
S05614,3,0,1,44.15,16.21,6,2,2,1,25.0655,93.79,0.3872,0.3769,0.7932
S05615,5,1,1,77.15,68.29,31,5,0,0,58.8652,31.71,0.0708,0.6923,0.3477
S05616,6,0,1,98.62,46.66,29,3,0,0,62.4206,53.34,0.3688,0.4154,0.491
S05617,7,0,1,79.91,38.08,12,0,0,0,39.0826,61.92,0.1091,0.3,0.6359
S05618,2,1,0,86.22,38.99,35,6,0,0,66.7892,61.01,0.1967,0.4308,0.5026
S05619,8,1,0,72.55,31.73,15,0,0,0,37.9183,68.27,0.0069,0.2,0.6904
S05620,2,1,1,73.59,71.28,47,4,0,0,65.0097,28.72,0.0214,0.6538,0.3239
S05621,1,0,1,93.04,97.04046769209997,26,3,0,0,58.409,2.9595,0.2913,0.4154,0.3036
S05622,1,0,1,61.95,26.28,2,0,0,0,25.9664,73.72,0.1402,0.3,0.729
S05623,2,1,1,60.49,31.85,32,6,0,0,54.7175,68.15,0.1604,0.7308,0.4984
S05624,7,1,1,64.83,21.44,19,2,1,0,41.0493,83.56,0.1002,0.5769,0.6463
S05625,2,0,1,72.35,53.31,24,2,1,0,47.0234,51.69,0.0042,0.3769,0.548
S05626,6,1,1,47.85,31.11,16,2,0,1,32.4777,68.89,0.3359,0.5769,0.6177
S05627,4,0,1,82.97,32.46,15,0,0,0,42.0863,67.54,0.1516,0.3,0.6479
S05628,1,0,0,69.54,20.79,4,1,0,0,32.112,79.21,0.0348,0.0385,0.7948
S05629,4,1,1,84.81,60.4,42,4,1,0,66.5316,44.6,0.1771,0.6538,0.3821
S05630,1,1,0,40.21,26.18,0,9,0,1,33.3917,73.82,0.4419,0.5462,0.6419
S05631,4,0,1,84.86,39.47,40,0,0,0,57.6728,60.53,0.1778,0.3,0.5653
S05632,5,0,1,92.05,52.82,33,2,0,0,60.2424,47.18,0.2776,0.3769,0.4836
S05633,5,1,1,78.58,46.8,26,4,0,0,54.548,53.2,0.0906,0.6538,0.4584
S05634,3,1,0,72.45,39.06,18,3,1,1,45.4272,65.94,0.0056,0.3154,0.6259
S05635,7,1,1,84.98,55.18,45,2,0,0,64.5331,44.82,0.1795,0.5769,0.4092
S05636,5,0,1,91.07,33.37,23,6,0,0,61.6105,66.63,0.264,0.5308,0.5182
S05637,3,1,1,79.84,42.13,19,2,0,0,47.0533,57.87,0.1081,0.5769,0.5226
S05638,4,1,1,80.96,55.74,31,4,0,0,58.4661,44.26,0.1237,0.6538,0.409
S05639,1,0,1,96.85,37.58,26,4,0,0,61.856,62.42,0.3442,0.4538,0.5197
S05640,8,0,1,83.42,44.02,22,8,1,0,61.8035,60.98,0.1578,0.6077,0.4757
S05641,7,1,0,60.0,36.72,17,4,0,0,41.7771,63.28,0.1672,0.3538,0.6185
S05642,3,1,0,91.0,42.26,34,2,0,0,60.4156,57.74,0.263,0.2769,0.5503
S05643,6,1,1,70.14,39.88,36,0,1,0,49.4119,65.12,0.0265,0.5,0.5625
S05644,6,1,1,72.5,39.88,39,8,0,0,67.5202,60.12,0.0062,0.8077,0.4022
S05645,5,1,0,73.6,33.83,8,3,0,0,39.955,66.17,0.0215,0.3154,0.646
S05646,1,0,1,86.53,41.58,36,0,0,0,55.9679,58.42,0.201,0.3,0.5628
S05647,8,0,0,98.23,34.35,22,3,0,0,58.1121,65.65,0.3634,0.1154,0.6304
S05648,8,1,1,72.37,40.8,15,5,0,0,47.4617,59.2,0.0044,0.6923,0.4976
S05649,8,0,1,97.97,63.22,27,0,0,0,55.2049,36.78,0.3598,0.3,0.4789
S05650,8,0,1,74.47,96.12794039388696,18,2,0,0,44.3121,3.8721,0.0336,0.3769,0.3662
S05651,8,1,1,93.03,28.11,21,5,0,0,59.285,71.89,0.2912,0.6923,0.507
S05652,6,0,1,74.98,20.24,4,1,0,0,34.288,79.76,0.0407,0.3385,0.7144
S05653,1,1,0,64.61,97.2462371200947,31,3,0,1,50.0031,2.7538,0.1033,0.3154,0.3572
S05654,4,0,1,100.0,61.3,39,2,0,0,66.9817,38.7,0.3879,0.3769,0.4261
S05655,2,0,1,63.18,26.94,19,1,2,0,38.4663,83.06,0.1231,0.3385,0.713
S05656,2,0,1,62.18,32.61,11,3,1,0,37.1667,72.39,0.137,0.4154,0.6556
S05657,7,1,1,53.16,24.96,25,3,0,0,41.8637,75.04,0.2622,0.6154,0.5998
S05658,7,1,1,91.01,61.99,28,8,0,0,68.3988,38.01,0.2632,0.8077,0.3107
S05659,5,0,1,94.55,35.48,26,1,0,0,55.1668,64.52,0.3123,0.3385,0.5804
S05660,6,0,1,77.6,34.17,11,0,2,0,37.5654,75.83,0.077,0.3,0.6968
S05661,2,0,1,57.24,27.43,21,4,0,0,43.0459,72.57,0.2056,0.4538,0.6262
S05662,2,1,1,71.9,39.87,19,3,1,0,45.8004,65.13,0.0021,0.6154,0.5464
S05663,7,1,1,67.46,24.37,22,5,1,1,49.6502,80.63,0.0637,0.6923,0.5757
S05664,4,1,1,56.54,32.74,18,7,1,0,46.7555,72.26,0.2153,0.7692,0.5331
S05665,5,0,0,64.67,32.29,24,1,0,0,42.0284,67.71,0.1024,0.0385,0.7141
S05666,4,1,0,79.59,46.76,26,9,2,0,64.5674,63.24,0.1046,0.5462,0.4904
S05667,2,0,0,62.92,27.32,16,4,2,0,42.3518,82.68,0.1267,0.1538,0.744
S05668,7,0,0,76.38,55.65,28,2,0,0,51.0083,44.35,0.0601,0.0769,0.5796
S05669,7,0,1,45.36,27.84,20,3,1,1,35.7776,77.16,0.3704,0.4154,0.6796
S05670,6,0,1,97.19,56.79,43,4,0,0,72.0768,43.21,0.3489,0.4538,0.4071
S05671,3,0,1,66.13,28.79,11,3,0,0,38.7467,71.21,0.0822,0.4154,0.6454
S05672,6,1,1,72.05,49.15,36,4,0,0,57.8682,50.85,0.0,0.6538,0.4374
S05673,8,0,0,74.83,41.1,10,3,0,0,41.6334,58.9,0.0386,0.1154,0.661
S05674,6,1,1,78.04,47.68,32,4,0,0,57.8914,52.32,0.0831,0.6538,0.4432
S05675,4,1,1,55.02,41.095,11,2,1,0,32.3796,63.905,0.2364,0.5769,0.5981
S05676,3,1,1,60.59,43.99,25,1,1,0,40.9896,61.01,0.1591,0.5385,0.566
S05677,5,0,0,60.93,60.21,30,2,1,0,46.0148,44.79,0.1543,0.0769,0.5989
S05678,3,1,1,72.38,34.16,24,2,0,0,47.0354,65.84,0.0046,0.5769,0.5545
S05679,5,0,1,91.89,53.57,29,4,0,0,61.6517,46.43,0.2754,0.4538,0.4565
S05680,1,0,1,72.05,35.31,24,3,0,0,48.8265,64.69,0.0,0.4154,0.584
S05681,2,0,1,58.49,35.49,14,1,0,0,33.6242,64.51,0.1882,0.3385,0.6557
S05682,7,1,1,73.31,58.26,32,2,1,0,52.1532,46.74,0.0175,0.5769,0.4602
S05683,4,1,1,70.79,24.95,21,2,0,0,44.6198,75.05,0.0175,0.5769,0.5998
S05684,4,1,1,66.74,99.49722898769927,3,4,0,0,36.168,0.5028,0.0737,0.6538,0.312
S05685,5,1,1,71.77,26.48,29,4,0,0,53.6037,73.52,0.0039,0.6538,0.543
S05686,4,0,1,83.46,44.01,33,2,0,0,56.8064,55.99,0.1584,0.3769,0.5309
S05687,7,1,0,61.2,33.02,22,4,0,0,45.2232,66.98,0.1506,0.3538,0.6212
S05688,2,1,1,66.81,39.78,14,7,0,0,48.4906,60.22,0.0727,0.7692,0.4789
S05689,7,0,1,86.73,32.9,18,2,1,0,49.2161,72.1,0.2037,0.3769,0.6219
S05690,2,1,1,79.03,28.84,22,2,1,0,48.509,76.16,0.0969,0.5769,0.5906
S05691,3,1,0,91.19,44.47,31,5,0,0,64.4812,55.53,0.2656,0.3923,0.4984
S05692,5,0,1,93.54,46.59,15,3,0,0,52.0835,53.41,0.2983,0.4154,0.5275
S05693,8,0,1,51.59,14.79,18,4,0,0,39.0063,85.21,0.284,0.4538,0.6909
S05694,2,0,0,76.32,67.02,25,1,3,0,47.2816,47.98,0.0593,0.0385,0.6168
S05695,5,1,1,64.38,33.63,30,8,0,0,58.9332,66.37,0.1065,0.8077,0.4573
S05696,1,0,1,54.02,23.71,22,1,2,1,36.5819,86.29,0.2502,0.3385,0.7325
S05697,1,0,1,60.16,16.7,12,3,0,0,36.9519,83.3,0.165,0.4154,0.7
S05698,7,1,1,67.49,35.49,7,3,0,0,36.9178,64.51,0.0633,0.6154,0.575
S05699,6,1,0,67.58,28.55,14,0,0,0,35.3371,71.45,0.062,0.2,0.7121
S05700,4,1,1,62.9,45.68,30,2,0,0,46.8028,54.32,0.127,0.5769,0.5092
S05701,5,1,0,71.8,96.25464608597424,25,5,0,0,53.1659,3.7454,0.0035,0.3923,0.3308
S05702,4,0,0,100.0,77.39,37,1,0,0,63.8722,22.61,0.3879,0.0385,0.4573
S05703,3,0,1,46.12,10.5,8,5,1,0,32.8091,94.5,0.3599,0.4923,0.7401
S05704,4,1,1,89.06,50.96,32,2,0,0,58.4532,49.04,0.2361,0.5769,0.4473
S05705,3,0,1,71.72,41.095,10,5,1,0,44.2356,63.905,0.0046,0.4923,0.5777
S05706,7,1,0,3.532500000000013,97.84707514326011,28,9,1,0,35.3309,7.1529,0.951,0.5462,0.3684
S05707,4,1,1,41.73,22.09,2,5,1,0,27.4938,82.91,0.4208,0.6923,0.6623
S05708,3,1,1,83.44,35.79,11,3,0,0,45.6707,64.21,0.1581,0.6154,0.5431
S05709,5,1,0,50.39,43.88,33,3,1,0,45.5015,61.12,0.3006,0.3154,0.6064
S05710,7,1,1,84.42,49.32,28,7,0,0,63.8397,50.68,0.1717,0.7692,0.387
S05711,3,1,0,98.12,54.94,33,6,0,0,70.3627,45.06,0.3618,0.4308,0.4263
S05712,8,0,1,52.76,34.71,1,5,3,0,31.3126,80.29,0.2677,0.4923,0.6885
S05713,4,0,1,89.53,45.37,34,2,2,0,59.8276,64.63,0.2426,0.3769,0.5549
S05714,6,0,1,72.38,52.01,30,1,0,0,48.6717,47.99,0.0046,0.3385,0.537
S05715,8,1,1,40.59,24.62,10,2,0,0,26.0144,75.38,0.4366,0.5769,0.6662
S05716,4,0,1,53.93,49.2,23,2,0,0,39.0622,50.8,0.2515,0.3769,0.5723
S05717,2,0,1,74.67,41.095,33,4,0,0,57.1366,58.905,0.0364,0.4538,0.5222
S05718,6,1,1,78.02,68.14,29,7,1,0,61.8729,36.86,0.0829,0.7692,0.3386
S05719,1,0,0,48.29,14.71,0,2,0,0,23.1622,85.29,0.3298,0.0769,0.8409
S05720,4,1,1,72.48,95.86253160434778,13,2,0,0,40.55,4.1375,0.006,0.5769,0.3304
S05721,8,0,1,84.35,47.56,40,1,0,0,59.3919,52.44,0.1707,0.3385,0.5173
S05722,4,0,1,86.98,57.08,28,6,0,0,62.9406,42.92,0.2072,0.5308,0.4187
S05723,6,0,1,65.81,31.41,21,2,0,0,42.6278,68.59,0.0866,0.3769,0.6309
S05724,5,0,1,78.58,67.0,18,1,1,0,44.033,38.0,0.0906,0.3385,0.5133
S05725,2,1,1,88.09,48.61,23,3,0,0,54.6493,51.39,0.2226,0.6154,0.4604
S05726,3,1,1,84.79,51.5,37,8,0,0,71.2498,48.5,0.1768,0.8077,0.3427
S05727,5,1,1,85.37,44.32,39,0,1,0,57.2836,60.68,0.1849,0.5,0.5172
S05728,1,1,1,73.7,23.84,29,4,1,0,54.3757,81.16,0.0229,0.6538,0.5709
S05729,4,1,0,70.58,44.46,26,2,0,0,47.5019,55.54,0.0204,0.2769,0.5867
S05730,4,1,1,76.08,34.12,29,6,0,0,59.1739,65.88,0.0559,0.7308,0.4737
S05731,7,0,0,60.54,40.43,18,5,1,0,44.5094,64.57,0.1598,0.1923,0.6544
S05732,1,0,1,88.68,18.09,22,2,0,0,52.369,81.91,0.2308,0.3769,0.6501
S05733,7,1,0,49.04,10.29,3,4,0,0,29.088,89.71,0.3194,0.3538,0.7686
S05734,4,1,0,64.44,41.48,30,5,1,0,53.188,63.52,0.1056,0.3923,0.5698
S05735,6,0,1,71.46,41.095,22,1,2,0,43.5579,68.905,0.0082,0.3385,0.6385
S05736,5,0,1,79.05,45.26,29,0,0,0,48.8234,54.74,0.0972,0.3,0.5731
S05737,3,0,1,81.86,48.39,28,0,1,0,49.3542,56.61,0.1362,0.3,0.5787
S05738,8,0,1,72.05,42.91,33,0,0,0,48.3963,57.09,0.0,0.3,0.584
S05739,2,1,1,73.17,42.07,26,0,0,0,44.6917,57.93,0.0155,0.5,0.5503
S05740,1,0,1,61.23,32.24,22,2,0,0,41.389,67.76,0.1502,0.3769,0.632
S05741,7,1,1,69.82,51.75,22,7,1,0,54.4404,53.25,0.031,0.7692,0.4302
S05742,5,1,0,67.21,21.36,30,1,1,0,46.6037,83.64,0.0672,0.2385,0.7118
S05743,8,0,1,79.8,48.65,19,0,1,0,43.1912,56.35,0.1076,0.3,0.5992
S05744,4,1,1,56.0,24.7,19,0,2,0,33.6712,85.3,0.2228,0.5,0.6984
S05745,1,1,1,69.37,96.75759539206824,12,1,0,0,36.7897,3.2424,0.0372,0.5385,0.3496
S05746,1,0,0,96.34,51.46,30,2,0,0,60.1788,48.54,0.3371,0.0769,0.5643
S05747,4,0,1,74.7,33.75,18,3,0,0,46.3272,66.25,0.0368,0.4154,0.599
S05748,2,1,1,56.21,20.02,17,0,1,0,32.5687,84.98,0.2198,0.5,0.7009
S05749,8,0,1,66.9,24.17,26,5,0,0,51.7991,75.83,0.0715,0.4923,0.5989
S05750,1,0,1,38.51,45.69,22,1,2,1,30.3779,64.31,0.4655,0.3385,0.6663
S05751,8,0,1,71.12,45.88,38,1,2,0,52.9134,64.12,0.0129,0.3385,0.5867
S05752,2,0,0,96.72,47.3,38,2,0,0,65.0765,52.7,0.3424,0.0769,0.5638
S05753,1,1,1,54.2,35.73,14,3,0,0,35.7543,64.27,0.2477,0.6154,0.5781
S05754,3,0,1,50.16,35.68,14,0,0,0,28.3691,64.32,0.3038,0.3,0.683
S05755,2,1,1,62.2,95.21738433458584,22,4,0,0,45.6232,4.7826,0.1367,0.6538,0.296
S05756,4,0,1,85.82,40.57,22,4,0,0,55.0712,59.43,0.1911,0.4538,0.5315
S05757,3,1,0,97.57,59.38,22,5,0,0,61.6942,40.62,0.3542,0.3923,0.4485
S05758,5,0,1,78.72,41.095,30,2,1,0,53.1308,63.905,0.0926,0.3769,0.5754
S05759,5,1,1,52.71,14.9,6,5,2,1,34.2587,95.1,0.2684,0.6923,0.6874
S05760,1,1,1,71.67,31.28,27,5,2,0,54.3003,78.72,0.0053,0.6923,0.5518
S05761,1,0,1,98.84,49.0,41,3,0,0,69.6273,51.0,0.3718,0.4154,0.4565
S05762,2,1,0,67.34,45.65,23,4,0,0,48.2724,54.35,0.0654,0.3538,0.56
S05763,2,0,1,74.11,26.71,5,0,0,0,32.6101,73.29,0.0286,0.3,0.704
S05764,1,1,0,75.61,41.095,9,0,0,0,35.583,58.905,0.0494,0.2,0.6611
S05765,3,1,1,48.81,31.55,19,7,2,0,44.2567,78.45,0.3226,0.7692,0.5666
S05766,5,0,0,86.97,40.13,8,2,0,0,43.3799,59.87,0.2071,0.0769,0.6684
S05767,3,0,0,84.81,52.36,32,4,0,0,60.5994,47.64,0.1771,0.1538,0.54
S05768,3,0,1,42.1,20.99,20,1,0,1,30.6275,79.01,0.4157,0.3385,0.7242
S05769,4,1,1,52.04,41.23,24,3,1,0,40.8225,63.77,0.2777,0.6154,0.5584
S05770,5,1,0,57.45,21.9,15,4,1,0,39.5706,83.1,0.2026,0.3538,0.7055
S05771,3,0,1,83.23,43.43,30,3,0,0,56.8578,56.57,0.1552,0.4154,0.5234
S05772,2,0,1,60.73,43.02,20,1,0,0,38.0795,56.98,0.1571,0.3385,0.61
S05773,4,0,0,78.02,51.29,13,3,0,1,44.6891,48.71,0.0829,0.1154,0.6096
S05774,1,1,0,69.27,61.95,27,4,2,0,51.4173,48.05,0.0386,0.3538,0.5238
S05775,4,0,1,73.07,98.64076608757108,55,2,1,0,65.7013,6.3592,0.0142,0.3769,0.3013
S05776,8,0,0,79.44,52.73,31,1,0,0,52.0889,47.27,0.1026,0.0385,0.5971
S05777,4,1,1,76.09,22.28,20,1,0,0,44.2235,77.72,0.0561,0.5385,0.6215
S05778,1,0,1,72.05,58.44,28,1,1,0,47.3532,46.56,0.0,0.3385,0.5359
S05779,6,1,1,76.91,46.59,35,5,0,0,61.1421,53.41,0.0675,0.6923,0.4266
S05780,2,0,0,75.25,53.67,22,0,0,0,43.1508,46.33,0.0444,0.0,0.6343
S05781,2,0,1,68.85,98.51879037808727,30,0,1,0,45.3366,6.4812,0.0444,0.3,0.3922
S05782,2,1,1,72.05,34.45,7,7,1,0,46.4341,70.55,0.0,0.7692,0.5274
S05783,8,0,0,100.0,51.68,36,3,0,0,67.1252,48.32,0.3879,0.1154,0.5295
S05784,8,0,1,65.36,31.28,25,0,0,1,40.9745,68.72,0.0929,0.3,0.6565
S05785,5,1,1,72.05,65.15,38,5,0,0,60.9778,34.85,0.0,0.6923,0.3529
S05786,5,1,1,61.72,31.06,23,2,1,0,42.1782,73.94,0.1434,0.5769,0.6039
S05787,6,1,1,84.15,46.18,39,6,0,0,68.3341,53.82,0.1679,0.7308,0.3934
S05788,5,0,1,98.76,46.92,17,0,0,0,49.5887,53.08,0.3707,0.3,0.5638
S05789,5,0,0,66.94,37.93,25,2,0,0,45.4527,62.07,0.0709,0.0769,0.67
S05790,8,0,1,61.99,32.07,23,3,2,0,44.2093,77.93,0.1396,0.4154,0.6531
S05791,6,1,1,65.56,38.28,27,6,0,0,53.7794,61.72,0.0901,0.7308,0.476
S05792,1,1,1,71.71,48.92,35,1,1,0,51.3698,56.08,0.0047,0.5385,0.5099
S05793,4,0,0,76.83,29.14,17,7,0,0,54.2783,70.86,0.0663,0.2692,0.6262
S05794,8,1,1,71.4,33.91,34,0,0,0,48.7295,66.09,0.009,0.5,0.5688
S05795,4,0,1,65.7,45.47,27,3,0,0,48.0662,54.53,0.0881,0.4154,0.546
S05796,2,1,1,100.0,41.095,31,2,0,0,62.236,58.905,0.3879,0.5769,0.4736
S05797,7,0,1,68.99,99.62708778975016,14,0,1,0,35.9011,5.3729,0.0425,0.3,0.4208
S05798,5,0,1,62.7,29.98,21,4,0,0,45.2299,70.02,0.1298,0.4538,0.6083
S05799,5,1,1,84.46,96.22821869252542,55,4,0,0,74.1034,3.7718,0.1722,0.6538,0.1923
S05800,4,1,1,84.7,37.11,30,4,0,0,59.3689,62.89,0.1756,0.6538,0.4803
S05801,1,0,1,93.19,38.43,25,3,0,0,57.8757,61.57,0.2934,0.4154,0.5399
S05802,4,0,0,100.0,50.83,37,2,0,0,65.7953,49.17,0.3879,0.0769,0.5472
S05803,4,1,0,77.19,16.9,21,3,1,0,49.1029,88.1,0.0713,0.3154,0.7017
S05804,8,0,1,67.68,62.41,31,3,2,0,51.2311,47.59,0.0607,0.4154,0.5072
S05805,3,1,1,43.47,41.095,22,5,3,0,40.0542,73.905,0.3967,0.6923,0.5824
S05806,2,1,0,57.93,38.88,11,6,1,0,41.2359,66.12,0.196,0.4308,0.6125
S05807,4,0,1,75.13,44.92,24,3,0,0,50.0585,55.08,0.0427,0.4154,0.5413
S05808,8,0,0,54.29,37.5,24,3,1,1,41.7225,67.5,0.2465,0.1154,0.6951
S05809,4,0,1,48.22,43.91,16,3,2,0,34.5488,66.09,0.3307,0.4154,0.6396
S05810,4,1,1,72.99,39.74,12,3,0,0,42.0839,60.26,0.013,0.6154,0.5399
S05811,6,0,1,72.05,49.92,34,0,0,0,48.9895,50.08,0.0,0.3,0.5539
S05812,6,1,0,68.3,50.19,16,6,1,0,48.35,54.81,0.052,0.4308,0.5423
S05813,3,0,1,85.45,27.19,29,5,0,0,60.9988,72.81,0.186,0.4923,0.5547
S05814,8,1,1,81.25,54.28,18,2,1,0,47.0241,50.72,0.1277,0.5769,0.4941
S05815,5,0,1,89.24,54.16,35,2,0,0,60.3049,45.84,0.2386,0.3769,0.4781
S05816,1,0,0,100.0,41.095,29,4,0,0,64.8957,58.905,0.3879,0.1538,0.57
S05817,4,1,0,100.0,57.55,40,8,0,0,79.1134,42.45,0.3879,0.5077,0.366
S05818,8,1,0,82.98,49.25,25,1,0,0,49.9456,50.75,0.1517,0.2385,0.5686
S05819,4,0,1,65.1,29.08,22,0,0,0,39.0908,70.92,0.0965,0.3,0.6719
S05820,5,0,0,72.93,32.56,26,3,0,0,50.365,67.44,0.0122,0.1154,0.6646
S05821,5,1,1,95.6,50.0,22,4,0,0,58.9832,50.0,0.3269,0.6538,0.4301
S05822,6,0,1,58.6,41.095,32,0,1,0,42.4231,63.905,0.1867,0.3,0.6321
S05823,7,0,1,93.71,52.25,32,2,0,0,60.3132,47.75,0.3006,0.3769,0.4857
S05824,2,0,1,69.45,41.11,17,3,0,0,43.634,58.89,0.0361,0.4154,0.579
S05825,5,0,1,75.41,96.77349177808608,20,0,0,0,42.0284,3.2265,0.0466,0.3,0.3908
S05826,5,1,1,72.05,39.59,18,0,0,0,39.498,60.41,0.0,0.5,0.5784
S05827,2,1,0,52.14,38.07,23,2,0,0,38.3462,61.93,0.2763,0.2769,0.6443
S05828,6,0,0,67.82,40.33,14,1,0,0,37.3562,59.67,0.0587,0.0385,0.6983
S05829,1,1,1,91.55,53.02,27,7,0,0,66.0985,46.98,0.2706,0.7692,0.3643
S05830,4,0,0,61.47,41.095,18,0,0,1,35.266,58.905,0.1468,0.0,0.7122
S05831,3,1,1,96.19,52.79,43,4,0,0,71.6768,47.21,0.335,0.6538,0.3745
S05832,2,0,1,63.41,36.15,27,1,0,0,43.304,63.85,0.1199,0.3385,0.6192
S05833,7,0,1,55.98,45.12,29,4,2,0,47.2877,64.88,0.223,0.4538,0.5806
S05834,2,1,1,75.8,37.49,24,0,0,0,44.5573,62.51,0.052,0.5,0.5691
S05835,3,0,1,82.19,61.66,22,2,0,0,49.773,38.34,0.1407,0.3769,0.4849
S05836,7,0,1,74.82,61.26,34,4,1,0,57.7898,43.74,0.0384,0.4538,0.4592
S05837,8,0,0,74.26,66.18,29,2,0,0,50.7535,33.82,0.0307,0.0769,0.5384
S05838,1,1,1,96.04,63.24,37,2,0,0,64.2113,36.76,0.333,0.5769,0.3781
S05839,3,0,0,73.42,31.72,18,0,0,0,40.046,68.28,0.019,0.0,0.733
S05840,6,1,0,64.94,47.39,35,4,0,0,54.431,52.61,0.0987,0.3538,0.5315
S05841,7,1,1,55.01,37.31,14,1,0,0,32.2322,62.69,0.2365,0.5385,0.6033
S05842,8,1,1,91.1,38.44,34,1,0,0,58.5326,61.56,0.2644,0.5385,0.5068
S05843,5,0,1,65.61,51.2,26,0,0,0,41.6677,48.8,0.0894,0.3,0.5744
S05844,1,1,1,67.08,26.77,10,3,1,0,38.5334,78.23,0.069,0.6154,0.6242
S05845,7,0,1,87.78,51.15,28,4,0,0,59.4145,48.85,0.2183,0.4538,0.474
S05846,2,1,1,100.0,46.72,34,4,0,0,67.8618,53.28,0.3879,0.6538,0.4122
S05847,1,1,1,75.77,52.49,22,1,1,0,45.2819,52.51,0.0516,0.5385,0.5169
S05848,6,0,1,69.95,19.92,21,1,0,0,42.3607,80.08,0.0291,0.3385,0.6874
S05849,5,1,1,71.92,45.16,34,0,0,0,48.9375,54.84,0.0018,0.5,0.5231
S05850,1,0,1,65.17,27.58,13,0,2,0,33.7799,82.42,0.0955,0.3,0.7365
S05851,2,0,1,66.66,39.52,10,4,1,0,40.2885,65.48,0.0748,0.4538,0.6075
S05852,5,0,0,66.74,30.45,16,2,1,0,40.0337,74.55,0.0737,0.0769,0.7389
S05853,3,1,1,85.66,63.23,33,2,0,0,57.6864,36.77,0.1889,0.5769,0.401
S05854,6,1,1,70.68,39.88,29,1,0,0,47.3985,60.12,0.019,0.5385,0.54
S05855,4,1,1,92.39,60.54,35,1,0,0,59.6418,39.46,0.2823,0.5385,0.4145
S05856,5,0,1,70.26,97.4097419851249,29,0,0,0,45.3074,2.5903,0.0248,0.3,0.3768
S05857,4,1,1,66.49,41.47,22,2,0,0,43.493,58.53,0.0772,0.5769,0.5377
S05858,3,1,1,91.17,54.38,25,5,0,0,60.9139,45.62,0.2654,0.6923,0.3962
S05859,3,1,1,72.32,20.54,15,1,0,0,39.7494,79.46,0.0037,0.5385,0.6441
S05860,6,0,1,70.1,28.3,12,0,1,0,35.1586,76.7,0.0271,0.3,0.7087
S05861,5,0,1,72.5,34.52,22,2,0,0,45.897,65.48,0.0062,0.3769,0.6071
S05862,5,1,0,94.0,99.83195129323768,37,4,0,0,67.2415,0.168,0.3046,0.3538,0.2769
S05863,5,0,1,76.59,55.41,26,0,1,0,46.0597,49.59,0.063,0.3,0.5622
S05864,2,0,1,90.74,53.58,29,1,0,0,55.4225,46.42,0.2594,0.3385,0.5071
S05865,8,0,1,68.48,30.86,13,2,1,1,38.95,74.14,0.0495,0.3769,0.666
S05866,5,0,1,3.532500000000013,99.01170712101444,49,3,0,0,36.25,0.9883,0.951,0.4154,0.3732
S05867,6,0,1,75.57,41.77,17,1,1,0,42.2358,63.23,0.0489,0.3385,0.6205
S05868,8,0,1,85.24,47.26,28,0,1,0,50.7062,57.74,0.1831,0.3,0.5785
S05869,8,1,1,86.5,45.97,36,2,0,0,59.8021,54.03,0.2006,0.5769,0.4626
S05870,6,1,0,57.88,20.58,18,8,0,0,49.2146,79.42,0.1967,0.5077,0.6185
S05871,7,0,1,73.08,27.14,16,1,0,0,40.6466,72.86,0.0143,0.3385,0.6646
S05872,4,0,1,86.36,40.06,34,3,1,0,60.4827,64.94,0.1986,0.4154,0.5442
S05873,6,1,1,88.75,46.2,18,4,0,0,53.8703,53.8,0.2318,0.6538,0.4632
S05874,3,0,1,90.8,51.47,43,6,0,0,73.3669,48.53,0.2602,0.5308,0.4046
S05875,6,1,1,73.57,48.25,25,4,0,0,51.9508,51.75,0.0211,0.6538,0.4617
S05876,1,1,1,95.1,30.32,29,6,1,0,66.7819,74.68,0.3199,0.7308,0.4823
S05877,8,0,0,62.14,20.78,8,4,1,0,37.2941,84.22,0.1375,0.1538,0.7679
S05878,2,0,0,49.58,20.56,5,5,1,0,32.4135,84.44,0.3119,0.1923,0.7762
S05879,6,0,1,67.84,39.34,21,5,0,0,49.209,60.66,0.0584,0.4923,0.5473
S05880,1,1,1,89.94,58.75,44,7,0,0,75.5392,41.25,0.2483,0.7692,0.3083
S05881,2,0,1,55.71,41.05,18,0,2,0,32.962,68.95,0.2268,0.3,0.6854
S05882,8,1,1,49.95,43.34,17,1,0,0,31.9878,56.66,0.3067,0.5385,0.5801
S05883,7,1,0,46.19,31.06,16,7,1,1,41.4291,73.94,0.3589,0.4692,0.6335
S05884,2,1,1,83.04,56.95,45,6,1,0,71.4494,48.05,0.1525,0.7308,0.3594
S05885,2,1,1,50.29,30.98,11,9,0,0,43.9491,69.02,0.302,0.8462,0.5107
S05886,7,0,1,80.24,50.08,38,3,0,0,60.4076,49.92,0.1137,0.4154,0.4844
S05887,8,0,1,67.08,47.32,22,6,0,0,51.4213,52.68,0.069,0.5308,0.498
S05888,2,1,1,60.44,30.25,13,6,0,1,43.4263,69.75,0.1611,0.7308,0.5443
S05889,6,0,1,57.02,28.89,16,0,0,0,32.2995,71.11,0.2086,0.3,0.6964
S05890,3,0,1,75.09,46.5,23,8,1,0,59.0647,58.5,0.0422,0.6077,0.4753
S05891,6,0,1,60.69,29.1,22,0,0,1,37.3268,70.9,0.1577,0.3,0.678
S05892,4,0,1,71.93,46.14,4,5,0,0,40.7603,53.86,0.0017,0.4923,0.5497
S05893,2,1,1,72.05,29.15,26,6,2,0,55.7822,80.85,0.0,0.7308,0.5455
S05894,3,0,0,81.19,32.64,21,2,1,0,48.7798,72.36,0.1269,0.0769,0.6995
S05895,5,1,1,86.01,56.38,22,2,0,0,51.301,43.62,0.1938,0.5769,0.4507
S05896,7,1,1,74.47,52.6,13,3,0,0,43.2691,47.4,0.0336,0.6154,0.4843
S05897,1,0,1,56.25,97.89121376751326,14,2,2,0,34.6512,12.1088,0.2193,0.3769,0.4329
S05898,8,1,1,78.99,36.72,21,10,1,0,63.2844,68.28,0.0963,0.8846,0.4305
S05899,6,0,1,81.84,43.41,23,0,0,0,46.3801,56.59,0.1359,0.3,0.589
S05900,8,0,1,69.28,34.94,8,0,1,0,32.4578,70.06,0.0384,0.3,0.6916
S05901,8,0,1,67.68,42.59,22,2,1,0,43.969,62.41,0.0607,0.3769,0.6015
S05902,2,0,1,100.0,63.74,26,3,0,0,61.193,36.26,0.3879,0.4154,0.427
S05903,1,0,1,52.6,26.57,2,2,1,0,26.0726,78.43,0.27,0.3769,0.7282
S05904,7,0,1,79.41,68.21,21,2,1,0,48.0678,36.79,0.1022,0.3769,0.4847
S05905,2,0,1,87.69,57.34,22,2,0,0,51.973,42.66,0.2171,0.3769,0.4945
S05906,2,0,1,66.88,98.4105690148426,21,0,1,0,39.2096,6.5894,0.0718,0.3,0.4141
S05907,4,1,0,69.47,27.62,17,2,0,0,41.7189,72.38,0.0358,0.2769,0.6743
S05908,8,0,0,65.98,40.08,9,5,0,0,41.3464,59.92,0.0842,0.1923,0.6469
S05909,7,1,1,72.0,47.92,15,3,0,0,43.4675,52.08,0.0007,0.6154,0.5023
S05910,5,1,1,85.49,50.27,13,1,0,0,43.8309,49.73,0.1865,0.5385,0.5109
S05911,2,1,1,69.03,25.86,30,5,0,0,55.024,74.14,0.0419,0.6923,0.5309
S05912,3,1,1,100.0,54.09,43,5,0,0,75.1239,45.91,0.3879,0.6923,0.3476
S05913,6,1,1,65.21,34.29,31,2,0,1,48.32,65.71,0.0949,0.5769,0.5495
S05914,2,1,0,92.66,48.13,25,5,0,0,61.5099,51.87,0.2861,0.3923,0.4941
S05915,5,1,1,80.16,47.37,36,5,0,0,63.0353,52.63,0.1126,0.6923,0.4168
S05916,1,1,1,73.63,73.75,26,8,0,0,60.2603,26.25,0.0219,0.8077,0.2922
S05917,3,0,0,94.06,45.05,24,0,0,0,51.8613,54.95,0.3055,0.0,0.6383
S05918,2,1,1,48.0,24.55,9,6,0,0,36.0774,75.45,0.3338,0.7308,0.5928
S05919,6,1,1,78.38,49.56,23,4,1,0,52.6884,55.44,0.0879,0.6538,0.4739
S05920,8,0,1,61.25,41.095,19,0,0,0,35.7712,58.905,0.1499,0.3,0.6354
S05921,2,0,1,65.46,57.45,23,2,0,0,43.6742,42.55,0.0915,0.3769,0.5231
S05922,7,1,1,64.75,41.51,20,2,0,0,41.6106,58.49,0.1013,0.5769,0.5441
S05923,6,1,1,57.54,27.93,14,2,0,0,35.1672,72.07,0.2014,0.5769,0.621
S05924,8,0,1,47.21,28.44,24,3,1,1,38.8905,76.56,0.3448,0.4154,0.6663
S05925,8,0,1,77.83,53.27,24,2,0,0,49.2154,46.73,0.0802,0.3769,0.5204
S05926,1,0,0,71.01,52.69,21,2,0,0,44.7078,47.31,0.0144,0.0769,0.6135
S05927,6,1,1,67.49,43.01,19,3,1,0,44.0364,61.99,0.0633,0.6154,0.54
S05928,5,1,1,83.39,41.79,26,7,0,0,62.2413,58.21,0.1574,0.7692,0.4227
S05929,1,1,1,78.78,33.33,22,0,0,0,44.5628,66.67,0.0934,0.5,0.5857
S05930,3,0,1,68.0,40.42,13,1,0,0,36.8349,59.58,0.0562,0.3385,0.6248
S05931,8,0,0,100.0,82.82,52,0,0,0,70.8475,17.18,0.3879,0.0,0.4208
S05932,5,1,0,87.27,50.82,15,3,0,0,49.5755,49.18,0.2112,0.3154,0.5444
S05933,3,1,0,100.0,54.74,22,6,0,0,64.5893,45.26,0.3879,0.4308,0.4473
S05934,3,0,0,65.78,36.76,23,4,0,0,47.6484,63.24,0.087,0.1538,0.6477
S05935,7,0,1,75.75,26.85,32,2,0,0,53.1292,73.15,0.0514,0.3769,0.6124
S05936,3,0,1,53.43,42.9,19,3,0,0,38.4124,57.1,0.2584,0.4154,0.5901
S05937,2,1,1,67.04,33.78,36,7,0,0,61.6335,66.22,0.0695,0.7692,0.4569
S05938,5,1,0,63.24,47.68,21,6,1,0,49.2921,57.32,0.1223,0.4308,0.5491
S05939,8,0,1,100.0,63.21,43,4,0,0,73.2008,36.79,0.3879,0.4538,0.3775
S05940,2,1,1,61.61,59.52,27,4,2,0,48.3533,50.48,0.1449,0.6538,0.4692
S05941,3,1,0,68.49,55.13,33,3,0,0,52.7415,44.87,0.0494,0.3154,0.516
S05942,4,1,1,72.05,31.85,15,2,2,1,41.5645,78.15,0.0,0.5769,0.6229
S05943,2,0,0,80.01,46.83,28,1,0,0,50.5372,53.17,0.1105,0.0385,0.6262
S05944,6,0,1,58.5,25.31,15,3,1,0,38.0675,79.69,0.1881,0.4154,0.6817
S05945,3,1,0,85.78,50.17,29,5,0,0,61.1308,49.83,0.1906,0.3923,0.4873
S05946,2,1,1,45.18,24.51,14,3,1,1,32.1463,80.49,0.3729,0.6154,0.6556
S05947,3,1,1,70.18,16.4,5,1,0,0,32.9612,83.6,0.026,0.5385,0.6844
S05948,8,1,1,44.31,36.65,11,1,0,0,26.1725,63.35,0.385,0.5385,0.6272
S05949,8,0,1,64.64,37.15,27,3,0,0,47.6422,62.85,0.1028,0.4154,0.5808
S05950,5,0,1,67.69,29.6,10,3,0,0,38.7774,70.4,0.0605,0.4154,0.642
S05951,4,0,0,63.01,13.21,11,3,0,0,37.4987,86.79,0.1255,0.1154,0.7871
S05952,7,1,0,64.5,36.62,29,1,0,1,44.9265,63.38,0.1048,0.2385,0.6367
S05953,2,0,0,86.57,61.51,38,2,1,0,61.0165,43.49,0.2015,0.0769,0.5412
S05954,6,1,1,100.0,46.83,22,5,0,0,62.6662,53.17,0.3879,0.6923,0.4203
S05955,6,1,1,77.09,34.34,26,2,1,0,50.1059,70.66,0.07,0.5769,0.563
S05956,6,1,0,59.1,30.0,17,2,0,0,37.5709,70.0,0.1797,0.2769,0.6793
S05957,2,1,1,72.96,46.75,32,5,1,0,57.7824,58.25,0.0126,0.6923,0.4577
S05958,6,1,1,66.69,45.16,16,5,0,0,45.7829,54.84,0.0744,0.6923,0.486
S05959,5,0,1,85.34,59.1,24,2,0,0,52.2194,40.9,0.1845,0.3769,0.4866
S05960,8,1,0,76.32,47.59,35,5,0,0,60.9061,52.41,0.0593,0.3923,0.4984
S05961,2,0,1,48.33,9.51,6,2,1,1,26.7375,95.49,0.3292,0.3769,0.7942
S05962,5,0,1,88.47,41.93,22,6,0,0,59.9773,58.07,0.2279,0.5308,0.4897
S05963,7,1,1,86.5,41.095,22,3,0,0,53.4201,58.905,0.2006,0.6154,0.4948
S05964,3,1,1,94.43,48.23,43,2,0,0,67.1266,51.77,0.3106,0.5769,0.4279
S05965,6,0,1,64.25,99.6167702702622,10,1,1,0,33.5553,5.3832,0.1083,0.3385,0.4195
S05966,1,0,1,76.51,63.21,22,3,0,0,49.4241,36.79,0.0619,0.4154,0.4703
S05967,6,0,1,54.23,41.84,21,2,1,0,37.9958,63.16,0.2473,0.3769,0.6254
S05968,5,1,1,71.23,46.26,28,4,0,0,52.7945,53.74,0.0114,0.6538,0.4667
S05969,2,1,1,77.95,57.82,26,7,1,0,60.0653,47.18,0.0819,0.7692,0.3862
S05970,1,0,1,62.46,38.37,18,3,1,0,41.4312,66.63,0.1331,0.4154,0.6177
S05971,6,1,0,77.14,39.67,22,3,0,1,49.6761,60.33,0.0706,0.3154,0.5886
S05972,2,1,1,74.52,99.3440333089508,11,8,0,0,51.718,0.656,0.0343,0.8077,0.2197
S05973,4,1,1,65.25,25.98,21,4,0,0,46.2499,74.02,0.0944,0.6538,0.5708
S05974,1,0,1,92.96,45.4,42,5,0,0,71.7146,54.6,0.2902,0.4923,0.4443
S05975,8,1,0,68.48,31.63,11,6,0,0,45.4559,68.37,0.0495,0.4308,0.6067
S05976,5,0,0,73.99,31.12,17,1,0,0,41.6038,68.88,0.0269,0.0385,0.7203
S05977,8,0,1,50.0,18.38,11,0,1,1,26.5254,86.62,0.306,0.3,0.7786
S05978,2,0,1,79.79,32.89,23,2,0,0,49.4062,67.11,0.1074,0.3769,0.6013
S05979,2,0,1,64.85,40.73,35,1,0,0,48.6258,59.27,0.0999,0.3385,0.5823
S05980,5,1,0,86.36,37.42,22,6,0,0,59.1333,62.58,0.1986,0.4308,0.5357
S05981,5,0,0,52.33,24.25,6,2,1,0,28.3375,80.75,0.2737,0.0769,0.8046
S05982,7,0,1,78.46,40.23,31,5,0,0,59.3892,59.77,0.089,0.4923,0.5081
S05983,8,0,0,39.27,11.22,5,4,0,1,26.3664,88.78,0.455,0.1538,0.8244
S05984,7,0,1,81.24,46.46,32,3,0,0,57.2483,53.54,0.1276,0.4154,0.5099
S05985,2,1,1,69.38,21.27,20,4,1,0,47.3087,83.73,0.0371,0.6538,0.6059
S05986,3,0,1,77.99,36.38,28,2,0,0,51.6523,63.62,0.0824,0.3769,0.5795
S05987,8,0,1,63.0,41.06,7,4,0,0,37.0449,58.94,0.1256,0.4538,0.5927
S05988,5,1,1,57.76,40.42,21,5,0,0,45.177,59.58,0.1983,0.6923,0.5071
S05989,7,0,1,72.05,37.32,22,0,2,0,41.8708,72.68,0.0,0.3,0.6692
S05990,5,1,1,74.88,25.35,21,1,2,0,44.3327,84.65,0.0393,0.5385,0.6488
S05991,1,1,1,80.65,29.81,16,5,0,0,51.3669,70.19,0.1194,0.6923,0.5279
S05992,4,1,0,76.56,41.09,26,5,0,0,55.6631,58.91,0.0626,0.3923,0.5427
S05993,7,1,1,57.95,38.57,23,1,1,0,38.7471,66.43,0.1957,0.5385,0.5955
S05994,6,0,0,99.57,47.58,28,5,0,0,66.0536,52.42,0.382,0.1923,0.5304
S05995,2,1,1,76.99,46.41,20,6,0,0,54.1989,53.59,0.0686,0.7308,0.442
S05996,2,1,1,72.05,35.96,25,6,0,0,55.189,64.04,0.0,0.7308,0.4803
S05997,7,0,0,78.36,59.03,38,1,1,0,55.8094,45.97,0.0876,0.0385,0.5789
S05998,8,1,0,75.84,50.07,31,2,0,0,52.572,49.93,0.0526,0.2769,0.5465
S05999,7,0,0,69.37,48.09,23,4,0,0,49.0844,51.91,0.0372,0.1538,0.5974
S06000,1,1,1,67.61,36.66,19,8,0,0,53.6998,63.34,0.0616,0.8077,0.4635
S06001,5,1,1,86.77,43.47,22,5,0,0,57.3742,56.53,0.2043,0.6923,0.4522
S06002,7,0,1,97.92,58.18,21,0,0,0,51.6256,41.82,0.3591,0.3,0.5116
S06003,6,1,1,41.46,23.17,10,6,1,0,34.0547,81.83,0.4246,0.7308,0.6254
S06004,5,1,0,90.46,57.08,38,7,0,0,72.1879,42.92,0.2555,0.4692,0.4017
S06005,4,1,1,72.3,45.16,23,0,1,0,42.5641,59.84,0.0035,0.5,0.5654
S06006,2,0,1,75.55,51.34,19,4,0,0,49.1835,48.66,0.0486,0.4538,0.509
S06007,3,1,1,92.27,53.14,24,0,0,0,51.1453,46.86,0.2806,0.5,0.4834
S06008,6,1,0,32.18,27.44,8,0,2,1,17.6178,82.56,0.5534,0.2,0.8186
S06009,1,0,1,84.22,19.09,17,1,0,0,45.6958,80.91,0.1689,0.3385,0.6791
S06010,1,1,1,91.24,52.63,22,0,1,0,49.5468,52.37,0.2663,0.5,0.5111
S06011,4,1,1,61.67,54.39,31,2,0,0,46.904,45.61,0.1441,0.5769,0.4741
S06012,7,1,0,51.09,34.54,7,6,0,0,36.127,65.46,0.2909,0.4308,0.6277
S06013,6,1,0,96.6,41.27,25,5,0,0,63.0859,58.73,0.3407,0.3923,0.516
S06014,5,0,1,45.65,19.2,15,3,1,0,32.9275,85.8,0.3664,0.4154,0.7241
S06015,5,1,0,78.28,59.2,21,2,0,0,47.6158,40.8,0.0865,0.2769,0.5273
S06016,1,1,1,87.35,73.55,29,2,0,0,55.9895,26.45,0.2124,0.5769,0.3656
S06017,3,0,1,77.95,51.6,22,2,0,0,48.077,48.4,0.0819,0.3769,0.5311
S06018,1,0,0,80.47,74.06,13,4,1,0,47.5922,30.94,0.1169,0.1538,0.5187
S06019,7,0,1,68.02,38.7,27,3,0,0,48.9942,61.3,0.0559,0.4154,0.5699
S06020,7,1,1,78.94,99.56120627218203,20,5,0,0,53.0558,0.4388,0.0956,0.6923,0.243
S06021,3,0,1,61.37,23.69,16,0,1,1,34.0395,81.31,0.1482,0.3,0.7311
S06022,3,1,0,63.32,47.76,35,1,0,0,48.0138,52.24,0.1212,0.2385,0.5813
S06023,3,1,1,72.53,22.33,11,1,1,0,37.4605,82.67,0.0067,0.5385,0.6649
S06024,8,1,1,48.9,35.5,19,4,1,0,38.5235,69.5,0.3213,0.6538,0.5797
S06025,4,0,1,80.66,43.75,35,5,0,0,62.6421,56.25,0.1195,0.4923,0.4827
S06026,7,1,1,34.79,6.53,4,4,1,1,23.9812,98.47,0.5171,0.6538,0.7465
S06027,4,0,1,77.44,55.51,19,2,1,0,46.0933,49.49,0.0748,0.3769,0.5424
S06028,6,1,1,78.85,48.38,22,5,0,0,54.2062,51.62,0.0944,0.6923,0.4437
S06029,5,0,0,60.08,22.73,13,4,1,1,39.4362,82.27,0.1661,0.1538,0.7526
S06030,3,1,1,53.49,22.85,16,3,2,0,36.6568,87.15,0.2576,0.6154,0.6665
S06031,8,0,0,65.88,24.7,27,0,1,0,42.3689,80.3,0.0856,0.0,0.7729
S06032,6,0,0,81.6,37.84,23,1,0,0,48.2071,62.16,0.1325,0.0385,0.6703
S06033,7,1,1,77.19,40.11,32,6,0,0,61.3975,59.89,0.0713,0.7308,0.442
S06034,8,0,1,55.33,40.13,28,2,0,0,42.5883,59.87,0.2321,0.3769,0.5962
S06035,2,1,1,73.59,44.47,26,5,0,0,54.4751,55.53,0.0214,0.6923,0.4584
S06036,1,1,1,75.93,34.88,28,3,0,0,52.7514,65.12,0.0539,0.6154,0.522
S06037,5,0,1,75.29,29.68,19,5,1,0,51.0026,75.32,0.045,0.4923,0.5997
S06038,3,0,1,57.2,40.95,0,0,0,0,22.88,59.05,0.2061,0.3,0.6811
S06039,4,1,1,74.34,52.51,28,0,0,0,46.3462,47.49,0.0318,0.5,0.5027
S06040,2,1,1,85.77,60.61,34,1,0,0,56.4006,39.39,0.1904,0.5385,0.4255
S06041,4,1,1,80.05,45.19,27,2,0,0,51.8831,54.81,0.111,0.5769,0.4934
S06042,4,0,1,72.05,35.53,22,2,0,0,45.717,64.47,0.0,0.3769,0.6036
S06043,3,1,0,96.64,56.0,22,2,0,0,55.553,44.0,0.3413,0.2769,0.5123
S06044,6,0,1,74.52,37.19,27,1,1,0,47.748,67.81,0.0343,0.3385,0.6195
S06045,5,1,1,72.05,99.10863606636836,30,5,0,0,56.232,0.8914,0.0,0.6923,0.2337
S06046,4,1,1,59.42,27.65,23,3,1,0,43.1813,77.35,0.1753,0.6154,0.6044
S06047,1,1,1,74.64,60.99,34,8,0,0,65.4101,39.01,0.0359,0.8077,0.3252
S06048,5,0,1,50.44,29.96,25,0,0,0,35.0065,70.04,0.2999,0.3,0.6826
S06049,2,0,1,67.34,32.4,11,4,0,0,41.1537,67.6,0.0654,0.4538,0.6129
S06050,3,0,1,78.96,61.5,31,1,0,0,51.8969,38.5,0.0959,0.3385,0.4877
S06051,4,0,1,89.57,36.84,24,3,0,0,55.8345,63.16,0.2432,0.4154,0.5534
S06052,2,0,1,48.84,34.57,5,2,1,0,26.3483,70.43,0.3221,0.3769,0.6953
S06053,4,1,0,73.49,35.31,21,1,0,0,43.7767,64.69,0.02,0.2385,0.6459
S06054,3,0,1,70.98,97.26231795267748,22,7,0,0,54.9044,2.7377,0.0149,0.5692,0.2765
S06055,7,0,1,72.56,47.7,18,0,1,0,39.702,57.3,0.0071,0.3,0.6152
S06056,7,1,1,74.12,42.14,9,4,0,0,42.6793,57.86,0.0287,0.6538,0.5186
S06057,1,0,0,71.52,21.78,11,3,0,0,40.9027,78.22,0.0074,0.1154,0.7409
S06058,5,0,1,92.88,49.45,34,1,0,0,59.2446,50.55,0.2891,0.3385,0.5102
S06059,6,1,1,90.66,49.44,23,3,0,0,55.6773,50.56,0.2583,0.6154,0.4535
S06060,4,0,1,100.0,38.1,16,1,1,0,51.4146,66.9,0.3879,0.3385,0.603
S06061,4,0,0,71.84,38.16,11,3,2,0,41.0307,71.84,0.0029,0.1154,0.7149
S06062,7,1,1,65.84,47.87,22,3,0,1,45.1561,52.13,0.0862,0.6154,0.4966
S06063,4,0,1,57.48,29.53,23,3,1,0,42.4053,75.47,0.2022,0.4154,0.6496
S06064,1,0,1,64.21,42.88,16,3,0,0,40.9448,57.12,0.1088,0.4154,0.5813
S06065,3,0,1,82.72,48.66,31,0,0,0,51.4778,51.34,0.1481,0.3,0.5502
S06066,3,0,1,85.03,41.095,34,0,0,0,54.1815,58.905,0.1802,0.3,0.571
S06067,4,1,1,82.13,49.68,20,4,0,0,52.4087,50.32,0.1399,0.6538,0.4544
S06068,2,0,1,62.03,45.73,18,1,2,0,37.413,64.27,0.1391,0.3385,0.6415
S06069,2,0,1,62.11,22.01,14,1,2,0,35.0722,87.99,0.138,0.3385,0.7446
S06070,8,0,1,4.162311103213967,95.7085615149096,22,0,1,0,14.7158,9.2914,0.9422,0.3,0.5107
S06071,2,1,0,59.52,39.27,13,2,1,0,35.366,65.73,0.1739,0.2769,0.6699
S06072,6,0,1,93.25,48.96,20,1,0,0,51.0875,51.04,0.2942,0.3385,0.5407
S06073,6,1,0,78.07,33.37,25,4,0,0,53.7508,66.63,0.0836,0.3538,0.5899
S06074,5,0,0,72.05,43.19,27,2,0,0,48.6831,56.81,0.0,0.0769,0.6376
S06075,8,1,1,54.23,36.1,20,4,1,0,41.2487,68.9,0.2473,0.6538,0.5678
S06076,1,0,1,72.05,36.26,27,5,2,0,54.4523,73.74,0.0,0.4923,0.5813
S06077,3,0,1,78.26,55.06,32,4,1,0,57.9794,49.94,0.0862,0.4538,0.4834
S06078,2,0,1,58.36,25.7,18,6,1,0,45.5604,79.3,0.19,0.5308,0.625
S06079,5,0,1,95.32,57.57,26,4,0,0,61.244,42.43,0.323,0.4538,0.4419
S06080,6,1,1,68.88,35.18,14,4,2,0,43.5494,74.82,0.044,0.6538,0.5834
S06081,8,1,1,82.51,48.0,14,5,1,0,50.9245,57.0,0.1452,0.6923,0.4767
S06082,4,1,1,81.3,99.0627632084864,35,3,1,0,59.0519,5.9372,0.1284,0.6154,0.2632
S06083,2,0,1,96.33,25.43,29,6,0,0,67.2739,74.57,0.337,0.5308,0.5301
S06084,8,1,0,65.43,16.26,6,2,0,0,33.5775,83.74,0.0919,0.2769,0.7482
S06085,6,0,1,73.59,46.67,33,0,0,0,49.0123,53.33,0.0214,0.3,0.5668
S06086,7,1,1,72.05,48.51,16,1,0,0,40.2346,51.49,0.0,0.5385,0.5305
S06087,4,1,1,73.55,95.55217435136016,31,10,2,0,67.0406,14.4478,0.0208,0.8846,0.202
S06088,4,1,1,89.1,63.47,26,11,0,0,72.2176,36.53,0.2366,0.9231,0.2626
S06089,4,1,0,75.29,46.54,17,10,0,0,59.4315,53.46,0.045,0.5846,0.4597
S06090,6,1,1,72.05,37.69,36,8,0,0,65.5605,62.31,0.0,0.8077,0.4179
S06091,2,1,0,79.8,47.49,29,5,0,0,58.7388,52.51,0.1076,0.3923,0.5064
S06092,8,0,0,63.89,27.75,17,3,1,0,41.41,77.25,0.1133,0.1154,0.7352
S06093,2,1,1,78.84,40.06,35,4,0,0,59.991,59.94,0.0942,0.6538,0.4663
S06094,4,0,1,72.05,31.55,22,4,2,0,49.5632,78.45,0.0,0.4538,0.6269
S06095,3,0,1,60.02,39.36,23,4,0,0,45.3444,60.64,0.167,0.4538,0.5704
S06096,6,1,1,53.74,7.59,7,1,1,0,27.5716,97.41,0.2541,0.5385,0.7585
S06097,6,0,0,72.24,26.92,13,1,0,0,38.5309,73.08,0.0026,0.0385,0.7478
S06098,8,1,1,71.09,38.56,32,2,0,0,51.2652,61.44,0.0133,0.5769,0.5221
S06099,7,0,0,90.08,40.16,11,6,0,0,54.0959,59.84,0.2502,0.2308,0.5923
S06100,2,0,1,70.51,46.1,21,2,1,0,44.5078,58.9,0.0214,0.3769,0.5856
S06101,2,1,1,56.96,24.67,18,1,1,0,35.385,80.33,0.2094,0.5385,0.6628
S06102,8,0,1,95.39,56.45,27,3,0,0,59.9422,43.55,0.3239,0.4154,0.4606
S06103,4,1,1,27.83,34.53,6,2,1,1,18.5375,70.47,0.6137,0.5769,0.6728
S06104,1,1,1,72.58,42.34,26,5,1,0,54.0711,62.66,0.0074,0.6923,0.4883
S06105,7,1,1,75.26,43.19,19,3,2,0,47.1444,66.81,0.0446,0.6154,0.5484
S06106,6,0,1,71.85,40.85,29,2,0,0,49.7895,59.15,0.0028,0.3769,0.5681
S06107,1,1,0,79.5,39.36,30,9,0,0,66.9043,60.64,0.1034,0.5462,0.4718
S06108,7,0,1,73.66,35.16,22,0,1,0,42.5148,69.84,0.0223,0.3,0.6556
S06109,5,0,1,79.49,48.92,19,1,0,0,44.9903,51.08,0.1033,0.3385,0.5622
S06110,5,0,1,62.97,23.17,18,2,0,0,39.7121,76.83,0.126,0.3769,0.6741
S06111,7,0,1,50.11,28.84,31,4,2,0,46.1261,81.16,0.3045,0.4538,0.6497
S06112,4,0,1,71.3,30.43,16,0,0,0,38.0115,69.57,0.0104,0.3,0.6702
S06113,4,0,1,56.6,41.83,29,1,0,0,41.7665,58.17,0.2144,0.3385,0.6019
S06114,5,0,1,61.07,23.28,4,1,1,0,28.724,81.72,0.1524,0.3385,0.7417
S06115,2,1,1,89.42,43.18,22,4,0,0,56.5112,56.82,0.2411,0.6538,0.466
S06116,2,0,1,95.37,47.88,26,3,0,0,59.341,52.12,0.3237,0.4154,0.4969
S06117,7,0,1,89.14,55.76,36,2,1,0,60.8581,49.24,0.2372,0.3769,0.4897
S06118,2,0,1,86.36,61.54,28,1,0,0,53.0772,38.46,0.1986,0.3385,0.4834
S06119,5,0,1,72.9,59.66,33,1,1,0,50.6593,45.34,0.0118,0.3385,0.5194
S06120,3,1,1,87.23,35.63,25,3,0,0,55.4917,64.37,0.2107,0.6154,0.5094
S06121,2,1,1,77.33,44.05,24,5,0,0,54.7847,55.95,0.0733,0.6923,0.459
S06122,5,1,1,100.0,63.04,30,6,0,0,69.3351,36.96,0.3879,0.7308,0.3225
S06123,7,1,1,58.23,58.9,34,4,1,0,51.1538,46.1,0.1918,0.6538,0.4419
S06124,4,0,1,82.09,30.15,17,3,0,0,48.69,69.85,0.1393,0.4154,0.6051
S06125,2,1,0,53.04,29.1,12,6,1,1,39.8731,75.9,0.2638,0.4308,0.6563
S06126,2,0,0,82.18,51.45,18,3,0,0,49.3192,48.55,0.1406,0.1154,0.5927
S06127,2,0,1,46.21,21.72,18,1,0,1,31.085,78.28,0.3586,0.3385,0.7197
S06128,8,0,1,53.8,19.82,7,2,2,0,29.5187,90.18,0.2533,0.3769,0.7632
S06129,3,0,1,52.76,31.6,30,2,0,0,42.7468,68.4,0.2677,0.3769,0.6298
S06130,3,1,1,75.78,46.0,24,1,1,0,46.4724,59.0,0.0518,0.5385,0.5387
S06131,1,0,0,77.32,42.13,28,3,0,0,53.3074,57.87,0.0731,0.1154,0.6161
S06132,4,0,1,100.0,62.71,36,2,0,0,65.2021,37.29,0.3879,0.3769,0.4267
S06133,8,0,1,70.63,33.23,22,4,0,0,48.9952,66.77,0.0197,0.4538,0.5821
S06134,4,1,1,83.59,59.51,28,2,0,0,53.8923,40.49,0.1602,0.5769,0.4291
S06135,6,1,1,74.41,46.61,22,6,1,0,54.3533,58.39,0.0328,0.7308,0.4606
S06136,2,1,1,82.33,30.13,30,3,0,0,56.4978,69.87,0.1427,0.6154,0.5279
S06137,2,1,1,74.15,44.39,17,3,0,0,45.514,55.61,0.0291,0.6154,0.5093
S06138,6,1,0,88.49,30.32,20,2,0,0,51.1066,69.68,0.2282,0.2769,0.6306
S06139,1,0,1,56.21,28.31,22,0,1,0,35.5348,76.69,0.2198,0.3,0.7074
S06140,4,0,0,35.29,17.84,9,0,0,1,19.455,82.16,0.5102,0.0,0.8605
S06141,3,0,1,78.26,98.02596976037556,9,5,0,0,46.2584,1.974,0.0862,0.4923,0.3229
S06142,1,0,0,44.92,29.47,9,5,1,1,32.9224,75.53,0.3765,0.1923,0.7388
S06143,5,1,0,91.68,77.85,42,2,0,0,65.4334,22.15,0.2724,0.2769,0.3904
S06144,8,0,1,63.78,13.9,18,6,1,0,47.7284,91.1,0.1148,0.5308,0.6647
S06145,1,0,0,56.43,23.29,13,3,0,0,36.0531,76.71,0.2168,0.1154,0.7518
S06146,7,1,1,100.0,52.35,21,6,0,0,63.9961,47.65,0.3879,0.7308,0.3839
S06147,5,0,1,71.72,36.16,18,2,1,0,43.2121,68.84,0.0046,0.3769,0.6299
S06148,6,0,1,68.85,14.41,12,3,0,0,40.4279,85.59,0.0444,0.4154,0.697
S06149,1,0,1,83.22,60.68,30,1,0,1,53.0077,39.32,0.155,0.3385,0.4871
S06150,7,1,1,84.23,48.65,27,3,0,0,55.4782,51.35,0.169,0.6154,0.4574
S06151,1,0,1,89.09,56.25,26,2,0,0,54.9059,43.75,0.2365,0.3769,0.4886
S06152,8,0,0,52.01,30.93,9,6,0,1,37.6814,69.07,0.2781,0.2308,0.6867
S06153,6,0,0,80.04,48.13,38,0,1,0,54.5584,56.87,0.1109,0.0,0.6365
S06154,3,1,1,67.6,21.7,15,1,1,0,37.8614,83.3,0.0618,0.5385,0.6661
S06155,1,0,1,58.18,30.16,12,1,2,0,32.3137,79.84,0.1925,0.3385,0.7216
S06156,5,0,1,72.72,26.12,21,0,1,0,41.5456,78.88,0.0093,0.3,0.6951
S06157,1,1,1,44.83,34.62,12,0,0,0,25.0506,65.38,0.3778,0.5,0.6488
S06158,5,1,0,85.84,61.64,31,6,2,0,64.2643,48.36,0.1914,0.4308,0.4608
S06159,7,0,0,67.64,45.19,28,0,0,0,43.6662,54.81,0.0612,0.0,0.6664
S06160,3,0,1,64.84,37.66,27,2,0,1,45.7991,62.34,0.1001,0.3769,0.5948
S06161,2,0,1,69.93,59.02,41,3,0,0,58.0633,40.98,0.0294,0.4154,0.4568
S06162,2,1,1,69.49,44.32,8,5,0,0,42.1571,55.68,0.0355,0.6923,0.5021
S06163,2,0,1,89.11,56.68,30,2,0,0,57.2868,43.32,0.2368,0.3769,0.4786
S06164,1,1,1,55.56,41.39,12,3,0,0,35.1119,58.61,0.2289,0.6154,0.5577
S06165,2,1,1,66.27,58.05,36,4,0,0,55.5562,41.95,0.0802,0.6538,0.4099
S06166,6,1,1,68.75,98.04756482778566,23,2,1,0,44.9902,6.9524,0.0458,0.5769,0.3261
S06167,3,0,1,56.02,35.55,0,1,1,0,24.3311,69.45,0.2225,0.3385,0.708
S06168,7,1,0,74.39,17.07,27,3,1,0,51.5422,87.93,0.0325,0.3154,0.6925
S06169,7,1,1,61.14,39.82,21,7,1,0,50.3752,65.18,0.1514,0.7692,0.4921
S06170,7,1,1,50.94,32.35,21,6,0,0,44.3721,67.65,0.293,0.7308,0.5326
S06171,5,0,1,79.89,49.65,19,2,1,0,47.0733,55.35,0.1088,0.3769,0.5624
S06172,3,1,0,95.21,39.55,33,3,0,0,63.4295,60.45,0.3214,0.3154,0.5409
S06173,8,1,1,72.73,27.89,21,2,1,1,45.3958,77.11,0.0094,0.5769,0.6053
S06174,2,1,0,70.45,54.54,16,2,0,0,41.5177,45.46,0.0222,0.2769,0.5673
S06175,4,1,1,70.13,46.59,24,8,1,0,57.6739,58.41,0.0266,0.8077,0.4299
S06176,4,0,0,64.26,39.46,21,5,0,0,47.777,60.54,0.1081,0.1923,0.6269
S06177,6,0,1,89.55,48.92,37,3,0,0,63.5384,51.08,0.2429,0.4154,0.4781
S06178,5,1,0,73.41,30.74,23,7,0,0,56.4696,69.26,0.0189,0.4692,0.5621
S06179,7,1,1,39.32,41.095,15,6,0,1,36.1648,58.905,0.4543,0.7308,0.5263
S06180,8,1,0,89.98,38.43,19,2,0,0,51.1093,61.57,0.2489,0.2769,0.5982
S06181,4,0,1,86.31,41.095,39,0,0,0,57.6596,58.905,0.1979,0.3,0.5588
S06182,7,0,1,81.02,96.20590309468422,19,5,0,0,53.2946,3.7941,0.1245,0.4923,0.3056
S06183,2,1,1,30.67,10.93,15,7,0,1,34.6278,89.07,0.5743,0.7692,0.6428
S06184,8,1,1,71.96,50.57,25,6,1,0,55.153,54.43,0.0012,0.7308,0.442
S06185,2,0,1,85.4,20.04,28,3,2,0,56.5394,89.96,0.1853,0.4154,0.6581
S06186,7,0,1,77.69,18.48,31,1,0,0,51.3889,81.52,0.0783,0.3385,0.6616
S06187,4,1,1,75.08,40.72,6,6,1,0,45.1298,64.28,0.0421,0.7308,0.5165
S06188,8,0,0,85.43,62.87,23,6,1,0,59.3545,42.13,0.1857,0.2308,0.5031
S06189,2,0,1,74.09,16.37,29,0,0,0,46.8394,83.63,0.0283,0.3,0.6956
S06190,4,0,1,90.05,53.11,44,1,0,0,64.0448,46.89,0.2498,0.3385,0.4788
S06191,8,0,0,72.05,59.19,23,2,0,0,46.3102,40.81,0.0,0.0769,0.5819
S06192,1,0,1,73.23,14.77,3,0,0,0,31.0717,85.23,0.0164,0.3,0.7572
S06193,3,1,1,85.39,56.09,22,1,0,0,49.1299,43.91,0.1851,0.5385,0.4691
S06194,1,1,1,66.02,95.21080089560672,20,3,1,0,44.0416,9.7892,0.0837,0.6154,0.3312
S06195,3,1,1,55.54,41.095,25,4,1,0,44.7388,63.905,0.2291,0.6538,0.5356
S06196,4,1,1,72.05,52.51,23,1,0,0,44.3871,47.49,0.0,0.5385,0.5
S06197,5,0,1,80.86,43.59,22,0,0,0,45.3948,56.41,0.1223,0.3,0.5918
S06198,3,0,0,85.88,43.24,35,3,1,0,60.8839,61.76,0.192,0.1154,0.6051
S06199,2,0,1,85.96,40.54,32,5,0,0,62.9824,59.46,0.1931,0.4923,0.4943
S06200,2,0,1,70.97,31.42,16,8,2,0,53.2641,78.58,0.015,0.6077,0.576
S06201,8,1,1,69.43,24.5,27,4,0,0,51.4813,75.5,0.0364,0.6538,0.5584
S06202,8,0,1,63.12,41.095,15,0,1,1,34.1463,63.905,0.1239,0.3,0.6611
S06203,2,1,0,75.75,21.66,21,1,0,0,44.6807,78.34,0.0514,0.2385,0.6974
S06204,2,0,1,47.38,38.36,9,0,0,0,24.291,61.64,0.3424,0.3,0.6865
S06205,1,0,0,72.34,30.93,20,3,0,1,46.5696,69.07,0.004,0.1154,0.6844
S06206,8,0,1,100.0,57.45,40,3,0,0,69.498,42.55,0.3879,0.4154,0.4231
S06207,6,0,1,72.05,13.84,0,5,1,0,38.4354,91.16,0.0,0.4923,0.707
S06208,7,1,1,74.35,62.69,32,1,0,0,50.6461,37.31,0.0319,0.5385,0.4374
S06209,3,1,1,77.67,49.37,26,3,1,0,52.261,55.63,0.078,0.6154,0.4858
S06210,6,0,1,79.6,53.4,22,3,1,0,50.6601,51.6,0.1048,0.4154,0.5252
S06211,1,1,1,57.5,26.22,17,1,1,0,35.0078,78.78,0.2019,0.5385,0.658
S06212,6,1,1,79.73,48.05,18,0,0,0,42.57,51.95,0.1066,0.5,0.5338
S06213,5,0,1,63.98,36.27,6,1,0,0,31.0744,63.73,0.112,0.3385,0.6615
S06214,3,0,1,50.59,24.88,8,1,0,0,26.9048,75.12,0.2978,0.3385,0.7217
S06215,6,0,1,86.28,42.84,12,0,0,0,41.6306,57.16,0.1975,0.3,0.6079
S06216,6,0,1,81.97,41.095,15,1,1,0,43.6094,63.905,0.1377,0.3385,0.6184
S06217,4,1,1,57.5,27.57,4,3,0,1,31.1421,72.43,0.2019,0.6154,0.6269
S06218,2,0,0,63.84,48.08,29,0,1,0,42.7394,56.92,0.1139,0.0,0.6781
S06219,1,0,1,63.3,21.21,9,0,1,0,30.659,83.79,0.1214,0.3,0.7529
S06220,8,1,1,47.35,0.0,13,4,0,0,34.3442,100.0,0.3428,0.6538,0.7163
S06221,3,0,1,83.44,43.87,35,1,0,0,56.0618,56.13,0.1581,0.3385,0.5437
S06222,3,1,1,84.0,43.98,22,3,0,0,52.4201,56.02,0.1659,0.6154,0.4868
S06223,6,0,1,67.01,38.26,18,0,0,0,37.482,61.74,0.07,0.3,0.6408
S06224,3,0,0,71.58,39.52,20,5,0,0,50.1118,60.48,0.0065,0.1923,0.6185
S06225,4,0,0,73.72,35.56,24,1,1,0,45.6484,69.44,0.0232,0.0385,0.7084
S06226,6,0,1,75.67,41.095,41,1,0,0,56.5131,58.905,0.0502,0.3385,0.5532
S06227,5,0,1,51.79,23.45,18,8,2,0,46.7786,86.55,0.2812,0.6077,0.6305
S06228,6,1,1,79.33,50.11,30,4,0,0,57.2209,49.89,0.101,0.6538,0.4358
S06229,1,1,1,54.37,51.03,34,5,1,0,51.5329,53.97,0.2454,0.6923,0.4624
S06230,4,1,1,82.22,39.73,28,2,0,0,53.3443,60.27,0.1412,0.5769,0.5101
S06231,4,0,1,56.03,34.41,26,0,0,0,37.8357,65.59,0.2223,0.3,0.6549
S06232,6,1,1,52.5,27.56,19,7,0,0,45.7327,72.44,0.2713,0.7692,0.5374
S06233,2,0,1,71.58,30.74,26,0,3,0,44.0557,84.26,0.0065,0.3,0.7078
S06234,2,1,1,71.24,43.69,14,1,0,0,38.7242,56.31,0.0112,0.5385,0.5551
S06235,7,1,1,73.56,40.12,14,7,0,0,51.1906,59.88,0.021,0.7692,0.4681
S06236,6,1,1,72.05,56.31,14,2,0,0,40.9712,43.69,0.0,0.5769,0.4871
S06237,7,0,1,75.04,33.73,31,0,1,0,48.4058,71.27,0.0415,0.3,0.6407
S06238,3,1,1,76.45,44.44,31,4,0,0,56.6621,55.56,0.0611,0.6538,0.4605
S06239,8,1,1,89.49,55.93,39,1,0,0,60.8547,44.07,0.2421,0.5385,0.4287
S06240,3,0,0,74.78,33.22,23,1,0,0,45.4791,66.78,0.0379,0.0385,0.6983
S06241,6,1,1,63.01,48.27,22,4,0,0,45.9472,51.73,0.1255,0.6538,0.4827
S06242,2,0,1,51.79,26.38,19,5,2,1,41.6026,83.62,0.2812,0.4923,0.6658
S06243,8,0,1,49.05,19.14,13,0,0,1,27.3319,80.86,0.3192,0.3,0.7528
S06244,3,1,1,72.05,50.53,22,5,0,0,51.4862,49.47,0.0,0.6923,0.4446
S06245,7,1,1,83.9,31.03,15,3,0,0,48.2275,68.97,0.1645,0.6154,0.5532
S06246,3,0,1,58.65,41.095,16,0,1,0,32.9515,63.905,0.186,0.3,0.6653
S06247,7,0,0,75.83,33.04,23,1,0,0,45.8991,66.96,0.0525,0.0385,0.6976
S06248,4,0,1,69.39,39.75,31,0,0,0,46.1458,60.25,0.0369,0.3,0.6045
S06249,1,0,1,82.77,50.95,36,2,0,0,58.3101,49.05,0.1488,0.3769,0.4979
S06250,2,0,0,84.99,53.96,28,4,1,0,58.2985,51.04,0.1796,0.1538,0.5617
S06251,6,0,1,38.01,28.81,27,1,2,0,33.144,81.19,0.4724,0.3385,0.7241
S06252,2,1,1,87.48,44.38,30,0,0,0,52.7886,55.62,0.2142,0.5,0.5127
S06253,3,0,0,75.78,50.13,32,1,0,0,51.2181,49.87,0.0518,0.0385,0.6106
S06254,5,0,1,64.03,26.04,19,0,0,0,36.8832,73.96,0.1113,0.3,0.6917
S06255,3,0,1,64.45,41.98,11,3,0,0,38.0747,58.02,0.1055,0.4154,0.595
S06256,2,0,1,72.48,67.01,19,7,1,0,53.7247,37.99,0.006,0.5692,0.4216
S06257,5,0,1,64.44,41.99,31,4,1,0,51.8581,63.01,0.1056,0.4538,0.5571
S06258,6,0,0,57.94,35.93,15,4,1,0,39.7666,69.07,0.1958,0.1538,0.6986
S06259,6,0,1,61.38,19.9,15,1,1,0,35.3734,85.1,0.1481,0.3385,0.732
S06260,8,0,1,56.4,30.32,17,0,1,0,32.6447,74.68,0.2172,0.3,0.7095
S06261,1,1,1,92.2,57.11,27,0,0,0,52.8969,42.89,0.2797,0.5,0.4614
S06262,4,1,1,72.84,49.19,32,6,0,0,59.6575,50.81,0.011,0.7308,0.4117
S06263,2,0,1,100.0,56.91,22,0,0,0,53.0508,43.09,0.3879,0.3,0.5117
S06264,8,0,1,77.57,37.89,24,3,0,0,51.0345,62.11,0.0766,0.4154,0.566
S06265,5,0,1,80.83,44.44,30,0,0,0,50.1286,55.56,0.1219,0.3,0.5718
S06266,1,0,1,72.05,96.1145657843346,59,0,1,0,63.82,8.8854,0.0,0.3,0.3372
S06267,6,1,0,68.73,30.5,22,6,1,0,52.0813,74.5,0.0461,0.4308,0.608
S06268,1,1,1,73.09,48.77,16,1,1,0,40.6506,56.23,0.0144,0.5385,0.548
S06269,3,0,0,62.44,41.99,16,3,0,0,40.2368,58.01,0.1334,0.1154,0.6624
S06270,6,0,1,65.03,24.92,23,6,2,0,51.1945,85.08,0.0974,0.5308,0.6284
S06271,5,0,1,78.3,65.78,28,2,0,0,51.7763,34.22,0.0867,0.3769,0.4614
S06272,7,0,0,78.6,44.63,10,3,0,0,43.1414,55.37,0.0909,0.1154,0.6416
S06273,5,1,0,51.95,21.25,12,4,1,0,35.591,83.75,0.279,0.3538,0.722
S06274,7,0,1,76.26,37.23,18,0,0,0,41.182,62.77,0.0584,0.3,0.6319
S06275,5,0,1,80.3,46.58,32,5,0,0,60.7184,53.42,0.1145,0.4923,0.4781
S06276,1,0,0,63.15,20.58,14,3,1,0,39.3343,84.42,0.1235,0.1154,0.7712
S06277,1,0,1,61.62,14.66,15,4,0,0,41.2386,85.34,0.1448,0.4538,0.6836
S06278,7,0,1,78.62,35.79,21,1,1,0,45.8287,69.21,0.0912,0.3385,0.6318
S06279,1,0,1,33.4,30.16,15,3,0,0,28.0275,69.84,0.5364,0.4154,0.6774
S06280,4,0,0,72.03,27.46,30,0,1,0,46.6086,77.54,0.0003,0.0,0.747
S06281,1,0,1,96.52,54.53,35,1,0,0,61.2938,45.47,0.3396,0.3385,0.4827
S06282,3,1,1,33.05,18.08,17,2,0,1,27.1509,81.92,0.5413,0.5769,0.6884
S06283,5,0,0,84.34,47.09,37,3,0,0,61.4544,52.91,0.1706,0.1154,0.5677
S06284,2,0,1,80.17,41.095,11,0,0,0,38.5934,58.905,0.1127,0.3,0.6255
S06285,4,1,0,50.43,36.67,19,1,0,0,33.3663,63.33,0.3001,0.2385,0.6769
S06286,8,0,1,79.81,99.14584809790809,22,1,1,0,46.8979,5.8542,0.1077,0.3385,0.3746
S06287,1,1,1,87.02,39.58,18,2,0,0,49.3321,60.42,0.2078,0.5769,0.5248
S06288,1,1,1,54.35,33.35,14,1,0,0,31.9682,66.65,0.2457,0.5385,0.6201
S06289,3,0,1,61.39,27.75,24,2,1,0,42.6394,77.25,0.148,0.3769,0.6655
S06290,7,0,1,72.39,53.26,34,0,0,0,49.1255,46.74,0.0047,0.3,0.54
S06291,4,1,0,86.67,99.83564907815672,17,6,1,0,56.2912,5.1644,0.2029,0.4308,0.3159
S06292,6,0,1,63.88,31.83,24,3,1,0,45.5585,73.17,0.1134,0.4154,0.6294
S06293,1,0,1,72.05,41.095,38,2,0,0,55.2085,58.905,0.0,0.3769,0.5482
S06294,6,1,1,62.03,33.52,33,4,1,0,52.0806,71.48,0.1391,0.6538,0.5402
S06295,1,0,1,72.05,13.22,0,1,0,0,30.7431,86.78,0.0,0.3385,0.7549
S06296,6,1,1,87.7,74.69,22,10,0,0,67.3616,25.31,0.2172,0.8846,0.2443
S06297,2,1,1,73.59,45.26,22,2,0,0,46.333,54.74,0.0214,0.5769,0.5126
S06298,7,1,1,66.64,29.68,2,1,0,0,29.7655,70.32,0.0751,0.5385,0.6425
S06299,3,1,1,71.51,30.57,16,1,1,0,40.0186,74.43,0.0075,0.5385,0.623
S06300,2,1,1,59.99,28.42,28,3,1,0,46.3754,76.58,0.1674,0.6154,0.5902
S06301,3,0,1,57.08,32.63,20,4,1,0,42.3887,72.37,0.2078,0.4538,0.6277
S06302,1,1,1,90.05,95.71340035754244,24,3,0,0,56.0265,4.2866,0.2498,0.6154,0.2672
S06303,2,1,1,96.57,50.62,32,4,0,0,65.3034,49.38,0.3403,0.6538,0.4055
S06304,5,1,0,45.13,37.14,17,4,0,1,35.8291,62.86,0.3736,0.3538,0.6376
S06305,3,1,1,80.73,63.8,22,3,0,0,51.1121,36.2,0.1205,0.6154,0.4121
S06306,3,1,1,84.88,45.5,26,3,0,0,55.145,54.5,0.1781,0.6154,0.4711
S06307,7,0,0,53.82,33.81,23,2,2,0,39.0182,76.19,0.253,0.0769,0.749
S06308,1,1,1,72.05,29.91,14,8,0,0,52.5097,70.09,0.0,0.8077,0.4947
S06309,4,0,0,63.34,23.69,8,8,2,0,45.4664,86.31,0.1209,0.3077,0.7092
S06310,2,0,1,100.0,48.1,27,0,2,0,56.0169,61.9,0.3879,0.3,0.5765
S06311,4,0,0,96.79,26.78,24,5,0,0,62.5687,73.22,0.3434,0.1923,0.6258
S06312,3,1,0,58.18,25.16,13,2,1,0,34.83,79.84,0.1925,0.2769,0.7282
S06313,1,1,0,50.11,12.99,1,3,0,0,26.4065,87.01,0.3045,0.3154,0.7768
S06314,1,0,1,83.59,48.16,28,6,1,0,61.5846,56.84,0.1602,0.5308,0.4791
S06315,7,0,0,80.16,72.62,32,2,0,0,54.8932,27.38,0.1126,0.0769,0.4982
S06316,1,0,1,90.66,52.3,23,0,0,0,49.9081,47.7,0.2583,0.3,0.5411
S06317,7,0,1,56.11,30.72,11,0,1,0,28.9694,74.28,0.2212,0.3,0.7207
S06318,8,0,1,82.85,41.4,25,6,0,0,59.509,58.6,0.1499,0.5308,0.4934
S06319,4,1,1,61.02,96.204894203345,11,1,0,0,32.8565,3.7951,0.1531,0.5385,0.3656
S06320,3,0,0,81.35,49.71,34,6,0,0,64.248,50.29,0.1291,0.2308,0.5186
S06321,7,0,0,71.44,27.72,15,3,0,1,43.2435,72.28,0.0085,0.1154,0.7089
S06322,8,0,1,100.0,58.43,28,1,0,0,58.5332,41.57,0.3879,0.3385,0.4768
S06323,1,0,1,78.71,31.42,22,1,0,0,46.4579,68.58,0.0924,0.3385,0.6271
S06324,8,1,1,67.29,37.84,29,3,2,0,49.8886,72.16,0.0661,0.6154,0.5602
S06325,8,0,1,74.07,38.31,22,6,0,0,54.2173,61.69,0.028,0.5308,0.5243
S06326,2,0,0,70.49,44.46,38,0,0,0,50.7384,55.54,0.0217,0.0,0.6446
S06327,1,1,1,54.68,47.51,19,1,2,0,35.0663,62.49,0.2411,0.5385,0.5926
S06328,6,0,0,100.0,70.82,42,2,0,0,68.7614,29.18,0.3879,0.0769,0.4568
S06329,1,1,1,95.98,40.72,28,5,0,0,64.6176,59.28,0.3321,0.6923,0.4379
S06330,5,1,1,69.36,25.27,14,3,1,0,41.8183,79.73,0.0373,0.6154,0.6187
S06331,1,1,1,82.5,48.42,26,0,0,0,48.4237,51.58,0.145,0.5,0.5118
S06332,6,1,1,100.0,67.9,27,7,1,0,69.4785,37.1,0.3879,0.7692,0.3129
S06333,2,0,0,90.55,39.32,13,4,0,0,51.6242,60.68,0.2568,0.1538,0.6236
S06334,1,0,0,67.39,28.13,29,1,1,0,46.0825,76.87,0.0647,0.0385,0.7366
S06335,1,0,0,70.68,41.73,22,0,0,0,41.3228,58.27,0.019,0.0,0.6885
S06336,2,0,0,46.24,19.29,22,3,1,1,37.3161,85.71,0.3582,0.1154,0.7834
S06337,5,0,1,83.62,68.67,30,0,0,0,51.2446,31.33,0.1606,0.3,0.471
S06338,1,0,1,90.64,43.02,22,4,0,0,56.9992,56.98,0.258,0.4538,0.515
S06339,7,0,0,90.75,46.24,40,5,0,0,69.6442,53.76,0.2595,0.1923,0.5232
S06340,5,0,1,72.05,43.51,30,1,0,0,48.5397,56.49,0.0,0.3385,0.5714
S06341,3,1,0,77.29,32.51,23,2,0,0,48.4062,67.49,0.0727,0.2769,0.6313
S06342,8,0,1,57.03,97.54152067474878,23,1,1,1,38.3791,7.4585,0.2085,0.3385,0.4109
S06343,6,0,0,76.8,40.16,22,2,0,0,47.617,59.84,0.0659,0.0769,0.6535
S06344,6,0,1,62.53,45.08,20,3,1,0,42.6456,59.92,0.1321,0.4154,0.5866
S06345,2,1,0,79.88,75.14,35,5,1,0,62.3301,29.86,0.1087,0.3923,0.4032
S06346,6,0,1,60.54,25.83,9,0,0,0,29.555,74.17,0.1598,0.3,0.7182
S06347,5,1,1,79.78,27.48,18,3,1,0,48.3592,77.52,0.1073,0.6154,0.587
S06348,8,0,0,91.85,44.95,26,1,0,0,54.0868,55.05,0.2748,0.0385,0.6213
S06349,4,0,1,77.66,34.49,22,5,0,0,53.7302,65.51,0.0779,0.4923,0.5509
S06350,6,1,1,76.93,54.1,33,3,0,0,56.1175,45.9,0.0677,0.6154,0.4333
S06351,3,0,1,85.7,47.91,16,7,0,0,57.2331,52.09,0.1895,0.5692,0.4657
S06352,1,0,1,98.56,41.095,32,1,0,0,60.3301,58.905,0.3679,0.3385,0.5398
S06353,2,0,1,70.39,35.63,17,1,0,0,40.1638,64.37,0.023,0.3385,0.6323
S06354,7,0,1,79.82,48.23,39,4,0,0,62.7559,51.77,0.1078,0.4538,0.474
S06355,6,0,1,94.67,66.34,38,1,0,0,62.3334,33.66,0.3139,0.3385,0.4318
S06356,3,0,1,82.04,57.9,28,2,1,0,53.2723,47.1,0.1387,0.3769,0.5077
S06357,6,0,0,41.96,41.095,19,8,0,0,43.4398,58.905,0.4176,0.3077,0.6067
S06358,1,1,1,61.27,39.32,8,3,0,0,35.023,60.68,0.1496,0.6154,0.5663
S06359,1,0,1,83.27,57.01,43,7,1,0,72.278,47.99,0.1557,0.5692,0.3967
S06360,5,0,1,66.0,24.57,14,2,0,0,38.5512,75.43,0.084,0.3769,0.6726
S06361,5,1,1,72.05,67.48,40,0,0,0,52.5488,32.52,0.0,0.5,0.4212
S06362,8,0,0,99.87,58.62,37,4,0,0,69.5895,41.38,0.3861,0.1538,0.4835
S06363,7,1,1,63.15,38.64,21,4,0,0,45.4099,61.36,0.1235,0.6538,0.5231
S06364,3,0,1,56.51,36.33,27,10,0,0,57.8517,63.67,0.2157,0.6846,0.481
S06365,7,1,1,66.58,19.39,28,2,1,0,47.0883,85.61,0.0759,0.5769,0.6334
S06366,4,1,0,72.05,45.74,21,9,0,0,58.5853,54.26,0.0,0.5462,0.4754
S06367,7,0,1,95.04,44.78,27,0,0,0,54.0329,55.22,0.3191,0.3,0.5568
S06368,2,1,1,56.47,34.84,18,0,1,0,33.266,70.16,0.2162,0.5,0.6392
S06369,1,1,1,83.14,50.65,26,1,0,0,50.6028,49.35,0.1539,0.5385,0.4857
S06370,1,1,0,92.82,98.63696749367304,33,6,0,0,68.2427,1.363,0.2883,0.4308,0.2589
S06371,8,0,1,84.29,60.34,35,3,0,0,60.2479,39.66,0.1699,0.4154,0.4439
S06372,1,0,1,78.55,99.36981399827953,29,3,0,0,54.3926,0.6302,0.0902,0.4154,0.3083
S06373,8,0,0,69.57,97.30012231454936,23,0,1,0,41.4721,7.6999,0.0344,0.0,0.4856
S06374,6,1,1,99.73,99.2861173225551,27,3,0,0,61.6782,0.7139,0.3842,0.6154,0.2331
S06375,2,0,1,68.32,39.11,24,2,1,0,45.4114,65.89,0.0518,0.3769,0.6104
S06376,7,0,1,86.22,47.07,14,3,1,0,48.5623,57.93,0.1967,0.4154,0.5579
S06377,2,1,0,69.62,28.96,15,4,2,0,44.4386,81.04,0.0337,0.3538,0.6802
S06378,2,0,1,44.37,21.09,17,0,0,0,27.8327,78.91,0.3842,0.3,0.7432
S06379,5,1,1,72.05,40.6,28,3,2,0,51.1994,69.4,0.0,0.6154,0.5446
S06380,3,0,0,69.66,31.38,21,0,0,1,40.3216,68.62,0.0332,0.0,0.7334
S06381,3,1,1,69.85,33.12,23,0,1,1,41.5841,71.88,0.0305,0.5,0.617
S06382,2,0,1,62.1,41.07,22,3,1,0,43.6601,63.93,0.1381,0.4154,0.5991
S06383,5,0,1,81.39,41.095,31,1,0,0,52.8689,58.905,0.1296,0.3385,0.566
S06384,1,0,1,83.06,48.48,25,1,1,0,49.9776,56.52,0.1528,0.3385,0.5665
S06385,2,0,1,67.41,23.51,13,3,0,0,40.4451,76.49,0.0644,0.4154,0.6606
S06386,5,0,1,67.29,40.35,24,3,0,0,46.9225,59.65,0.0661,0.4154,0.5705
S06387,4,0,0,56.24,30.52,32,2,1,0,45.3252,74.48,0.2194,0.0769,0.7201
S06388,6,1,1,75.82,37.39,16,8,0,0,55.2041,62.61,0.0523,0.8077,0.4553
S06389,2,0,0,92.67,65.4,29,2,0,0,58.1175,34.6,0.2862,0.0769,0.5158
S06390,6,0,1,92.68,42.87,27,4,0,0,60.7813,57.13,0.2863,0.4538,0.5023
S06391,7,0,1,63.01,35.08,38,0,0,0,47.7464,64.92,0.1255,0.3,0.6176
S06392,4,0,1,100.0,55.1,25,0,0,0,54.8305,44.9,0.3879,0.3,0.5127
S06393,3,1,1,72.05,32.97,19,1,0,0,42.0143,67.03,0.0,0.5385,0.5864
S06394,5,0,1,56.76,58.77,14,0,0,0,31.0091,41.23,0.2122,0.3,0.5814
S06395,5,1,1,51.57,7.7,5,2,0,1,27.4403,92.3,0.2842,0.5769,0.7289
S06396,1,1,1,72.05,25.36,6,2,1,0,36.2255,79.64,0.0,0.5769,0.6475
S06397,5,1,1,77.01,71.14,29,3,0,0,53.7766,28.86,0.0688,0.6154,0.3734
S06398,2,1,1,68.14,43.76,27,1,1,0,45.196,61.24,0.0543,0.5385,0.5521
S06399,5,0,0,62.52,35.43,15,3,0,0,39.6755,64.57,0.1323,0.1154,0.6906
S06400,8,1,1,59.29,22.8,29,6,1,0,52.4579,82.2,0.1771,0.7308,0.5625
S06401,5,1,1,55.71,18.75,0,7,1,0,35.7455,86.25,0.2268,0.7692,0.6276
S06402,7,1,1,58.65,96.33774548051932,8,4,0,0,35.8981,3.6623,0.186,0.6538,0.3256
S06403,3,0,1,87.23,41.095,21,6,0,0,58.8881,58.905,0.2107,0.5308,0.4968
S06404,8,0,1,99.05,99.8830001131517,32,0,0,0,58.6031,0.117,0.3747,0.3,0.3204
S06405,7,1,1,99.98,44.17,29,3,0,0,62.9646,55.83,0.3876,0.6154,0.4491
S06406,8,0,1,82.31,57.86,25,5,0,0,57.3699,42.14,0.1424,0.4923,0.4447
S06407,6,1,1,64.62,18.8,24,4,0,0,47.7776,81.2,0.1031,0.6538,0.5941
S06408,6,0,0,61.98,45.84,30,4,1,1,50.2809,59.16,0.1398,0.1538,0.6222
S06409,5,0,1,83.34,59.16,33,1,0,0,54.8353,40.84,0.1567,0.3385,0.4868
S06410,8,0,1,68.3,27.22,22,3,0,0,46.1401,72.78,0.052,0.4154,0.6258
S06411,7,0,0,78.18,51.51,24,3,0,0,51.2785,48.49,0.0851,0.1154,0.5856
S06412,4,0,1,100.0,58.64,41,2,0,0,68.1682,41.36,0.3879,0.3769,0.4326
S06413,1,1,1,75.25,98.6145908348994,39,6,0,0,64.7741,1.3854,0.0444,0.7308,0.1961
S06414,1,1,1,100.0,98.02838490508432,38,3,0,0,68.3116,1.9716,0.3879,0.6154,0.2149
S06415,2,1,0,55.1,95.21631802406374,12,2,0,0,33.0048,4.7837,0.2353,0.2769,0.4344
S06416,1,1,1,78.71,46.41,27,1,0,0,49.424,53.59,0.0924,0.5385,0.5068
S06417,2,1,1,76.71,51.96,29,3,0,1,53.6566,48.04,0.0647,0.6154,0.4505
S06418,1,0,0,57.24,28.13,13,3,0,0,36.3771,71.87,0.2056,0.1154,0.7313
S06419,8,1,1,84.02,98.57738904539666,34,3,0,0,59.5467,1.4226,0.1661,0.6154,0.2434
S06420,1,1,0,94.96,56.62,33,5,0,0,67.1757,43.38,0.318,0.3923,0.4403
S06421,6,1,0,100.0,61.2,42,2,1,0,68.7614,43.8,0.3879,0.2769,0.4653
S06422,3,0,1,78.17,26.84,17,1,0,0,43.2758,73.16,0.0849,0.3385,0.6565
S06423,2,1,1,43.5,7.48,0,8,1,1,32.7846,97.52,0.3963,0.8077,0.6734
S06424,6,0,1,79.15,43.68,22,2,1,0,48.557,61.32,0.0985,0.3769,0.5811
S06425,8,0,1,83.13,52.66,27,1,0,0,51.192,47.34,0.1538,0.3385,0.5256
S06426,7,1,1,68.47,43.23,7,1,0,0,33.4636,56.77,0.0497,0.5385,0.5753
S06427,8,1,1,75.23,45.4,19,6,0,0,52.9016,54.6,0.0441,0.7308,0.4505
S06428,5,0,0,64.75,48.23,30,1,0,0,45.6197,51.77,0.1013,0.0385,0.6378
S06429,6,0,0,69.99,95.62375401766586,26,2,0,0,47.2659,4.3762,0.0286,0.0769,0.4328
S06430,2,1,1,87.26,47.39,29,8,0,0,67.492,52.61,0.2111,0.8077,0.3723
S06431,7,0,1,92.84,57.33,21,6,0,0,61.1321,42.67,0.2885,0.5308,0.424
S06432,6,0,0,52.94,41.27,26,0,2,0,36.5997,68.73,0.2652,0.0,0.7468
S06433,3,1,1,64.33,41.45,16,6,1,0,46.762,63.55,0.1071,0.7308,0.5078
S06434,3,1,1,48.17,29.12,15,5,1,1,37.7817,75.88,0.3314,0.6923,0.5982
S06435,5,0,1,99.57,63.0,36,0,0,0,61.1839,37.0,0.382,0.3,0.4589
S06436,1,0,0,85.06,50.02,28,0,1,0,50.6342,54.98,0.1806,0.0,0.6427
S06437,7,0,1,41.98,13.59,24,5,1,1,40.6447,91.41,0.4173,0.4923,0.7003
S06438,3,0,1,71.03,56.43,27,0,0,0,44.4289,43.57,0.0142,0.3,0.5438
S06439,1,1,1,72.05,49.31,24,4,1,0,50.7496,55.69,0.0,0.6538,0.4817
S06440,3,1,1,60.66,41.095,18,2,1,0,38.7881,63.905,0.1581,0.5769,0.5756
S06441,7,0,1,87.54,58.34,31,3,1,0,59.1751,46.66,0.215,0.4154,0.4757
S06442,3,0,1,87.2,42.76,26,10,0,0,69.5345,57.24,0.2103,0.6846,0.4144
S06443,5,0,1,76.04,36.06,25,2,0,0,49.0927,63.94,0.0554,0.3769,0.5897
S06444,7,0,0,62.38,29.07,16,5,0,0,44.0589,70.93,0.1342,0.1923,0.6814
S06445,1,0,1,62.5,30.93,15,4,1,0,41.5906,74.07,0.1325,0.4538,0.6373
S06446,7,0,0,72.66,37.03,15,4,0,0,45.6546,62.97,0.0085,0.1538,0.6536
S06447,3,1,1,65.14,21.82,18,1,1,0,38.657,83.18,0.0959,0.5385,0.6628
S06448,6,0,1,71.91,19.29,20,3,2,0,46.3976,90.71,0.0019,0.4154,0.6966
S06449,2,1,0,80.37,39.52,40,8,2,0,71.2614,70.48,0.1155,0.5077,0.5056
S06450,2,0,1,49.0,22.53,22,2,1,1,36.497,82.47,0.3199,0.3769,0.7079
S06451,7,1,1,60.63,45.35,17,4,1,0,42.0291,59.65,0.1585,0.6538,0.528
S06452,7,1,1,71.49,18.97,22,3,0,0,47.4161,81.03,0.0078,0.6154,0.6043
S06453,8,0,1,95.48,98.17825239158498,57,0,0,0,72.0056,1.8217,0.3252,0.3,0.2803
S06454,6,0,1,84.68,45.02,43,2,0,0,63.2266,54.98,0.1753,0.3769,0.5044
S06455,4,1,0,71.95,39.39,29,9,0,0,63.2911,60.61,0.0014,0.5462,0.4844
S06456,2,0,0,78.03,38.73,11,4,1,1,45.4297,66.27,0.083,0.1538,0.6676
S06457,3,0,1,70.48,43.3,29,3,0,0,51.1646,56.7,0.0218,0.4154,0.5439
S06458,6,0,0,88.16,97.93158986212345,37,4,0,0,64.9055,2.0684,0.2236,0.1538,0.3427
S06459,3,1,1,78.51,24.61,42,2,0,0,60.1654,75.39,0.0897,0.5769,0.5468
S06460,4,0,1,91.18,70.3,27,1,0,0,54.412,29.7,0.2655,0.3385,0.4437
S06461,2,0,1,51.67,37.78,16,4,0,1,37.8518,62.22,0.2829,0.4538,0.6029
S06462,4,0,0,59.91,28.12,22,2,0,0,40.861,71.88,0.1685,0.0769,0.7253
S06463,2,1,1,76.12,95.66066492077005,58,2,0,0,68.7009,4.3393,0.0565,0.5769,0.2327
S06464,1,0,0,79.4,53.67,18,2,0,0,46.2841,46.33,0.102,0.0769,0.6041
S06465,2,1,1,100.0,90.28,36,2,0,0,65.2021,9.72,0.3879,0.5769,0.2664
S06466,5,1,1,44.88,26.88,0,3,1,1,23.7212,78.12,0.3771,0.6154,0.6756
S06467,3,0,1,71.5,32.93,12,2,1,0,39.5648,72.07,0.0076,0.3769,0.6556
S06468,1,0,0,70.83,40.6,29,0,0,0,45.5354,59.4,0.0169,0.0,0.6782
S06469,5,1,0,75.57,32.73,28,3,0,0,52.6074,67.27,0.0489,0.3154,0.6061
S06470,2,1,1,98.0,71.87,42,4,0,0,71.8076,28.13,0.3602,0.6538,0.2977
S06471,1,0,1,85.14,54.68,31,3,0,0,58.2151,45.32,0.1817,0.4154,0.4737
S06472,2,0,1,47.94,32.28,14,5,0,0,37.0965,67.72,0.3346,0.4923,0.618
S06473,4,0,0,95.01,62.07,41,4,0,0,70.0183,37.93,0.3187,0.1538,0.4682
S06474,8,0,1,94.59,26.02,27,0,0,0,53.8529,73.98,0.3128,0.3,0.6324
S06475,2,0,1,75.95,31.23,21,3,1,0,48.6069,73.77,0.0541,0.4154,0.6211
S06476,3,0,1,47.73,0.0,13,2,1,1,30.65,100.0,0.3375,0.3769,0.7985
S06477,2,0,1,69.73,44.83,25,0,1,0,42.7225,60.17,0.0322,0.3,0.6162
S06478,3,1,1,79.03,36.7,24,0,0,0,45.8493,63.3,0.0969,0.5,0.5677
S06479,6,1,0,86.95,41.96,16,8,0,0,59.6561,58.04,0.2068,0.5077,0.4964
S06480,3,1,1,45.44,21.47,11,3,0,1,30.4707,78.53,0.3693,0.6154,0.6536
S06481,6,1,1,60.46,51.95,18,2,0,0,38.7081,48.05,0.1609,0.5769,0.5125
S06482,8,1,1,88.47,44.43,29,2,0,0,56.4375,55.57,0.2279,0.5769,0.4805
S06483,8,0,1,94.53,46.92,27,0,0,0,53.8289,53.08,0.312,0.3,0.5489
S06484,5,1,1,78.46,36.09,29,3,0,0,54.3566,63.91,0.089,0.6154,0.5115
S06485,6,0,1,89.23,33.34,16,1,0,0,47.1066,66.66,0.2384,0.3385,0.6171
S06486,8,0,1,78.83,41.84,28,3,0,0,53.9114,58.16,0.0941,0.4154,0.5401
S06487,7,1,1,86.45,50.72,42,2,1,0,63.3414,54.28,0.1999,0.5769,0.4512
S06488,3,1,1,74.18,41.42,18,1,0,0,42.273,58.58,0.0296,0.5385,0.5517
S06489,2,0,1,79.2,27.71,25,0,0,0,46.5105,72.29,0.0992,0.3,0.6514
S06490,1,1,0,53.67,16.5,14,6,0,0,41.3115,83.5,0.2551,0.4308,0.6817
S06491,8,0,1,82.83,47.93,24,1,0,0,49.2924,52.07,0.1496,0.3385,0.5511
S06492,5,0,1,53.21,11.93,7,2,0,0,29.2827,88.07,0.2615,0.3769,0.7556
S06493,3,0,0,82.82,52.98,22,3,0,0,51.9481,47.02,0.1495,0.1154,0.5774
S06494,3,0,0,65.42,39.92,23,5,1,0,49.4275,65.08,0.092,0.1923,0.6392
S06495,3,1,1,77.55,38.36,19,2,0,0,46.1373,61.64,0.0763,0.5769,0.5409
S06496,7,0,1,57.71,25.56,11,0,0,0,29.6094,74.44,0.199,0.3,0.7191
S06497,5,0,1,64.45,37.26,20,6,2,0,49.1829,72.74,0.1055,0.5308,0.5861
S06498,8,1,1,77.52,25.61,7,2,0,0,39.0067,74.39,0.0759,0.5769,0.6168
S06499,3,0,1,83.31,69.56,35,7,0,0,67.5483,30.44,0.1563,0.5692,0.343
S06500,4,0,1,88.41,40.1,24,0,0,0,49.6013,59.9,0.2271,0.3,0.591
S06501,1,0,1,54.75,41.0,19,2,2,0,37.0173,69.0,0.2401,0.3769,0.6522
S06502,8,0,1,49.48,36.15,18,6,0,0,42.0084,63.85,0.3133,0.5308,0.5757
S06503,5,0,1,57.37,97.78062823365336,25,1,0,1,39.7016,2.2194,0.2037,0.3385,0.3853
S06504,5,1,0,56.02,20.91,21,2,0,0,38.7118,79.09,0.2225,0.2769,0.7116
S06505,4,1,1,95.5,60.26,22,1,0,0,53.1739,39.74,0.3255,0.5385,0.4382
S06506,3,0,1,92.1,77.57,38,5,0,0,68.9978,22.43,0.2783,0.4923,0.3252
S06507,8,0,1,57.05,37.56,14,1,0,0,33.0482,62.44,0.2082,0.3385,0.6495
S06508,4,0,1,97.65,76.75,49,4,0,0,75.8201,23.25,0.3553,0.4538,0.3142
S06509,6,1,1,91.21,49.96,32,3,0,0,61.2363,50.04,0.2659,0.6154,0.432
S06510,1,0,0,47.56,41.54,13,3,0,0,32.5051,58.46,0.3399,0.1154,0.6912
S06511,3,0,0,56.55,39.66,10,0,0,0,28.5522,60.34,0.2151,0.0,0.7414
S06512,7,1,1,47.11,0.0,12,4,0,0,33.655,100.0,0.3461,0.6538,0.7188
S06513,1,1,0,70.7,36.2,25,4,0,0,50.8028,63.8,0.0187,0.3538,0.5889
S06514,1,0,1,72.26,33.84,23,4,0,0,50.2404,66.16,0.0029,0.4538,0.5753
S06515,7,0,1,72.23,36.53,37,3,0,0,56.6104,63.47,0.0025,0.4154,0.5519
S06516,3,0,1,41.6,22.78,8,2,1,1,25.2319,82.22,0.4226,0.3769,0.7463
S06517,3,1,1,50.59,97.40292219798668,20,4,0,0,39.7927,2.5971,0.2978,0.6538,0.3077
S06518,5,0,1,75.9,36.09,15,7,0,0,52.7198,63.91,0.0534,0.5692,0.5288
S06519,2,0,1,81.33,46.96,43,3,1,0,63.8097,58.04,0.1288,0.4154,0.505
S06520,1,1,0,41.7,20.38,2,3,3,0,23.6357,94.62,0.4212,0.3154,0.8169
S06521,1,0,0,52.78,41.05,32,2,1,0,43.9412,63.95,0.2675,0.0769,0.6828
S06522,1,0,0,87.34,51.77,27,2,0,0,54.7991,48.23,0.2122,0.0769,0.5819
S06523,2,1,1,72.05,8.46,0,5,0,0,38.4354,91.54,0.0,0.6923,0.6586
S06524,6,0,0,71.78,57.93,33,0,0,0,48.2883,42.07,0.0037,0.0,0.5993
S06525,3,1,0,52.21,12.99,16,3,0,0,36.1448,87.01,0.2754,0.3154,0.7427
S06526,1,1,1,84.47,34.22,23,3,0,0,53.2013,65.78,0.1724,0.6154,0.5231
S06527,1,0,1,41.75,32.93,17,0,0,0,26.7847,67.07,0.4205,0.3,0.6995
S06528,4,1,0,67.43,52.82,26,5,0,0,52.0111,47.18,0.0641,0.3923,0.5086
S06529,7,1,1,86.1,45.09,31,6,0,0,64.3683,54.91,0.195,0.7308,0.4117
S06530,3,1,1,81.15,43.76,35,2,0,0,57.0689,56.24,0.1263,0.5769,0.481
S06531,1,1,0,65.04,30.75,22,5,0,0,48.6822,69.25,0.0973,0.3923,0.6085
S06532,2,0,1,61.52,25.34,24,0,1,0,38.8453,79.66,0.1461,0.3,0.7077
S06533,4,0,1,68.51,29.98,17,4,1,0,45.1811,75.02,0.0491,0.4538,0.6285
S06534,2,1,1,52.66,22.77,22,4,1,1,41.8072,82.23,0.2691,0.6538,0.6191
S06535,8,0,1,72.05,41.095,18,5,0,0,49.1134,58.905,0.0,0.4923,0.5406
S06536,7,0,1,70.76,41.095,13,1,0,0,37.9389,58.905,0.0179,0.3385,0.6182
S06537,3,0,1,65.73,36.76,19,1,0,0,39.4863,63.24,0.0877,0.3385,0.6301
S06538,8,0,1,87.01,55.24,26,0,0,0,50.2277,44.76,0.2076,0.3,0.5282
S06539,3,1,1,55.94,33.71,24,6,0,0,48.1517,66.29,0.2236,0.7308,0.5139
S06540,2,1,1,46.43,19.37,2,4,1,0,27.4507,85.63,0.3556,0.6538,0.683
S06541,8,1,1,64.12,36.85,28,2,0,0,46.1043,63.15,0.1101,0.5769,0.547
S06542,8,0,1,73.86,29.48,18,0,0,0,40.222,70.52,0.0251,0.3,0.6663
S06543,3,0,1,70.4,27.84,2,0,0,0,29.3464,72.16,0.0229,0.3,0.7109
S06544,5,1,1,69.73,38.96,12,5,1,0,44.626,66.04,0.0322,0.6923,0.5349
S06545,2,0,1,55.1,33.71,14,2,0,0,34.1912,66.29,0.2353,0.3769,0.6513
S06546,6,1,1,57.26,26.56,21,1,0,0,37.2847,73.44,0.2053,0.5385,0.6286
S06547,6,1,0,64.67,34.09,19,3,0,0,42.9084,65.91,0.1024,0.3154,0.6346
S06548,6,0,1,63.49,38.26,10,5,0,0,40.9436,61.74,0.1188,0.4923,0.5806
S06549,5,0,1,88.47,49.57,22,3,0,0,54.2081,50.43,0.2279,0.4154,0.5081
S06550,6,1,1,75.96,30.22,14,5,0,0,48.3045,69.78,0.0543,0.6923,0.537
S06551,5,0,1,64.01,23.6,22,3,0,0,44.4241,76.4,0.1116,0.4154,0.6463
S06552,7,1,1,88.43,41.095,28,6,0,0,63.5206,58.905,0.2273,0.7308,0.4306
S06553,2,1,0,78.69,59.67,30,4,1,0,56.9649,45.33,0.0922,0.3538,0.4935
S06554,4,0,1,51.64,44.11,1,3,1,0,27.0185,60.89,0.2833,0.4154,0.6451
S06555,4,1,1,23.37,17.24,1,3,0,0,15.7105,82.76,0.6756,0.6154,0.7222
S06556,5,0,1,52.11,27.75,31,2,0,0,43.08,72.25,0.2768,0.3769,0.644
S06557,2,0,1,80.92,44.7,31,0,0,0,50.7578,55.3,0.1231,0.3,0.5685
S06558,3,1,1,85.37,40.3,25,8,0,0,64.3631,59.7,0.1849,0.8077,0.4116
S06559,8,1,1,47.1,18.63,6,0,0,0,22.3993,81.37,0.3463,0.5,0.7221
S06560,1,1,1,81.88,53.39,35,5,1,0,63.1301,51.61,0.1364,0.6923,0.4124
S06561,6,1,1,81.31,95.50920826856296,22,3,0,0,51.3441,4.4908,0.1285,0.6154,0.2844
S06562,6,0,0,92.93,38.12,21,3,0,1,55.3989,61.88,0.2898,0.1154,0.6248
S06563,4,0,1,86.26,47.23,19,3,0,0,51.5444,52.77,0.1972,0.4154,0.5268
S06564,1,0,1,92.28,96.7574056926131,32,0,0,0,55.8951,3.2426,0.2808,0.3,0.3423
S06565,1,0,1,79.33,60.21,28,3,0,0,54.1114,39.79,0.101,0.4154,0.4659
S06566,3,0,1,78.82,32.3,29,0,0,0,48.7314,67.7,0.094,0.3,0.6252
S06567,1,0,1,66.94,44.87,35,4,0,0,55.231,55.13,0.0709,0.4538,0.5138
S06568,1,1,1,84.3,48.26,19,1,1,0,46.9143,56.74,0.17,0.5385,0.5281
S06569,2,0,1,52.01,41.095,16,6,0,0,41.834,58.905,0.2781,0.5308,0.5565
S06570,2,1,0,69.92,46.61,27,5,1,0,53.6003,58.39,0.0296,0.3923,0.5479
S06571,7,1,1,72.05,60.59,31,3,0,0,52.9791,39.41,0.0,0.6154,0.4184
S06572,6,1,1,93.12,43.61,25,0,0,0,52.0785,56.39,0.2924,0.5,0.5183
S06573,1,0,1,64.83,35.69,15,4,0,0,42.5226,64.31,0.1002,0.4538,0.595
S06574,6,1,1,86.5,40.24,24,3,1,0,54.6065,64.76,0.2006,0.6154,0.5141
S06575,2,1,1,69.04,56.48,22,1,0,0,42.5899,43.52,0.0418,0.5385,0.4904
S06576,4,0,1,86.81,43.21,20,2,0,0,50.4346,56.79,0.2049,0.3769,0.5564
S06577,1,0,1,59.98,41.095,15,3,1,0,38.6595,63.905,0.1675,0.4154,0.6165
S06578,1,0,1,82.89,47.41,33,0,0,0,52.7323,52.59,0.1505,0.3,0.5508
S06579,2,1,1,70.57,38.1,13,2,1,0,39.786,66.9,0.0205,0.5769,0.5841
S06580,4,1,1,54.22,29.75,18,5,0,0,41.9814,70.25,0.2475,0.6923,0.561
S06581,4,0,1,69.7,29.91,6,1,0,1,33.3624,70.09,0.0326,0.3385,0.679
S06582,3,1,0,91.83,48.31,31,8,0,0,70.5064,51.69,0.2745,0.5077,0.4331
S06583,5,0,0,56.71,28.52,17,0,1,0,32.7687,76.48,0.2129,0.0,0.7912
S06584,6,0,1,49.74,28.81,16,2,2,0,33.2337,81.19,0.3096,0.3769,0.7142
S06585,6,1,1,77.98,50.26,18,5,2,0,51.4854,59.74,0.0823,0.6923,0.4857
S06586,5,1,1,46.83,29.71,15,2,0,1,31.4765,70.29,0.35,0.5769,0.6268
S06587,5,1,1,95.45,48.83,31,0,0,0,56.5698,51.17,0.3248,0.5,0.4817
S06588,4,0,1,95.07,54.52,41,4,0,0,70.0423,45.48,0.3195,0.4538,0.4233
S06589,2,0,0,87.57,67.38,33,3,0,0,60.3735,32.62,0.2154,0.1154,0.4903
S06590,4,0,1,71.83,18.87,22,1,0,0,43.7059,81.13,0.0031,0.3385,0.6869
S06591,1,0,1,96.97,37.76,25,1,0,0,55.5416,62.24,0.3459,0.3385,0.5699
S06592,8,0,1,92.18,41.76,25,3,0,0,57.4717,58.24,0.2794,0.4154,0.528
S06593,3,1,1,64.01,42.44,21,3,1,0,43.8309,62.56,0.1116,0.6154,0.543
S06594,7,1,1,93.58,43.01,29,4,0,0,62.3277,56.99,0.2988,0.6538,0.4464
S06595,8,0,1,58.32,99.3918741991528,16,1,0,1,34.7426,0.6081,0.1906,0.3385,0.3962
S06596,4,0,1,69.04,59.14,44,2,0,0,57.5638,40.86,0.0418,0.3769,0.4677
S06597,7,0,1,45.1,7.93,9,6,0,1,34.9174,92.07,0.374,0.5308,0.7134
S06598,4,0,1,74.19,53.57,34,3,0,0,55.6147,46.43,0.0297,0.4154,0.4872
S06599,2,1,1,67.58,49.36,20,3,0,1,44.6656,50.64,0.062,0.6154,0.4924
S06600,1,0,0,65.22,41.095,3,1,0,0,29.7907,58.905,0.0948,0.0385,0.7217
S06601,2,1,1,69.52,41.45,23,1,1,0,43.3751,63.55,0.0351,0.5385,0.5678
S06602,8,0,1,63.31,41.095,22,0,2,0,38.3748,68.905,0.1213,0.3,0.6663
S06603,4,0,0,72.63,69.26,28,4,1,0,53.3545,35.74,0.008,0.1538,0.5178
S06604,3,1,1,91.25,97.79514870052606,59,5,0,0,81.1154,2.2049,0.2665,0.6923,0.1518
S06605,4,0,1,56.07,31.33,17,1,0,0,34.4358,68.67,0.2218,0.3385,0.6695
S06606,3,0,0,84.94,66.79,23,1,0,0,49.5431,33.21,0.1789,0.0385,0.5498
S06607,7,1,1,75.23,39.87,31,0,1,0,48.4818,65.13,0.0441,0.5,0.5658
S06608,8,0,0,77.61,39.04,22,0,0,0,44.0948,60.96,0.0772,0.0,0.6895
S06609,1,0,1,71.54,55.45,17,3,0,0,44.47,44.55,0.0071,0.4154,0.5187
S06610,6,0,1,61.24,45.08,22,0,0,0,37.5468,54.92,0.15,0.3,0.6133
S06611,3,0,1,78.67,29.98,22,4,0,0,52.2112,70.02,0.0919,0.4538,0.5839
S06612,1,0,1,79.78,97.00534262179843,35,1,0,0,54.5978,2.9947,0.1073,0.3385,0.3363
S06613,8,0,1,59.99,42.31,22,3,1,0,42.8161,62.69,0.1674,0.4154,0.5971
S06614,1,1,1,51.92,24.53,9,2,0,0,29.9531,75.47,0.2794,0.5769,0.6528
S06615,2,1,1,73.28,35.15,14,1,0,0,39.5402,64.85,0.0171,0.5385,0.5864
S06616,1,0,1,83.32,31.23,22,2,1,0,50.225,73.77,0.1564,0.3769,0.6251
S06617,4,0,1,87.08,41.095,47,3,0,0,68.4826,58.905,0.2086,0.4154,0.4921
S06618,5,0,1,90.05,70.5,27,0,0,0,52.0369,29.5,0.2498,0.3,0.4609
S06619,3,0,1,77.57,50.1,30,1,0,0,50.7477,49.9,0.0766,0.3385,0.5374
S06620,1,0,1,68.05,42.37,11,0,0,0,33.7454,57.63,0.0555,0.3,0.6374
S06621,1,1,1,71.97,27.06,14,1,0,0,39.0162,72.94,0.0011,0.5385,0.6206
S06622,8,0,1,53.35,17.73,14,3,0,0,35.4143,82.27,0.2595,0.4154,0.7013
S06623,7,0,1,61.76,32.85,32,5,1,0,53.3024,72.15,0.1428,0.4923,0.579
S06624,8,1,0,71.2,41.095,12,4,2,0,43.291,68.905,0.0118,0.3538,0.6357
S06625,5,1,0,68.0,36.41,16,2,1,0,40.5377,68.59,0.0562,0.2769,0.6633
S06626,5,0,1,73.38,28.19,30,3,0,0,52.9178,71.81,0.0185,0.4154,0.5982
S06627,7,0,1,51.38,31.09,28,1,0,0,39.0852,68.91,0.2869,0.3385,0.6542
S06628,5,1,0,54.73,32.38,20,4,1,1,41.4487,72.62,0.2404,0.3538,0.657
S06629,4,0,1,83.63,52.91,32,3,0,0,58.2043,47.09,0.1607,0.4154,0.4808
S06630,3,1,1,59.5,30.01,11,6,1,0,41.8639,74.99,0.1742,0.7308,0.5707
S06631,4,1,1,61.86,37.58,8,2,1,0,33.3359,67.42,0.1414,0.5769,0.6088
S06632,1,0,1,73.43,22.72,14,0,0,0,37.6771,77.28,0.0192,0.3,0.7023
S06633,2,0,0,58.03,46.58,10,0,1,0,29.1442,58.42,0.1946,0.0,0.7317
S06634,6,0,1,88.59,30.29,30,0,0,0,53.2326,69.71,0.2296,0.3,0.6175
S06635,7,0,1,53.15,35.12,6,2,1,0,28.6655,69.88,0.2623,0.3769,0.685
S06636,1,0,1,72.02,54.33,24,3,0,0,48.8145,45.67,0.0004,0.4154,0.508
S06637,1,1,1,60.77,22.57,16,1,0,1,35.7226,77.43,0.1566,0.5385,0.6501
S06638,1,1,1,74.34,58.47,19,0,1,0,41.0072,46.53,0.0318,0.5,0.5176
S06639,7,1,0,64.54,37.93,27,4,0,1,49.5253,62.07,0.1042,0.3538,0.5865
S06640,3,1,1,71.65,34.48,15,4,0,0,45.2506,65.52,0.0056,0.6538,0.5403
S06641,3,1,1,90.32,65.69,22,5,0,0,58.7942,34.31,0.2536,0.6923,0.3584
S06642,1,0,1,61.69,38.54,25,1,0,0,41.4296,61.46,0.1438,0.3385,0.6162
S06643,8,0,1,61.56,25.48,11,3,0,0,36.9187,74.52,0.1456,0.4154,0.665
S06644,4,1,1,67.26,38.6,30,7,0,0,58.1621,61.4,0.0665,0.7692,0.4497
S06645,7,1,1,94.11,50.76,22,1,0,0,52.6179,49.24,0.3062,0.5385,0.4782
S06646,6,0,1,70.65,38.4,32,2,1,0,51.0892,66.6,0.0194,0.3769,0.5934
S06647,2,1,0,90.51,57.68,32,4,1,0,62.8794,47.32,0.2562,0.3538,0.4808
S06648,7,0,1,69.35,27.29,9,3,0,0,38.8482,72.71,0.0375,0.4154,0.651
S06649,5,0,1,72.05,40.53,18,2,0,0,43.3441,59.47,0.0,0.3769,0.592
S06650,5,1,0,78.11,37.52,21,2,0,0,47.5478,62.48,0.0841,0.2769,0.6143
S06651,2,0,0,80.32,28.35,32,1,1,0,53.0341,76.65,0.1148,0.0385,0.7114
S06652,7,0,1,50.46,41.095,13,2,1,0,31.742,63.905,0.2997,0.3769,0.6503
S06653,8,1,1,48.24,29.5,12,6,1,0,37.9531,75.5,0.3305,0.7308,0.5865
S06654,4,1,0,88.05,66.47,29,10,0,0,71.6542,33.53,0.2221,0.5846,0.3372
S06655,1,0,1,87.87,56.35,12,1,0,0,44.1897,43.65,0.2196,0.3385,0.5353
S06656,7,1,1,100.0,59.66,39,8,0,0,78.5202,40.34,0.3879,0.8077,0.2846
S06657,8,0,1,49.71,32.28,25,5,2,1,44.3299,77.72,0.3101,0.4923,0.6327
S06658,5,1,1,79.29,40.41,31,8,0,0,65.4904,59.59,0.1005,0.8077,0.4072
S06659,5,0,1,56.64,37.31,14,2,2,1,34.8072,72.69,0.2139,0.3769,0.6747
S06660,2,1,0,60.89,17.32,22,5,1,0,47.0222,87.68,0.1549,0.3923,0.6881
S06661,1,1,1,64.47,22.49,11,1,0,0,34.2365,77.51,0.1052,0.5385,0.6556
S06662,8,0,0,77.74,23.57,22,3,0,0,49.9161,76.43,0.079,0.1154,0.7022
S06663,4,0,1,62.04,42.24,37,5,2,0,56.3805,67.76,0.1389,0.4923,0.5506
S06664,3,0,1,72.5,98.2355979085073,22,2,0,0,45.897,1.7644,0.0062,0.3769,0.3522
S06665,6,1,1,84.48,98.51833553883064,34,2,0,0,57.8076,1.4817,0.1725,0.5769,0.2594
S06666,1,1,1,88.92,43.53,22,5,0,0,58.2342,56.47,0.2341,0.6923,0.449
S06667,1,1,1,82.39,52.17,27,7,0,0,62.4345,47.83,0.1435,0.7692,0.3805
S06668,2,1,1,78.78,37.57,22,4,0,0,52.2552,62.43,0.0934,0.6538,0.5034
S06669,4,0,1,69.88,31.52,26,3,1,0,49.145,73.48,0.0301,0.4154,0.6181
S06670,3,1,1,63.47,24.71,11,1,0,0,33.8365,75.29,0.1191,0.5385,0.6481
S06671,2,0,1,80.09,41.095,30,3,0,0,55.6018,58.905,0.1116,0.4154,0.5372
S06672,3,1,1,56.24,41.095,8,3,0,0,33.011,58.905,0.2194,0.6154,0.5662
S06673,3,0,1,73.79,38.17,20,4,1,0,49.0727,66.83,0.0241,0.4538,0.5821
S06674,5,1,1,55.86,18.22,13,6,0,0,41.5943,81.78,0.2247,0.7308,0.5988
S06675,5,0,1,71.38,41.095,33,3,1,0,53.8975,63.905,0.0093,0.4154,0.5631
S06676,8,0,0,56.19,4.61,0,7,1,0,35.9375,100.0,0.2201,0.2692,0.8069
S06677,7,0,0,65.99,36.94,39,2,0,1,53.3777,63.06,0.0841,0.0769,0.6462
S06678,3,1,1,61.86,37.01,12,3,1,0,37.6319,67.99,0.1414,0.6154,0.5864
S06679,8,0,1,60.05,24.73,17,4,1,1,41.7971,80.27,0.1666,0.4538,0.6613
S06680,5,0,1,70.69,30.56,25,4,0,0,50.7988,69.44,0.0189,0.4538,0.5865
S06681,2,0,1,35.64,10.95,12,0,1,1,21.3746,94.05,0.5053,0.3,0.8264
S06682,3,0,0,44.96,23.02,19,6,1,0,40.7936,81.98,0.376,0.2308,0.7274
S06683,6,1,1,84.06,60.06,32,0,0,0,52.6071,39.94,0.1667,0.5,0.4506
S06684,7,1,0,74.21,95.22038231889242,40,4,1,0,61.1051,9.7796,0.03,0.3538,0.3368
S06685,3,1,1,61.15,30.44,24,6,0,0,50.2357,69.56,0.1513,0.7308,0.5197
S06686,2,1,0,86.61,36.28,27,3,0,0,56.4302,63.72,0.2021,0.3154,0.5785
S06687,2,0,1,62.41,41.72,15,1,0,0,35.7854,58.28,0.1338,0.3385,0.6232
S06688,1,0,1,63.3,32.37,15,0,0,0,34.2183,67.63,0.1214,0.3,0.6758
S06689,6,1,0,60.25,24.53,29,3,0,0,47.0726,75.47,0.1638,0.3154,0.6583
S06690,5,1,1,100.0,98.62171083627346,47,6,0,0,79.4198,1.3783,0.3879,0.7308,0.1448
S06691,4,0,1,75.53,50.2,32,9,0,0,66.5027,49.8,0.0483,0.6462,0.4049
S06692,6,1,1,74.94,40.71,0,2,1,0,33.8222,64.29,0.0401,0.5769,0.5946
S06693,7,0,0,79.0,28.79,7,3,2,0,41.5218,81.21,0.0965,0.1154,0.7507
S06694,7,0,0,44.21,30.3,12,2,0,0,28.6488,69.7,0.3864,0.0769,0.7593
S06695,2,0,1,63.09,37.95,22,1,1,0,40.2099,67.05,0.1244,0.3385,0.6428
S06696,5,1,1,78.82,62.84,25,3,0,0,52.1277,37.16,0.094,0.6154,0.4123
S06697,8,1,1,71.94,34.85,32,1,1,0,49.6821,70.15,0.0015,0.5385,0.5721
S06698,7,0,1,100.0,78.91,42,4,0,0,72.6076,21.09,0.3879,0.4538,0.3168
S06699,3,1,1,63.97,43.85,21,4,0,0,45.7379,56.15,0.1121,0.6538,0.5011
S06700,4,1,1,86.15,32.86,15,3,0,0,49.1275,67.14,0.1957,0.6154,0.5428
S06701,8,0,1,84.09,48.77,17,4,1,0,51.4131,56.23,0.1671,0.4538,0.5315
S06702,1,1,1,74.14,33.96,24,1,0,0,45.8164,66.04,0.029,0.5385,0.5692
S06703,5,0,1,76.87,47.03,28,0,0,0,47.3582,52.97,0.0669,0.3,0.5711
S06704,1,0,1,67.65,38.45,11,6,1,0,45.1239,66.55,0.0611,0.5308,0.5756
S06705,8,0,1,42.4,19.21,17,5,1,0,36.6601,85.79,0.4115,0.4923,0.6918
S06706,1,0,1,77.24,54.1,10,1,0,0,38.7513,45.9,0.072,0.3385,0.5633
S06707,1,0,1,78.43,32.73,3,1,2,0,35.0747,77.27,0.0885,0.3385,0.7017
S06708,3,0,0,80.78,42.3,19,4,0,0,51.2755,57.7,0.1212,0.1538,0.6129
S06709,2,0,1,72.95,54.28,34,0,0,0,49.3495,45.72,0.0125,0.3,0.5352
S06710,4,1,0,86.56,62.02,40,4,1,0,66.0451,42.98,0.2014,0.3538,0.4523
S06711,3,1,0,59.01,35.03,5,7,1,0,40.0316,69.97,0.181,0.4692,0.6225
S06712,3,0,0,94.03,53.73,18,5,0,0,57.9054,46.27,0.3051,0.1923,0.5343
S06713,5,0,1,72.05,55.92,23,0,1,0,42.4641,49.08,0.0,0.3,0.5727
S06714,5,0,1,70.38,39.62,18,2,0,0,42.6761,60.38,0.0232,0.3769,0.5979
S06715,8,1,1,82.21,53.37,37,3,0,0,60.6024,46.63,0.141,0.6154,0.4206
S06716,4,1,1,64.28,52.11,26,1,0,0,43.0588,47.89,0.1078,0.5385,0.5062
S06717,5,0,1,83.24,50.39,22,2,1,0,50.193,54.61,0.1553,0.3769,0.5485
S06718,6,1,1,66.86,22.13,14,2,0,0,38.8952,77.87,0.072,0.5769,0.6311
S06719,2,1,1,73.77,38.08,27,4,0,0,53.2173,61.92,0.0239,0.6538,0.498
S06720,6,1,1,69.28,41.82,38,0,0,0,50.2544,58.18,0.0384,0.5,0.5318
S06721,7,0,0,63.35,52.31,20,2,0,0,41.0506,47.69,0.1207,0.0769,0.6279
S06722,3,0,1,100.0,48.3,32,4,0,0,66.6754,51.7,0.3879,0.4538,0.46
S06723,2,1,1,59.4,18.84,14,5,2,0,41.6805,91.16,0.1756,0.6923,0.6457
S06724,3,0,0,37.71,23.77,0,2,1,1,18.9302,81.23,0.4766,0.0769,0.8394
S06725,3,0,1,59.95,98.01688579515962,9,4,0,0,37.0113,1.9831,0.1679,0.4538,0.3649
S06726,5,0,1,73.97,23.33,16,1,1,0,41.0026,81.67,0.0266,0.3385,0.6985
S06727,7,0,0,66.35,51.07,7,4,0,0,38.3849,48.93,0.0791,0.1538,0.6229
S06728,5,1,0,87.28,33.38,16,6,0,0,55.942,66.62,0.2114,0.4308,0.563
S06729,2,1,1,86.73,20.43,8,4,0,0,47.1301,79.57,0.2037,0.6538,0.5899
S06730,3,0,1,67.22,18.98,22,0,1,0,39.9388,86.02,0.067,0.3,0.7293
S06731,6,1,1,46.77,95.44793629182722,58,6,2,0,64.6532,14.5521,0.3509,0.7308,0.2492
S06732,3,0,0,52.75,23.34,22,3,0,0,39.9201,76.66,0.2679,0.1154,0.7381
S06733,5,1,0,71.52,37.71,20,3,0,0,46.2416,62.29,0.0074,0.3154,0.6085
S06734,6,0,1,48.53,23.91,20,3,1,1,37.0456,81.09,0.3264,0.4154,0.6909
S06735,3,1,0,66.48,97.17557989139756,34,4,0,0,54.4538,2.8244,0.0773,0.3538,0.3323
S06736,6,1,1,93.32,68.03,48,4,0,0,73.4949,31.97,0.2952,0.6538,0.3072
S06737,4,1,1,77.14,37.92,25,4,0,0,53.3788,62.08,0.0706,0.6538,0.498
S06738,2,1,1,72.69,50.33,20,5,0,0,50.5558,49.67,0.0089,0.6923,0.4487
S06739,3,0,1,56.39,35.83,13,1,0,0,32.1909,64.17,0.2173,0.3385,0.6594
S06740,4,1,0,74.73,40.27,28,5,0,0,56.1176,59.73,0.0372,0.3923,0.5444
S06741,1,1,1,68.12,31.95,20,6,0,0,50.6509,68.05,0.0545,0.7308,0.5122
S06742,8,0,1,75.58,19.85,22,4,0,0,50.9752,80.15,0.049,0.4538,0.6287
S06743,5,1,1,82.91,54.47,26,3,1,0,54.357,50.53,0.1507,0.6154,0.458
S06744,1,0,0,85.47,96.39420173729772,20,1,0,0,47.9755,3.6058,0.1863,0.0385,0.4369
S06745,7,0,1,73.93,36.29,4,1,0,0,33.868,63.71,0.0261,0.3385,0.6517
S06746,7,1,0,79.68,32.65,20,3,0,0,49.5056,67.35,0.1059,0.3154,0.6173
S06747,1,0,1,64.32,41.28,31,0,0,0,44.1178,58.72,0.1073,0.3,0.6055
S06748,2,0,0,88.99,43.11,40,2,1,0,63.171,61.89,0.2351,0.0769,0.6072
S06749,3,0,1,58.69,25.58,25,0,1,0,38.3065,79.42,0.1854,0.3,0.7086
S06750,5,1,1,68.89,49.2,17,2,2,0,41.4869,60.8,0.0439,0.5769,0.5538
S06751,6,1,0,90.55,44.12,23,2,0,0,53.7102,55.88,0.2568,0.2769,0.5663
S06752,4,0,1,64.78,40.88,33,3,0,0,51.2575,59.12,0.1009,0.4154,0.5532
S06753,5,1,0,51.89,9.37,7,2,0,0,28.7547,90.63,0.2798,0.2769,0.7927
S06754,1,1,1,65.84,27.02,22,0,1,0,39.3868,77.98,0.0862,0.5,0.6491
S06755,6,1,1,92.88,47.15,43,2,0,0,66.5066,52.85,0.2891,0.5769,0.4344
S06756,8,1,0,37.94,17.56,11,7,1,0,35.163,87.44,0.4734,0.4692,0.7094
S06757,5,1,0,73.54,33.49,21,8,0,0,57.2582,66.51,0.0207,0.5077,0.5387
S06758,4,0,1,62.49,35.48,28,4,0,0,49.2985,64.52,0.1327,0.4538,0.5721
S06759,3,0,1,69.49,44.03,22,1,0,0,42.7699,55.97,0.0355,0.3385,0.5896
S06760,8,1,0,66.77,51.99,22,3,0,0,45.5281,48.01,0.0733,0.3154,0.5538
S06761,1,0,1,86.41,59.12,40,1,1,0,60.2159,45.88,0.1993,0.3385,0.4881
S06762,3,0,0,72.81,19.59,2,0,2,0,30.3104,90.41,0.0105,0.0,0.8556
S06763,2,0,1,87.16,95.28272561434795,31,0,0,0,53.2538,4.7173,0.2097,0.3,0.3575
S06764,7,0,1,91.26,37.82,23,2,0,0,53.9942,62.18,0.2666,0.3769,0.5655
S06765,4,1,1,72.45,40.92,22,6,0,0,53.5693,59.08,0.0056,0.7308,0.4661
S06766,8,0,1,66.61,47.17,21,0,0,0,39.1016,52.83,0.0755,0.3,0.5995
S06767,6,1,1,77.66,50.12,19,4,0,0,50.0275,49.88,0.0779,0.6538,0.461
S06768,5,1,1,80.55,66.42,27,5,0,0,57.8523,33.58,0.118,0.6923,0.3588
S06769,5,0,0,72.05,30.26,19,2,2,1,43.9373,79.74,0.0,0.0769,0.746
S06770,2,0,1,75.54,37.29,25,2,0,0,48.8927,62.71,0.0484,0.3769,0.5855
S06771,5,0,0,68.2,37.63,22,3,0,0,46.1001,62.37,0.0534,0.1154,0.6593
S06772,6,0,1,65.69,17.5,19,4,1,0,45.2395,87.5,0.0883,0.4538,0.6782
S06773,8,0,1,61.64,95.94298931091288,18,1,0,0,37.257,4.057,0.1445,0.3385,0.4012
S06774,5,1,1,62.61,31.38,20,7,1,0,50.3699,73.62,0.131,0.7692,0.5259
S06775,8,0,1,90.83,35.22,22,0,0,0,49.3828,64.78,0.2607,0.3,0.6113
S06776,8,0,1,66.54,54.92,31,2,1,0,48.852,50.08,0.0765,0.3769,0.5351
S06777,5,0,1,89.16,42.2,28,4,0,0,59.9665,57.8,0.2375,0.4538,0.5079
S06778,4,0,1,73.97,34.6,20,1,1,0,43.3755,70.4,0.0266,0.3385,0.6452
S06779,2,0,1,55.01,15.91,19,2,0,0,37.1213,84.09,0.2365,0.3769,0.7122
S06780,3,1,1,74.86,42.93,23,8,0,0,58.9727,57.07,0.039,0.8077,0.42
S06781,8,0,1,54.18,54.12,26,2,0,0,40.9419,45.88,0.248,0.3769,0.546
S06782,2,0,1,81.11,50.94,33,0,0,0,52.0203,49.06,0.1257,0.3,0.5392
S06783,4,1,1,68.88,49.45,22,7,0,0,54.0644,50.55,0.044,0.7692,0.4207
S06784,6,1,1,84.83,44.78,35,3,1,0,60.4639,60.22,0.1774,0.6154,0.4754
S06785,2,1,0,93.5,59.96,32,3,0,0,62.1523,40.04,0.2977,0.3154,0.4638
S06786,8,0,0,45.97,12.78,4,5,2,1,30.3763,97.22,0.362,0.1923,0.8345
S06787,6,1,1,65.08,28.9,27,0,0,0,42.0489,71.1,0.0967,0.5,0.6122
S06788,1,0,1,53.86,26.29,22,3,1,0,40.3641,78.71,0.2525,0.4154,0.6697
S06789,2,1,0,100.0,56.02,4,5,0,0,51.9883,43.98,0.3879,0.3923,0.4959
S06790,6,0,0,65.4,30.44,26,3,0,0,47.353,69.56,0.0923,0.1154,0.6837
S06791,7,1,1,52.27,97.2009303909558,19,5,2,0,41.7946,12.7991,0.2745,0.6923,0.3318
S06792,8,1,1,100.0,38.25,36,4,1,0,69.0482,66.75,0.3879,0.6538,0.4619
S06793,7,1,1,61.11,28.55,30,4,1,1,49.9329,76.45,0.1518,0.6538,0.5676
S06794,1,0,0,47.67,51.55,13,0,0,0,26.7799,48.45,0.3384,0.0,0.7001
S06795,6,1,1,54.62,23.55,13,0,2,1,29.5599,86.45,0.2419,0.5,0.7173
S06796,1,1,1,74.15,41.095,30,0,0,0,47.4566,58.905,0.0291,0.5,0.5445
S06797,1,0,0,72.69,43.82,17,5,0,0,48.7761,56.18,0.0089,0.1923,0.6059
S06798,6,0,1,59.46,21.06,16,1,0,0,35.1986,78.94,0.1747,0.3385,0.7079
S06799,4,0,1,64.72,43.01,22,6,0,0,50.4773,56.99,0.1017,0.5308,0.5186
S06800,6,0,1,72.8,47.85,25,0,2,0,43.9505,62.15,0.0104,0.3,0.6198
S06801,7,1,1,91.86,46.81,27,3,0,0,58.5302,53.19,0.2749,0.6154,0.4541
S06802,1,0,1,77.0,55.26,20,3,0,0,48.4336,44.74,0.0687,0.4154,0.5056
S06803,5,1,0,63.55,14.5,10,3,0,0,37.1214,85.5,0.118,0.3154,0.7332
S06804,7,1,1,68.57,31.18,15,3,1,0,42.0955,73.82,0.0483,0.6154,0.5941
S06805,4,1,1,83.55,67.12,41,1,0,0,59.6651,32.88,0.1596,0.5385,0.3881
S06806,5,1,1,97.2,62.7,29,7,0,0,69.5449,37.3,0.3491,0.7692,0.3135
S06807,4,1,1,55.43,26.51,18,0,0,0,32.85,73.49,0.2307,0.5,0.654
S06808,8,0,1,88.71,37.2,17,2,0,0,49.4149,62.8,0.2312,0.3769,0.584
S06809,1,0,1,67.31,49.72,41,0,1,0,51.246,55.28,0.0658,0.3,0.5668
S06810,8,1,1,47.64,2.74,7,3,3,1,28.9778,100.0,0.3388,0.6154,0.7447
S06811,7,1,0,44.67,19.52,3,1,0,0,21.5707,80.48,0.38,0.2385,0.7868
S06812,7,0,1,92.01,54.08,29,3,0,0,59.7766,45.92,0.277,0.4154,0.4706
S06813,4,1,1,93.8,41.34,23,7,0,0,64.6256,58.66,0.3019,0.7692,0.4162
S06814,5,1,1,63.46,36.27,22,5,2,0,48.0502,73.73,0.1192,0.6923,0.5537
S06815,3,0,1,68.82,32.04,9,2,0,0,36.7131,67.96,0.0448,0.3769,0.6491
S06816,3,1,0,45.26,14.17,22,3,2,1,36.9241,95.83,0.3718,0.3154,0.7752
S06817,8,1,1,83.43,49.68,34,2,0,0,57.3876,50.32,0.1579,0.5769,0.4562
S06818,5,0,0,71.57,24.96,21,5,0,0,50.701,75.04,0.0067,0.1923,0.6746
S06819,6,0,1,48.72,13.36,1,0,0,1,20.0812,86.64,0.3238,0.3,0.8013
S06820,1,0,0,75.07,33.33,17,6,0,0,51.6512,66.67,0.0419,0.2308,0.6282
S06821,7,1,1,51.16,43.11,15,1,0,0,31.2854,56.89,0.2899,0.5385,0.5834
S06822,6,0,1,80.36,48.72,16,2,0,0,45.4817,51.28,0.1153,0.3769,0.5517
S06823,8,1,1,55.76,41.61,8,4,0,0,34.7421,58.39,0.2261,0.6538,0.5485
S06824,2,1,1,77.06,41.26,33,8,1,0,65.7849,63.74,0.0695,0.8077,0.4228
S06825,5,1,1,62.2,41.095,20,1,0,0,38.6675,58.905,0.1367,0.5385,0.5657
S06826,5,0,1,36.51,22.73,11,3,0,1,26.8987,77.27,0.4933,0.4154,0.7111
S06827,5,0,1,72.05,51.74,32,1,0,0,49.7261,48.26,0.0,0.3385,0.5344
S06828,1,0,1,87.76,59.76,27,2,0,0,54.9671,40.24,0.218,0.3769,0.4744
S06829,4,0,1,64.17,41.91,19,4,2,0,44.6315,68.09,0.1094,0.4538,0.6027
S06830,3,0,1,76.12,53.61,28,4,1,0,54.7505,51.39,0.0565,0.4538,0.5005
S06831,5,0,1,78.57,44.08,31,1,1,0,51.7409,60.92,0.0905,0.3385,0.578
S06832,2,0,0,79.06,53.73,29,3,1,0,54.5966,51.27,0.0973,0.1154,0.5851
S06833,4,1,1,97.88,55.79,43,5,0,0,74.2759,44.21,0.3585,0.6923,0.3438
S06834,5,0,1,78.25,41.095,25,0,1,0,46.1305,63.905,0.0861,0.3,0.6192
S06835,1,0,1,66.64,28.55,10,3,0,0,38.3574,71.45,0.0751,0.4154,0.6477
S06836,7,1,1,78.42,49.3,33,3,0,0,56.7135,50.7,0.0884,0.6154,0.4505
S06837,6,0,1,65.55,42.91,18,0,0,0,36.898,57.09,0.0902,0.3,0.6242
S06838,1,1,0,56.02,51.94,11,5,1,1,38.5488,53.06,0.2225,0.3923,0.5792
S06839,1,1,1,90.3,64.37,35,0,0,0,56.8827,35.63,0.2533,0.5,0.4184
S06840,7,0,0,80.01,37.5,28,2,1,0,52.4603,67.5,0.1105,0.0769,0.6672
S06841,3,1,1,44.08,29.33,2,4,2,1,26.5107,80.67,0.3882,0.6538,0.6664
S06842,7,1,0,61.75,20.78,24,0,0,1,38.9373,79.22,0.143,0.2,0.7306
S06843,4,1,1,72.05,49.12,42,9,0,0,71.0429,50.88,0.0,0.8462,0.3433
S06844,3,0,1,48.54,20.21,17,2,0,1,33.3469,79.79,0.3263,0.3769,0.7082
S06845,3,0,1,4.2217322567899185,95.0166571296146,16,3,1,0,16.9494,9.9833,0.9414,0.4154,0.4768
S06846,6,0,1,100.0,57.26,19,0,0,0,51.2712,42.74,0.3879,0.3,0.5165
S06847,1,1,1,67.03,56.3,37,3,1,0,54.5304,48.7,0.0697,0.6154,0.4501
S06848,4,0,1,72.05,59.82,24,0,2,0,43.0573,50.18,0.0,0.3,0.575
S06849,3,0,1,94.51,42.25,19,1,0,0,50.9983,57.75,0.3117,0.3385,0.5679
S06850,2,0,1,58.37,17.88,18,2,0,0,37.8721,82.12,0.1899,0.3769,0.7017
S06851,3,0,0,76.0,51.26,32,3,0,0,55.1523,48.74,0.0548,0.1154,0.5731
S06852,5,0,1,100.0,63.22,42,0,0,0,64.9153,36.78,0.3879,0.3,0.4449
S06853,6,0,1,78.89,23.47,20,0,1,0,43.4204,81.53,0.0949,0.3,0.6991
S06854,1,1,1,100.0,52.38,32,9,0,0,76.2907,47.62,0.3879,0.8462,0.3119
S06855,7,0,1,62.45,24.17,19,5,0,0,45.8666,75.83,0.1332,0.4923,0.6197
S06856,8,0,0,98.96,38.18,22,4,0,0,60.3272,61.82,0.3735,0.1538,0.5977
S06857,6,0,0,72.25,43.95,27,3,1,0,50.6862,61.05,0.0028,0.1154,0.6379
S06858,8,0,1,67.09,31.85,23,4,1,0,48.1724,73.15,0.0688,0.4538,0.6105
S06859,4,1,1,81.6,42.88,33,10,1,0,71.447,62.12,0.1325,0.8846,0.3773
S06860,7,0,0,70.33,34.36,11,4,1,1,42.3497,70.64,0.0239,0.1538,0.6959
S06861,6,1,1,72.05,21.3,25,0,0,0,43.6505,78.7,0.0,0.5,0.637
S06862,5,1,0,79.28,34.01,27,6,0,0,59.2674,65.99,0.1003,0.4308,0.5488
S06863,2,1,1,44.88,96.68043426635988,12,1,0,1,26.9937,3.3196,0.3771,0.5385,0.3842
S06864,5,1,1,60.02,37.46,16,7,2,0,46.9611,72.54,0.167,0.7692,0.5335
S06865,8,0,1,72.05,60.13,27,2,0,0,48.6831,39.87,0.0,0.3769,0.4949
S06866,8,1,1,86.87,48.31,23,5,1,0,58.0075,56.69,0.2057,0.6923,0.4507
S06867,4,0,0,72.05,98.51065546535308,46,4,0,0,63.8004,1.4893,0.0,0.1538,0.3442
S06868,2,1,1,76.14,48.86,35,3,0,0,56.9879,51.14,0.0568,0.6154,0.4513
S06869,6,0,1,78.04,56.44,33,2,2,0,54.6384,53.56,0.0831,0.3769,0.5288
S06870,1,0,1,86.37,34.53,23,0,0,0,48.1921,65.47,0.1988,0.3,0.6182
S06871,2,0,0,50.61,16.65,7,2,1,0,28.2427,88.35,0.2976,0.0769,0.8353
S06872,5,1,0,64.36,33.65,18,2,1,0,40.2681,71.35,0.1067,0.2769,0.6752
S06873,8,1,1,70.88,39.71,23,2,0,0,45.8422,60.29,0.0162,0.5769,0.5365
S06874,3,0,0,74.94,23.49,12,2,0,0,40.9408,76.51,0.0401,0.0769,0.7435
S06875,4,0,1,40.36,7.62,15,0,2,1,25.0423,100.0,0.4398,0.3,0.8374
S06876,3,0,0,53.14,24.01,24,2,1,0,39.3394,80.99,0.2625,0.0769,0.767
S06877,4,1,1,71.75,23.26,4,3,0,0,36.8421,76.74,0.0042,0.6154,0.6242
S06878,1,0,1,87.2,48.65,21,0,0,0,47.3376,51.35,0.2103,0.3,0.5647
S06879,5,0,1,65.71,20.48,30,5,1,0,53.696,84.52,0.088,0.4923,0.6271
S06880,5,1,1,62.0,58.71,22,7,1,0,51.3124,46.29,0.1395,0.7692,0.4133
S06881,3,1,1,79.93,32.07,18,4,0,0,50.3423,67.93,0.1094,0.6538,0.5321
S06882,3,1,1,67.08,23.95,27,3,0,0,48.6182,76.05,0.069,0.6154,0.5802
S06883,7,1,1,85.21,31.44,22,4,0,0,54.8272,68.56,0.1827,0.6538,0.5189
S06884,2,1,0,68.68,35.42,19,2,1,0,42.5893,69.58,0.0468,0.2769,0.66
S06885,1,0,1,55.27,16.03,7,0,2,1,26.2605,93.97,0.2329,0.3,0.809
S06886,1,0,1,72.05,50.29,30,0,0,0,46.6166,49.71,0.0,0.3,0.5607
S06887,8,1,0,90.56,50.57,37,5,0,0,67.7885,49.43,0.2569,0.3923,0.4624
S06888,3,0,1,57.67,30.47,13,3,0,0,36.5491,69.53,0.1996,0.4154,0.6463
S06889,1,1,1,77.94,44.88,30,3,1,0,54.7418,60.12,0.0817,0.6154,0.495
S06890,8,0,0,67.1,40.81,20,2,1,0,42.5506,64.19,0.0687,0.0769,0.6886
S06891,2,0,1,81.29,65.93,34,0,0,0,52.6855,34.07,0.1282,0.3,0.4769
S06892,3,0,0,58.86,26.43,14,4,1,0,39.5414,78.57,0.1831,0.1538,0.7374
S06893,1,1,1,85.08,43.43,40,7,0,0,71.2224,56.57,0.1808,0.7692,0.3847
S06894,6,1,1,89.92,62.06,34,4,1,0,63.8298,42.94,0.248,0.6538,0.3849
S06895,6,0,0,57.79,36.39,22,2,1,0,40.013,68.61,0.1979,0.0769,0.7152
S06896,7,0,1,73.02,40.46,25,4,1,0,51.7308,64.54,0.0135,0.4538,0.5637
S06897,3,0,1,90.24,50.32,25,5,0,0,60.5419,49.68,0.2525,0.4923,0.4637
S06898,3,0,0,56.98,23.66,13,7,3,0,43.9654,91.34,0.2092,0.2692,0.7442
S06899,8,0,0,61.97,48.61,21,0,0,1,37.2456,51.39,0.1399,0.0,0.6752
S06900,7,1,0,81.93,50.07,16,6,0,0,53.802,49.93,0.1371,0.4308,0.5037
S06901,1,0,1,69.59,38.83,17,2,1,0,41.7669,66.17,0.0341,0.3769,0.6243
S06902,6,0,1,48.37,19.0,6,3,1,1,28.6766,86.0,0.3287,0.4154,0.7398
S06903,7,0,1,67.2,21.68,25,2,1,0,45.5567,83.32,0.0673,0.3769,0.6796
S06904,5,0,0,98.2,65.51,37,7,0,0,74.6907,34.49,0.3629,0.2692,0.4092
S06905,6,0,1,100.0,96.34817444072368,43,3,0,0,71.2777,3.6518,0.3879,0.4154,0.2613
S06906,1,1,1,62.44,42.7,22,7,1,0,51.4884,62.3,0.1334,0.7692,0.4767
S06907,1,1,1,58.3,14.53,11,2,0,0,33.6916,85.47,0.1908,0.5769,0.6797
S06908,1,1,1,65.13,28.41,8,4,0,0,38.4901,71.59,0.096,0.6538,0.5882
S06909,2,0,1,99.03,54.19,34,6,0,0,71.32,45.81,0.3745,0.5308,0.4009
S06910,8,1,1,72.05,34.09,38,3,0,0,57.1316,65.91,0.0,0.6154,0.5098
S06911,6,1,1,93.96,37.49,30,8,0,0,70.7652,62.51,0.3041,0.8077,0.4004
S06912,7,1,1,86.98,51.42,28,1,0,0,53.3252,48.58,0.2072,0.5385,0.4731
S06913,3,1,1,52.21,54.3,15,3,0,0,35.5515,45.7,0.2754,0.6154,0.5045
S06914,8,0,0,57.77,45.45,19,7,0,0,47.8407,54.55,0.1982,0.2692,0.5835
S06915,2,1,1,61.56,19.87,27,2,1,0,44.4871,85.13,0.1456,0.5769,0.6406
S06916,8,1,1,72.05,45.05,35,2,1,0,53.4289,59.95,0.0,0.5769,0.5086
S06917,1,1,1,61.83,29.08,23,0,1,0,38.3761,75.92,0.1418,0.5,0.6444
S06918,1,1,1,63.57,43.91,24,4,1,0,47.3576,61.09,0.1177,0.6538,0.5152
S06919,1,1,1,81.61,45.77,24,1,0,0,48.8044,54.23,0.1327,0.5385,0.5115
S06920,7,0,0,74.04,34.26,22,6,0,0,54.2053,65.74,0.0276,0.2308,0.6155
S06921,3,1,1,90.3,58.4,28,8,0,0,68.1148,41.6,0.2533,0.8077,0.3261
S06922,4,1,1,75.78,41.41,21,8,1,0,58.1542,63.59,0.0518,0.8077,0.4489
S06923,4,1,0,61.86,37.23,20,2,1,0,40.4546,67.77,0.1414,0.2769,0.6603
S06924,7,1,0,74.83,43.88,28,5,0,0,56.1576,56.12,0.0386,0.3923,0.5299
S06925,3,0,1,49.33,27.3,15,1,1,1,30.5534,77.7,0.3153,0.3385,0.7192
S06926,1,0,1,37.32,41.095,8,0,0,0,19.6738,58.905,0.482,0.3,0.6918
S06927,4,0,1,81.65,59.36,27,2,0,0,52.5231,40.64,0.1332,0.3769,0.4845
S06928,3,1,1,87.27,53.82,20,2,0,0,50.6186,46.18,0.2112,0.5769,0.4633
S06929,6,1,1,73.08,55.5,29,5,0,0,56.0508,44.5,0.0143,0.6923,0.4087
S06930,7,1,1,66.13,14.6,17,3,0,0,42.306,85.4,0.0822,0.6154,0.6397
S06931,1,1,1,51.87,28.06,6,5,0,0,33.9227,71.94,0.2801,0.6923,0.596
S06932,7,1,1,89.5,41.29,32,6,0,0,66.3215,58.71,0.2422,0.7308,0.42
S06933,1,0,1,79.39,48.1,29,2,1,0,52.8055,56.9,0.1019,0.3769,0.5486
S06934,5,1,1,76.37,50.86,22,6,1,1,55.1373,54.14,0.06,0.7308,0.4409
S06935,4,1,1,71.93,31.48,27,1,0,0,46.712,68.52,0.0017,0.5385,0.576
S06936,3,1,0,64.96,40.82,25,2,0,0,44.6607,59.18,0.0984,0.2769,0.6112
S06937,4,1,1,55.3,32.6,32,6,1,0,52.6415,72.4,0.2325,0.7308,0.5227
S06938,3,1,1,75.79,51.34,22,5,0,0,52.9822,48.66,0.0519,0.6923,0.4361
S06939,7,0,1,63.92,37.23,19,4,0,0,44.5315,62.77,0.1128,0.4538,0.5818
S06940,8,1,1,65.64,30.6,15,5,0,0,44.7697,69.4,0.089,0.6923,0.5478
S06941,7,0,1,97.77,54.64,36,1,0,0,62.387,45.36,0.357,0.3385,0.4785
S06942,4,0,1,71.28,98.8022950171537,22,3,0,0,47.3321,1.1977,0.0107,0.4154,0.3353
S06943,5,0,1,35.21,39.88,17,3,1,0,29.938,65.12,0.5113,0.4154,0.6518
S06944,4,0,1,63.97,36.23,16,2,0,0,38.9257,63.77,0.1121,0.3769,0.6246
S06945,7,0,1,56.98,38.31,21,0,2,0,35.2496,71.69,0.2092,0.3,0.6884
S06946,5,1,0,69.91,47.64,20,5,0,0,49.4438,52.36,0.0297,0.3923,0.5383
S06947,4,0,0,50.63,18.53,0,3,0,0,26.0212,81.47,0.2973,0.1154,0.806
S06948,4,0,1,78.5,97.91726375923736,30,3,1,0,54.9658,7.0827,0.0895,0.4154,0.3321
S06949,4,0,1,67.56,31.63,7,0,0,0,31.1765,68.37,0.0623,0.3,0.6894
S06950,5,0,0,64.86,44.58,19,0,0,0,37.2152,55.42,0.0998,0.0,0.6914
S06951,6,1,1,74.24,39.96,22,1,1,0,44.6699,65.04,0.0304,0.5385,0.5692
S06952,4,0,1,70.85,28.93,22,2,1,0,45.237,76.07,0.0167,0.3769,0.6517
S06953,7,0,0,69.98,45.76,22,7,1,0,54.5044,59.24,0.0287,0.2692,0.5789
S06954,7,1,1,68.64,56.21,22,2,0,0,44.353,43.79,0.0473,0.5769,0.4757
S06955,4,1,1,71.7,41.77,25,3,1,0,49.2797,63.23,0.0049,0.6154,0.5266
S06956,8,1,1,77.15,34.32,23,4,1,0,52.1964,70.68,0.0708,0.6538,0.5366
S06957,2,1,1,75.27,63.16,45,5,0,0,66.4183,36.84,0.0447,0.6923,0.3418
S06958,8,0,1,72.05,95.04670520141867,56,1,1,0,63.9634,9.9533,0.0,0.3385,0.3313
S06959,3,1,1,63.8,36.41,10,3,1,0,37.2214,68.59,0.1145,0.6154,0.5902
S06960,5,0,1,75.57,99.61881643957584,55,2,1,0,66.7013,5.3812,0.0489,0.3769,0.2938
S06961,3,0,1,100.0,60.85,22,1,0,0,54.9739,39.15,0.3879,0.3385,0.4796
S06962,4,0,0,71.39,48.61,9,4,0,0,41.5873,51.39,0.0092,0.1538,0.6216
S06963,3,1,1,71.97,42.62,13,3,1,0,42.2691,62.38,0.0011,0.6154,0.5477
S06964,6,0,1,53.05,23.17,5,4,0,1,31.8784,76.83,0.2637,0.4538,0.6823
S06965,1,0,1,61.3,39.68,22,4,0,0,45.2632,60.32,0.1492,0.4538,0.5694
S06966,7,0,1,70.4,42.57,32,1,2,0,49.0661,67.43,0.0229,0.3385,0.6134
S06967,8,1,1,80.0,39.01,18,2,0,0,46.5241,60.99,0.1103,0.5769,0.5369
S06968,5,0,1,81.74,44.95,29,1,0,0,51.8225,55.05,0.1345,0.3385,0.5542
S06969,5,0,1,76.89,39.39,3,0,0,0,32.5357,60.61,0.0672,0.3,0.6536
S06970,6,0,1,84.06,42.16,21,3,0,0,51.8509,57.84,0.1667,0.4154,0.546
S06971,2,1,1,57.01,33.44,22,7,1,0,49.3164,71.56,0.2087,0.7692,0.5213
S06972,6,0,1,79.33,45.49,23,6,0,0,56.9145,54.51,0.101,0.5308,0.4861
S06973,2,1,1,72.2,51.76,30,7,1,0,60.1381,53.24,0.0021,0.7692,0.4102
S06974,6,0,1,73.87,44.71,22,4,0,0,50.2912,55.29,0.0253,0.4538,0.5317
S06975,3,0,0,66.57,99.80151168187854,15,4,1,0,43.2186,5.1985,0.0761,0.1538,0.4311
S06976,6,0,1,57.7,39.07,21,1,1,0,37.4607,65.93,0.1992,0.3385,0.648
S06977,7,0,1,53.77,36.99,19,0,0,0,32.7792,63.01,0.2537,0.3,0.6623
S06978,2,0,1,76.81,46.55,28,1,0,0,49.2572,53.45,0.0661,0.3385,0.5568
S06979,5,0,1,79.47,28.17,27,1,0,0,49.728,71.83,0.103,0.3385,0.6286
S06980,4,1,1,70.06,34.3,13,3,1,0,41.5051,70.7,0.0276,0.6154,0.5837
S06981,3,0,1,71.78,38.74,16,3,0,0,43.9728,61.26,0.0037,0.4154,0.5873
S06982,5,0,1,61.2,56.01,37,5,0,0,56.0445,43.99,0.1506,0.4923,0.4567
S06983,8,0,0,79.55,51.58,15,0,1,1,40.7183,53.42,0.1041,0.0,0.6712
S06984,1,0,0,72.91,41.19,11,0,0,0,35.6894,58.81,0.0119,0.0,0.7103
S06985,8,0,1,66.52,63.71,26,0,0,0,42.0317,36.29,0.0768,0.3,0.523
S06986,7,0,1,84.99,97.90966885462292,19,5,1,0,54.8826,7.0903,0.1796,0.4923,0.3132
S06987,5,0,1,81.68,47.98,40,0,0,0,56.4008,52.02,0.1337,0.3,0.5357
S06988,5,0,1,48.96,47.17,36,3,1,0,46.7092,57.83,0.3205,0.4154,0.564
S06989,3,1,1,72.05,38.34,21,5,0,0,50.893,61.66,0.0,0.6923,0.4954
S06990,2,1,1,57.63,37.4,20,7,0,0,48.3779,62.6,0.2001,0.7692,0.4888
S06991,5,1,1,74.09,25.02,22,4,0,0,50.3792,74.98,0.0283,0.6538,0.5601
S06992,7,0,1,24.72,11.63,14,2,1,1,22.0392,93.37,0.6569,0.3769,0.8021
S06993,2,1,1,74.96,18.29,6,1,1,0,35.4664,86.71,0.0404,0.5385,0.6881
S06994,6,0,1,82.68,41.3,16,0,0,0,42.5635,58.7,0.1475,0.3,0.6108
S06995,6,0,0,70.34,33.15,23,0,0,0,41.7801,66.85,0.0237,0.0,0.7212
S06996,7,1,1,54.53,55.2,21,2,1,0,38.1158,49.8,0.2432,0.5769,0.5216
S06997,3,0,1,100.0,62.93,21,0,0,0,52.4576,37.07,0.3879,0.3,0.4897
S06998,4,0,1,89.34,43.29,24,3,0,0,55.7425,56.71,0.24,0.4154,0.5279
S06999,4,1,1,64.03,21.15,6,2,1,0,33.0175,83.85,0.1113,0.5769,0.6756
S07000,7,1,1,68.08,29.38,18,8,2,0,53.2946,80.62,0.0551,0.8077,0.534
S07001,8,0,1,42.28,11.44,5,0,0,1,19.8781,88.56,0.4132,0.3,0.8097
S07002,4,0,1,79.1,32.32,20,2,0,0,47.3506,67.68,0.0978,0.3769,0.6108
S07003,8,0,1,51.46,29.93,20,0,0,1,32.4484,70.07,0.2858,0.3,0.6917
S07004,5,1,1,82.0,98.45369154885296,28,2,2,0,53.2563,11.5463,0.1381,0.5769,0.3156
S07005,4,0,1,72.05,40.57,32,7,0,0,61.2646,59.43,0.0,0.5692,0.481
S07006,1,0,1,70.95,99.46032775675546,21,6,0,0,52.3761,0.5397,0.0153,0.5308,0.2861
S07007,5,0,1,56.03,27.94,22,0,0,1,35.4628,72.06,0.2223,0.3,0.6891
S07008,6,1,0,90.74,45.12,29,6,0,0,65.0379,54.88,0.2594,0.4308,0.4842
S07009,8,1,1,72.03,54.77,19,7,0,0,53.5447,45.23,0.0003,0.7692,0.4012
S07010,6,0,0,73.4,61.5,27,3,1,0,51.1462,43.5,0.0187,0.1154,0.5661
S07011,1,1,1,58.03,39.28,14,4,2,0,39.2094,70.72,0.1946,0.6538,0.5822
S07012,5,0,1,74.9,42.77,21,2,0,0,46.2638,57.23,0.0396,0.3769,0.5728
S07013,6,1,1,72.05,35.53,30,4,1,0,54.3089,69.47,0.0,0.6538,0.5243
S07014,4,0,1,52.07,42.89,23,0,2,0,34.4721,67.11,0.2773,0.3,0.6728
S07015,4,0,1,92.1,45.14,27,0,0,0,52.8569,54.86,0.2783,0.3,0.5594
S07016,7,0,1,98.39,44.52,39,2,0,0,66.3377,55.48,0.3656,0.3769,0.4955
S07017,5,1,1,87.27,39.69,22,2,0,0,51.805,60.31,0.2112,0.5769,0.5157
S07018,6,1,1,85.03,35.44,25,0,0,0,48.8425,64.56,0.1802,0.5,0.5623
S07019,4,1,0,98.48,44.32,26,4,0,0,62.508,55.68,0.3668,0.3538,0.5155
S07020,3,0,1,56.29,45.02,17,4,1,0,40.2931,59.98,0.2187,0.4538,0.5854
S07021,5,0,1,56.11,48.56,22,2,2,0,39.341,61.44,0.2212,0.3769,0.6138
S07022,8,0,1,65.78,31.83,25,0,0,0,41.1425,68.17,0.087,0.3,0.6537
S07023,5,0,0,76.47,37.44,27,3,0,0,52.3742,62.56,0.0613,0.1154,0.6381
S07024,6,0,0,67.61,29.41,22,4,1,0,47.7872,75.59,0.0616,0.1538,0.6967
S07025,1,1,1,56.7,48.24,16,3,0,0,37.9408,51.76,0.213,0.6154,0.5204
S07026,8,1,1,72.08,60.37,32,2,0,0,51.6612,39.63,0.0004,0.5769,0.4335
S07027,2,1,1,70.58,26.72,10,3,0,0,39.9334,73.28,0.0204,0.6154,0.5995
S07028,8,0,1,84.62,55.84,22,4,0,0,54.5912,44.16,0.1745,0.4538,0.4721
S07029,4,0,0,72.67,44.67,26,5,0,0,54.1071,55.33,0.0086,0.1923,0.5839
S07030,8,0,1,43.43,33.6,24,5,2,0,41.2247,76.4,0.3972,0.4923,0.6382
S07031,8,0,1,77.78,48.4,22,2,1,0,48.009,56.6,0.0795,0.3769,0.5641
S07032,7,1,1,95.73,50.67,29,4,0,0,63.1877,49.33,0.3287,0.6538,0.4127
S07033,8,1,0,72.43,31.97,12,5,0,1,45.706,68.03,0.0053,0.3923,0.6141
S07034,5,0,1,86.8,62.78,23,1,0,0,50.2871,37.22,0.2047,0.3385,0.4883
S07035,7,0,1,64.42,38.41,25,3,0,0,46.3677,61.59,0.1059,0.4154,0.5802
S07036,2,1,1,80.49,55.24,38,5,0,0,64.3538,44.76,0.1171,0.6923,0.3807
S07037,1,0,1,60.83,51.18,16,3,1,0,39.5928,53.82,0.1557,0.4154,0.5729
S07038,5,0,0,68.3,40.19,15,0,0,0,36.2183,59.81,0.052,0.0,0.7125
S07039,7,1,1,68.42,39.39,22,5,0,0,50.0342,60.61,0.0504,0.6923,0.4942
S07040,7,1,0,79.15,33.85,22,2,0,0,48.557,66.15,0.0985,0.2769,0.6254
S07041,5,0,1,59.64,30.84,28,1,1,0,42.3892,74.16,0.1722,0.3385,0.6637
S07042,5,1,1,50.03,25.43,5,3,0,0,28.7473,74.57,0.3056,0.6154,0.6438
S07043,5,1,1,79.05,39.05,27,6,0,0,59.1754,60.95,0.0972,0.7308,0.454
S07044,7,0,1,78.49,42.13,27,1,0,0,49.336,57.87,0.0894,0.3385,0.5742
S07045,7,0,0,73.69,25.63,28,4,1,1,53.7785,79.37,0.0228,0.1538,0.6908
S07046,1,1,1,85.99,53.99,30,4,0,0,59.8849,46.01,0.1935,0.6538,0.411
S07047,5,1,1,68.96,30.25,21,5,2,0,49.657,79.75,0.0429,0.6923,0.5721
S07048,4,0,1,76.22,63.81,27,2,0,0,50.3511,36.19,0.0579,0.3769,0.4743
S07049,7,0,1,66.75,32.49,27,1,0,0,44.64,67.51,0.0736,0.3385,0.6292
S07050,5,1,0,68.12,41.48,35,6,0,0,59.5492,58.52,0.0545,0.4308,0.518
S07051,8,0,0,77.1,38.0,15,4,0,0,47.4306,62.0,0.0701,0.1538,0.6435
S07052,4,0,1,100.0,45.37,18,1,0,0,52.601,54.63,0.3879,0.3385,0.5498
S07053,6,0,1,83.13,22.63,14,3,1,0,47.3263,82.37,0.1538,0.4154,0.66
S07054,1,0,1,80.23,38.53,11,0,0,0,38.6174,61.47,0.1135,0.3,0.6357
S07055,8,1,0,83.6,47.1,17,4,0,0,51.2171,52.9,0.1603,0.3538,0.5439
S07056,2,1,1,36.78,11.91,0,7,1,1,28.1735,93.09,0.4895,0.7692,0.6815
S07057,4,0,0,76.79,39.11,21,3,0,0,48.9429,60.89,0.0658,0.1154,0.6434
S07058,7,1,0,85.66,48.26,34,8,0,0,69.8181,51.74,0.1889,0.5077,0.4357
S07059,8,0,1,73.27,35.42,28,4,0,0,53.6105,64.58,0.0169,0.4538,0.5572
S07060,4,0,1,71.35,31.15,17,2,0,0,42.4709,68.85,0.0097,0.3769,0.6325
S07061,4,0,1,57.9,45.17,22,1,2,0,38.1339,64.83,0.1964,0.3385,0.6412
S07062,1,1,1,65.5,49.16,36,5,1,0,57.1713,55.84,0.0909,0.6923,0.4502
S07063,8,1,1,59.5,43.97,23,6,1,0,48.9825,61.03,0.1742,0.7308,0.49
S07064,1,1,1,86.99,44.4,29,6,0,0,63.5379,55.6,0.2074,0.7308,0.4173
S07065,1,0,1,94.53,63.65,32,0,0,0,56.7951,36.35,0.312,0.3,0.4716
S07066,4,0,1,100.0,66.97,30,2,0,0,61.6428,33.03,0.3879,0.3769,0.4221
S07067,1,0,0,59.25,37.31,22,6,2,0,48.2893,72.69,0.1777,0.2308,0.664
S07068,2,1,0,61.97,59.35,17,2,0,1,38.7189,40.65,0.1399,0.2769,0.5579
S07069,6,0,1,60.75,25.36,20,4,2,1,43.8567,84.64,0.1568,0.4538,0.6716
S07070,6,1,1,56.72,41.095,4,5,1,0,34.6763,63.905,0.2128,0.6923,0.5612
S07071,3,1,1,56.96,41.095,12,6,0,0,41.4411,58.905,0.2094,0.7308,0.5079
S07072,7,0,1,64.27,28.9,15,2,0,0,38.4525,71.1,0.108,0.3769,0.6556
S07073,5,0,1,85.12,57.29,31,2,0,0,56.284,42.71,0.1814,0.3769,0.4796
S07074,2,0,1,61.23,23.94,12,1,1,0,33.5337,81.06,0.1502,0.3385,0.7222
S07075,6,1,1,87.8,29.75,28,2,0,0,55.5763,70.25,0.2186,0.5769,0.5423
S07076,5,1,1,92.51,44.18,25,6,0,0,63.373,55.82,0.284,0.7308,0.4188
S07077,7,0,0,76.28,35.05,15,0,1,1,39.4103,69.95,0.0587,0.0,0.7419
S07078,2,1,1,90.44,50.31,20,4,1,0,55.7327,54.69,0.2552,0.6538,0.4602
S07079,2,0,0,51.58,2.79,14,5,0,0,38.5525,97.21,0.2841,0.1923,0.8058
S07080,3,0,0,72.05,32.35,20,0,1,0,40.6844,72.65,0.0,0.0,0.7482
S07081,3,1,1,74.84,40.55,22,0,0,0,42.9868,59.45,0.0387,0.5,0.5623
S07082,8,1,1,75.35,39.27,17,4,1,0,47.9171,65.73,0.0458,0.6538,0.5318
S07083,6,0,0,93.44,59.2,29,0,1,0,54.5794,45.8,0.2969,0.0,0.5922
S07084,5,1,1,57.02,20.54,14,3,0,0,36.8823,79.46,0.2086,0.6154,0.6349
S07085,5,1,1,63.95,29.79,11,0,0,0,32.1054,70.21,0.1124,0.5,0.6435
S07086,8,1,1,70.73,40.7,23,0,0,0,41.9361,59.3,0.0183,0.5,0.5654
S07087,4,1,1,64.22,41.095,34,4,1,0,53.5498,63.905,0.1087,0.6538,0.5047
S07088,2,0,1,56.36,98.6678689830525,16,1,1,0,33.9586,6.3321,0.2178,0.3385,0.4218
S07089,2,0,1,64.85,20.63,8,5,1,0,40.3011,84.37,0.0999,0.4923,0.6734
S07090,3,1,0,68.32,48.67,22,2,1,0,44.225,56.33,0.0518,0.2769,0.6013
S07091,6,0,1,93.71,55.07,40,3,0,0,66.982,44.93,0.3006,0.4154,0.4414
S07092,4,0,0,56.7,44.44,28,3,0,0,45.0594,55.56,0.213,0.1154,0.6357
S07093,4,0,0,84.23,58.27,26,0,0,0,49.1157,41.73,0.169,0.0,0.595
S07094,4,0,1,91.08,56.67,23,0,0,0,50.0761,43.33,0.2641,0.3,0.5231
S07095,8,0,0,64.31,19.19,13,0,0,0,33.4359,80.81,0.1074,0.0,0.8062
S07096,8,0,1,75.9,40.42,22,0,1,0,43.4108,64.58,0.0534,0.3,0.6314
S07097,2,0,1,80.64,53.61,38,3,0,0,60.5676,46.39,0.1192,0.4154,0.4697
S07098,1,0,0,78.17,36.36,17,2,0,0,45.1989,63.64,0.0849,0.0769,0.6771
S07099,2,1,0,72.05,24.57,3,8,1,0,45.9843,80.43,0.0,0.5077,0.6338
S07100,7,1,1,61.82,41.095,19,5,0,0,45.6146,58.905,0.142,0.6923,0.5029
S07101,4,0,0,81.94,31.55,19,0,0,0,44.0472,68.45,0.1373,0.0,0.7196
S07102,7,0,1,66.38,17.78,15,2,1,0,39.2965,87.22,0.0787,0.3769,0.7171
S07103,6,0,0,72.43,29.82,21,4,0,0,49.1219,70.18,0.0053,0.1538,0.6703
S07104,5,1,1,74.64,46.86,27,0,0,0,45.8729,53.14,0.0359,0.5,0.527
S07105,3,1,1,84.84,58.98,21,4,1,0,54.0859,46.02,0.1775,0.6538,0.4313
S07106,3,1,0,100.0,75.49,34,9,0,0,77.4772,24.51,0.3879,0.5462,0.2903
S07107,2,1,1,60.93,30.32,17,1,0,0,36.3798,69.68,0.1543,0.5385,0.6168
S07108,5,0,1,72.79,21.5,4,1,0,0,33.412,78.5,0.0103,0.3385,0.7124
S07109,3,0,0,49.73,29.65,19,0,0,0,31.1632,70.35,0.3098,0.0,0.7723
S07110,3,0,0,94.22,52.75,27,0,0,0,53.7049,47.25,0.3077,0.0,0.601
S07111,1,0,1,72.66,18.51,13,1,0,1,38.6989,81.49,0.0085,0.3385,0.7059
S07112,7,0,1,67.5,16.1,15,2,0,0,39.7445,83.9,0.0632,0.3769,0.7023
S07113,8,1,1,72.78,28.2,24,5,1,1,52.9647,76.8,0.0101,0.6923,0.5487
S07114,4,0,1,73.54,53.15,23,3,2,0,48.8293,56.85,0.0207,0.4154,0.5526
S07115,5,1,1,61.02,33.85,22,4,0,1,45.1512,66.15,0.1531,0.6538,0.5431
S07116,8,0,1,89.82,46.48,32,4,0,0,62.6034,53.52,0.2466,0.4538,0.4815
S07117,5,0,1,81.67,46.19,17,2,1,0,46.5989,58.81,0.1335,0.3769,0.5779
S07118,5,1,0,83.76,45.77,3,2,1,0,39.1298,59.23,0.1625,0.2769,0.6307
S07119,4,0,0,72.05,27.22,20,0,0,0,40.6844,72.78,0.0,0.0,0.7487
S07120,5,0,1,60.99,37.72,24,1,1,1,40.5564,67.28,0.1535,0.3385,0.6425
S07121,5,0,1,70.3,40.33,20,4,0,0,47.6767,59.67,0.0243,0.4538,0.5584
S07122,6,1,0,84.0,58.28,32,1,0,0,54.5061,41.72,0.1659,0.2385,0.5165
S07123,5,0,0,72.05,40.21,17,2,0,0,42.7509,59.79,0.0,0.0769,0.6703
S07124,5,1,1,60.33,17.04,15,5,0,0,42.6457,82.96,0.1627,0.6923,0.6095
S07125,1,1,1,82.02,42.04,22,1,0,0,47.7819,57.96,0.1384,0.5385,0.53
S07126,8,1,1,57.42,37.94,22,6,0,0,47.5573,62.06,0.2031,0.7308,0.4991
S07127,8,0,1,62.08,29.51,12,0,0,0,31.9506,70.49,0.1384,0.3,0.6951
S07128,2,1,1,74.37,43.03,40,2,0,0,57.323,56.97,0.0322,0.5769,0.483
S07129,3,0,1,54.43,96.81389501065362,12,1,0,0,30.8137,3.1861,0.2446,0.3385,0.4203
S07130,8,1,0,57.55,46.2,24,4,0,0,44.9496,53.8,0.2012,0.3538,0.5694
S07131,3,0,0,95.28,58.82,27,2,0,0,57.9751,41.18,0.3224,0.0769,0.5426
S07132,7,0,1,92.49,57.34,40,3,0,0,66.494,42.66,0.2837,0.4154,0.4341
S07133,7,0,1,100.0,51.2,43,5,0,0,75.1239,48.8,0.3879,0.4923,0.4092
S07134,7,1,1,78.76,49.38,22,9,0,0,61.8625,50.62,0.0931,0.8462,0.3744
S07135,1,1,1,81.67,41.03,28,2,1,0,53.1243,63.97,0.1335,0.5769,0.5257
S07136,4,0,1,69.68,26.31,32,0,1,0,46.8551,78.69,0.0329,0.3,0.6758
S07137,5,0,0,66.74,96.15848380833216,23,0,0,0,40.3401,3.8415,0.0737,0.0,0.4742
S07138,7,1,1,85.08,23.56,20,7,0,0,59.3579,76.44,0.1808,0.7692,0.5057
S07139,2,1,1,92.43,49.54,30,3,0,0,60.5378,50.46,0.2829,0.6154,0.4361
S07140,3,1,1,83.8,51.72,21,5,1,0,55.593,53.28,0.1631,0.6923,0.4455
S07141,2,0,1,59.4,34.77,19,3,0,0,40.8004,65.23,0.1756,0.4154,0.6143
S07142,7,1,0,77.87,47.13,18,5,1,0,51.4414,57.87,0.0808,0.3923,0.5534
S07143,8,1,0,60.45,45.4,21,3,1,0,42.4069,59.6,0.161,0.3154,0.6111
S07144,2,0,1,67.13,20.27,6,0,0,0,30.4113,79.73,0.0683,0.3,0.7375
S07145,2,0,0,72.05,49.6,22,5,1,0,51.4862,55.4,0.0,0.1923,0.5933
S07146,3,0,1,54.01,97.936417300588,59,0,1,1,56.604,7.0636,0.2504,0.3,0.3551
S07147,8,0,0,100.0,54.46,31,5,0,0,68.0052,45.54,0.3879,0.1923,0.4961
S07148,4,1,1,80.24,45.25,13,6,0,0,51.3463,54.75,0.1137,0.7308,0.4566
S07149,3,0,1,65.01,38.86,13,5,1,0,43.3312,66.14,0.0977,0.4923,0.5898
S07150,3,0,1,73.02,53.7,29,3,0,0,52.1806,46.3,0.0135,0.4154,0.4987
S07151,5,0,0,61.73,41.095,26,1,1,0,42.0388,63.905,0.1432,0.0385,0.6989
S07152,4,1,0,63.8,28.57,0,4,0,0,33.2123,71.43,0.1145,0.3538,0.681
S07153,2,1,1,73.1,27.4,18,4,0,0,47.6103,72.6,0.0146,0.6538,0.5603
S07154,7,0,0,67.07,46.47,31,3,0,0,50.9871,53.53,0.0691,0.1154,0.6068
S07155,4,1,1,58.01,49.42,20,7,2,0,48.5299,60.58,0.1949,0.7692,0.4802
S07156,3,0,1,68.68,54.5,24,4,0,0,49.4016,45.5,0.0468,0.4538,0.4956
S07157,6,1,1,52.28,17.87,20,2,1,0,36.6226,87.13,0.2744,0.5769,0.6761
S07158,6,1,1,72.05,98.61186802920804,8,3,1,0,39.335,6.3881,0.0,0.6154,0.334
S07159,2,0,1,52.77,33.85,17,1,1,0,33.1158,71.15,0.2676,0.3385,0.6841
S07160,1,1,1,97.07,50.59,22,3,0,0,57.6481,49.41,0.3473,0.6154,0.442
S07161,1,0,1,78.08,56.23,25,2,0,0,49.9087,43.77,0.0837,0.3769,0.5062
S07162,7,1,1,80.94,50.89,22,7,0,0,58.8884,49.11,0.1234,0.7692,0.398
S07163,6,0,1,72.17,44.87,22,2,1,0,45.765,60.13,0.0017,0.3769,0.5861
S07164,7,1,1,79.59,29.26,16,6,0,0,52.866,70.74,0.1046,0.7308,0.5152
S07165,6,0,1,89.64,60.73,34,5,0,0,65.6409,39.27,0.2441,0.4923,0.4043
S07166,4,0,1,78.12,43.53,13,5,0,0,48.5752,56.47,0.0842,0.4923,0.5328
S07167,5,0,1,96.6,50.51,22,2,0,0,55.537,49.49,0.3407,0.3769,0.5094
S07168,6,1,0,71.44,27.91,28,3,1,0,50.9554,77.09,0.0085,0.3154,0.6512
S07169,4,0,0,80.98,61.26,28,0,1,0,49.0022,43.74,0.1239,0.0,0.6035
S07170,8,1,1,82.56,32.56,22,5,1,0,55.6902,72.44,0.1459,0.6923,0.5218
S07171,8,0,0,58.02,10.25,4,0,2,1,25.5809,99.75,0.1947,0.0,0.9095
S07172,7,1,1,72.64,44.86,22,4,1,0,49.7992,60.14,0.0082,0.6538,0.5028
S07173,8,0,0,44.38,31.48,7,2,1,0,25.7507,73.52,0.384,0.0769,0.7847
S07174,4,1,1,70.05,33.6,26,0,2,0,43.4437,76.4,0.0278,0.5,0.6285
S07175,1,1,1,67.81,26.11,17,1,0,0,39.1318,73.89,0.0588,0.5385,0.624
S07176,4,0,1,66.92,33.5,7,0,0,0,30.9205,66.5,0.0712,0.3,0.6828
S07177,6,0,0,65.89,49.75,9,5,0,0,41.3104,50.25,0.0855,0.1923,0.6083
S07178,7,1,1,79.68,41.095,22,5,1,0,54.5382,63.905,0.1059,0.6923,0.4917
S07179,4,0,1,58.71,42.2,19,1,1,0,36.6783,62.8,0.1851,0.3385,0.6382
S07180,3,0,1,99.9,54.47,23,1,0,0,55.5271,45.53,0.3865,0.3385,0.5032
S07181,4,0,0,80.51,39.51,19,5,0,0,53.0906,60.49,0.1174,0.1923,0.6081
S07182,7,1,1,59.96,33.41,24,3,0,0,43.9905,66.59,0.1678,0.6154,0.5585
S07183,1,1,1,81.71,47.07,35,4,0,0,61.139,52.93,0.1341,0.6538,0.4343
S07184,3,1,1,86.92,51.52,30,1,0,0,54.4877,48.48,0.2064,0.5385,0.4686
S07185,2,1,0,77.54,37.36,22,2,1,0,47.913,67.64,0.0762,0.2769,0.6336
S07186,7,0,1,56.91,25.99,12,1,0,0,31.8057,74.01,0.2101,0.3385,0.7001
S07187,4,0,1,100.0,52.26,37,3,0,0,67.7184,47.74,0.3879,0.4154,0.4501
S07188,1,0,1,81.59,42.37,23,1,0,0,48.2031,57.63,0.1324,0.3385,0.5772
S07189,3,0,1,53.29,31.84,23,2,0,0,38.8062,68.16,0.2604,0.3769,0.6426
S07190,1,0,1,72.05,47.96,31,0,0,0,47.2098,52.04,0.0,0.3,0.5679
S07191,4,1,1,68.7,45.41,25,2,1,0,46.1567,59.59,0.0465,0.5769,0.5326
S07192,8,0,1,72.1,67.18,18,3,0,0,45.2872,32.82,0.0007,0.4154,0.4689
S07193,5,0,1,54.09,40.51,13,2,1,0,33.194,64.49,0.2493,0.3769,0.6476
S07194,7,0,1,72.81,45.51,10,5,1,0,44.6716,59.49,0.0105,0.4923,0.5585
S07195,6,0,1,59.53,45.98,18,1,0,0,36.413,54.02,0.1738,0.3385,0.604
S07196,8,0,0,66.76,41.095,20,4,1,0,46.2607,63.905,0.0734,0.1538,0.6553
S07197,3,0,1,77.81,21.68,13,2,0,0,42.682,78.32,0.0799,0.3769,0.6697
S07198,8,0,1,64.85,97.35036652346382,39,0,0,0,49.0756,2.6496,0.0999,0.3,0.3638
S07199,2,0,1,67.64,98.46691900915452,25,0,0,0,41.8865,1.5331,0.0612,0.3,0.3845
S07200,4,1,0,84.3,38.28,20,3,0,0,51.3536,61.72,0.17,0.3154,0.5883
S07201,6,1,0,58.67,25.46,34,3,0,0,49.4067,74.54,0.1857,0.3154,0.6464
S07202,3,1,0,62.27,18.44,15,1,0,0,35.7294,81.56,0.1357,0.2385,0.7416
S07203,3,1,1,53.18,30.31,22,7,0,0,47.7844,69.69,0.2619,0.7692,0.5192
S07204,2,1,1,59.66,36.21,19,5,0,0,44.7506,63.79,0.172,0.6923,0.5255
S07205,1,0,1,73.94,39.35,19,3,2,0,46.6164,70.65,0.0262,0.4154,0.6156
S07206,5,1,0,81.59,39.86,23,2,0,0,50.1262,60.14,0.1324,0.2769,0.5959
S07207,8,0,1,59.91,43.99,30,0,1,0,41.7606,61.01,0.1685,0.3,0.6229
S07208,2,0,1,81.15,56.1,33,5,1,0,61.6517,48.9,0.1263,0.4923,0.4567
S07209,4,0,1,73.58,45.82,22,0,1,0,42.4828,59.18,0.0212,0.3,0.613
S07210,8,0,1,51.26,26.34,0,1,0,1,22.4271,73.66,0.2885,0.3385,0.7315
S07211,7,1,1,74.62,41.095,22,8,0,0,58.2835,58.905,0.0357,0.8077,0.4297
S07212,1,0,0,89.92,27.49,22,6,0,0,60.5573,72.51,0.248,0.2308,0.6204
S07213,5,1,1,43.62,29.69,17,7,1,1,40.9943,75.31,0.3946,0.7692,0.5655
S07214,2,1,0,100.0,41.095,27,3,0,0,61.7862,58.905,0.3879,0.3154,0.5405
S07215,2,0,1,62.84,50.48,14,1,0,0,35.3642,49.52,0.1278,0.3385,0.5897
S07216,2,0,1,47.26,34.24,8,1,1,1,25.5728,70.76,0.3441,0.3385,0.7089
S07217,5,0,1,74.08,48.03,31,0,0,0,48.0218,51.97,0.0282,0.3,0.5648
S07218,2,0,1,84.47,38.31,13,4,0,0,49.1922,61.69,0.1724,0.4538,0.5611
S07219,3,1,1,67.79,19.01,27,4,0,0,50.8253,80.99,0.0591,0.6538,0.5826
S07220,2,1,1,76.67,32.67,27,13,1,0,71.6849,72.33,0.0641,1.0,0.3884
S07221,3,1,1,100.0,51.23,32,5,0,0,68.5984,48.77,0.3879,0.6923,0.3819
S07222,6,0,1,75.08,43.75,20,0,0,1,41.8964,56.25,0.0421,0.3,0.6034
S07223,4,1,1,100.0,54.12,36,4,0,0,69.0482,45.88,0.3879,0.6538,0.3784
S07224,3,1,1,90.97,64.12,22,5,0,0,59.0542,35.88,0.2626,0.6923,0.3638
S07225,5,0,1,72.77,32.72,19,0,1,0,40.3792,72.28,0.01,0.3,0.6728
S07226,5,0,1,76.37,66.2,25,0,1,1,45.3785,38.8,0.06,0.3,0.5214
S07227,1,0,1,67.21,41.095,22,5,1,0,49.5502,63.905,0.0672,0.4923,0.5591
S07228,8,0,1,75.74,43.43,22,0,2,0,43.3468,66.57,0.0512,0.3,0.6396
S07229,8,1,1,80.42,45.56,29,9,1,0,66.6791,59.44,0.1162,0.8462,0.3928
S07230,5,1,0,65.94,32.73,19,4,1,1,45.3395,72.27,0.0848,0.3538,0.6419
S07231,5,0,1,51.3,26.36,13,2,0,0,32.078,73.64,0.288,0.3769,0.6881
S07232,6,1,1,91.82,37.2,17,5,1,0,56.4281,67.8,0.2744,0.6923,0.5006
S07233,4,0,0,86.6,44.31,14,3,1,0,48.7143,60.69,0.2019,0.1154,0.6434
S07234,3,0,1,50.74,21.23,17,6,1,0,41.9192,83.77,0.2958,0.5308,0.6557
S07235,3,1,1,74.56,38.5,22,6,1,0,54.4133,66.5,0.0348,0.7308,0.4929
S07236,2,1,1,87.41,41.095,36,3,0,0,62.0892,58.905,0.2132,0.6154,0.4645
S07237,7,1,1,85.86,45.28,19,1,0,0,47.5383,54.72,0.1917,0.5385,0.5179
S07238,3,0,1,61.59,30.96,23,6,1,0,49.8185,74.04,0.1452,0.5308,0.5891
S07239,3,1,1,86.73,60.05,23,4,0,0,56.0284,39.95,0.2037,0.6538,0.4003
S07240,8,1,1,72.23,20.5,18,1,0,0,41.493,79.5,0.0025,0.5385,0.6381
S07241,5,1,1,77.83,44.33,17,0,1,0,41.2167,60.67,0.0802,0.5,0.5734
S07242,5,0,1,58.21,50.92,21,3,1,0,41.5109,54.08,0.1921,0.4154,0.5672
S07243,2,0,1,8.14,16.76,5,0,1,1,6.2221,88.24,0.887,0.3,0.8562
S07244,3,1,1,60.34,21.06,16,8,0,0,49.0121,78.94,0.1625,0.8077,0.5423
S07245,6,1,0,80.05,39.86,30,8,1,0,65.2012,65.14,0.111,0.5077,0.5054
S07246,4,1,1,68.92,37.01,21,4,0,0,47.7179,62.99,0.0434,0.6538,0.5215
S07247,2,0,1,81.75,28.71,15,6,0,0,53.1368,71.29,0.1346,0.5308,0.5665
S07248,7,1,1,88.59,43.91,31,7,0,0,67.2874,56.09,0.2296,0.7692,0.3966
S07249,4,0,0,67.04,21.03,18,1,0,0,39.417,78.97,0.0695,0.0385,0.7683
S07250,6,0,1,65.57,32.96,0,6,0,0,37.7665,67.04,0.0899,0.5308,0.6033
S07251,3,0,1,39.2,29.93,7,0,4,0,19.8325,90.07,0.4559,0.3,0.8159
S07252,5,0,0,48.78,13.15,1,4,1,0,27.7975,91.85,0.323,0.1538,0.8317
S07253,7,1,1,51.9,19.77,5,4,0,0,31.4184,80.23,0.2797,0.6538,0.6475
S07254,8,0,0,80.35,33.94,23,1,0,0,47.7071,66.06,0.1152,0.0385,0.6876
S07255,2,0,1,67.19,42.48,20,1,0,0,40.6635,57.52,0.0675,0.3385,0.6031
S07256,6,1,0,63.99,24.88,13,7,0,0,46.7694,75.12,0.1119,0.4692,0.6195
S07257,8,1,1,62.27,26.89,23,6,0,0,50.0905,73.11,0.1357,0.7308,0.5344
S07258,6,0,1,60.32,39.84,17,0,0,0,34.2127,60.16,0.1628,0.3,0.6459
S07259,2,0,1,72.05,58.23,24,2,0,0,46.9034,41.77,0.0,0.3769,0.5087
S07260,2,1,1,73.4,42.0,23,5,0,0,52.6195,58.0,0.0187,0.6923,0.4748
S07261,2,0,1,86.87,36.46,37,2,0,0,60.5433,63.54,0.2057,0.3769,0.548
S07262,1,0,0,39.1,26.77,22,5,2,1,38.3062,83.23,0.4573,0.1923,0.7508
S07263,7,0,1,79.99,33.92,36,1,0,0,55.275,66.08,0.1102,0.3385,0.5862
S07264,8,0,1,64.74,20.81,15,4,0,0,42.4866,79.19,0.1015,0.4538,0.6546
S07265,5,1,1,67.78,30.68,15,4,1,0,43.7026,74.32,0.0593,0.6538,0.5809
S07266,5,0,0,92.29,53.15,27,0,2,0,52.9329,56.85,0.2809,0.0,0.6421
S07267,7,0,1,66.15,41.095,13,0,0,0,34.1719,58.905,0.0819,0.3,0.641
S07268,4,0,1,79.38,53.23,17,3,0,0,47.606,46.77,0.1017,0.4154,0.5166
S07269,4,0,1,56.73,37.17,24,1,1,0,38.8524,67.83,0.2126,0.3385,0.6507
S07270,5,0,1,72.54,41.43,24,2,0,0,47.0994,58.57,0.0068,0.3769,0.5752
S07271,3,1,1,48.13,5.84,0,5,0,0,28.8674,94.16,0.332,0.6923,0.7025
S07272,1,0,1,71.14,55.78,28,4,0,0,52.7585,44.22,0.0126,0.4538,0.4788
S07273,5,0,1,77.78,44.1,29,2,0,0,52.1615,55.9,0.0795,0.3769,0.5468
S07274,7,0,1,88.6,33.74,17,1,0,0,47.4478,66.26,0.2297,0.3385,0.6143
S07275,1,1,1,59.73,26.91,19,0,1,0,35.1632,78.09,0.171,0.5,0.6643
S07276,2,0,0,64.07,51.9,25,0,1,0,40.4585,53.1,0.1108,0.0,0.6708
S07277,3,1,1,62.34,30.43,6,3,1,0,34.2646,74.57,0.1348,0.6154,0.6245
S07278,7,1,0,68.19,36.64,23,7,0,0,54.3816,63.36,0.0536,0.4692,0.5458
S07279,5,0,1,57.54,23.51,12,2,1,0,33.9808,81.49,0.2014,0.3769,0.7128
S07280,5,1,0,39.64,99.68104306403796,56,4,1,0,56.7686,5.319,0.4498,0.3538,0.3341
S07281,6,0,1,56.36,12.86,9,0,2,0,27.883,97.14,0.2178,0.3,0.816
S07282,3,1,0,71.27,44.97,30,2,0,0,50.1508,55.03,0.0108,0.2769,0.5754
S07283,6,1,1,69.78,33.0,20,1,0,0,41.6995,67.0,0.0315,0.5385,0.5874
S07284,1,0,1,80.28,28.01,20,5,1,0,53.5918,76.99,0.1142,0.4923,0.5973
S07285,1,1,1,84.63,40.85,21,5,0,0,55.925,59.15,0.1746,0.6923,0.4678
S07286,7,0,1,65.26,24.93,27,2,1,0,45.9671,80.07,0.0942,0.3769,0.6652
S07287,6,0,1,48.21,17.34,8,0,1,1,24.0298,87.66,0.3309,0.3,0.7915
S07288,2,1,1,78.05,25.7,33,0,0,0,50.7963,74.3,0.0833,0.5,0.5944
S07289,4,1,1,71.85,34.1,24,5,0,0,52.5927,65.9,0.0028,0.6923,0.5065
S07290,1,0,0,68.12,20.05,10,2,1,0,37.0264,84.95,0.0545,0.0769,0.791
S07291,6,1,1,90.31,49.86,29,0,1,0,53.3274,55.14,0.2534,0.5,0.5089
S07292,7,1,1,78.76,42.12,25,6,1,0,57.873,62.88,0.0931,0.7308,0.4663
S07293,3,0,1,73.84,38.05,22,2,0,0,46.433,61.95,0.0248,0.3769,0.5911
S07294,3,1,1,74.46,53.2,23,1,0,0,45.3511,46.8,0.0334,0.5385,0.4938
S07295,2,1,1,84.75,61.63,31,7,0,0,65.7514,38.37,0.1763,0.7692,0.3311
S07296,4,1,1,61.66,34.86,28,4,2,1,48.9665,75.14,0.1442,0.6538,0.5657
S07297,3,1,0,58.8,36.48,26,0,1,0,38.9437,68.52,0.1839,0.2,0.6878
S07298,2,0,0,68.49,37.25,40,2,0,0,54.971,62.75,0.0494,0.0769,0.6394
S07299,4,0,1,54.33,27.87,16,3,2,1,36.9928,82.13,0.2459,0.4154,0.6952
S07300,7,0,1,71.32,55.58,27,1,0,0,46.468,44.42,0.0101,0.3385,0.5304
S07301,7,0,0,73.45,29.14,18,3,0,1,45.8272,70.86,0.0194,0.1154,0.6942
S07302,3,0,1,70.97,66.45,37,0,1,0,50.3372,38.55,0.015,0.3,0.503
S07303,8,1,1,66.58,13.23,13,0,0,0,34.3439,86.77,0.0759,0.5,0.7019
S07304,2,0,1,96.8,63.36,46,6,0,0,77.5466,36.64,0.3435,0.5308,0.3424
S07305,8,1,0,86.11,46.4,41,4,0,0,66.4583,53.6,0.1951,0.3538,0.4933
S07306,3,0,1,70.54,96.5791753636947,16,2,0,0,41.5537,3.4208,0.021,0.3769,0.374
S07307,5,0,1,73.4,54.15,31,0,1,0,47.7498,50.85,0.0187,0.3,0.5613
S07308,2,1,0,92.65,54.81,34,2,0,0,61.0756,45.19,0.2859,0.2769,0.4978
S07309,7,1,0,63.23,37.52,16,4,1,0,42.4758,67.48,0.1224,0.3538,0.6328
S07310,3,0,1,57.52,23.32,16,3,1,0,38.2688,81.68,0.2017,0.4154,0.6889
S07311,7,1,1,75.4,99.81447158375865,26,1,0,0,47.5068,0.1855,0.0465,0.5385,0.2998
S07312,1,0,0,78.21,40.78,28,2,0,1,51.7403,59.22,0.0855,0.0769,0.6366
S07313,5,0,1,79.33,59.77,37,2,0,0,57.5273,40.23,0.101,0.3769,0.4653
S07314,2,0,0,84.42,44.3,31,1,0,0,54.0809,55.7,0.1717,0.0385,0.6239
S07315,8,1,1,61.01,39.92,12,3,0,0,37.2919,60.08,0.1532,0.6154,0.5559
S07316,4,0,1,50.87,34.88,21,4,1,1,40.4979,70.12,0.294,0.4538,0.6253
S07317,6,1,0,72.05,42.97,5,2,0,0,35.6323,57.03,0.0,0.2769,0.6342
S07318,8,0,1,80.73,47.38,22,3,0,0,51.1121,52.62,0.1205,0.4154,0.5277
S07319,5,0,1,58.17,42.06,15,0,0,0,32.1663,57.94,0.1926,0.3,0.6442
S07320,1,1,1,42.99,29.02,17,6,1,0,38.8192,75.98,0.4033,0.7308,0.5854
S07321,2,0,0,74.16,57.15,22,4,0,0,50.4072,42.85,0.0293,0.1538,0.5565
S07322,2,0,1,63.49,36.84,21,0,0,0,37.8536,63.16,0.1188,0.3,0.6452
S07323,8,0,1,46.09,96.7741100060823,10,2,1,1,28.2144,8.2259,0.3603,0.3769,0.4399
S07324,8,0,1,73.12,41.095,17,1,0,0,41.2558,58.905,0.0149,0.3385,0.6066
S07325,4,0,1,66.21,40.87,27,6,0,0,54.0394,59.13,0.0811,0.5308,0.5147
S07326,8,0,0,97.14,38.27,30,2,0,0,60.4988,61.73,0.3482,0.0769,0.6159
S07327,2,1,0,73.33,42.74,19,1,0,0,42.5263,57.26,0.0178,0.2385,0.6206
S07328,6,0,0,80.79,62.29,33,2,0,0,55.7384,37.71,0.1213,0.0769,0.5365
S07329,4,0,1,71.74,45.4,32,0,0,0,47.6791,54.6,0.0043,0.3,0.5765
S07330,2,1,1,63.04,31.03,12,5,1,0,41.95,73.97,0.1251,0.6923,0.576
S07331,3,0,1,64.69,24.82,8,3,0,0,36.391,75.18,0.1022,0.4154,0.6695
S07332,4,1,1,88.21,42.98,27,1,0,0,53.224,57.02,0.2243,0.5385,0.5072
S07333,3,1,1,83.22,33.29,17,4,0,0,51.0651,66.71,0.155,0.6538,0.5247
S07334,2,0,1,49.67,19.73,4,3,0,1,28.0101,80.27,0.3106,0.4154,0.7192
S07335,3,0,1,53.27,11.04,7,4,2,0,33.1529,98.96,0.2607,0.4538,0.7664
S07336,2,0,1,54.1,13.97,24,1,3,0,37.8004,100.0,0.2491,0.3385,0.7831
S07337,8,0,1,87.9,50.87,33,4,0,0,62.4286,49.13,0.22,0.4538,0.4646
S07338,4,0,1,46.03,42.89,33,0,2,0,37.9883,67.11,0.3611,0.3,0.6605
S07339,1,1,1,83.8,28.86,22,3,0,0,52.3401,71.14,0.1631,0.6154,0.5475
S07340,5,1,1,77.98,70.98,35,3,0,0,57.7239,29.02,0.0823,0.6154,0.3602
S07341,8,0,1,74.2,52.15,27,0,0,0,45.6969,47.85,0.0298,0.3,0.5565
S07342,3,1,0,64.91,35.72,15,3,0,0,40.6315,64.28,0.0991,0.3154,0.6361
S07343,7,0,1,89.83,65.69,28,0,0,0,52.5422,34.31,0.2468,0.3,0.4783
S07344,5,1,0,73.7,34.88,19,4,0,0,48.4435,65.12,0.0229,0.3538,0.6025
S07345,6,1,1,50.34,28.98,17,2,1,0,34.0669,76.02,0.3013,0.5769,0.6406
S07346,3,0,0,53.83,17.65,24,0,1,1,35.7693,87.35,0.2529,0.0,0.8242
S07347,1,0,1,47.33,25.56,11,3,0,0,31.2267,74.44,0.3431,0.4154,0.6846
S07348,3,0,0,90.01,59.92,36,4,1,0,65.0522,45.08,0.2493,0.1538,0.5142
S07349,8,1,0,93.36,54.65,40,4,0,0,68.7651,45.35,0.2958,0.3538,0.4523
S07350,7,0,1,88.29,53.06,40,2,0,0,62.891,46.94,0.2254,0.3769,0.4734
S07351,7,1,1,69.85,22.3,12,5,0,0,44.674,77.7,0.0305,0.6923,0.5814
S07352,8,0,1,50.6,42.45,14,3,1,0,34.3143,62.55,0.2977,0.4154,0.6262
S07353,3,0,1,56.19,96.14108854206646,22,6,1,0,47.0653,8.8589,0.2201,0.5308,0.338
S07354,3,1,0,57.17,41.095,8,3,0,0,33.383,58.905,0.2065,0.3154,0.6399
S07355,8,0,0,71.31,26.64,12,2,0,0,39.4888,73.36,0.0103,0.0769,0.736
S07356,5,0,1,92.81,35.28,30,1,1,0,56.8437,69.72,0.2881,0.3385,0.5953
S07357,3,1,1,92.75,48.43,27,3,0,0,58.8862,51.57,0.2873,0.6154,0.4463
S07358,3,0,1,64.67,32.96,18,2,0,0,40.3921,67.04,0.1024,0.3769,0.6326
S07359,8,1,1,38.45,19.94,7,1,1,0,21.4556,85.06,0.4663,0.5385,0.7305
S07360,1,1,1,54.5,31.64,22,5,1,0,44.4662,73.36,0.2436,0.6923,0.5647
S07361,1,0,1,89.83,64.05,25,4,0,0,58.4548,35.95,0.2468,0.4538,0.4258
S07362,6,0,0,75.47,50.73,28,6,1,0,58.3366,54.27,0.0475,0.2308,0.5552
S07363,1,0,1,66.67,39.93,25,3,0,0,47.2677,60.07,0.0747,0.4154,0.571
S07364,2,1,0,65.62,26.76,7,0,0,0,30.4005,73.24,0.0892,0.2,0.7366
S07365,8,1,1,60.74,64.86,30,5,0,0,51.708,35.14,0.157,0.6923,0.3865
S07366,4,1,1,53.94,29.07,21,1,1,0,35.9567,75.93,0.2514,0.5385,0.6432
S07367,6,1,1,100.0,55.97,34,1,0,0,62.0926,44.03,0.3879,0.5385,0.4242
S07368,4,0,1,97.78,55.11,40,4,0,0,70.5331,44.89,0.3571,0.4538,0.4192
S07369,1,0,1,59.67,44.71,18,0,1,0,34.546,60.29,0.1718,0.3,0.6452
S07370,2,0,0,45.69,29.11,20,5,1,0,39.7558,75.89,0.3659,0.1923,0.7163
S07371,7,1,1,74.54,41.095,8,6,0,0,46.1002,58.905,0.0346,0.7308,0.4916
S07372,1,0,1,69.79,46.95,28,3,1,0,50.2954,58.05,0.0314,0.4154,0.5523
S07373,5,0,1,81.42,52.66,27,6,0,0,60.1234,47.34,0.13,0.5308,0.4462
S07374,3,0,1,84.82,42.03,29,0,0,0,51.1314,57.97,0.1772,0.3,0.5779
S07375,3,0,1,54.45,31.9,9,4,0,0,34.8113,68.1,0.2443,0.4538,0.6371
S07376,8,0,1,72.05,71.99,28,6,0,0,56.9686,28.01,0.0,0.5308,0.3799
S07377,5,0,1,66.7,41.095,19,0,2,0,37.9512,68.905,0.0743,0.3,0.6678
S07378,5,1,0,81.12,52.77,22,0,0,0,45.4988,47.23,0.1259,0.2,0.5797
S07379,3,1,1,68.08,40.82,24,4,2,1,49.1616,69.18,0.0551,0.6538,0.5412
S07380,4,0,1,85.84,55.41,40,5,1,0,67.6802,49.59,0.1914,0.4923,0.4384
S07381,6,1,1,36.57,26.08,0,3,1,0,20.3972,78.92,0.4924,0.6154,0.6904
S07382,1,0,1,83.08,30.65,30,0,0,0,51.0286,69.35,0.1531,0.3,0.6238
S07383,2,1,1,59.52,29.71,15,2,1,0,36.5525,75.29,0.1739,0.5769,0.629
S07384,5,0,1,73.1,31.44,19,3,0,0,46.2804,68.56,0.0146,0.4154,0.6084
S07385,5,1,0,90.67,41.095,30,3,0,0,59.8338,58.905,0.2584,0.3154,0.5474
S07386,1,0,1,59.95,37.19,19,5,0,0,44.8666,62.81,0.1679,0.4923,0.5711
S07387,7,0,1,57.6,95.1924727547624,19,4,0,0,42.0035,4.8075,0.2006,0.4538,0.3588
S07388,5,1,1,66.42,23.95,11,1,1,0,35.0165,81.05,0.0781,0.5385,0.667
S07389,2,1,1,65.47,23.96,29,0,0,0,43.3914,76.04,0.0913,0.5,0.6273
S07390,7,1,0,72.05,41.88,17,2,2,1,42.7509,68.12,0.0,0.2769,0.6536
S07391,8,0,1,73.59,41.095,28,0,0,0,46.0462,58.905,0.0214,0.3,0.5995
S07392,4,0,0,74.37,44.2,33,0,0,0,49.3243,55.8,0.0322,0.0,0.6506
S07393,3,1,1,78.94,26.88,10,5,0,0,47.1236,73.12,0.0956,0.6923,0.5545
S07394,3,0,1,59.71,38.71,22,2,1,0,40.781,66.29,0.1713,0.3769,0.6282
S07395,5,0,1,57.84,22.87,16,3,1,0,38.3968,82.13,0.1972,0.4154,0.6903
S07396,1,0,1,70.22,37.87,30,1,0,1,47.8077,62.13,0.0254,0.3385,0.5966
S07397,4,0,1,68.32,43.64,15,2,1,0,40.0725,61.36,0.0518,0.3769,0.611
S07398,1,0,0,68.61,47.65,29,0,1,0,44.6474,57.35,0.0477,0.0,0.6731
S07399,1,0,1,61.39,34.1,10,5,0,0,40.1036,65.9,0.148,0.4923,0.6002
S07400,4,1,1,76.95,54.5,27,3,1,0,52.5662,50.5,0.068,0.6154,0.4642
S07401,6,1,1,57.86,22.05,20,4,0,0,42.7007,77.95,0.1969,0.6538,0.5989
S07402,8,1,1,70.17,47.66,21,7,1,0,53.9872,57.34,0.0261,0.7692,0.4481
S07403,1,1,1,67.4,42.5,13,1,0,0,36.5949,57.5,0.0645,0.5385,0.5673
S07404,2,0,1,71.5,49.98,19,1,0,0,41.7943,50.02,0.0076,0.3385,0.5692
S07405,4,1,1,89.78,57.7,36,2,0,0,61.1141,42.3,0.2461,0.5769,0.4111
S07406,5,1,1,52.28,96.9527033797981,27,5,1,0,46.5443,8.0473,0.2744,0.6923,0.2962
S07407,8,0,1,36.13,32.93,25,3,1,1,35.0517,72.07,0.4985,0.4154,0.6617
S07408,6,0,1,63.09,48.02,23,4,0,0,46.5724,51.98,0.1244,0.4538,0.5315
S07409,5,1,1,54.73,31.32,18,6,2,0,44.1084,78.68,0.2404,0.7308,0.5776
S07410,1,1,1,26.81,24.84,10,6,1,0,28.1947,80.16,0.6279,0.7308,0.6393
S07411,1,1,1,98.2,30.44,47,3,0,0,72.9306,69.56,0.3629,0.6154,0.4691
S07412,2,1,0,80.4,29.94,30,4,0,0,57.6489,70.06,0.1159,0.3538,0.59
S07413,6,1,0,82.01,56.45,27,5,1,0,58.4363,48.55,0.1382,0.3923,0.4916
S07414,3,1,0,67.72,40.07,19,6,1,0,49.8976,64.93,0.0601,0.4308,0.5774
S07415,2,1,1,78.31,47.19,23,1,1,1,46.8911,57.81,0.0869,0.5385,0.5325
S07416,6,1,1,65.66,33.31,22,0,0,0,39.3148,66.69,0.0887,0.5,0.6042
S07417,7,1,0,84.21,27.04,21,9,1,0,63.4493,77.96,0.1688,0.5462,0.5532
S07418,4,0,1,74.84,50.98,18,0,0,0,40.614,49.02,0.0387,0.3,0.5789
S07419,8,1,1,71.45,46.81,22,4,2,0,49.3232,63.19,0.0083,0.6538,0.5167
S07420,6,0,1,72.05,51.12,19,0,0,0,40.0912,48.88,0.0,0.3,0.5802
S07421,6,0,1,93.98,34.43,35,0,1,0,58.3547,70.57,0.3044,0.3,0.603
S07422,7,0,1,74.51,54.73,29,1,0,0,48.9305,45.27,0.0341,0.3385,0.5252
S07423,2,0,1,56.56,41.71,19,1,0,0,35.8183,58.29,0.215,0.3385,0.6232
S07424,7,0,1,77.04,50.55,28,3,0,0,53.1954,49.45,0.0693,0.4154,0.5078
S07425,8,0,0,79.34,98.77988272471391,26,1,1,0,49.0828,6.2201,0.1012,0.0385,0.4435
S07426,8,0,0,69.83,21.53,0,1,0,0,29.8551,78.47,0.0308,0.0385,0.7998
S07427,5,1,1,71.22,41.66,15,2,0,0,41.2325,58.34,0.0115,0.5769,0.5448
S07428,7,1,0,56.01,29.08,22,3,0,0,41.2241,70.92,0.2226,0.3154,0.6605
S07429,8,1,1,73.46,44.54,16,6,1,0,50.414,60.46,0.0196,0.7308,0.4827
S07430,7,0,0,53.78,41.095,23,3,1,0,40.9253,63.905,0.2536,0.1154,0.6835
S07431,8,0,1,68.24,41.095,28,1,0,0,45.8292,58.905,0.0529,0.3385,0.5906
S07432,7,1,0,61.96,24.79,17,0,1,0,34.8687,80.21,0.14,0.2,0.7488
S07433,4,0,0,86.74,45.97,23,2,0,0,52.1862,54.03,0.2039,0.0769,0.6142
S07434,6,1,1,95.25,53.98,31,1,0,0,58.4129,46.02,0.322,0.5385,0.445
S07435,4,1,1,54.84,42.52,16,10,0,0,50.6583,57.48,0.2389,0.8846,0.4315
S07436,7,0,1,71.93,43.56,27,4,0,0,52.4813,56.44,0.0017,0.4538,0.5286
S07437,7,0,1,67.34,0.0,2,4,0,1,35.8147,100.0,0.0654,0.4538,0.7612
S07438,8,0,1,78.97,66.1,19,0,0,0,42.8592,33.9,0.096,0.3,0.5106
S07439,5,0,1,73.44,31.05,15,5,0,0,47.8897,68.95,0.0193,0.4923,0.5851
S07440,4,0,1,66.19,9.92,0,3,1,0,32.2452,95.08,0.0813,0.4154,0.7636
S07441,2,1,1,73.41,49.73,19,0,0,0,40.6352,50.27,0.0189,0.5,0.5339
S07442,6,1,0,68.78,40.66,9,5,0,1,42.4664,59.34,0.0454,0.3923,0.5907
S07443,5,0,1,95.84,49.09,22,0,0,0,51.3868,50.91,0.3302,0.3,0.5488
S07444,5,0,0,60.1,18.88,14,4,0,0,40.0374,81.12,0.1659,0.1538,0.7459
S07445,6,0,1,75.86,46.47,27,0,0,0,46.3609,53.53,0.0529,0.3,0.5769
S07446,7,0,1,79.64,39.38,23,1,1,1,47.4231,65.62,0.1053,0.3385,0.6119
S07447,2,1,1,78.58,37.39,11,3,0,0,43.7267,62.61,0.0906,0.6154,0.5435
S07448,4,1,0,72.05,41.095,24,2,2,0,46.9034,68.905,0.0,0.2769,0.6422
S07449,6,1,1,92.52,42.39,49,4,1,0,73.7681,62.61,0.2841,0.6538,0.4288
S07450,7,0,1,40.67,20.61,20,2,0,1,31.9786,79.39,0.4355,0.3769,0.7114
S07451,7,0,1,55.59,28.64,22,1,2,0,37.2099,81.36,0.2285,0.3385,0.7106
S07452,7,1,1,81.95,43.91,24,1,0,0,48.9404,56.09,0.1374,0.5385,0.5184
S07453,7,1,1,58.8,30.76,14,2,0,0,35.6712,69.24,0.1839,0.5769,0.6079
S07454,8,1,1,57.92,13.26,13,4,2,0,38.5722,96.74,0.1961,0.6538,0.6885
S07455,5,0,1,64.99,30.8,22,2,3,0,42.893,84.2,0.098,0.3769,0.6924
S07456,2,1,0,60.22,95.22423786292582,9,6,1,0,40.9654,9.7758,0.1642,0.4308,0.388
S07457,5,0,1,81.56,99.52770410777995,28,2,0,0,53.0803,0.4723,0.132,0.3769,0.3219
S07458,6,0,1,85.57,55.67,22,4,0,0,54.9712,44.33,0.1876,0.4538,0.4715
S07459,1,1,1,73.32,40.9,9,3,0,0,40.4362,59.1,0.0176,0.6154,0.541
S07460,7,0,0,87.82,74.39,23,3,0,0,54.5413,25.61,0.2189,0.1154,0.4827
S07461,5,1,1,51.2,22.28,25,1,0,0,37.2336,77.72,0.2894,0.5385,0.6459
S07462,8,0,1,73.14,50.44,24,0,0,0,43.4933,49.56,0.0151,0.3,0.571
S07463,2,0,1,92.22,40.79,1,3,0,0,43.2505,59.21,0.2799,0.4154,0.5816
S07464,8,0,0,86.65,42.48,22,1,1,0,49.6339,62.52,0.2026,0.0385,0.6667
S07465,4,1,1,93.54,59.43,37,5,0,0,68.9805,40.57,0.2983,0.6923,0.3478
S07466,5,1,0,63.15,45.56,22,5,0,0,47.9262,54.44,0.1235,0.3923,0.5519
S07467,6,0,0,85.76,47.42,32,1,1,0,55.2101,57.58,0.1903,0.0385,0.6275
S07468,5,0,1,65.6,45.04,17,3,1,0,42.094,59.96,0.0895,0.4154,0.5887
S07469,8,0,1,80.93,48.88,27,0,0,0,48.3889,51.12,0.1232,0.3,0.5601
S07470,2,0,1,91.66,41.095,30,1,0,0,56.3837,58.905,0.2722,0.3385,0.5537
S07471,6,1,1,60.09,54.2,13,3,0,0,37.5171,45.8,0.166,0.6154,0.498
S07472,8,0,1,44.16,17.19,17,5,1,0,37.3641,87.81,0.3871,0.4923,0.6974
S07473,2,0,1,99.71,97.05510786338876,45,6,0,0,78.1174,2.9449,0.3839,0.5308,0.2057
S07474,3,0,1,79.32,56.87,28,3,0,0,54.1074,43.13,0.1009,0.4154,0.4793
S07475,4,1,1,70.39,44.26,23,5,0,0,51.4155,55.74,0.023,0.6923,0.4699
S07476,6,1,1,69.57,32.58,15,2,0,0,40.5725,67.42,0.0344,0.5769,0.5835
S07477,8,1,1,40.56,28.22,19,0,0,1,27.4952,71.78,0.4371,0.5,0.6659
S07478,7,1,1,75.13,25.95,19,3,1,0,47.0924,79.05,0.0427,0.6154,0.5975
S07479,7,1,1,64.04,28.94,24,0,1,0,39.8533,76.06,0.1112,0.5,0.6398
S07480,4,0,1,72.79,52.22,29,2,1,0,50.1655,52.78,0.0103,0.3769,0.5413
S07481,6,1,0,72.45,38.41,30,5,0,0,56.392,61.59,0.0056,0.3923,0.5509
S07482,2,1,1,21.33,41.095,12,4,2,1,23.343,68.905,0.704,0.6538,0.6305
S07483,4,0,1,79.35,52.07,33,2,2,0,55.1624,57.93,0.1013,0.3769,0.5444
S07484,2,1,0,74.83,31.59,13,4,0,0,45.3362,68.41,0.0386,0.3538,0.6265
S07485,1,1,1,76.85,44.28,17,0,0,0,40.8247,55.72,0.0666,0.5,0.555
S07486,7,1,1,69.25,51.59,10,3,0,0,39.4014,48.41,0.0389,0.6154,0.5019
S07487,7,0,1,72.73,33.46,11,1,0,0,37.5405,66.54,0.0094,0.3385,0.6501
S07488,5,0,1,74.59,43.58,36,0,0,0,51.1919,56.42,0.0353,0.3,0.5715
S07489,1,1,1,76.11,28.08,16,7,0,0,53.3971,71.92,0.0563,0.7692,0.5085
S07490,1,0,1,79.13,31.76,16,1,0,0,43.0666,68.24,0.0983,0.3385,0.6376
S07491,1,0,1,76.24,37.91,23,4,0,0,51.8324,62.09,0.0582,0.4538,0.5535
S07492,6,0,1,99.75,38.05,26,3,0,0,61.093,61.95,0.3845,0.4154,0.5301
S07493,2,0,1,61.11,52.65,22,1,1,0,39.4179,52.35,0.1518,0.3385,0.5868
S07494,3,1,1,66.38,32.5,18,8,1,0,52.6146,72.5,0.0787,0.8077,0.5039
S07495,7,1,0,97.39,61.99,35,4,0,0,67.411,38.01,0.3517,0.3538,0.4277
S07496,8,1,1,69.68,39.56,15,4,0,0,44.4626,60.44,0.0329,0.6538,0.5227
S07497,7,0,1,85.97,46.3,14,1,0,0,44.6162,53.7,0.1932,0.3385,0.574
S07498,3,0,1,74.03,35.82,17,1,1,0,41.6198,69.18,0.0275,0.3385,0.6464
S07499,5,0,1,68.58,43.7,15,2,2,0,40.1765,66.3,0.0482,0.3769,0.6304
S07500,2,0,1,86.79,55.49,22,2,1,0,51.613,49.51,0.2046,0.3769,0.5232
S07501,7,1,1,79.78,40.37,12,0,0,0,39.0306,59.63,0.1073,0.5,0.5769
S07502,1,0,1,48.99,15.1,15,8,0,1,43.8789,84.9,0.3201,0.6077,0.6341
S07503,6,0,1,74.6,53.01,22,1,0,0,44.8139,46.99,0.0354,0.3385,0.5465
S07504,5,1,1,57.07,19.76,5,7,2,0,39.2556,90.24,0.2079,0.7692,0.6313
S07505,7,1,1,91.07,61.41,30,5,0,0,63.84,38.59,0.264,0.6923,0.3578
S07506,4,0,1,98.3,62.91,22,0,0,0,52.3708,37.09,0.3643,0.3,0.4901
S07507,2,1,1,100.0,52.05,42,8,0,0,80.2999,47.95,0.3879,0.8077,0.3088
S07508,7,0,0,72.05,37.16,5,5,0,0,41.4015,62.84,0.0,0.1923,0.6584
S07509,6,1,1,65.08,28.18,14,4,0,0,42.0294,71.82,0.0967,0.6538,0.5767
S07510,4,1,1,76.83,31.99,13,3,1,1,44.2131,73.01,0.0663,0.6154,0.5834
S07511,3,0,1,57.9,42.9,12,2,1,0,34.1248,62.1,0.1964,0.3769,0.6347
S07512,3,0,0,100.0,49.78,44,2,0,0,69.9478,50.22,0.3879,0.0769,0.5368
S07513,4,0,1,89.92,48.56,23,3,0,0,55.3813,51.44,0.248,0.4154,0.5081
S07514,3,1,0,76.57,50.41,20,3,0,0,48.2616,49.59,0.0627,0.3154,0.5506
S07515,3,0,1,86.96,46.21,21,1,1,0,49.1647,58.79,0.2069,0.3385,0.5785
S07516,3,1,1,64.62,33.86,33,0,0,0,45.4243,66.14,0.1031,0.5,0.5806
S07517,1,0,1,55.38,27.95,0,1,0,0,24.0751,72.05,0.2314,0.3385,0.7193
S07518,8,0,1,38.8,13.54,6,1,1,0,21.0024,91.46,0.4615,0.3385,0.8077
S07519,2,0,1,73.25,33.94,16,4,2,0,46.4838,76.06,0.0167,0.4538,0.6281
S07520,2,0,1,68.88,11.09,8,2,1,0,36.1439,93.91,0.044,0.3769,0.7549
S07521,2,0,1,79.79,58.86,34,1,1,0,54.0086,46.14,0.1074,0.3385,0.5109
S07522,8,1,0,72.2,39.33,8,5,0,0,43.2411,60.67,0.0021,0.3923,0.5933
S07523,4,1,1,79.11,48.88,21,2,0,0,47.9478,51.12,0.098,0.5769,0.4924
S07524,3,0,1,84.17,37.47,26,0,0,0,49.0917,62.53,0.1682,0.3,0.6033
S07525,4,1,1,50.1,13.43,9,3,0,1,31.1482,86.57,0.3046,0.6154,0.6834
S07526,1,0,1,85.03,45.41,22,3,0,0,52.8321,54.59,0.1802,0.4154,0.5296
S07527,3,1,1,65.9,37.77,19,7,1,0,51.0927,67.23,0.0854,0.7692,0.4978
S07528,2,0,1,79.76,60.71,19,0,1,0,43.1752,44.29,0.107,0.3,0.551
S07529,7,1,1,87.33,58.28,34,3,0,0,60.8707,41.72,0.2121,0.6154,0.4
S07530,1,0,1,87.44,42.12,32,5,0,0,63.5744,57.88,0.2136,0.4923,0.4859
S07531,4,0,1,73.94,39.45,39,4,1,0,60.4039,65.55,0.0262,0.4538,0.5373
S07532,7,1,1,74.68,44.72,24,4,1,0,51.8016,60.28,0.0365,0.6538,0.4964
S07533,7,0,1,85.38,56.98,32,0,0,0,53.1351,43.02,0.185,0.3,0.5111
S07534,5,0,1,49.48,36.59,11,1,0,0,28.2405,63.41,0.3133,0.3385,0.6702
S07535,2,0,0,57.73,42.44,31,6,2,0,53.0203,67.56,0.1988,0.2308,0.627
S07536,3,1,1,67.81,31.38,21,2,1,0,43.4278,73.62,0.0588,0.5769,0.5983
S07537,2,0,1,52.01,23.5,14,5,0,0,38.7245,76.5,0.2781,0.4923,0.6474
S07538,6,0,1,67.92,27.53,25,1,1,1,43.9216,77.47,0.0573,0.3385,0.6715
S07539,3,1,1,67.1,46.48,15,0,1,1,35.7383,58.52,0.0687,0.5,0.584
S07540,6,1,0,73.31,39.39,19,3,1,0,46.3644,65.61,0.0175,0.3154,0.6213
S07541,6,0,1,71.15,10.39,26,5,0,0,53.4991,89.61,0.0125,0.4923,0.6481
S07542,8,1,0,88.04,58.06,22,0,0,0,48.2668,41.94,0.2219,0.2,0.5488
S07543,3,0,1,72.05,46.85,30,2,0,0,50.4628,53.15,0.0,0.3769,0.5418
S07544,8,0,1,70.93,33.61,21,0,0,0,40.8296,66.39,0.0155,0.3,0.6477
S07545,4,0,1,67.0,40.86,23,2,0,0,44.2902,59.14,0.0701,0.3769,0.5873
S07546,6,1,1,71.29,45.95,30,3,1,0,52.0818,59.05,0.0105,0.6154,0.5001
S07547,6,1,1,71.55,42.6,14,2,0,0,40.7712,57.4,0.0069,0.5769,0.5427
S07548,7,0,1,100.0,60.64,33,1,0,0,61.4993,39.36,0.3879,0.3385,0.4576
S07549,4,0,0,50.14,23.28,0,7,0,1,33.5175,76.72,0.3041,0.2692,0.7223
S07550,7,0,1,58.11,30.81,23,1,0,0,38.8111,69.19,0.1935,0.3385,0.6563
S07551,3,0,1,3.532500000000013,95.45853493166024,10,3,1,0,13.1144,9.5415,0.951,0.4154,0.4884
S07552,4,0,1,76.04,19.21,18,0,1,0,41.094,85.79,0.0554,0.3,0.7243
S07553,4,1,1,75.45,44.41,23,0,0,0,43.8241,55.59,0.0472,0.5,0.544
S07554,6,0,1,63.4,26.02,24,2,0,1,43.4434,73.98,0.1201,0.3769,0.6496
S07555,5,1,1,85.44,54.77,46,6,0,0,73.0026,45.23,0.1858,0.7308,0.3427
S07556,1,0,1,77.54,42.66,12,8,2,0,53.5193,67.34,0.0762,0.6077,0.5301
S07557,7,0,1,86.07,41.37,21,5,0,0,56.501,58.63,0.1946,0.4923,0.5137
S07558,7,0,0,90.05,49.31,31,0,0,0,54.4098,50.69,0.2498,0.0,0.6123
S07559,1,1,1,40.03,26.74,5,3,1,1,24.7473,78.26,0.4444,0.6154,0.6726
S07560,8,0,0,82.28,36.71,33,2,0,0,56.3344,63.29,0.142,0.0769,0.6368
S07561,6,0,1,52.65,35.58,14,0,1,0,29.3651,69.42,0.2693,0.3,0.6999
S07562,1,0,1,75.74,43.75,31,2,2,0,52.532,66.25,0.0512,0.3769,0.5869
S07563,4,1,1,70.91,51.96,20,3,0,0,45.9976,48.04,0.0158,0.6154,0.4773
S07564,7,1,1,71.55,34.11,27,2,0,0,48.4831,65.89,0.0069,0.5769,0.5496
S07565,3,0,1,53.93,30.99,8,2,0,0,30.1639,69.01,0.2515,0.3769,0.6762
S07566,8,0,1,87.46,60.96,43,5,0,0,70.1079,39.04,0.2139,0.4923,0.3877
S07567,4,0,1,52.64,3.83,2,1,1,1,24.1655,100.0,0.2694,0.3385,0.8308
S07568,2,0,1,3.532500000000013,98.27181954903682,21,3,1,0,19.6399,6.7282,0.951,0.4154,0.4543
S07569,3,1,0,50.52,28.03,3,3,1,1,27.7569,76.97,0.2988,0.3154,0.7319
S07570,5,0,1,71.73,38.03,29,2,0,0,49.7415,61.97,0.0044,0.3769,0.5796
S07571,6,1,1,99.07,70.97,36,2,0,0,64.8301,29.03,0.375,0.5769,0.345
S07572,8,1,1,100.0,38.83,23,4,0,0,61.3364,61.17,0.3879,0.6538,0.4666
S07573,2,1,1,47.72,18.21,22,4,1,1,39.8312,86.79,0.3377,0.6538,0.6443
S07574,8,0,1,61.43,24.99,13,0,2,1,32.2839,85.01,0.1474,0.3,0.752
S07575,5,1,1,64.16,28.79,23,5,1,0,48.9235,76.21,0.1095,0.6923,0.5605
S07576,2,0,1,100.0,61.71,37,0,0,0,61.9492,38.29,0.3879,0.3,0.4613
S07577,8,0,1,70.98,45.83,20,5,0,0,49.8718,54.17,0.0149,0.4923,0.5191
S07578,3,1,0,88.12,41.05,36,7,0,0,70.0655,58.95,0.223,0.4692,0.4733
S07579,5,0,1,76.5,36.8,23,0,0,0,44.2441,63.2,0.0618,0.3,0.6229
S07580,6,0,0,54.01,27.7,19,2,0,0,36.7213,72.3,0.2504,0.0769,0.7415
S07581,1,0,1,44.1,26.82,10,5,1,0,33.1876,78.18,0.3879,0.4923,0.6735
S07582,2,0,0,62.8,14.89,4,4,1,1,35.1852,90.11,0.1284,0.1538,0.7988
S07583,6,1,0,100.0,42.82,32,0,0,0,58.9831,57.18,0.3879,0.2,0.5723
S07584,3,1,0,75.86,38.6,17,4,0,0,48.1211,61.4,0.0529,0.3538,0.5887
S07585,1,1,1,87.82,57.1,22,6,0,0,59.7173,42.9,0.2189,0.7308,0.3799
S07586,1,0,1,50.73,30.65,4,0,0,0,22.6649,69.35,0.2959,0.3,0.7231
S07587,7,0,0,67.12,66.39,30,7,0,0,58.1061,33.61,0.0684,0.2692,0.4638
S07588,2,0,1,83.68,41.095,25,5,1,0,57.9179,63.905,0.1614,0.4923,0.5298
S07589,1,0,1,55.63,24.43,20,2,0,0,37.9626,75.57,0.2279,0.3769,0.6752
S07590,5,1,1,72.05,38.44,11,0,1,0,35.3454,66.56,0.0,0.5,0.6175
S07591,1,1,1,58.8,32.64,22,0,0,0,36.5708,67.36,0.1839,0.5,0.6164
S07592,6,1,1,84.4,41.095,22,0,0,0,46.8108,58.905,0.1714,0.5,0.5468
S07593,5,1,1,77.98,47.74,41,4,0,0,63.2063,52.26,0.0823,0.6538,0.4244
S07594,6,0,1,82.25,35.09,21,6,1,0,56.8961,69.91,0.1416,0.5308,0.5478
S07595,4,1,1,85.07,59.81,36,0,0,0,55.3839,40.19,0.1807,0.5,0.4419
S07596,7,1,1,68.58,96.0261216796832,31,2,0,0,49.668,3.9739,0.0482,0.5769,0.2978
S07597,6,1,1,87.05,63.95,37,10,0,0,75.9999,36.05,0.2082,0.8846,0.2571
S07598,4,0,0,63.15,32.74,14,2,1,1,37.4112,72.26,0.1235,0.0769,0.7389
S07599,1,1,1,81.39,41.095,22,1,0,0,47.5299,58.905,0.1296,0.5385,0.5346
S07600,3,0,1,42.44,14.61,28,3,1,1,39.3554,90.39,0.411,0.4154,0.72
S07601,2,1,1,60.8,27.17,21,3,1,0,42.5469,77.83,0.1561,0.6154,0.6086
S07602,1,1,1,100.0,62.84,29,3,0,0,62.9726,37.16,0.3879,0.6154,0.3744
S07603,3,1,1,81.16,63.12,19,3,0,0,49.5044,36.88,0.1264,0.6154,0.4204
S07604,2,0,1,81.17,61.66,29,1,0,0,51.5945,38.34,0.1266,0.3385,0.4882
S07605,1,0,1,59.64,50.27,18,2,1,0,38.3801,54.73,0.1722,0.3769,0.5904
S07606,3,1,1,55.59,29.57,18,6,0,0,44.4524,70.43,0.2285,0.7308,0.5434
S07607,5,1,1,68.03,36.85,10,5,0,0,42.7596,63.15,0.0558,0.6923,0.5299
S07608,2,1,0,70.99,42.83,22,2,0,0,45.293,57.17,0.0147,0.2769,0.6009
S07609,3,0,1,100.0,56.01,42,1,0,0,66.8383,43.99,0.3879,0.3385,0.4574
S07610,1,1,1,87.28,52.32,34,3,1,0,60.8507,52.68,0.2114,0.6154,0.4439
S07611,1,1,1,73.63,41.99,20,7,0,0,54.7779,58.01,0.0219,0.7692,0.448
S07612,2,0,1,72.99,31.72,22,3,0,0,48.0161,68.28,0.013,0.4154,0.6012
S07613,4,0,1,83.37,45.13,15,2,0,0,46.0925,54.87,0.1571,0.3769,0.5639
S07614,6,1,0,52.22,30.9,10,4,1,0,34.5125,74.1,0.2752,0.3538,0.6872
S07615,7,0,1,43.18,13.57,9,0,3,1,22.611,100.0,0.4007,0.3,0.8459
S07616,6,1,1,83.15,40.74,32,4,0,0,59.9354,59.26,0.1541,0.6538,0.4638
S07617,5,1,1,73.08,37.37,17,4,0,0,47.0091,62.63,0.0143,0.6538,0.5225
S07618,8,0,1,52.32,26.32,7,4,0,0,32.7729,73.68,0.2738,0.4538,0.6666
S07619,3,0,1,40.58,95.49042808771809,17,0,0,1,26.3167,4.5096,0.4368,0.3,0.4509
S07620,7,1,1,85.41,60.26,22,6,0,0,58.7533,39.74,0.1854,0.7308,0.3706
S07621,8,1,1,64.18,59.83,13,7,1,0,46.8454,45.17,0.1092,0.7692,0.4244
S07622,5,1,1,78.0,95.0708715605236,31,6,0,0,61.1283,4.9291,0.0826,0.7308,0.2231
S07623,7,1,1,68.04,35.71,25,3,1,0,47.8157,69.29,0.0557,0.6154,0.556
S07624,2,1,1,71.49,34.28,21,5,0,0,50.669,65.72,0.0078,0.6923,0.5125
S07625,8,1,1,63.12,25.32,16,8,1,0,50.1241,79.68,0.1239,0.8077,0.5414
S07626,5,1,1,70.85,49.82,25,5,1,0,52.7859,55.18,0.0167,0.6923,0.4629
S07627,2,0,1,80.66,38.81,30,5,0,0,59.676,61.19,0.1195,0.4923,0.5128
S07628,1,0,1,67.86,44.63,23,1,0,0,42.7111,55.37,0.0582,0.3385,0.5874
S07629,6,0,1,67.01,43.62,22,3,0,0,45.6241,56.38,0.07,0.4154,0.562
S07630,4,1,1,81.11,54.72,21,1,0,0,46.8247,45.28,0.1257,0.5385,0.4826
S07631,3,0,1,82.11,52.95,22,1,1,0,47.8179,52.05,0.1396,0.3385,0.5562
S07632,4,1,0,54.94,33.18,15,5,1,0,40.4897,71.82,0.2375,0.3923,0.6475
S07633,8,1,1,71.57,33.12,15,3,0,0,43.2955,66.88,0.0067,0.6154,0.5621
S07634,4,0,1,64.14,39.97,11,1,1,0,34.1045,65.03,0.1098,0.3385,0.6561
S07635,1,0,1,72.21,55.16,22,5,0,0,51.5502,44.84,0.0022,0.4923,0.4759
S07636,3,1,1,93.51,58.81,38,6,0,0,71.4848,41.19,0.2978,0.7308,0.3319
S07637,2,0,1,77.38,38.13,8,0,0,0,35.6978,61.87,0.074,0.3,0.6475
S07638,6,1,1,100.0,40.91,29,5,0,0,66.8188,59.09,0.3879,0.6923,0.4294
S07639,7,0,1,75.29,35.97,26,0,1,0,45.5397,69.03,0.045,0.3,0.6417
S07640,7,0,0,69.5,36.12,30,1,1,0,47.5197,68.88,0.0354,0.0385,0.6996
S07641,6,1,0,71.7,42.26,37,4,0,0,58.3215,57.74,0.0049,0.3538,0.5384
S07642,7,0,1,74.14,57.18,22,0,0,0,42.7068,42.82,0.029,0.3,0.5468
S07643,4,0,1,76.84,46.67,40,3,0,1,60.234,53.33,0.0665,0.4154,0.4987
S07644,6,0,0,57.12,35.72,21,2,1,0,39.1518,69.28,0.2072,0.0769,0.7209
S07645,1,0,1,68.5,98.08638830826482,28,4,0,0,51.7025,1.9136,0.0493,0.4538,0.3132
S07646,5,1,0,61.13,35.71,10,2,3,0,34.2304,79.29,0.1516,0.2769,0.7281
S07647,5,0,1,87.44,45.98,32,3,0,0,59.7283,54.02,0.2136,0.4154,0.5032
S07648,1,0,1,43.11,12.28,19,2,0,0,32.3613,87.72,0.4017,0.3769,0.7434
S07649,5,0,1,74.35,49.43,18,0,0,0,40.418,50.57,0.0319,0.3,0.5858
S07650,6,0,1,49.23,23.22,0,2,2,1,23.5382,86.78,0.3167,0.3769,0.7705
S07651,3,0,0,78.48,54.25,26,0,1,0,46.8157,50.75,0.0892,0.0,0.6391
S07652,5,1,1,66.02,47.18,19,3,0,0,43.4484,52.82,0.0837,0.6154,0.5054
S07653,3,0,1,44.75,21.56,23,4,1,1,39.2364,83.44,0.3789,0.4538,0.683
S07654,3,1,1,86.13,48.78,23,10,0,0,67.3268,51.22,0.1954,0.8846,0.3481
S07655,2,0,0,34.25,7.83,3,0,1,1,15.4797,97.17,0.5246,0.0,0.9345
S07656,3,0,1,71.53,12.64,13,3,0,0,42.0931,87.36,0.0072,0.4154,0.6983
S07657,7,0,1,82.37,38.01,22,2,0,0,49.845,61.99,0.1432,0.3769,0.5793
S07658,8,1,1,92.65,55.36,51,0,0,0,67.3142,44.64,0.2859,0.5,0.418
S07659,6,1,1,47.85,27.3,1,2,0,0,23.5794,72.7,0.3359,0.5769,0.664
S07660,5,0,0,64.26,28.02,9,5,0,0,40.6584,71.98,0.1081,0.1923,0.6975
S07661,5,1,1,88.25,55.91,28,3,0,0,57.6794,44.09,0.2248,0.6154,0.4206
S07662,4,0,1,89.27,64.08,44,5,0,0,71.4251,35.92,0.239,0.4923,0.3706
S07663,4,1,0,91.21,42.23,35,1,0,0,59.1698,57.77,0.2659,0.2385,0.5644
S07664,5,1,1,100.0,51.97,45,2,0,0,70.5411,48.03,0.3879,0.5769,0.401
S07665,7,0,1,64.37,38.67,17,3,3,0,41.602,76.33,0.1066,0.4154,0.6559
S07666,4,0,0,77.59,24.73,13,5,1,0,48.3632,80.27,0.0769,0.1923,0.7037
S07667,5,0,1,66.81,27.68,17,1,0,0,38.7318,72.32,0.0727,0.3385,0.6691
S07668,4,1,0,42.37,33.52,11,7,1,1,36.935,71.48,0.4119,0.4692,0.6393
S07669,3,0,1,70.65,37.76,22,1,0,0,43.2339,62.24,0.0194,0.3385,0.613
S07670,3,1,1,42.08,1.95,10,3,1,1,28.5334,100.0,0.416,0.6154,0.7463
S07671,1,0,1,64.19,23.51,24,1,0,0,41.8364,76.49,0.1091,0.3385,0.6749
S07672,4,1,1,49.98,36.62,9,1,1,1,27.2541,68.38,0.3063,0.5385,0.6435
S07673,6,0,1,78.58,46.52,17,3,0,0,47.286,53.48,0.0906,0.4154,0.5446
S07674,6,1,1,60.32,23.3,9,1,1,0,31.3901,81.7,0.1628,0.5385,0.6823
S07675,8,0,1,45.22,27.33,22,0,0,0,31.1388,72.67,0.3724,0.3,0.7067
S07676,1,0,1,84.98,57.18,28,1,0,0,52.5252,42.82,0.1795,0.3385,0.5028
S07677,7,0,1,62.94,30.03,28,5,0,0,51.4016,69.97,0.1264,0.4923,0.5769
S07678,7,1,1,65.52,46.92,22,1,0,0,41.1819,53.08,0.0906,0.5385,0.5336
S07679,4,0,1,57.33,95.34796453432844,7,4,0,0,34.7769,4.652,0.2043,0.4538,0.3834
S07680,3,1,1,89.24,54.59,29,6,0,0,64.4379,45.41,0.2386,0.7308,0.3734
S07681,3,1,1,76.06,52.16,22,4,0,0,51.1672,47.84,0.0557,0.6538,0.4488
S07682,6,0,1,62.8,40.69,7,1,1,0,31.1956,64.31,0.1284,0.3385,0.6634
S07683,7,0,1,43.29,19.32,8,4,3,1,29.7541,95.68,0.3992,0.4538,0.7651
S07684,6,0,1,100.0,69.87,45,4,0,0,74.3872,30.13,0.3879,0.4538,0.3467
S07685,5,0,1,100.0,58.33,27,0,0,0,56.0169,41.67,0.3879,0.3,0.4956
S07686,6,0,0,93.65,98.0269238767156,55,7,0,0,83.5487,1.9731,0.2998,0.2692,0.2482
S07687,1,1,1,61.45,20.65,18,3,0,0,41.0272,79.35,0.1471,0.6154,0.62
S07688,5,0,0,64.49,52.21,27,1,0,0,43.736,47.79,0.1049,0.0385,0.6285
S07689,1,0,1,78.01,41.99,22,2,0,0,48.101,58.01,0.0827,0.3769,0.5695
S07690,8,1,1,58.59,30.64,22,6,1,0,48.0253,74.36,0.1868,0.7308,0.5467
S07691,8,0,1,57.16,28.14,0,0,0,0,22.864,71.86,0.2067,0.3,0.7324
S07692,5,1,1,93.88,76.31,35,1,0,0,60.2378,23.69,0.303,0.5385,0.3493
S07693,3,1,1,71.17,19.78,24,4,0,0,50.3976,80.22,0.0122,0.6538,0.581
S07694,6,0,1,55.2,52.6,23,3,0,0,41.4933,47.4,0.2339,0.4154,0.5405
S07695,6,0,1,86.29,39.76,13,0,0,0,42.2279,60.24,0.1976,0.3,0.6182
S07696,6,1,1,63.39,34.91,17,1,0,0,37.3638,65.09,0.1202,0.5385,0.595
S07697,5,1,1,72.05,16.68,19,2,1,0,43.9373,88.32,0.0,0.5769,0.6553
S07698,2,1,1,72.05,12.2,22,3,2,0,47.6401,97.8,0.0,0.6154,0.6706
S07699,1,1,1,64.25,40.31,20,5,1,0,47.1798,64.69,0.1083,0.6923,0.5206
S07700,3,0,0,75.3,36.66,20,2,1,0,45.8306,68.34,0.0451,0.0769,0.6937
S07701,5,0,1,74.58,33.89,20,0,0,0,41.6964,66.11,0.0351,0.3,0.6435
S07702,4,1,1,90.42,46.43,38,0,0,0,58.7104,53.57,0.255,0.5,0.4838
S07703,5,1,1,68.44,14.06,10,4,1,0,41.0005,90.94,0.0501,0.6538,0.6568
S07704,3,1,1,65.02,34.57,20,3,1,0,43.6416,70.43,0.0976,0.6154,0.5751
S07705,8,0,1,90.68,53.07,22,6,0,0,60.8613,46.93,0.2586,0.5308,0.442
S07706,3,1,0,86.68,59.19,35,4,0,0,63.127,40.81,0.2031,0.3538,0.4538
S07707,7,0,1,68.8,39.8,20,4,1,0,47.0767,65.2,0.0451,0.4538,0.5826
S07708,4,0,1,76.38,46.93,32,4,0,0,57.2274,53.07,0.0601,0.4538,0.4985
S07709,4,0,1,64.87,24.53,19,0,1,0,37.2192,80.47,0.0997,0.3,0.7166
S07710,5,0,1,54.57,39.56,17,1,0,0,33.8358,60.44,0.2426,0.3385,0.6387
S07711,3,1,1,100.0,52.94,33,0,0,0,59.5763,47.06,0.3879,0.5,0.4547
S07712,2,0,0,63.87,40.03,25,0,1,0,40.3785,64.97,0.1135,0.0,0.7186
S07713,4,1,1,76.42,37.28,28,5,0,0,56.7936,62.72,0.0607,0.6923,0.479
S07714,7,0,1,49.27,30.96,5,2,0,0,26.5203,69.04,0.3162,0.3769,0.6891
S07715,2,0,1,83.05,96.39332017730403,28,4,1,0,57.5225,8.6067,0.1527,0.4538,0.3196
S07716,4,0,1,53.91,25.7,20,4,1,0,41.1207,79.3,0.2518,0.4538,0.6598
S07717,6,0,1,97.17,76.45,43,1,0,0,66.2996,23.55,0.3486,0.3385,0.3775
S07718,6,1,1,98.96,61.56,24,7,0,0,67.2828,38.44,0.3735,0.7692,0.326
S07719,4,0,1,80.48,67.75,30,1,0,0,51.9117,32.25,0.117,0.3385,0.4627
S07720,1,0,1,73.72,53.05,20,0,1,0,41.3524,51.95,0.0232,0.3,0.5881
S07721,1,0,1,69.19,39.49,23,1,0,0,43.2431,60.51,0.0397,0.3385,0.6061
S07722,4,0,1,71.29,23.39,14,4,0,0,44.5134,76.61,0.0105,0.4538,0.6372
S07723,7,0,1,78.14,48.28,25,3,1,0,51.8557,56.72,0.0845,0.4154,0.5415
S07724,1,1,1,73.35,25.94,25,6,1,0,55.709,79.06,0.018,0.7308,0.5386
S07725,8,0,0,86.73,55.02,20,4,1,0,54.2487,49.98,0.2037,0.1538,0.5716
S07726,6,0,1,58.23,40.46,29,2,1,0,44.3415,64.54,0.1918,0.3769,0.6087
S07727,1,1,1,94.92,41.71,18,2,0,0,52.4921,58.29,0.3174,0.5769,0.5052
S07728,3,1,0,65.66,36.2,24,5,0,1,50.1167,63.8,0.0887,0.3923,0.5817
S07729,2,0,1,60.81,37.88,0,0,0,0,24.324,62.12,0.156,0.3,0.6883
S07730,8,1,1,77.44,46.37,22,8,1,0,59.4115,58.63,0.0748,0.8077,0.4247
S07731,5,1,1,78.4,45.68,29,7,1,0,62.0249,59.32,0.0881,0.7692,0.4279
S07732,3,0,0,45.95,97.48001929255774,19,2,1,1,33.4973,7.52,0.3622,0.0769,0.4936
S07733,3,0,1,64.78,37.33,19,2,1,0,41.0293,67.67,0.1009,0.3769,0.6329
S07734,5,1,1,39.42,28.7,9,5,1,1,30.7224,76.3,0.4529,0.6923,0.6246
S07735,1,1,0,61.86,41.66,23,3,1,0,44.1573,63.34,0.1414,0.3154,0.62
S07736,3,1,1,62.51,28.56,27,3,0,0,46.7902,71.44,0.1324,0.6154,0.5681
S07737,2,0,1,76.46,53.5,35,0,0,0,51.3467,46.5,0.0612,0.3,0.5313
S07738,5,1,1,60.18,41.095,8,2,0,0,32.6639,58.905,0.1647,0.5769,0.5771
S07739,6,0,1,63.73,35.29,18,0,1,0,36.17,69.71,0.1155,0.3,0.6772
S07740,4,1,1,91.56,23.21,12,3,1,0,49.5119,81.79,0.2708,0.6154,0.6
S07741,2,1,1,100.0,48.02,22,3,0,0,58.8201,51.98,0.3879,0.6154,0.4482
S07742,3,0,1,58.19,23.51,12,4,0,0,38.087,76.49,0.1924,0.4538,0.6592
S07743,7,0,0,87.29,41.22,35,1,0,0,57.6018,58.78,0.2115,0.0385,0.6239
S07744,2,1,1,77.82,38.35,21,2,0,0,47.4318,61.65,0.0801,0.5769,0.5364
S07745,2,1,0,45.92,33.47,11,5,0,0,34.5088,66.53,0.3627,0.3923,0.6473
S07746,1,0,1,60.13,27.71,21,2,0,0,40.3558,72.29,0.1654,0.3769,0.6537
S07747,7,1,1,26.58,0.0,1,2,1,1,15.0714,100.0,0.6311,0.5769,0.803
S07748,1,0,1,76.85,50.61,8,5,2,0,45.1011,59.39,0.0666,0.4923,0.5566
S07749,5,0,1,55.85,24.37,11,3,0,1,34.6347,75.63,0.2248,0.4154,0.6774
S07750,8,0,1,74.01,53.6,22,7,0,0,56.1164,46.4,0.0272,0.5692,0.4469
S07751,6,1,0,100.0,48.41,36,8,1,0,76.7405,56.59,0.3879,0.5077,0.4308
S07752,4,0,1,95.9,63.84,22,1,0,0,53.3339,36.16,0.331,0.3385,0.4733
S07753,2,1,1,60.49,44.06,22,2,0,0,41.093,55.94,0.1604,0.5769,0.5357
S07754,1,0,1,56.87,43.48,24,0,2,0,36.9853,66.52,0.2107,0.3,0.6616
S07755,2,1,1,91.39,41.095,38,5,0,0,68.7138,58.905,0.2684,0.6923,0.422
S07756,8,1,1,56.93,42.6,18,2,1,0,37.2961,62.4,0.2099,0.5769,0.5748
S07757,2,0,1,86.87,41.095,19,5,0,0,55.6346,58.905,0.2057,0.4923,0.5178
S07758,1,0,0,100.0,49.8,23,3,0,0,59.4133,50.2,0.3879,0.1154,0.564
S07759,7,0,1,82.13,49.26,17,3,2,0,48.706,60.74,0.1399,0.4154,0.5686
S07760,4,0,1,89.76,63.47,20,4,0,0,55.4607,36.53,0.2458,0.4538,0.4386
S07761,3,1,1,88.02,79.57,29,4,0,0,60.1037,20.43,0.2217,0.6538,0.3079
S07762,6,1,0,63.64,45.25,35,6,0,0,57.7572,54.75,0.1167,0.4308,0.5091
S07763,5,0,0,76.35,36.49,26,0,0,0,45.9637,63.51,0.0597,0.0,0.6932
S07764,8,1,1,57.65,30.9,17,8,0,0,48.5294,69.1,0.1999,0.8077,0.5046
S07765,4,0,1,91.35,48.18,37,3,0,0,64.2584,51.82,0.2679,0.4154,0.4785
S07766,6,0,1,55.72,27.36,10,4,0,0,35.9125,72.64,0.2266,0.4538,0.6514
S07767,8,0,0,82.51,50.69,35,1,0,0,55.6898,49.31,0.1452,0.0385,0.5927
S07768,4,0,0,88.98,56.97,36,4,0,0,64.6402,43.03,0.235,0.1538,0.5074
S07769,3,1,1,64.63,40.19,20,4,0,0,45.4087,59.81,0.103,0.6538,0.5169
S07770,8,0,1,61.19,45.62,35,8,1,0,60.6233,59.38,0.1507,0.6077,0.4734
S07771,2,1,1,69.45,29.03,30,5,1,0,55.192,75.97,0.0361,0.6923,0.5376
S07772,1,0,1,58.61,25.38,18,1,1,0,36.045,79.62,0.1865,0.3385,0.7077
S07773,5,1,1,74.35,30.86,22,1,0,0,44.7139,69.14,0.0319,0.5385,0.5854
S07774,8,0,1,58.25,37.26,14,4,0,0,39.2974,62.74,0.1915,0.4538,0.6
S07775,1,0,1,59.33,13.37,17,1,0,0,35.7398,86.63,0.1765,0.3385,0.7368
S07776,7,0,1,80.2,57.79,25,1,0,0,48.8336,42.21,0.1131,0.3385,0.5133
S07777,7,0,1,81.26,50.71,23,5,0,0,55.7635,49.29,0.1278,0.4923,0.4789
S07778,8,0,1,67.6,39.22,19,3,0,0,44.0804,60.78,0.0618,0.4154,0.585
S07779,4,0,1,47.3,10.37,4,3,0,1,27.0621,89.63,0.3435,0.4154,0.76
S07780,3,1,1,89.56,47.76,24,1,0,0,51.9844,52.24,0.243,0.5385,0.4924
S07781,5,0,1,65.27,14.97,7,3,0,0,36.0298,85.03,0.0941,0.4154,0.7102
S07782,2,1,1,72.05,67.06,22,2,0,0,45.717,32.94,0.0,0.5769,0.4275
S07783,7,1,0,70.01,39.57,22,7,0,0,54.5164,60.43,0.0283,0.4692,0.5336
S07784,6,0,1,74.04,56.83,22,2,0,0,46.513,43.17,0.0276,0.3769,0.5157
S07785,4,1,1,65.52,55.03,27,7,2,0,55.6865,54.97,0.0906,0.7692,0.4327
S07786,5,0,1,75.65,41.67,17,1,0,0,42.2678,58.33,0.05,0.3385,0.6008
S07787,6,1,1,100.0,62.24,27,2,0,0,59.8631,37.76,0.3879,0.5769,0.3973
S07788,5,1,1,66.77,48.18,9,0,1,0,32.047,56.82,0.0733,0.5,0.5901
S07789,7,1,1,91.14,40.49,37,5,0,0,68.0205,59.51,0.265,0.6923,0.4269
S07790,8,0,1,73.36,41.18,28,0,0,0,45.9542,58.82,0.0182,0.3,0.5994
S07791,8,1,1,89.61,54.6,39,0,0,0,58.9796,45.4,0.2437,0.5,0.4502
S07792,5,0,0,43.02,38.16,25,4,0,0,39.7308,61.84,0.4029,0.1538,0.6699
S07793,6,0,1,100.0,57.4,29,1,0,0,59.1265,42.6,0.3879,0.3385,0.4788
S07794,3,0,1,77.12,42.56,19,3,1,0,47.8884,62.44,0.0704,0.4154,0.5783
S07795,1,0,1,67.98,17.59,22,3,0,0,46.0121,82.41,0.0565,0.4154,0.6647
S07796,4,1,1,85.55,36.85,19,8,2,0,60.8758,73.15,0.1874,0.8077,0.4776
S07797,7,1,0,74.16,96.14285811999471,21,6,1,0,53.6601,8.8571,0.0293,0.4308,0.3399
S07798,2,0,1,54.78,22.06,0,4,2,0,29.6043,87.94,0.2397,0.4538,0.7347
S07799,5,1,1,35.65,11.32,1,7,1,1,28.3148,93.68,0.5052,0.7692,0.6833
S07800,2,1,1,99.39,53.69,22,0,0,0,52.8068,46.31,0.3795,0.5,0.4754
S07801,4,1,1,68.66,50.99,28,3,1,0,49.8434,54.01,0.0471,0.6154,0.4877
S07802,2,1,1,62.81,36.78,13,6,0,0,44.3743,63.22,0.1282,0.7308,0.5149
S07803,6,0,1,63.97,30.36,21,0,1,0,38.0456,74.64,0.1121,0.3,0.6904
S07804,7,0,0,93.97,80.01,45,0,0,0,64.2829,19.99,0.3042,0.0,0.455
S07805,7,1,1,64.65,28.89,5,3,1,0,34.5953,76.11,0.1027,0.6154,0.6295
S07806,6,0,1,81.67,43.56,35,1,0,0,55.3538,56.44,0.1335,0.3385,0.5474
S07807,2,1,0,66.98,31.6,24,4,0,0,48.7216,68.4,0.0704,0.3538,0.6146
S07808,5,1,0,53.18,39.96,26,3,2,1,42.465,70.04,0.2619,0.3154,0.6527
S07809,1,1,1,85.52,61.73,35,0,1,0,54.9707,43.27,0.187,0.5,0.4557
S07810,3,0,1,88.55,41.095,23,0,0,0,49.0641,58.905,0.229,0.3,0.5889
S07811,5,1,0,61.81,42.99,19,5,0,0,45.6106,57.01,0.1421,0.3923,0.5703
S07812,6,1,1,71.43,38.54,11,5,0,0,44.7128,61.46,0.0086,0.6923,0.5163
S07813,1,0,1,72.05,28.9,19,3,0,0,45.8604,71.1,0.0,0.4154,0.62
S07814,7,0,1,78.68,53.96,25,3,0,0,52.0717,46.04,0.092,0.4154,0.4981
S07815,4,0,0,100.0,60.71,35,6,0,0,72.3012,39.29,0.3879,0.2308,0.4464
S07816,8,0,1,67.14,48.72,27,0,1,0,42.8729,56.28,0.0681,0.3,0.6001
S07817,5,1,1,67.05,46.19,33,5,0,0,56.0117,53.81,0.0694,0.6923,0.4461
S07818,5,1,1,69.37,35.62,18,5,1,0,48.0414,69.38,0.0372,0.6923,0.5363
S07819,6,0,1,57.87,35.73,26,4,1,0,46.264,69.27,0.1968,0.4538,0.6017
S07820,7,0,1,46.17,29.44,22,5,1,0,41.1342,75.56,0.3592,0.4923,0.6352
S07821,2,0,1,74.01,35.21,13,3,0,0,43.0851,64.79,0.0272,0.4154,0.6045
S07822,5,0,1,79.91,29.84,24,0,0,0,46.2013,70.16,0.1091,0.3,0.6439
S07823,1,0,1,72.04,60.5,23,2,1,0,46.3062,44.5,0.0001,0.3769,0.5217
S07824,4,1,0,71.06,27.58,15,3,0,1,43.0915,72.42,0.0137,0.3154,0.66
S07825,7,1,1,58.52,9.93,9,2,1,1,32.5931,95.07,0.1878,0.5769,0.722
S07826,7,1,1,75.79,33.14,15,5,0,0,48.8297,66.86,0.0519,0.6923,0.5235
S07827,3,1,1,74.55,28.34,19,0,0,0,41.0912,71.66,0.0347,0.5,0.6178
S07828,4,0,1,72.05,69.99,18,4,0,0,47.1903,30.01,0.0,0.4538,0.4414
S07829,5,1,1,76.86,46.15,34,5,0,0,60.5289,53.85,0.0668,0.6923,0.4305
S07830,4,0,1,77.91,43.26,5,1,0,0,36.0532,56.74,0.0813,0.3385,0.6161
S07831,2,0,0,91.78,53.2,30,4,0,0,62.2009,46.8,0.2738,0.1538,0.531
S07832,3,0,1,80.58,25.36,30,0,1,0,50.0286,79.64,0.1184,0.3,0.6685
S07833,4,0,1,79.21,50.62,17,2,0,0,45.6149,49.38,0.0994,0.3769,0.5436
S07834,5,0,1,45.86,12.14,11,0,1,1,24.8694,92.86,0.3635,0.3,0.8094
S07835,8,0,0,87.8,52.41,25,3,0,0,55.7197,47.59,0.2186,0.1154,0.5665
S07836,5,0,1,67.53,22.35,20,3,0,0,44.6456,77.65,0.0627,0.4154,0.6505
S07837,4,1,0,73.19,45.31,28,1,0,0,47.8092,54.69,0.0158,0.2385,0.5918
S07838,6,0,1,52.91,29.8,20,2,1,0,36.8746,75.2,0.2656,0.3769,0.6775
S07839,7,0,1,100.0,51.84,28,1,0,0,58.5332,48.16,0.3879,0.3385,0.5031
S07840,4,1,1,34.89,13.72,0,2,3,1,17.8022,100.0,0.5158,0.5769,0.7935
S07841,4,1,1,94.32,47.83,32,1,0,0,58.6341,52.17,0.3091,0.5385,0.4688
S07842,2,0,0,78.38,17.54,19,4,0,0,50.3155,82.46,0.0879,0.1538,0.7153
S07843,7,1,1,43.42,28.91,8,1,1,1,24.0368,76.09,0.3974,0.5385,0.6856
S07844,7,0,1,100.0,68.4,34,0,0,0,60.1695,31.6,0.3879,0.3,0.4408
S07845,2,0,1,79.71,45.89,22,3,1,1,50.7041,59.11,0.1063,0.4154,0.5551
S07846,3,0,1,36.63,5.85,12,4,0,1,29.463,94.15,0.4916,0.4538,0.76
S07847,3,0,1,65.66,42.0,40,2,2,0,53.839,68.0,0.0887,0.3769,0.5893
S07848,8,1,1,80.02,49.77,31,3,0,0,56.1671,50.23,0.1106,0.6154,0.4505
S07849,1,0,0,97.7,49.83,42,0,0,0,63.9953,50.17,0.356,0.0,0.5767
S07850,2,1,1,65.86,44.26,24,2,0,0,44.4274,55.74,0.0859,0.5769,0.5232
S07851,3,1,1,32.3,26.55,9,3,0,1,24.0282,73.45,0.5517,0.6154,0.6559
S07852,5,1,1,93.89,47.77,35,4,0,0,66.011,52.23,0.3031,0.6538,0.4144
S07853,2,0,1,79.47,58.36,29,1,1,0,50.9145,46.64,0.103,0.3385,0.5237
S07854,5,0,1,38.51,18.37,17,4,1,0,33.1811,86.63,0.4655,0.4538,0.7169
S07855,6,1,1,77.14,41.57,22,2,0,0,47.753,58.43,0.0706,0.5769,0.5224
S07856,7,1,1,72.05,38.33,22,4,0,0,49.5632,61.67,0.0,0.6538,0.5098
S07857,1,0,1,67.13,43.12,9,0,0,0,32.191,56.88,0.0683,0.3,0.6399
S07858,2,0,0,59.59,32.66,22,6,3,0,48.4253,82.34,0.1729,0.2308,0.7022
S07859,1,1,1,62.85,43.64,10,4,0,0,38.7645,56.36,0.1277,0.6538,0.5263
S07860,8,1,1,67.12,31.32,26,4,1,0,49.964,73.68,0.0684,0.6538,0.5564
S07861,6,1,0,77.32,71.48,35,3,0,0,57.4599,28.52,0.0731,0.3154,0.4341
S07862,5,1,0,83.83,41.095,25,6,0,0,59.901,58.905,0.1635,0.4308,0.5183
S07863,7,0,0,72.05,41.095,21,4,2,1,48.9699,68.905,0.0,0.1538,0.6658
S07864,5,0,1,75.84,39.32,26,1,0,0,47.6828,60.68,0.0526,0.3385,0.5912
S07865,2,1,1,79.32,21.04,25,3,0,0,52.3277,78.96,0.1009,0.6154,0.5788
S07866,5,1,1,74.54,46.16,24,6,0,0,55.5917,53.84,0.0346,0.7308,0.4381
S07867,6,0,1,65.93,39.37,14,2,0,0,38.5232,60.63,0.0849,0.3769,0.6135
S07868,1,1,1,93.3,58.59,22,0,0,0,50.3708,41.41,0.2949,0.5,0.4643
S07869,5,0,1,92.17,40.51,17,0,0,0,46.9527,59.49,0.2793,0.3,0.5986
S07870,4,0,1,66.51,35.38,15,3,0,0,41.2715,64.62,0.0769,0.4154,0.6102
S07871,1,1,0,70.75,55.76,39,4,1,0,59.1279,49.24,0.018,0.3538,0.5016
S07872,3,0,1,83.58,39.08,15,1,0,0,44.2534,60.92,0.16,0.3385,0.6042
S07873,4,0,0,91.24,41.14,22,4,0,0,57.2392,58.86,0.2663,0.1538,0.5967
S07874,3,1,0,59.77,31.72,12,6,0,0,42.5651,68.28,0.1704,0.4308,0.6164
S07875,3,0,1,56.31,43.83,11,3,0,0,34.8187,56.17,0.2185,0.4154,0.599
S07876,6,0,0,72.05,38.08,26,7,0,0,57.7053,61.92,0.0,0.2692,0.5784
S07877,4,1,1,55.15,25.48,11,2,0,0,32.4316,74.52,0.2346,0.5769,0.6403
S07878,4,0,1,42.83,12.11,22,2,0,0,34.029,87.89,0.4056,0.3769,0.7382
S07879,7,1,0,59.69,30.71,11,5,1,0,40.0168,74.29,0.1715,0.3923,0.659
S07880,1,0,1,78.26,52.16,21,1,0,0,45.6847,47.84,0.0862,0.3385,0.5468
S07881,3,0,1,95.3,37.28,30,3,0,0,61.6858,62.72,0.3227,0.4154,0.5311
S07882,1,1,0,61.37,30.88,18,1,0,0,37.149,69.12,0.1482,0.2385,0.6868
S07883,8,0,1,70.14,57.2,38,0,0,0,50.5984,42.8,0.0265,0.3,0.5191
S07884,2,1,1,74.33,36.36,23,7,1,0,56.8376,68.64,0.0316,0.7692,0.4833
S07885,7,1,1,62.27,27.06,17,2,0,0,38.8389,72.94,0.1357,0.5769,0.6116
S07886,2,1,1,72.05,18.66,0,5,0,0,38.4354,81.34,0.0,0.6923,0.6178
S07887,3,0,1,77.02,50.3,26,0,1,0,46.2317,54.7,0.069,0.3,0.582
S07888,5,0,1,54.04,23.03,0,5,0,0,31.2314,76.97,0.25,0.4923,0.6755
S07889,7,1,0,60.49,46.89,23,4,0,0,45.5324,53.11,0.1604,0.3538,0.5646
S07890,2,0,1,68.96,34.31,22,0,1,0,40.6348,70.69,0.0429,0.3,0.6655
S07891,2,1,1,72.05,47.19,31,0,0,0,47.2098,52.81,0.0,0.5,0.521
S07892,8,1,1,49.27,23.4,9,8,0,0,40.4316,76.6,0.3162,0.8077,0.563
S07893,3,0,1,70.04,97.33753033391376,22,2,1,0,44.913,7.6625,0.0279,0.3769,0.3792
S07894,2,0,1,52.64,15.86,21,1,2,1,35.4367,94.14,0.2694,0.3385,0.7679
S07895,6,1,1,61.74,30.63,11,5,0,0,40.8368,69.37,0.1431,0.6923,0.5615
S07896,1,1,1,83.83,54.09,32,5,0,0,62.1304,45.91,0.1635,0.6923,0.3931
S07897,7,0,1,70.89,9.72,27,3,1,0,50.1422,95.28,0.0161,0.4154,0.7018
S07898,8,1,1,97.04,48.39,30,5,0,0,66.228,51.61,0.3468,0.6923,0.4016
S07899,7,1,1,70.92,45.73,22,6,2,0,52.9573,64.27,0.0157,0.7308,0.489
S07900,3,0,1,86.52,41.095,22,2,0,0,51.505,58.905,0.2008,0.3769,0.5611
S07901,1,0,1,83.92,53.43,13,1,0,0,43.2029,46.57,0.1647,0.3385,0.5504
S07902,4,1,1,71.8,66.37,30,5,0,0,56.132,33.63,0.0035,0.6923,0.365
S07903,3,1,1,52.27,27.71,10,5,0,1,36.4556,72.29,0.2745,0.6923,0.5885
S07904,8,1,0,70.42,48.73,28,2,0,0,48.6243,51.27,0.0226,0.2769,0.5657
S07905,6,0,1,64.01,34.81,22,2,0,0,42.501,65.19,0.1116,0.3769,0.6178
S07906,8,1,1,63.43,33.07,0,1,1,1,27.2951,71.93,0.1196,0.5385,0.6576
S07907,7,1,1,74.34,42.71,28,0,0,0,46.3462,57.29,0.0318,0.5,0.5419
S07908,6,1,1,50.26,46.68,22,3,2,0,38.9241,63.32,0.3024,0.6154,0.5632
S07909,1,0,1,58.89,45.39,14,4,0,0,39.5534,54.61,0.1827,0.4538,0.5666
S07910,1,0,1,56.82,31.6,14,2,0,0,34.8792,68.4,0.2114,0.3769,0.6573
S07911,1,0,1,68.19,37.49,27,2,0,0,47.1391,62.51,0.0536,0.3769,0.5908
S07912,5,0,1,60.48,31.83,11,4,0,0,38.4097,68.17,0.1606,0.4538,0.6248
S07913,2,0,1,61.46,34.51,28,3,1,0,46.9634,70.49,0.147,0.4154,0.6137
S07914,8,1,0,74.03,37.34,11,5,1,0,45.7528,67.66,0.0275,0.3923,0.6124
S07915,2,0,1,65.31,25.73,22,0,1,0,39.1748,79.27,0.0935,0.3,0.705
S07916,8,1,1,72.07,57.84,29,3,1,0,51.8006,47.16,0.0003,0.6154,0.4535
S07917,6,0,0,55.26,27.57,22,0,1,0,35.1548,77.43,0.233,0.0,0.7867
S07918,1,1,1,59.57,40.14,19,4,2,0,42.7915,69.86,0.1732,0.6538,0.5662
S07919,1,0,1,100.0,33.08,31,2,0,0,62.236,66.92,0.3879,0.3769,0.5556
S07920,4,1,1,61.54,23.67,14,3,0,1,38.6903,76.33,0.1459,0.6154,0.6161
S07921,3,1,0,40.4,34.83,1,6,1,0,28.2917,70.17,0.4393,0.4308,0.674
S07922,3,1,1,77.13,44.61,19,0,0,0,42.1232,55.39,0.0705,0.5,0.5491
S07923,5,0,0,61.38,46.89,11,2,1,0,34.9236,58.11,0.1481,0.0769,0.691
S07924,2,0,1,75.66,37.64,15,0,0,0,39.1623,62.36,0.0501,0.3,0.6374
S07925,2,1,1,72.05,43.34,36,6,2,0,61.7144,66.66,0.0,0.7308,0.4679
S07926,6,0,1,80.25,48.19,12,2,1,0,43.0648,56.81,0.1138,0.3769,0.5823
S07927,8,1,1,70.51,45.62,31,5,0,0,56.2092,54.38,0.0214,0.6923,0.4477
S07928,3,0,1,68.6,31.88,11,5,0,0,43.5808,68.12,0.0479,0.4923,0.5969
S07929,8,0,1,89.22,63.39,20,1,0,0,49.4755,36.61,0.2383,0.3385,0.4887
S07930,3,1,1,38.73,33.71,2,2,1,0,20.5246,71.29,0.4625,0.5769,0.6691
S07931,3,1,1,52.12,38.52,6,1,0,0,26.3304,61.48,0.2766,0.5385,0.6191
S07932,1,1,1,59.62,32.37,25,3,2,1,44.4477,77.63,0.1725,0.6154,0.6011
S07933,4,0,1,46.61,0.0,18,6,1,1,40.8604,100.0,0.3531,0.5308,0.7243
S07934,4,1,1,64.81,28.49,18,5,1,0,46.2174,76.51,0.1005,0.6923,0.5712
S07935,6,1,1,63.33,44.15,41,3,0,0,55.4233,55.85,0.121,0.6154,0.4756
S07936,2,0,1,86.62,97.61903457920192,56,3,0,0,73.6376,2.381,0.2022,0.4154,0.2479
S07937,2,0,1,70.68,34.43,22,0,0,0,41.3228,65.57,0.019,0.3,0.6427
S07938,4,0,1,72.05,43.59,16,3,3,0,44.0808,71.41,0.0,0.4154,0.6275
S07939,1,1,1,66.3,21.45,14,3,0,0,40.5943,78.55,0.0798,0.6154,0.6183
S07940,2,0,1,56.22,18.62,12,2,1,1,33.4528,86.38,0.2197,0.3769,0.7342
S07941,6,1,1,85.36,47.38,34,6,1,0,65.852,57.62,0.1847,0.7308,0.4173
S07942,8,0,1,90.15,52.75,34,3,0,0,61.9987,47.25,0.2512,0.4154,0.4682
S07943,5,1,1,53.82,53.57,22,6,0,0,46.1173,46.43,0.253,0.7308,0.4416
S07944,2,1,1,96.3,46.72,25,0,0,0,53.3505,53.28,0.3366,0.5,0.5014
S07945,8,0,1,61.94,50.92,24,0,1,0,39.0133,54.08,0.1403,0.3,0.6048
S07946,5,0,1,60.71,34.79,21,3,1,0,42.5109,70.21,0.1574,0.4154,0.6282
S07947,6,0,1,79.09,51.1,28,2,0,0,52.0923,48.9,0.0977,0.3769,0.5191
S07948,2,0,1,80.43,51.29,22,2,2,0,49.069,58.71,0.1163,0.3769,0.5689
S07949,5,0,1,70.93,59.66,14,1,2,1,38.6002,50.34,0.0155,0.3385,0.5816
S07950,1,1,0,66.81,31.62,25,3,0,0,47.3237,68.38,0.0727,0.3154,0.629
S07951,6,0,0,89.59,58.38,36,2,0,0,61.0381,41.62,0.2434,0.0769,0.5336
S07952,2,0,0,62.65,40.05,14,0,1,1,33.3651,64.95,0.1305,0.0,0.743
S07953,8,0,0,70.97,29.3,27,2,0,0,48.2511,70.7,0.015,0.0769,0.6947
S07954,1,0,0,97.41,43.63,41,1,0,0,65.2091,56.37,0.352,0.0385,0.5876
S07955,6,1,1,51.94,9.32,12,0,0,0,27.8946,90.68,0.2791,0.5,0.7401
S07956,2,0,1,65.12,9.74,8,0,0,0,30.7938,90.26,0.0962,0.3,0.7783
S07957,6,0,1,87.38,36.48,17,2,0,0,48.8829,63.52,0.2128,0.3769,0.5888
S07958,4,0,1,79.92,49.28,20,0,0,0,43.8324,50.72,0.1092,0.3,0.5745
S07959,8,1,1,85.41,40.43,24,1,0,0,50.3244,59.57,0.1854,0.5385,0.5275
S07960,6,1,0,52.16,25.98,15,3,0,1,35.5315,74.02,0.2761,0.3154,0.6929
S07961,3,0,1,76.82,38.74,22,3,1,0,49.5481,66.26,0.0662,0.4154,0.5878
S07962,1,1,1,67.72,45.47,19,2,0,0,42.2053,54.53,0.0601,0.5769,0.5262
S07963,5,1,1,100.0,65.9,38,5,0,0,72.1578,34.1,0.3879,0.6923,0.3108
S07964,4,1,1,84.14,47.64,21,5,0,0,55.729,52.36,0.1678,0.6923,0.4413
S07965,1,0,1,71.67,59.96,32,0,0,0,47.6511,40.04,0.0053,0.3,0.5184
S07966,5,1,1,76.29,43.57,31,2,0,0,52.752,56.43,0.0588,0.5769,0.4969
S07967,2,1,1,72.81,50.15,30,3,1,0,52.6898,54.85,0.0105,0.6154,0.4811
S07968,2,0,1,82.49,98.21662147373522,21,3,0,0,51.2229,1.7834,0.1449,0.4154,0.324
S07969,1,0,1,59.16,20.96,17,5,1,0,43.3641,84.04,0.1789,0.4923,0.6613
S07970,3,0,1,92.48,60.28,36,3,0,0,64.1172,39.72,0.2836,0.4154,0.4306
S07971,2,0,1,52.13,28.11,14,1,2,0,31.0802,81.89,0.2765,0.3385,0.7342
S07972,1,0,1,75.08,37.02,18,0,0,0,40.71,62.98,0.0421,0.3,0.6344
S07973,4,1,1,59.64,32.68,12,7,0,0,44.4362,67.32,0.1722,0.7692,0.5215
S07974,2,1,1,72.64,95.99024415211814,17,6,0,1,50.6792,4.0098,0.0082,0.7308,0.256
S07975,2,0,0,86.82,42.27,18,2,0,0,49.2521,57.73,0.205,0.0769,0.6393
S07976,4,0,1,46.31,17.13,36,4,1,0,47.5722,87.87,0.3573,0.4538,0.6715
S07977,1,1,1,69.46,22.97,6,3,1,0,37.1126,82.03,0.0359,0.6154,0.6444
S07978,8,0,1,50.4,22.32,7,1,0,0,26.2356,77.68,0.3005,0.3385,0.7343
S07979,4,0,1,67.81,42.48,26,0,0,0,42.5477,57.52,0.0588,0.3,0.6062
S07980,8,1,1,50.36,27.05,9,8,0,0,40.8676,72.95,0.301,0.8077,0.5468
S07981,8,0,0,74.43,29.73,20,0,0,0,41.6364,70.27,0.033,0.0,0.7354
S07982,8,0,1,65.61,34.61,23,3,1,0,45.6573,70.39,0.0894,0.4154,0.6179
S07983,5,1,1,83.21,19.3,35,5,0,0,63.6621,80.7,0.1549,0.6923,0.5269
S07984,4,1,1,90.43,53.2,27,3,0,0,57.9582,46.8,0.2551,0.6154,0.4305
S07985,6,0,0,72.16,53.05,30,1,0,0,48.5837,46.95,0.0015,0.0385,0.6081
S07986,1,1,0,85.4,53.96,14,3,1,0,48.2343,51.04,0.1853,0.3154,0.5565
S07987,7,1,1,92.74,38.24,25,2,0,0,55.7727,61.76,0.2872,0.5769,0.5076
S07988,3,0,1,58.17,23.0,21,9,0,0,53.0333,77.0,0.1926,0.6462,0.5608
S07989,1,1,1,93.52,70.64,46,4,1,0,72.3884,34.36,0.298,0.6538,0.3206
S07990,2,0,1,72.05,47.52,14,0,0,0,37.1251,52.48,0.0,0.3,0.605
S07991,2,0,1,57.32,23.97,22,4,0,0,43.6712,76.03,0.2044,0.4538,0.6378
S07992,1,0,1,76.48,45.62,27,1,1,0,48.532,59.38,0.0615,0.3385,0.583
S07993,6,0,0,70.92,45.15,22,3,0,0,47.1881,54.85,0.0157,0.1154,0.6254
S07994,1,0,1,50.89,11.96,9,0,1,0,25.695,93.04,0.2937,0.3,0.8072
S07995,7,1,0,55.48,31.43,7,6,0,0,37.883,68.57,0.23,0.4308,0.634
S07996,4,0,1,96.56,62.02,27,3,0,0,60.4102,37.98,0.3402,0.4154,0.4366
S07997,6,1,1,76.18,42.22,28,7,1,0,60.5437,62.78,0.0573,0.7692,0.4469
S07998,3,0,0,94.23,69.06,28,4,0,0,61.9945,30.94,0.3078,0.1538,0.4683
S07999,2,1,1,65.75,38.1,30,1,0,0,46.0197,61.9,0.0874,0.5385,0.5519
S08000,2,0,1,59.98,15.55,17,1,1,0,35.9998,89.45,0.1675,0.3385,0.7472
S08001,6,0,0,46.75,26.73,18,0,1,0,29.378,78.27,0.3511,0.0,0.8103
S08002,6,1,1,86.52,36.04,30,4,0,0,60.0969,63.96,0.2008,0.6538,0.4821
S08003,3,1,1,78.16,46.33,21,5,0,0,53.337,53.67,0.0848,0.6923,0.4549
S08004,3,0,1,65.89,50.6,27,3,0,0,48.1422,49.4,0.0855,0.4154,0.5253
S08005,8,0,1,60.11,16.48,8,3,0,0,34.559,83.52,0.1657,0.4154,0.7093
S08006,7,1,0,88.9,55.39,24,3,0,0,55.5665,44.61,0.2339,0.3154,0.5051
S08007,4,1,0,69.34,42.93,18,3,0,1,44.1832,57.07,0.0376,0.3154,0.5948
S08008,2,0,1,69.5,97.0815414520082,25,0,0,0,42.6305,2.9185,0.0354,0.3,0.3875
S08009,3,1,1,62.99,97.7649268653436,24,2,2,0,43.2794,12.2351,0.1257,0.5769,0.3532
S08010,5,0,0,65.89,34.74,14,2,0,0,38.5072,65.26,0.0855,0.0769,0.707
S08011,5,0,1,80.25,42.53,18,0,0,0,42.778,57.47,0.1138,0.3,0.6052
S08012,2,1,1,50.75,24.0,15,4,1,1,36.8906,81.0,0.2956,0.6538,0.6314
S08013,1,1,0,73.21,28.07,11,3,1,0,41.5787,76.93,0.0161,0.3154,0.6833
S08014,4,0,1,86.33,40.36,36,2,2,0,59.7341,69.64,0.1982,0.3769,0.5753
S08015,7,0,1,70.73,28.86,20,4,0,0,47.8487,71.14,0.0183,0.4538,0.6036
S08016,2,0,1,87.81,38.69,19,2,1,0,50.2413,66.31,0.2187,0.3769,0.5952
S08017,4,1,1,92.11,55.22,20,3,0,0,54.4776,44.78,0.2784,0.6154,0.4346
S08018,2,0,1,85.55,31.47,30,3,0,0,57.7858,68.53,0.1874,0.4154,0.568
S08019,2,0,1,63.94,35.52,22,5,0,0,48.2422,64.48,0.1126,0.4923,0.566
S08020,5,0,1,72.05,50.82,16,3,0,0,44.0808,49.18,0.0,0.4154,0.5386
S08021,3,1,0,77.19,18.49,23,3,0,0,50.2893,81.51,0.0713,0.3154,0.6712
S08022,3,0,1,64.95,34.68,11,0,1,1,32.5054,70.32,0.0985,0.3,0.6925
S08023,8,1,1,64.45,30.83,18,3,0,0,42.2272,69.17,0.1055,0.6154,0.575
S08024,2,0,1,63.55,41.1,31,6,0,0,55.3483,58.9,0.118,0.5308,0.5092
S08025,2,0,1,4.651303686212348,96.77804904097204,50,2,0,0,35.3677,3.222,0.9354,0.3769,0.3949
S08026,8,0,1,67.93,49.01,19,6,0,0,49.9816,50.99,0.0572,0.5308,0.4963
S08027,5,0,1,88.03,46.82,32,2,1,0,58.0412,58.18,0.2218,0.3769,0.5354
S08028,1,0,1,58.96,41.095,21,1,1,1,37.9647,63.905,0.1817,0.3385,0.6381
S08029,4,0,1,72.05,44.07,18,0,0,0,39.498,55.93,0.0,0.3,0.6105
S08030,5,0,1,66.32,36.69,11,0,1,0,33.0534,68.31,0.0795,0.3,0.6826
S08031,3,0,0,72.79,27.74,4,5,0,0,41.1043,72.26,0.0103,0.1923,0.6971
S08032,5,0,0,44.51,28.29,16,5,1,1,36.9109,76.71,0.3822,0.1923,0.7296
S08033,6,0,1,88.75,65.56,44,3,1,0,67.3709,39.44,0.2318,0.4154,0.4181
S08034,3,0,1,92.0,54.53,38,4,0,0,67.0347,45.47,0.2769,0.4538,0.4338
S08035,7,0,1,72.05,21.27,16,1,0,0,40.2346,78.73,0.0,0.3385,0.6895
S08036,4,1,1,89.62,25.86,28,1,0,0,54.3812,74.14,0.2439,0.5385,0.5716
S08037,8,1,0,51.94,39.96,22,5,1,0,43.4422,65.04,0.2791,0.3923,0.61
S08038,1,1,1,81.48,56.13,34,5,0,0,62.3769,43.87,0.1309,0.6923,0.3841
S08039,3,0,1,72.05,28.93,23,0,0,0,42.4641,71.07,0.0,0.3,0.6607
S08040,6,1,1,92.04,49.44,30,2,0,0,58.4588,50.56,0.2774,0.5769,0.4534
S08041,8,1,1,75.74,57.15,15,4,1,0,46.8866,47.85,0.0512,0.6538,0.4638
S08042,2,0,1,85.97,41.62,32,4,1,0,61.0634,63.38,0.1932,0.4538,0.5263
S08043,8,0,1,90.57,60.52,22,2,1,0,53.125,44.48,0.257,0.3769,0.4978
S08044,2,1,0,67.63,55.63,24,0,1,0,41.2893,49.37,0.0613,0.2,0.603
S08045,4,1,1,71.57,41.095,30,4,1,0,54.1169,63.905,0.0067,0.6538,0.5028
S08046,3,1,0,55.33,12.64,3,0,1,0,23.9117,92.36,0.2321,0.2,0.8357
S08047,4,1,1,67.5,38.32,18,5,0,0,47.2934,61.68,0.0632,0.6923,0.5081
S08048,8,1,1,100.0,51.92,22,1,1,0,54.9739,53.08,0.3879,0.5385,0.4853
S08049,6,1,0,83.34,46.86,22,7,0,0,59.8484,53.14,0.1567,0.4692,0.4858
S08050,7,0,1,56.33,20.59,8,0,0,1,27.2778,79.41,0.2182,0.3,0.7472
S08051,3,0,1,96.47,45.18,25,1,0,0,55.3416,54.82,0.3389,0.3385,0.541
S08052,8,1,0,77.84,44.95,16,2,0,0,44.4737,55.05,0.0804,0.2769,0.5953
S08053,4,0,1,84.46,30.9,34,2,0,0,57.7996,69.1,0.1722,0.3769,0.5799
S08054,6,0,0,79.36,48.47,28,6,0,0,59.8926,51.53,0.1015,0.2308,0.5388
S08055,6,0,1,78.3,38.65,27,5,0,0,56.9523,61.35,0.0867,0.4923,0.523
S08056,6,0,1,42.03,17.38,0,6,1,0,28.3505,87.62,0.4167,0.5308,0.7186
S08057,5,0,1,88.6,40.8,44,3,0,0,67.3109,59.2,0.2297,0.4154,0.4974
S08058,4,1,1,38.18,37.94,7,3,1,1,25.1938,67.06,0.4701,0.6154,0.6262
S08059,6,0,1,87.24,57.74,42,2,0,0,63.6574,42.26,0.2108,0.3769,0.452
S08060,8,1,0,73.49,53.87,29,5,0,0,56.2148,46.13,0.02,0.3923,0.4897
S08061,4,0,1,84.53,35.5,25,3,0,0,54.4117,64.5,0.1732,0.4154,0.5637
S08062,5,1,1,74.38,43.26,40,1,0,0,55.4039,56.74,0.0323,0.5385,0.4984
S08063,2,1,0,87.66,52.31,33,2,0,0,58.4864,47.69,0.2167,0.2769,0.5168
S08064,3,1,1,72.05,39.41,21,3,0,0,47.0469,60.59,0.0,0.6154,0.5238
S08065,7,0,1,76.21,44.65,21,1,0,0,44.8647,55.35,0.0577,0.3385,0.5797
S08066,6,0,1,78.07,46.91,33,2,0,0,54.6504,53.09,0.0836,0.3769,0.5269
S08067,2,1,1,100.0,53.03,28,6,0,0,68.1486,46.97,0.3879,0.7308,0.3667
S08068,5,1,1,81.0,44.84,23,1,0,0,47.9671,55.16,0.1242,0.5385,0.5181
S08069,7,0,1,52.25,25.12,11,3,0,0,33.1947,74.88,0.2748,0.4154,0.6795
S08070,1,1,1,63.54,28.32,13,0,1,0,33.1279,76.68,0.1181,0.5,0.6658
S08071,1,1,1,80.97,36.76,20,2,0,0,48.0986,63.24,0.1238,0.5769,0.5404
S08072,4,0,0,90.9,66.98,43,2,0,0,65.7146,33.02,0.2616,0.0769,0.4829
S08073,6,1,1,61.17,28.78,27,6,1,0,52.0234,76.22,0.151,0.7308,0.5401
S08074,3,0,1,100.0,44.51,34,1,0,0,62.0926,55.49,0.3879,0.3385,0.52
S08075,7,0,1,74.63,39.3,19,0,0,0,41.1232,60.7,0.0358,0.3,0.6239
S08076,7,1,0,78.31,46.48,20,3,1,0,48.9576,58.52,0.0869,0.3154,0.5839
S08077,5,0,0,53.19,62.81,13,6,0,0,40.5263,37.19,0.2618,0.2308,0.5492
S08078,4,1,0,88.73,50.33,43,5,0,0,70.6159,49.67,0.2315,0.3923,0.4534
S08079,1,1,1,65.31,41.095,22,6,1,0,50.7133,63.905,0.0935,0.7308,0.4954
S08080,7,1,1,60.81,32.37,24,5,2,0,48.1767,77.63,0.156,0.6923,0.5688
S08081,8,0,1,67.24,38.35,22,0,0,0,39.9468,61.65,0.0668,0.3,0.6318
S08082,4,0,1,92.74,54.68,23,4,0,0,58.4324,45.32,0.2872,0.4538,0.4633
S08083,5,0,1,78.99,36.63,26,0,0,1,47.0197,63.37,0.0963,0.3,0.6139
S08084,7,1,1,58.66,31.57,9,1,1,0,30.7261,73.43,0.1858,0.5385,0.6516
S08085,6,0,1,64.04,31.94,29,0,0,0,42.8194,68.06,0.1112,0.3,0.6474
S08086,2,1,1,93.14,44.9,22,0,1,0,50.3068,60.1,0.2927,0.5,0.5393
S08087,6,0,0,68.45,44.11,17,3,2,0,43.234,65.89,0.05,0.1154,0.6834
S08088,8,0,1,80.41,44.48,32,6,0,0,62.6855,55.52,0.116,0.5308,0.47
S08089,7,1,1,72.05,42.72,21,3,0,0,47.0469,57.28,0.0,0.6154,0.5106
S08090,4,1,1,20.72,19.92,2,8,0,1,24.8591,80.08,0.7124,0.8077,0.6314
S08091,5,0,1,90.97,61.84,8,3,0,0,46.903,38.16,0.2626,0.4154,0.4846
S08092,3,1,1,59.21,41.68,15,0,0,0,32.5823,58.32,0.1782,0.5,0.5942
S08093,6,0,1,66.59,39.41,25,1,0,0,43.3896,60.59,0.0758,0.3385,0.6059
S08094,2,1,1,95.09,42.85,26,4,0,0,61.152,57.15,0.3198,0.6538,0.4511
S08095,3,0,1,72.05,97.82793661664564,35,2,0,0,53.4289,2.1721,0.0,0.3769,0.3275
S08096,3,0,0,79.39,33.78,25,2,0,0,50.4327,66.22,0.1019,0.0769,0.6691
S08097,3,0,0,82.93,43.79,35,3,0,0,59.7039,56.21,0.151,0.1154,0.587
S08098,3,0,1,86.67,45.3,22,0,0,0,47.7188,54.7,0.2029,0.3,0.5768
S08099,1,1,1,93.45,49.17,28,1,0,0,55.9132,50.83,0.297,0.5385,0.473
S08100,6,0,1,95.36,45.08,19,7,0,0,62.8767,54.92,0.3235,0.5692,0.4573
S08101,4,0,1,73.62,44.94,22,1,1,0,44.4219,60.06,0.0218,0.3385,0.6001
S08102,8,0,1,60.94,36.87,15,1,0,0,35.1974,63.13,0.1542,0.3385,0.6447
S08103,2,0,1,68.17,43.84,29,0,0,0,44.4714,56.16,0.0539,0.3,0.594
S08104,6,1,1,73.91,44.07,18,1,0,0,42.165,55.93,0.0258,0.5385,0.5415
S08105,2,0,1,71.2,67.0,19,0,0,0,39.7512,33.0,0.0118,0.3,0.5179
S08106,5,1,1,72.05,34.39,12,1,1,0,37.8617,70.61,0.0,0.5385,0.6153
S08107,4,1,1,78.55,54.57,25,2,1,0,50.0967,50.43,0.0902,0.5769,0.4822
S08108,4,0,1,48.48,42.46,30,1,2,0,39.1117,67.54,0.3271,0.3385,0.6486
S08109,6,1,1,73.28,26.37,0,7,0,0,42.7735,73.63,0.0171,0.7692,0.5525
S08110,7,0,1,74.24,50.54,23,0,0,0,43.3401,49.46,0.0304,0.3,0.5711
S08111,3,0,1,73.73,38.73,32,3,1,0,54.2443,66.27,0.0233,0.4154,0.5714
S08112,7,0,1,84.77,33.72,23,3,0,0,53.3213,66.28,0.1765,0.4154,0.5746
S08113,2,0,1,82.78,59.65,31,6,0,0,63.0403,40.35,0.1489,0.5308,0.4081
S08114,3,0,1,100.0,95.87577453924126,42,0,2,0,64.9153,14.1242,0.3879,0.3,0.3543
S08115,3,0,1,64.23,99.40735166630272,17,0,0,0,35.7767,0.5926,0.1085,0.3,0.4022
S08116,8,1,0,76.19,46.11,19,10,1,0,60.978,58.89,0.0575,0.5846,0.476
S08117,1,0,0,75.23,31.82,31,3,0,0,54.2511,68.18,0.0441,0.1154,0.654
S08118,4,1,1,74.52,62.08,27,5,0,0,55.4403,37.92,0.0343,0.6923,0.3846
S08119,4,0,1,53.03,26.04,15,3,0,0,35.8795,73.96,0.264,0.4154,0.6664
S08120,7,1,1,54.25,34.76,21,0,2,0,34.1576,75.24,0.2471,0.5,0.6564
S08121,4,0,0,72.05,41.36,30,5,0,0,56.232,58.64,0.0,0.1923,0.5897
S08122,8,0,1,48.36,24.93,13,3,1,1,32.8251,80.07,0.3288,0.4154,0.7015
S08123,6,0,1,66.99,95.97546216374552,23,0,1,0,40.4401,9.0245,0.0702,0.3,0.4196
S08124,6,1,1,62.29,27.88,23,0,0,0,38.5601,72.12,0.1355,0.5,0.6285
S08125,7,1,1,67.53,35.68,17,7,0,0,50.5583,64.32,0.0627,0.7692,0.488
S08126,2,0,1,88.98,58.41,38,1,0,0,60.0574,41.59,0.235,0.3385,0.4715
S08127,4,1,1,55.82,36.83,8,4,1,0,34.7661,68.17,0.2253,0.6538,0.5875
S08128,5,1,1,85.05,47.72,26,0,0,0,49.4437,52.28,0.1804,0.5,0.5111
S08129,2,1,1,63.43,61.58,25,0,0,0,40.2025,38.42,0.1196,0.5,0.488
S08130,1,0,1,65.3,37.6,12,5,0,0,42.854,62.4,0.0937,0.4923,0.5765
S08131,2,1,0,78.98,54.46,32,7,0,0,64.0366,45.54,0.0962,0.4692,0.4407
S08132,7,1,1,67.89,31.13,22,1,2,0,42.1299,78.87,0.0577,0.5385,0.6334
S08133,6,0,1,58.61,48.33,28,6,2,0,51.5926,61.67,0.1865,0.5308,0.5334
S08134,3,0,1,66.45,44.63,25,1,0,0,43.3336,55.37,0.0777,0.3385,0.5852
S08135,6,0,1,45.35,39.35,12,3,0,1,31.0279,60.65,0.3706,0.4154,0.6302
S08136,6,1,1,77.72,30.51,26,5,1,0,56.1271,74.49,0.0787,0.6923,0.5284
S08137,7,0,1,25.47,0.0,8,2,1,1,18.7799,100.0,0.6465,0.3769,0.84
S08138,8,0,1,85.32,56.56,43,6,0,0,71.1749,43.44,0.1842,0.5308,0.3919
S08139,8,0,1,81.23,52.7,26,2,0,0,51.7619,47.3,0.1274,0.3769,0.5138
S08140,2,1,1,72.05,62.95,30,2,0,0,50.4628,37.05,0.0,0.5769,0.4274
S08141,7,1,1,100.0,56.28,31,0,0,0,58.3898,43.72,0.3879,0.5,0.4455
S08142,4,0,1,86.04,70.76,29,3,0,0,57.3886,29.24,0.1942,0.4154,0.4122
S08143,4,0,1,62.59,28.74,10,1,0,0,32.8913,71.26,0.1313,0.3385,0.6853
S08144,6,1,1,100.0,54.17,29,0,1,0,57.2034,50.83,0.3879,0.5,0.4781
S08145,5,0,0,54.09,29.19,8,1,1,0,28.3048,75.81,0.2493,0.0385,0.7945
S08146,4,0,1,43.46,9.93,5,0,1,0,20.3501,95.07,0.3968,0.3,0.8341
S08147,8,1,1,99.79,59.61,39,8,1,0,78.4362,45.39,0.385,0.8077,0.3051
S08148,2,0,1,81.02,39.47,26,2,0,0,51.6779,60.53,0.1245,0.3769,0.567
S08149,1,0,1,43.86,41.095,6,1,1,0,23.0264,63.905,0.3913,0.3385,0.6904
S08150,1,0,1,72.05,98.50696872738952,14,5,1,0,46.7405,6.493,0.0,0.4923,0.3393
S08151,7,1,1,80.27,42.48,23,5,0,0,55.3675,57.52,0.1141,0.6923,0.4632
S08152,4,1,0,58.95,29.45,18,3,1,0,40.0272,75.55,0.1818,0.3154,0.6833
S08153,4,0,1,61.11,31.51,6,0,0,0,28.0033,68.49,0.1518,0.3,0.7009
S08154,6,1,0,100.0,65.75,24,6,0,0,65.7757,34.25,0.3879,0.4308,0.3991
S08155,4,1,1,100.0,42.6,21,3,0,0,58.2269,57.4,0.3879,0.6154,0.472
S08156,5,1,0,72.05,38.11,16,3,0,0,44.0808,61.89,0.0,0.3154,0.6144
S08157,1,0,1,69.74,43.84,16,5,0,0,47.0029,56.16,0.0321,0.4923,0.5371
S08158,2,0,1,85.54,47.75,19,3,0,0,51.2564,52.25,0.1872,0.4154,0.5258
S08159,8,1,1,63.58,53.3,26,4,0,1,48.548,46.7,0.1176,0.6538,0.4534
S08160,4,0,1,38.54,8.22,25,2,0,1,34.0927,91.78,0.4651,0.3769,0.7536
S08161,2,0,1,72.05,13.07,14,4,3,1,44.8174,100.0,0.0,0.4538,0.7297
S08162,3,0,1,70.9,36.06,17,5,1,0,48.0601,68.94,0.016,0.4923,0.5845
S08163,3,1,1,85.23,53.92,22,0,0,0,47.1428,46.08,0.1829,0.5,0.4943
S08164,3,0,1,72.24,37.77,22,0,1,0,41.9468,67.23,0.0026,0.3,0.6471
S08165,3,0,1,84.15,41.74,22,4,0,0,54.4032,58.26,0.1679,0.4538,0.5292
S08166,6,1,1,85.65,52.13,38,6,0,0,68.3408,47.87,0.1888,0.7308,0.3696
S08167,1,0,1,92.79,57.02,46,4,1,0,72.0964,47.98,0.2879,0.4538,0.4261
S08168,3,0,1,74.79,48.84,22,3,0,0,48.7361,51.16,0.038,0.4154,0.5302
S08169,4,0,1,76.14,51.82,35,3,0,0,56.9879,48.18,0.0568,0.4154,0.4894
S08170,5,0,1,71.45,35.66,17,3,1,0,44.434,69.34,0.0083,0.4154,0.618
S08171,8,1,1,68.12,40.16,19,7,1,0,51.9807,64.84,0.0545,0.7692,0.4851
S08172,8,0,1,48.42,14.75,16,6,1,0,40.398,90.25,0.328,0.5308,0.6869
S08173,3,1,1,89.58,50.8,41,2,0,0,64.0002,49.2,0.2433,0.5769,0.4286
S08174,5,0,1,66.24,32.66,23,2,0,0,43.9862,67.34,0.0806,0.3769,0.6212
S08175,1,0,1,65.38,49.01,23,0,0,0,39.7961,50.99,0.0926,0.3,0.5897
S08176,5,0,0,63.88,52.55,26,7,1,0,54.4373,52.45,0.1134,0.2692,0.552
S08177,2,0,1,51.89,25.78,23,0,0,1,34.4001,74.22,0.2798,0.3,0.7015
S08178,1,0,1,70.72,53.66,26,0,0,0,43.7117,46.34,0.0185,0.3,0.5574
S08179,6,0,0,79.75,50.84,33,4,0,0,59.1686,49.16,0.1069,0.1538,0.5511
S08180,2,1,0,61.42,29.45,14,4,1,0,40.5654,75.55,0.1475,0.3538,0.6718
S08181,4,0,1,87.56,36.95,14,2,0,0,47.1752,63.05,0.2153,0.3769,0.5929
S08182,1,1,1,66.47,41.71,35,2,1,0,51.1969,63.29,0.0774,0.5769,0.5297
S08183,6,0,1,49.01,21.15,6,2,0,1,27.0095,78.85,0.3198,0.3769,0.7266
S08184,7,0,0,92.61,36.15,26,6,0,0,64.0062,63.85,0.2854,0.2308,0.5737
S08185,5,1,1,74.98,38.39,21,2,0,0,46.2958,61.61,0.0407,0.5769,0.5402
S08186,7,0,1,84.95,45.91,23,6,0,0,59.1625,54.09,0.179,0.5308,0.4766
S08187,4,0,1,85.3,99.42346063887152,21,1,0,0,48.5007,0.5765,0.1839,0.3385,0.3479
S08188,2,0,0,57.81,28.94,21,0,1,1,35.5816,76.06,0.1976,0.0,0.7797
S08189,2,0,1,64.17,32.97,23,3,0,0,45.0813,67.03,0.1094,0.4154,0.6065
S08190,2,1,0,87.51,38.12,33,8,0,0,69.9649,61.88,0.2146,0.5077,0.4757
S08191,2,0,1,99.53,70.4,37,5,0,0,71.3765,29.6,0.3814,0.4923,0.3455
S08192,3,1,1,72.95,38.84,19,3,0,0,46.2204,61.16,0.0125,0.6154,0.529
S08193,2,0,1,62.59,16.34,16,0,0,0,34.5275,83.66,0.1313,0.3,0.7388
S08194,5,0,1,97.24,65.14,40,2,0,0,66.471,34.86,0.3496,0.3769,0.4126
S08195,2,0,1,62.6,25.51,15,2,2,0,37.7845,84.49,0.1312,0.3769,0.7115
S08196,5,0,1,76.93,27.47,20,0,1,0,42.6364,77.53,0.0677,0.3,0.6859
S08197,3,1,1,65.58,95.61975766311878,28,3,0,0,48.6114,4.3802,0.0898,0.6154,0.2935
S08198,6,1,1,76.04,59.84,24,3,0,0,50.4225,40.16,0.0554,0.6154,0.4303
S08199,5,0,0,57.82,29.39,13,2,0,1,34.686,70.61,0.1975,0.0769,0.7418
S08200,8,0,1,66.38,28.36,16,0,0,0,36.0435,71.64,0.0787,0.3,0.6854
S08201,4,1,1,62.59,46.0,28,5,1,0,51.2616,59.0,0.1313,0.6923,0.4835
S08202,3,0,1,81.93,40.42,31,0,0,0,51.1618,59.58,0.1371,0.3,0.5843
S08203,5,0,1,74.45,57.68,25,1,1,0,46.5336,47.32,0.0333,0.3385,0.5418
S08204,6,0,1,85.2,42.23,18,6,0,1,56.2964,57.77,0.1825,0.5308,0.5013
S08205,4,0,0,59.61,40.52,20,3,1,1,41.4776,64.48,0.1727,0.1154,0.6839
S08206,5,0,1,68.87,20.51,20,5,0,1,49.0278,79.49,0.0441,0.4923,0.6233
S08207,4,0,1,81.38,41.85,18,0,0,0,43.23,58.15,0.1295,0.3,0.6063
S08208,3,1,0,84.88,33.98,22,5,2,0,56.6182,76.02,0.1781,0.3923,0.6078
S08209,3,0,0,50.31,27.11,20,3,1,0,37.7576,77.89,0.3017,0.1154,0.7506
S08210,8,1,0,72.05,49.8,34,5,1,0,58.6049,55.2,0.0,0.3923,0.5176
S08211,6,1,1,59.8,24.38,10,5,1,0,39.4676,80.62,0.17,0.6923,0.6113
S08212,1,0,1,85.64,39.44,20,2,0,0,49.9666,60.56,0.1886,0.3769,0.5731
S08213,8,0,1,99.91,97.91543739385664,56,5,0,0,82.7997,2.0846,0.3867,0.4923,0.1955
S08214,6,0,1,32.82,0.0,5,0,1,1,16.0941,100.0,0.5445,0.3,0.8687
S08215,1,1,1,62.16,43.96,23,5,1,0,48.1235,61.04,0.1373,0.6923,0.5027
S08216,6,0,0,75.96,38.07,20,2,0,0,46.0946,61.93,0.0543,0.0769,0.6672
S08217,5,1,1,71.94,35.57,27,5,0,0,54.4083,64.43,0.0015,0.6923,0.4942
S08218,8,1,0,86.09,37.44,17,1,0,0,46.4438,62.56,0.1949,0.2385,0.6281
S08219,4,1,0,73.19,45.32,22,5,0,0,51.9422,54.68,0.0158,0.3923,0.5388
S08220,5,0,1,64.05,32.13,3,2,0,1,31.2458,67.87,0.111,0.3769,0.6679
S08221,3,1,1,56.7,28.42,24,3,0,0,42.6865,71.58,0.213,0.6154,0.5831
S08222,3,1,0,54.17,41.095,16,5,3,0,40.7749,73.905,0.2482,0.3923,0.6548
S08223,5,1,1,60.86,15.13,22,1,0,0,39.3179,84.87,0.1553,0.5385,0.6672
S08224,7,0,1,63.52,45.52,21,1,3,0,39.7887,69.48,0.1184,0.3385,0.654
S08225,8,1,1,77.76,41.095,11,4,1,0,45.3217,63.905,0.0793,0.6538,0.5335
S08226,7,0,1,69.65,29.79,33,5,0,0,57.0517,70.21,0.0333,0.4923,0.5581
S08227,5,1,1,62.24,95.73983712960474,22,1,1,0,39.8699,9.2602,0.1362,0.5385,0.3629
S08228,5,0,1,56.86,37.8,23,1,0,1,38.3111,62.2,0.2108,0.3385,0.6301
S08229,3,0,0,61.46,32.63,12,5,0,0,41.318,67.37,0.147,0.1923,0.6768
S08230,7,1,1,63.54,27.44,21,3,1,0,43.6429,77.56,0.1181,0.6154,0.6036
S08231,3,0,1,60.78,16.39,8,0,1,0,29.0578,88.61,0.1564,0.3,0.7777
S08232,3,1,1,82.1,38.22,27,2,0,0,52.7031,61.78,0.1395,0.5769,0.5184
S08233,7,1,0,92.52,76.04,22,5,0,0,59.6742,23.96,0.2841,0.3923,0.3889
S08234,5,1,1,54.36,45.9,56,7,1,0,68.4259,59.1,0.2455,0.7692,0.4046
S08235,3,1,1,88.79,58.68,33,3,0,0,60.8615,41.32,0.2323,0.6154,0.3984
S08236,7,0,1,82.4,58.98,37,3,0,0,60.6784,41.02,0.1437,0.4154,0.4479
S08237,8,0,0,74.7,58.15,21,1,0,0,44.2607,41.85,0.0368,0.0385,0.6029
S08238,3,1,1,94.9,59.82,22,2,1,0,54.857,45.18,0.3171,0.5769,0.4445
S08239,5,0,0,69.45,97.08240227168132,29,1,0,0,46.9065,2.9176,0.0361,0.0385,0.4379
S08240,4,0,1,78.03,35.28,22,3,1,0,50.0321,69.72,0.083,0.4154,0.5999
S08241,6,0,0,73.86,30.88,18,1,0,0,42.145,69.12,0.0251,0.0385,0.7193
S08242,8,0,1,72.74,48.48,30,2,0,0,50.7388,51.52,0.0096,0.3769,0.5343
S08243,5,1,1,78.88,51.09,23,4,0,0,52.8884,48.91,0.0948,0.6538,0.4471
S08244,7,0,1,72.7,45.72,17,3,1,0,44.934,59.28,0.009,0.4154,0.576
S08245,5,0,1,78.99,50.08,20,0,0,0,43.4604,49.92,0.0963,0.3,0.5726
S08246,8,1,0,61.95,51.39,9,3,0,0,35.8882,48.61,0.1402,0.3154,0.59
S08247,4,1,1,62.42,36.64,3,5,0,0,36.363,63.36,0.1337,0.6923,0.5531
S08248,4,0,0,61.88,12.7,5,6,0,1,39.2566,87.3,0.1412,0.2308,0.7541
S08249,4,1,1,66.53,30.42,21,3,0,0,44.8389,69.58,0.0766,0.6154,0.5675
S08250,8,0,0,87.2,68.71,33,6,1,0,65.9947,36.29,0.2103,0.2308,0.4565
S08251,5,1,1,65.07,41.71,40,2,0,0,53.603,58.29,0.0969,0.5769,0.5013
S08252,2,0,0,81.79,97.67075491645488,26,5,0,0,57.7551,2.3292,0.1352,0.1923,0.3591
S08253,1,0,1,75.98,31.89,14,0,1,0,38.6971,73.11,0.0545,0.3,0.682
S08254,5,0,1,65.38,23.09,20,4,0,0,45.7087,76.91,0.0926,0.4538,0.6342
S08255,7,1,1,91.64,57.49,35,1,0,0,59.3418,42.51,0.2719,0.5385,0.4277
S08256,4,0,1,83.04,62.74,35,3,0,0,59.7479,37.26,0.1525,0.4154,0.4361
S08257,5,0,1,72.03,41.76,30,1,0,0,48.5317,58.24,0.0003,0.3385,0.5785
S08258,7,1,0,70.78,19.86,27,3,1,0,50.0982,85.14,0.0176,0.3154,0.6864
S08259,5,0,0,73.41,39.64,24,6,0,0,55.1397,60.36,0.0189,0.2308,0.5908
S08260,8,1,1,49.06,27.21,20,7,0,1,44.9499,72.79,0.3191,0.7692,0.5415
S08261,6,0,0,59.63,27.77,8,2,0,0,32.4439,72.23,0.1724,0.0769,0.7561
S08262,6,0,1,78.94,30.43,9,2,1,0,40.7611,74.57,0.0956,0.3769,0.6614
S08263,7,0,1,48.26,19.28,31,3,0,0,43.4631,80.72,0.3302,0.4154,0.6669
S08264,6,0,1,60.79,25.31,22,1,2,0,39.2899,84.69,0.1563,0.3385,0.7166
S08265,1,0,1,66.11,29.34,22,1,0,0,41.4179,70.66,0.0824,0.3385,0.6531
S08266,4,0,1,100.0,53.02,10,0,0,0,45.9322,46.98,0.3879,0.3,0.5522
S08267,2,1,1,82.11,52.18,38,3,1,0,61.1556,52.82,0.1396,0.6154,0.4434
S08268,5,0,1,88.46,61.85,38,4,0,0,65.6187,38.15,0.2278,0.4538,0.4095
S08269,2,0,1,59.92,23.54,6,0,0,1,27.5273,76.46,0.1684,0.3,0.7345
S08270,5,1,0,77.43,36.33,22,7,0,0,57.4844,63.67,0.0747,0.4692,0.5362
S08271,3,0,1,45.6,22.12,15,5,0,1,36.7537,77.88,0.3671,0.4923,0.6598
S08272,1,1,0,67.04,24.19,11,2,2,0,37.1876,85.81,0.0695,0.2769,0.7439
S08273,1,1,0,79.58,52.09,29,3,0,0,54.8046,47.91,0.1045,0.3154,0.521
S08274,5,0,1,50.74,13.51,23,0,2,0,33.9401,96.49,0.2958,0.3,0.7922
S08275,1,1,1,77.9,41.6,27,3,0,0,52.9462,58.4,0.0812,0.6154,0.4944
S08276,7,1,1,79.14,33.82,12,2,0,0,42.6208,66.18,0.0984,0.5769,0.5713
S08277,7,0,0,62.96,27.9,11,7,0,0,45.171,72.1,0.1262,0.2692,0.663
S08278,6,1,1,59.48,36.46,17,9,0,0,51.1844,63.54,0.1745,0.8462,0.4635
S08279,2,0,0,61.27,15.52,17,3,1,0,40.362,89.48,0.1496,0.1154,0.7878
S08280,7,1,1,66.8,40.2,19,1,1,0,39.9143,64.8,0.0729,0.5385,0.5849
S08281,6,0,1,67.25,38.07,19,0,1,0,38.1712,66.93,0.0666,0.3,0.6591
S08282,4,0,1,79.64,41.69,11,0,0,0,38.3814,58.31,0.1053,0.3,0.6239
S08283,1,1,1,63.98,43.45,26,4,1,0,48.708,61.55,0.112,0.6538,0.5123
S08284,5,0,1,96.03,54.06,36,2,0,0,63.6141,45.94,0.3328,0.3769,0.4669
S08285,7,1,1,95.92,57.34,35,3,0,0,64.8999,42.66,0.3313,0.6154,0.3896
S08286,1,1,1,75.54,57.37,27,5,0,0,55.8483,42.63,0.0484,0.6923,0.402
S08287,1,1,1,66.83,18.24,18,7,0,0,50.8715,81.76,0.0724,0.7692,0.5567
S08288,4,1,1,72.05,47.64,15,0,0,0,37.7183,52.36,0.0,0.5,0.5524
S08289,5,1,1,76.75,60.83,16,3,0,0,45.9608,39.17,0.0652,0.6154,0.442
S08290,4,1,1,79.38,59.01,37,1,1,0,55.6242,45.99,0.1017,0.5385,0.4547
S08291,4,1,1,68.98,98.5568163655406,21,2,0,0,43.8958,1.4432,0.0426,0.5769,0.3079
S08292,3,0,1,66.1,30.08,7,5,0,0,40.2079,69.92,0.0826,0.4923,0.6159
S08293,1,1,0,77.29,53.29,24,6,0,0,56.6917,46.71,0.0727,0.4308,0.4807
S08294,1,0,1,73.04,40.14,6,4,1,0,40.4676,64.86,0.0137,0.4538,0.6044
S08295,1,0,1,63.42,39.67,21,1,2,0,39.7487,70.33,0.1198,0.3385,0.6576
S08296,6,0,1,73.7,31.37,24,1,0,0,45.6404,68.63,0.0229,0.3385,0.6302
S08297,7,0,1,62.92,47.49,15,4,0,0,41.7586,52.51,0.1267,0.4538,0.5504
S08298,4,0,1,60.73,36.43,11,1,0,0,32.7405,63.57,0.1571,0.3385,0.6551
S08299,1,0,1,71.93,46.92,27,0,1,0,44.7889,58.08,0.0017,0.3,0.6006
S08300,4,1,0,63.38,45.57,22,3,0,0,44.1721,54.43,0.1203,0.3154,0.5843
S08301,8,1,1,61.01,24.95,3,5,1,0,35.799,80.05,0.1532,0.6923,0.6218
S08302,2,1,0,87.69,58.0,38,0,0,0,57.6184,42.0,0.2171,0.2,0.5163
S08303,4,1,1,66.12,27.88,13,4,0,0,41.8522,72.12,0.0823,0.6538,0.5785
S08304,5,1,1,99.65,95.72703798629806,22,4,1,0,60.6032,9.273,0.3831,0.6538,0.2615
S08305,3,1,1,81.4,57.19,37,5,1,0,64.1245,47.81,0.1298,0.6923,0.3937
S08306,4,0,1,59.69,37.85,26,0,0,0,39.2997,62.15,0.1715,0.3,0.6361
S08307,4,1,1,89.4,50.08,25,3,0,0,56.3597,49.92,0.2408,0.6154,0.4486
S08308,4,0,1,61.25,27.0,9,6,0,0,41.3774,73.0,0.1499,0.5308,0.6145
S08309,6,0,0,72.05,34.36,25,2,0,0,47.4967,65.64,0.0,0.0769,0.6771
S08310,5,0,1,75.39,53.16,20,0,0,0,42.0204,46.84,0.0464,0.3,0.5653
S08311,1,1,1,80.14,41.47,35,2,1,0,56.6649,63.53,0.1123,0.5769,0.5116
S08312,1,1,1,72.46,54.46,33,3,0,0,54.3295,45.54,0.0057,0.6154,0.4382
S08313,4,0,1,75.99,43.18,25,5,1,0,54.8419,61.82,0.0547,0.4923,0.5323
S08314,8,1,1,68.56,44.96,26,2,0,1,46.6939,55.04,0.0484,0.5769,0.5125
S08315,1,0,0,58.11,29.23,16,3,1,0,38.5048,75.77,0.1935,0.1154,0.7395
S08316,1,0,1,77.1,35.65,17,4,1,0,48.6171,69.35,0.0701,0.4538,0.5938
S08317,6,0,1,87.37,33.33,16,0,0,0,44.4395,66.67,0.2126,0.3,0.6361
S08318,4,0,1,54.14,44.31,19,0,2,0,32.9272,65.69,0.2486,0.3,0.6725
S08319,2,1,1,95.11,64.67,38,4,1,0,68.2787,40.33,0.3201,0.6538,0.3589
S08320,2,0,1,81.02,48.21,22,0,0,0,45.4588,51.79,0.1245,0.3,0.5731
S08321,6,0,1,65.45,48.93,30,3,1,0,49.7458,56.07,0.0916,0.4154,0.5463
S08322,5,0,1,65.18,39.0,17,1,0,0,38.0798,61.0,0.0954,0.3385,0.6261
S08323,6,1,1,99.96,45.24,33,0,0,0,59.5603,54.76,0.3874,0.5,0.4856
S08324,3,1,1,86.08,53.58,26,0,1,0,49.8557,51.42,0.1947,0.5,0.5062
S08325,5,1,1,89.1,50.61,38,6,0,0,69.7208,49.39,0.2366,0.7308,0.3708
S08326,7,1,1,68.23,45.13,25,1,0,0,44.0456,54.87,0.053,0.5385,0.5307
S08327,3,1,0,80.33,38.39,25,1,0,0,48.8856,61.61,0.1149,0.2385,0.6157
S08328,4,0,1,77.24,22.77,25,0,0,0,45.7265,77.23,0.072,0.3,0.6739
S08329,2,0,1,69.38,97.52304375496828,12,1,0,0,36.7937,2.477,0.0371,0.3385,0.3965
S08330,6,0,0,73.64,27.3,5,1,1,0,34.3452,77.7,0.0221,0.0385,0.781
S08331,1,0,1,88.65,61.62,24,3,1,0,55.4665,43.38,0.2304,0.4154,0.4755
S08332,2,0,0,95.99,61.07,30,4,0,0,63.8849,38.93,0.3323,0.1538,0.4937
S08333,6,0,1,68.23,69.8,25,1,2,0,44.0456,40.2,0.053,0.3385,0.522
S08334,1,0,1,52.3,28.98,14,1,0,0,31.1482,71.02,0.2741,0.3385,0.6904
S08335,8,0,1,96.65,51.77,28,4,0,0,62.9625,48.23,0.3414,0.4538,0.4591
S08336,4,0,1,96.84,41.49,8,1,0,0,45.4048,58.51,0.3441,0.3385,0.5905
S08337,4,0,0,78.01,45.99,29,2,1,1,52.2535,59.01,0.0827,0.0769,0.6339
S08338,5,1,1,98.89,41.095,34,1,0,0,61.6486,58.905,0.3725,0.5385,0.4852
S08339,6,1,1,76.91,39.92,31,5,0,0,58.7692,60.08,0.0675,0.6923,0.4616
S08340,4,0,0,58.36,30.55,18,3,0,0,39.7912,69.45,0.19,0.1154,0.7097
S08341,8,0,1,52.32,27.83,25,2,1,0,39.6047,77.17,0.2738,0.3769,0.6758
S08342,8,0,1,52.17,26.82,11,2,1,0,31.2396,78.18,0.2759,0.3769,0.7092
S08343,2,0,1,72.07,57.27,22,1,0,0,43.8019,42.73,0.0003,0.3385,0.533
S08344,6,0,1,72.05,49.26,22,1,0,0,43.7939,50.74,0.0,0.3385,0.5651
S08345,3,0,1,63.32,68.98,25,0,0,1,40.1585,31.02,0.1212,0.3,0.5085
S08346,8,1,0,70.4,42.61,25,3,1,0,48.7597,62.39,0.0229,0.3154,0.6001
S08347,3,1,1,84.87,63.0,31,5,0,0,61.9532,37.0,0.1779,0.6923,0.3581
S08348,3,1,0,63.79,34.4,22,4,1,0,46.2592,70.6,0.1146,0.3538,0.632
S08349,6,1,1,61.27,38.95,17,3,1,0,40.362,66.05,0.1496,0.6154,0.5691
S08350,7,1,1,64.78,37.69,27,3,2,0,47.6982,72.31,0.1009,0.6154,0.5684
S08351,2,1,1,85.81,63.85,14,7,0,0,56.0906,36.15,0.191,0.7692,0.356
S08352,5,1,1,70.95,36.79,17,0,0,1,38.4647,63.21,0.0153,0.5,0.5932
S08353,3,1,1,76.2,43.42,37,6,3,0,63.9676,71.58,0.0576,0.7308,0.4797
S08354,5,1,1,95.3,54.07,25,6,0,0,64.489,45.93,0.3227,0.7308,0.3753
S08355,5,1,0,100.0,51.88,32,1,0,0,60.9061,48.12,0.3879,0.2385,0.5197
S08356,8,1,1,81.61,72.57,37,4,1,0,62.2855,32.43,0.1327,0.6538,0.3483
S08357,8,0,1,80.12,48.18,24,3,0,0,52.0545,51.82,0.112,0.4154,0.5212
S08358,6,0,1,54.23,47.66,9,2,0,0,30.8771,52.34,0.2473,0.3769,0.6071
S08359,6,0,1,77.53,51.1,34,2,0,0,55.0276,48.9,0.0761,0.3769,0.5088
S08360,8,0,1,72.93,42.29,20,5,1,0,50.6518,62.71,0.0122,0.4923,0.5505
S08361,2,0,1,85.38,50.09,25,0,0,1,48.9825,49.91,0.185,0.3,0.5532
S08362,6,0,0,66.12,31.85,4,5,0,1,38.4363,68.15,0.0823,0.1923,0.69
S08363,7,0,0,75.01,48.38,22,2,0,0,46.901,51.62,0.0411,0.0769,0.6231
S08364,2,1,0,81.08,53.67,31,5,0,0,60.4372,46.33,0.1253,0.3923,0.4757
S08365,8,0,1,72.05,47.77,22,2,0,0,45.717,52.23,0.0,0.3769,0.5547
S08366,6,0,0,95.46,49.9,21,3,0,0,56.4109,50.1,0.3249,0.1154,0.5741
S08367,3,0,0,90.99,46.93,25,6,1,0,62.765,58.07,0.2629,0.2308,0.5549
S08368,4,0,1,82.91,41.095,21,0,1,0,45.6216,63.905,0.1507,0.3,0.6209
S08369,4,1,0,65.53,20.26,18,0,0,1,36.89,79.74,0.0905,0.2,0.7398
S08370,8,1,1,82.9,31.43,22,6,0,0,57.7493,68.57,0.1506,0.7308,0.4895
S08371,8,0,1,60.42,37.4,32,2,0,0,46.9972,62.6,0.1614,0.3769,0.5917
S08372,7,0,1,68.91,37.15,24,1,0,0,43.7244,62.85,0.0436,0.3385,0.6137
S08373,6,0,1,98.68,63.38,18,1,0,0,52.073,36.62,0.3696,0.3385,0.4796
S08374,1,1,1,80.07,39.93,26,5,0,0,57.0671,60.07,0.1113,0.6923,0.4675
S08375,8,1,1,75.41,27.32,23,7,1,0,57.2696,77.68,0.0466,0.7692,0.518
S08376,2,1,1,77.34,35.79,34,0,0,0,51.1055,64.21,0.0734,0.5,0.553
S08377,2,0,0,70.59,38.26,21,3,1,0,46.4629,66.74,0.0203,0.1154,0.6755
S08378,1,1,1,39.66,41.095,9,1,0,0,23.1261,58.905,0.4495,0.5385,0.6201
S08379,8,1,1,72.05,46.5,30,3,1,0,52.3858,58.5,0.0,0.6154,0.4968
S08380,4,1,1,81.26,39.73,17,4,0,0,50.2811,60.27,0.1278,0.6538,0.5016
S08381,2,0,1,72.05,55.42,24,0,0,0,43.0573,44.58,0.0,0.3,0.5526
S08382,1,0,0,70.39,34.45,22,4,1,0,48.8992,70.55,0.023,0.1538,0.6726
S08383,4,0,1,53.59,15.85,12,3,0,0,34.3239,84.15,0.2562,0.4154,0.7126
S08384,6,0,1,61.22,27.22,13,4,0,0,39.8922,72.78,0.1503,0.4538,0.638
S08385,8,1,0,71.94,34.07,33,7,0,0,61.8138,65.93,0.0015,0.4692,0.5301
S08386,5,0,1,4.886800798394898,95.64744517577144,31,2,0,0,24.1907,4.3526,0.9322,0.3769,0.4385
S08387,5,0,1,72.05,49.83,33,3,0,0,54.1655,50.17,0.0,0.4154,0.5073
S08388,7,1,1,60.98,53.89,26,0,0,0,39.8157,46.11,0.1536,0.5,0.5201
S08389,8,0,1,76.6,34.33,27,1,1,1,48.58,70.67,0.0632,0.3385,0.628
S08390,3,1,0,50.62,43.9,6,2,1,0,27.6535,61.1,0.2974,0.2769,0.6784
S08391,8,1,1,3.808323949281969,98.60762842395624,10,9,0,0,24.7632,1.3924,0.9471,0.8462,0.3073
S08392,5,1,1,86.3,74.15,40,1,1,0,60.1719,30.85,0.1978,0.5385,0.3782
S08393,8,1,1,70.99,49.5,24,3,0,0,48.4025,50.5,0.0147,0.6154,0.4787
S08394,1,0,1,91.74,46.49,30,2,0,0,58.3388,53.51,0.2733,0.3769,0.5156
S08395,1,0,1,72.05,51.38,41,4,1,0,60.8343,53.62,0.0,0.4538,0.4881
S08396,8,1,1,75.62,36.55,15,2,0,0,42.9925,63.45,0.0495,0.5769,0.5591
S08397,6,0,1,68.25,24.52,1,4,0,0,35.5855,75.48,0.0527,0.4538,0.6639
S08398,2,0,1,63.99,44.36,5,3,0,0,34.3313,55.64,0.1119,0.4154,0.5986
S08399,8,1,1,50.13,21.7,10,2,1,0,29.8304,83.3,0.3042,0.5769,0.6846
S08400,1,0,1,52.57,10.52,16,1,0,0,32.4426,89.48,0.2704,0.3385,0.7597
S08401,6,0,1,86.92,52.09,39,5,1,0,67.519,52.91,0.2064,0.4923,0.4522
S08402,2,0,0,94.71,54.25,37,2,0,0,63.6793,45.75,0.3145,0.0769,0.5409
S08403,1,0,1,55.78,20.03,0,3,0,0,28.0812,79.97,0.2258,0.4154,0.7177
S08404,7,1,0,73.02,52.56,45,5,0,0,65.5183,47.44,0.0135,0.3923,0.4624
S08405,7,0,1,48.38,27.69,11,1,1,1,27.8005,77.31,0.3285,0.3385,0.7273
S08406,1,0,1,57.35,51.86,27,0,1,0,38.9569,53.14,0.204,0.3,0.6012
S08407,1,0,1,75.9,49.96,28,6,0,0,58.5086,50.04,0.0534,0.5308,0.4627
S08408,5,1,1,64.22,14.55,20,3,0,0,43.3216,85.45,0.1087,0.6154,0.6363
S08409,1,0,1,43.26,11.2,10,4,0,1,30.9285,88.8,0.3996,0.4538,0.7335
S08410,6,0,0,97.78,47.27,23,5,0,0,62.3715,52.73,0.3571,0.1923,0.5445
S08411,8,1,0,71.26,41.46,12,3,1,0,41.3919,63.54,0.011,0.3154,0.6304
S08412,7,0,1,55.43,33.16,15,1,1,0,32.9934,71.84,0.2307,0.3385,0.6873
S08413,2,1,1,73.92,25.17,12,3,0,0,42.4559,74.83,0.026,0.6154,0.5969
S08414,2,0,1,70.79,52.33,35,4,0,0,56.771,47.67,0.0175,0.4538,0.4785
S08415,6,0,1,78.33,49.92,25,4,0,0,53.8548,50.08,0.0872,0.4538,0.4984
S08416,1,0,1,66.9,56.23,37,2,1,0,52.5553,48.77,0.0715,0.3769,0.5169
S08417,5,1,1,76.71,36.43,21,1,2,0,45.0647,73.57,0.0647,0.5385,0.6019
S08418,4,0,1,86.15,53.18,23,2,0,0,51.9502,46.82,0.1957,0.3769,0.5112
S08419,6,0,1,52.23,33.63,20,5,0,0,42.3718,66.37,0.2751,0.4923,0.5941
S08420,2,0,1,61.6,17.91,17,3,1,0,40.494,87.09,0.145,0.4154,0.7028
S08421,7,0,1,84.59,59.78,35,1,2,0,56.5218,50.22,0.174,0.3385,0.5184
S08422,6,1,1,63.73,41.71,31,3,1,0,49.6511,63.29,0.1155,0.6154,0.5255
S08423,2,1,1,70.77,50.22,31,4,1,0,54.3901,54.78,0.0178,0.6538,0.4653
S08424,3,0,1,64.94,19.47,31,0,1,0,44.3658,85.53,0.0987,0.3,0.7118
S08425,1,0,0,65.88,38.4,27,3,0,0,48.1382,61.6,0.0856,0.1154,0.6491
S08426,4,0,1,64.61,27.14,15,3,0,0,40.5115,72.86,0.1033,0.4154,0.6458
S08427,3,1,1,53.12,45.67,25,7,0,0,49.54,54.33,0.2627,0.7692,0.4516
S08428,1,0,1,78.89,43.98,30,3,0,0,55.1218,56.02,0.0949,0.4154,0.5273
S08429,5,0,1,87.93,47.22,23,0,0,0,48.8161,52.78,0.2204,0.3,0.5653
S08430,5,1,1,69.35,41.095,18,2,0,0,42.2641,58.905,0.0375,0.5769,0.5435
S08431,1,1,1,86.24,51.92,27,2,0,0,54.3591,48.08,0.1969,0.5769,0.4578
S08432,2,0,1,64.63,40.71,29,2,0,0,46.9015,59.29,0.103,0.3769,0.5788
S08433,1,0,0,63.75,30.13,20,2,1,0,41.2106,74.87,0.1152,0.0769,0.736
S08434,6,1,1,78.16,48.83,25,7,1,0,59.556,56.17,0.0848,0.7692,0.4239
S08435,3,1,1,78.41,42.81,23,0,0,0,45.0081,57.19,0.0883,0.5,0.5462
S08436,1,0,1,70.31,33.35,19,3,0,0,45.1644,66.65,0.0241,0.4154,0.6047
S08437,2,0,1,82.15,37.46,17,1,1,0,44.8678,67.54,0.1402,0.3385,0.6285
S08438,8,0,1,52.7,40.47,22,0,0,0,34.1308,59.53,0.2686,0.3,0.6437
S08439,3,0,1,67.44,37.02,22,8,1,0,55.4115,67.98,0.064,0.6077,0.5261
S08440,6,0,1,86.47,35.26,28,4,1,0,58.8905,69.74,0.2001,0.4538,0.5594
S08441,4,1,1,86.43,46.24,24,7,0,0,62.2708,53.76,0.1996,0.7692,0.4048
S08442,2,0,1,84.54,65.75,33,3,0,0,59.1615,34.25,0.1734,0.4154,0.4261
S08443,3,0,0,87.31,40.99,25,2,0,0,53.6007,59.01,0.2118,0.0769,0.6292
S08444,1,1,1,66.41,34.03,12,5,1,0,43.298,70.97,0.0783,0.6923,0.5593
S08445,6,0,1,46.42,19.66,22,0,0,1,31.6188,80.34,0.3557,0.3,0.7357
S08446,3,0,1,68.12,30.39,14,1,0,0,37.4762,69.61,0.0545,0.3385,0.6626
S08447,4,1,1,81.54,44.32,27,5,0,0,58.2483,55.68,0.1317,0.6923,0.4458
S08448,2,0,1,83.99,58.24,37,0,0,0,55.5452,41.76,0.1657,0.3,0.4976
S08449,7,1,1,64.11,27.42,22,2,2,0,42.541,82.58,0.1102,0.5769,0.6372
S08450,2,0,1,57.48,46.36,16,5,1,0,42.0989,58.64,0.2022,0.4923,0.5641
S08451,5,0,1,58.97,20.62,14,4,1,0,39.5854,84.38,0.1815,0.4538,0.6855
S08452,7,1,1,63.84,39.13,21,5,1,0,47.609,65.87,0.1139,0.6923,0.5238
S08453,6,0,1,43.54,8.53,12,3,1,1,30.3039,96.47,0.3957,0.4154,0.776
S08454,5,0,0,64.09,40.53,27,2,1,0,45.4991,64.47,0.1105,0.0769,0.6794
S08455,8,0,1,72.05,48.97,18,0,1,0,39.498,56.03,0.0,0.3,0.6109
S08456,2,1,1,70.53,47.61,32,2,0,0,51.0412,52.39,0.0211,0.5769,0.4867
S08457,8,0,1,67.05,31.27,33,3,2,0,52.1655,78.73,0.0694,0.4154,0.6285
S08458,5,1,1,61.66,41.095,21,8,0,0,52.5062,58.905,0.1442,0.8077,0.4499
S08459,4,1,1,63.41,42.35,22,4,1,0,46.1072,62.65,0.1199,0.6538,0.5258
S08460,3,0,0,63.67,31.68,19,4,1,0,44.4315,73.32,0.1163,0.1538,0.6993
S08461,6,0,1,82.58,46.65,25,4,0,0,55.5548,53.35,0.1461,0.4538,0.5055
S08462,8,0,0,71.99,49.03,37,1,1,0,52.6682,55.97,0.0008,0.0385,0.6299
S08463,6,1,1,100.0,40.55,32,2,0,0,62.8292,59.45,0.3879,0.5769,0.4737
S08464,1,0,1,67.01,35.54,32,3,0,0,51.5563,64.46,0.07,0.4154,0.5735
S08465,4,1,1,78.57,44.65,22,8,0,0,59.8635,55.35,0.0905,0.8077,0.41
S08466,6,0,0,67.35,51.37,21,1,0,0,41.3207,48.63,0.0652,0.0385,0.6403
S08467,4,0,1,66.98,29.19,22,0,1,1,39.8428,75.81,0.0704,0.3,0.6888
S08468,7,1,0,95.44,50.67,29,6,0,0,66.9179,49.33,0.3246,0.4308,0.4554
S08469,6,0,1,86.96,61.55,35,2,0,0,59.3929,38.45,0.2069,0.3769,0.4517
S08470,1,0,1,45.68,28.48,7,0,2,1,22.4245,81.52,0.366,0.3,0.7726
S08471,5,1,1,56.66,49.31,25,3,1,0,43.2637,55.69,0.2136,0.6154,0.5175
S08472,2,1,1,69.96,51.88,33,10,0,0,66.791,48.12,0.029,0.8846,0.3376
S08473,4,0,0,64.24,36.52,15,2,1,0,38.4405,68.48,0.1084,0.0769,0.7202
S08474,4,0,0,72.05,95.0112969492692,24,2,2,1,46.9034,14.9887,0.0,0.0769,0.4766
S08475,7,0,1,73.74,58.11,31,2,0,1,51.732,41.89,0.0235,0.3769,0.4923
S08476,7,1,1,43.83,20.8,19,7,2,1,42.2647,89.2,0.3917,0.7692,0.6166
S08477,4,0,1,73.9,46.22,18,0,0,0,40.238,53.78,0.0257,0.3,0.5993
S08478,5,1,1,82.95,41.36,25,0,0,0,48.0105,58.64,0.1513,0.5,0.5415
S08479,6,1,1,85.09,43.44,26,3,0,0,55.229,56.56,0.181,0.6154,0.4791
S08480,6,1,0,69.84,49.24,38,2,1,1,54.3245,55.76,0.0307,0.2769,0.5637
S08481,6,0,1,94.66,52.98,30,0,0,0,55.6606,47.02,0.3138,0.3,0.5183
S08482,7,0,0,76.97,36.66,23,3,0,0,50.2013,63.34,0.0683,0.1154,0.6488
S08483,8,0,0,84.69,41.35,18,0,0,0,44.554,58.65,0.1754,0.0,0.6787
S08484,7,0,1,60.96,29.41,11,1,1,0,32.8325,75.59,0.1539,0.3385,0.7028
S08485,2,0,1,94.82,55.98,25,5,0,0,62.3739,44.02,0.316,0.4923,0.4347
S08486,4,1,1,71.96,41.47,25,3,1,0,49.3837,63.53,0.0012,0.6154,0.5274
S08487,4,0,1,95.65,52.46,20,3,0,0,55.8936,47.54,0.3276,0.4154,0.4907
S08488,5,0,1,92.37,52.63,24,0,0,0,51.1853,47.37,0.282,0.3,0.5353
S08489,5,0,1,75.86,29.14,9,4,0,0,43.3753,70.86,0.0529,0.4538,0.6182
S08490,6,1,1,78.09,52.86,36,1,0,0,54.515,47.14,0.0838,0.5385,0.4631
S08491,4,0,0,69.3,14.05,22,4,1,0,48.4632,90.95,0.0382,0.1538,0.7557
S08492,3,1,1,59.71,41.095,20,11,1,0,56.9023,63.905,0.1713,0.9231,0.4257
S08493,4,1,1,80.93,62.6,17,8,0,0,57.8414,37.4,0.1232,0.8077,0.3452
S08494,7,0,0,80.16,51.6,35,3,1,0,58.5959,53.4,0.1126,0.1154,0.5797
S08495,3,1,1,47.72,25.92,26,6,1,0,46.0502,79.08,0.3377,0.7308,0.5724
S08496,1,0,1,70.76,44.76,23,2,0,0,45.7942,55.24,0.0179,0.3769,0.5665
S08497,8,0,1,85.02,99.26357071046364,23,4,1,0,55.3444,5.7364,0.18,0.4538,0.3158
S08498,2,0,1,93.99,97.52999682125966,59,2,0,0,76.4422,2.47,0.3045,0.3769,0.2481
S08499,5,0,1,82.88,54.45,32,1,0,0,54.0581,45.55,0.1503,0.3385,0.5084
S08500,7,1,1,49.24,23.22,21,6,0,1,43.6921,76.78,0.3166,0.7308,0.5715
S08501,3,1,1,56.18,21.63,22,4,0,0,43.2152,78.37,0.2203,0.6538,0.5988
S08502,3,0,1,66.81,16.8,28,0,0,0,43.3342,83.2,0.0727,0.3,0.7061
S08503,3,1,1,92.98,53.73,24,2,0,0,55.2754,46.27,0.2905,0.5769,0.4474
S08504,2,0,1,62.89,22.45,22,0,0,0,38.2068,77.55,0.1271,0.3,0.7015
S08505,2,0,0,87.88,43.67,25,3,0,0,55.7517,56.33,0.2197,0.1154,0.6013
S08506,2,1,1,62.65,24.69,22,0,0,0,38.1108,75.31,0.1305,0.5,0.6429
S08507,4,0,1,79.99,37.7,22,2,0,0,48.893,62.3,0.1102,0.3769,0.5838
S08508,5,1,1,57.9,15.94,13,6,2,1,42.4103,94.06,0.1964,0.7308,0.6451
S08509,1,0,1,69.09,39.59,23,2,0,0,45.1262,60.41,0.0411,0.3769,0.5895
S08510,7,1,0,55.03,33.75,23,7,0,0,49.1176,66.25,0.2362,0.4692,0.5758
S08511,6,0,0,93.65,52.12,32,1,0,0,58.3661,47.88,0.2998,0.0385,0.5776
S08512,1,0,1,61.58,59.29,35,5,0,0,55.0101,40.71,0.1453,0.4923,0.4472
S08513,7,1,1,48.79,43.49,10,2,1,1,29.2944,61.51,0.3228,0.5769,0.5993
S08514,1,0,1,47.61,17.3,0,0,0,1,19.044,82.7,0.3392,0.3,0.7891
S08515,5,0,1,70.72,48.77,24,3,0,0,48.2945,51.23,0.0185,0.4154,0.532
S08516,4,1,1,65.13,29.4,16,5,2,1,45.1589,80.6,0.096,0.6923,0.5913
S08517,5,0,1,81.73,26.29,17,3,2,1,48.546,83.71,0.1344,0.4154,0.6611
S08518,8,0,1,68.47,40.76,19,0,0,0,38.6592,59.24,0.0497,0.3,0.6267
S08519,8,0,1,89.49,32.84,22,0,0,1,48.8468,67.16,0.2421,0.3,0.6227
S08520,3,1,1,66.22,44.91,15,3,1,0,41.1555,60.09,0.0809,0.6154,0.5425
S08521,5,1,1,87.4,54.43,40,3,0,0,64.458,45.57,0.213,0.6154,0.4028
S08522,8,1,1,57.71,28.97,18,6,1,0,45.3004,76.03,0.199,0.7308,0.5629
S08523,6,0,1,49.45,15.79,12,2,1,1,30.7448,89.21,0.3137,0.3769,0.755
S08524,8,0,1,59.65,39.24,22,3,1,0,42.6801,65.76,0.1721,0.4154,0.6098
S08525,4,0,0,55.07,25.14,14,3,0,0,36.1023,74.86,0.2357,0.1154,0.7442
S08526,3,0,1,53.39,8.37,6,0,0,1,24.9153,91.63,0.259,0.3,0.8043
S08527,5,1,0,78.2,35.98,22,6,1,0,55.8693,69.02,0.0854,0.4308,0.5728
S08528,7,0,1,68.04,37.08,20,2,1,0,42.9266,67.92,0.0557,0.3769,0.6272
S08529,8,1,1,74.13,39.36,10,7,1,0,49.0457,65.64,0.0289,0.7692,0.4986
S08530,6,1,1,79.91,34.7,16,3,0,0,47.2248,65.3,0.1091,0.6154,0.5421
S08531,6,1,1,46.71,22.58,10,2,2,0,28.4624,87.42,0.3517,0.5769,0.7058
S08532,5,0,0,80.55,45.13,35,2,0,0,56.8289,54.87,0.118,0.0769,0.6014
S08533,3,0,1,53.92,29.84,26,4,0,0,44.684,70.16,0.2516,0.4538,0.6108
S08534,4,1,1,63.35,34.04,25,7,2,0,53.632,75.96,0.1207,0.7692,0.5238
S08535,4,1,0,43.62,26.01,12,10,0,0,43.7974,73.99,0.3946,0.5846,0.5965
S08536,7,0,0,81.82,39.72,21,2,0,0,49.0318,60.28,0.1356,0.0769,0.6503
S08537,5,1,1,46.66,23.4,16,3,1,0,33.9248,81.6,0.3524,0.6154,0.6538
S08538,7,1,1,54.0,46.46,30,0,1,0,39.3966,58.54,0.2505,0.5,0.5713
S08539,1,0,0,55.09,30.89,17,1,0,0,34.0438,69.11,0.2354,0.0385,0.7477
S08540,7,1,1,70.07,45.71,18,9,1,0,56.0137,59.29,0.0275,0.8462,0.4296
S08541,5,0,0,69.61,98.56392081081344,20,4,1,0,47.4007,6.4361,0.0339,0.1538,0.4214
S08542,8,1,1,84.18,98.70018647136752,25,4,0,0,56.1948,1.2998,0.1684,0.6538,0.2451
S08543,4,0,0,70.43,44.2,26,2,0,0,47.4419,55.8,0.0225,0.0769,0.6379
S08544,4,0,0,86.49,44.24,22,5,0,0,57.2622,55.76,0.2004,0.1923,0.5745
S08545,2,0,0,77.69,41.095,28,2,0,0,51.5323,58.905,0.0783,0.0769,0.636
S08546,7,1,1,57.82,50.12,22,2,1,1,40.025,54.88,0.1975,0.5769,0.5352
S08547,6,1,1,61.99,27.18,22,5,2,0,47.4622,82.82,0.1396,0.6923,0.5921
S08548,7,0,1,72.05,29.09,22,3,0,0,47.6401,70.91,0.0,0.4154,0.613
S08549,1,0,1,90.41,52.35,28,2,0,0,56.6203,47.65,0.2548,0.3769,0.4982
S08550,2,0,1,84.36,29.48,23,0,0,0,47.3881,70.52,0.1709,0.3,0.6412
S08551,8,0,1,86.33,37.88,27,4,0,0,58.2413,62.12,0.1982,0.4538,0.5312
S08552,1,1,0,78.98,62.15,20,5,2,0,53.0718,47.85,0.0962,0.3923,0.5076
S08553,5,0,1,77.03,36.73,34,4,1,0,58.6738,68.27,0.0691,0.4538,0.5543
S08554,4,1,1,72.75,27.8,24,1,0,0,45.2604,72.2,0.0097,0.5385,0.5958
S08555,8,1,1,97.48,55.52,19,7,0,0,63.7247,44.48,0.3529,0.7692,0.3626
S08556,7,0,0,65.03,38.01,9,1,0,0,33.2741,61.99,0.0974,0.0385,0.7219
S08557,8,0,1,75.6,99.55842987886238,33,7,0,0,63.2778,0.4416,0.0493,0.5692,0.238
S08558,3,1,1,46.38,41.095,12,7,2,0,39.1322,68.905,0.3563,0.7692,0.5464
S08559,5,1,1,50.54,22.95,12,3,0,0,33.1039,77.05,0.2985,0.6154,0.6385
S08560,6,1,1,99.23,66.78,41,0,0,0,64.014,33.22,0.3772,0.5,0.3838
S08561,8,0,1,81.25,40.55,25,2,0,0,51.1767,59.45,0.1277,0.3769,0.5645
S08562,1,0,0,68.81,47.18,12,7,2,0,48.1042,62.82,0.045,0.2692,0.6156
S08563,8,1,1,73.17,31.59,14,2,2,1,41.4192,78.41,0.0155,0.5769,0.6244
S08564,3,0,1,51.63,27.54,20,2,1,1,36.3626,77.46,0.2834,0.3769,0.6883
S08565,2,1,0,65.58,40.73,36,9,0,0,64.8956,59.27,0.0898,0.5462,0.4734
S08566,5,1,1,50.13,42.15,21,1,1,0,34.4327,62.85,0.3042,0.5385,0.5963
S08567,7,0,1,67.57,39.84,18,2,1,0,41.5521,65.16,0.0622,0.3769,0.621
S08568,2,0,1,82.2,41.11,24,2,0,0,50.9634,58.89,0.1409,0.3769,0.563
S08569,1,0,1,78.8,35.92,25,3,1,0,52.1197,69.08,0.0937,0.4154,0.5901
S08570,8,1,1,95.84,47.03,15,4,1,0,54.9266,57.97,0.3302,0.6538,0.4762
S08571,8,0,0,76.42,46.32,24,5,0,1,54.4207,53.68,0.0607,0.1923,0.5762
S08572,2,0,0,34.82,23.29,14,0,0,0,22.2331,76.71,0.5167,0.0,0.829
S08573,8,1,1,100.0,63.59,47,4,0,0,75.5737,36.41,0.3879,0.6538,0.3177
S08574,8,1,1,59.39,40.2,27,3,0,0,45.5422,59.8,0.1757,0.6154,0.526
S08575,8,0,1,74.43,42.91,39,4,0,0,60.5999,57.09,0.033,0.4538,0.5028
S08576,2,1,0,73.53,49.13,36,1,0,0,52.691,50.87,0.0205,0.2385,0.5594
S08577,5,0,1,75.61,97.03423886450152,35,5,0,0,60.6221,2.9658,0.0494,0.4923,0.2766
S08578,8,1,1,72.72,95.9314438544314,23,7,0,0,56.1936,4.0686,0.0093,0.7692,0.2273
S08579,8,1,1,72.99,42.57,26,0,0,0,44.6197,57.43,0.013,0.5,0.5486
S08580,5,0,1,52.18,22.13,2,0,2,0,22.0584,87.87,0.2758,0.3,0.7993
S08581,2,0,1,100.0,44.15,34,3,0,0,65.9387,55.85,0.3879,0.4154,0.4888
S08582,1,0,1,81.77,56.89,30,0,0,0,50.5046,43.11,0.1349,0.3,0.5207
S08583,3,1,1,72.78,34.58,22,4,1,0,49.8552,70.42,0.0101,0.6538,0.5437
S08584,1,1,1,99.63,50.27,20,0,0,0,51.7164,49.73,0.3828,0.5,0.4929
S08585,2,0,1,55.92,29.34,29,0,2,0,39.5714,80.66,0.2239,0.3,0.7091
S08586,1,1,1,85.03,99.73715417139816,30,5,1,0,61.424,5.2628,0.1802,0.6923,0.233
S08587,7,0,1,63.67,63.44,33,4,0,0,52.7366,36.56,0.1163,0.4538,0.4482
S08588,5,1,1,78.03,51.49,31,1,0,0,51.5249,48.51,0.083,0.5385,0.4791
S08589,5,1,1,78.37,46.87,36,4,0,0,60.3962,53.13,0.0877,0.6538,0.4377
S08590,7,0,1,36.95,12.42,19,5,1,1,35.6666,92.58,0.4872,0.4923,0.7224
S08591,4,0,1,50.53,21.04,9,3,2,1,31.3202,88.96,0.2987,0.4154,0.7424
S08592,4,1,1,95.8,47.01,27,4,0,0,62.0293,52.99,0.3296,0.6538,0.4314
S08593,2,1,1,68.22,40.22,18,6,1,0,49.5044,64.78,0.0532,0.7308,0.5032
S08594,4,0,1,100.0,45.83,25,2,0,0,58.6767,54.17,0.3879,0.3769,0.5171
S08595,2,1,0,91.65,66.09,44,5,0,0,72.3771,33.91,0.272,0.3923,0.3842
S08596,5,0,1,68.7,36.26,22,0,1,0,40.5308,68.74,0.0465,0.3,0.6581
S08597,8,0,1,3.532500000000013,98.9407846407436,24,0,0,0,15.6503,1.0592,0.951,0.3,0.4745
S08598,5,1,1,96.73,59.79,21,6,0,0,62.6881,40.21,0.3425,0.7308,0.3587
S08599,3,0,0,100.0,55.63,39,6,0,0,74.6741,44.37,0.3879,0.2308,0.4584
S08600,6,1,1,67.7,28.15,18,4,0,0,45.4503,71.85,0.0604,0.6538,0.5649
S08601,7,1,0,95.07,57.96,41,4,0,0,70.0423,42.04,0.3195,0.3538,0.4346
S08602,4,0,1,87.45,49.84,22,1,0,0,49.9539,50.16,0.2137,0.3385,0.5412
S08603,3,0,1,90.04,50.74,40,0,0,0,59.7448,49.26,0.2497,0.3,0.5129
S08604,6,0,1,73.52,50.77,30,3,2,0,52.9738,59.23,0.0204,0.4154,0.5477
S08605,2,0,1,61.91,23.04,15,0,0,0,33.6623,76.96,0.1407,0.3,0.715
S08606,8,1,1,56.18,48.01,28,5,0,0,48.6976,51.99,0.2203,0.6923,0.4644
S08607,3,0,1,52.44,17.41,25,3,0,0,41.5757,82.59,0.2722,0.4154,0.681
S08608,3,1,1,100.0,52.55,36,1,1,0,63.279,52.45,0.3879,0.5385,0.4537
S08609,6,0,1,72.16,46.91,15,4,1,0,45.4546,58.09,0.0015,0.4538,0.5598
S08610,1,0,1,54.83,27.77,23,2,0,0,39.4222,72.23,0.239,0.3769,0.6567
S08611,2,1,0,87.04,44.81,28,3,0,0,57.1954,55.19,0.208,0.3154,0.5417
S08612,2,0,1,64.82,20.42,20,5,0,0,47.4078,79.58,0.1003,0.4923,0.6293
S08613,4,1,0,62.24,43.85,19,1,1,0,38.0903,61.15,0.1362,0.2385,0.6517
S08614,5,1,0,100.0,41.095,32,2,0,0,62.8292,58.905,0.3879,0.2769,0.5465
S08615,2,1,0,52.04,31.95,22,2,0,1,37.713,68.05,0.2777,0.2769,0.671
S08616,3,0,1,75.53,39.66,22,1,1,0,45.1859,65.34,0.0483,0.3385,0.6186
S08617,7,0,1,63.14,10.19,5,1,0,0,30.1452,89.81,0.1237,0.3385,0.7691
S08618,8,1,0,60.74,16.27,21,1,1,0,38.6767,88.73,0.157,0.2385,0.7599
S08619,1,0,1,50.04,13.85,0,1,2,1,21.9391,96.15,0.3055,0.3385,0.8232
S08620,6,1,1,72.89,99.83980739118076,29,7,0,0,59.8209,0.1602,0.0117,0.7692,0.199
S08621,1,1,1,58.89,31.31,22,7,1,0,50.0684,73.69,0.1827,0.7692,0.5272
S08622,5,1,1,80.87,60.87,23,1,0,0,47.9151,39.13,0.1224,0.5385,0.4542
S08623,8,1,1,71.29,29.56,30,2,0,0,50.1588,70.44,0.0105,0.5769,0.562
S08624,7,1,1,67.31,42.56,19,2,0,0,42.0413,57.44,0.0658,0.5769,0.5384
S08625,2,0,1,58.97,40.57,21,0,0,0,36.0456,59.43,0.1815,0.3,0.6366
S08626,3,1,0,93.46,31.09,14,3,0,0,51.4583,68.91,0.2972,0.3154,0.6167
S08627,7,1,1,72.05,18.43,8,7,0,0,47.0273,81.57,0.0,0.7692,0.5694
S08628,7,0,1,61.78,47.69,17,3,1,1,40.566,57.31,0.1425,0.4154,0.5834
S08629,3,1,1,51.61,20.45,18,3,0,0,37.0912,79.55,0.2837,0.6154,0.6345
S08630,1,0,1,43.68,39.48,20,2,2,0,33.1826,70.52,0.3938,0.3769,0.6717
S08631,4,0,1,89.06,41.81,27,0,0,0,51.6409,58.19,0.2361,0.3,0.577
S08632,5,1,1,85.64,59.17,29,4,0,0,59.1517,40.83,0.1886,0.6538,0.3928
S08633,4,1,0,87.7,50.39,34,1,0,0,57.1726,49.61,0.2172,0.2385,0.5387
S08634,8,0,1,70.2,47.28,22,3,0,0,46.9001,52.72,0.0257,0.4154,0.5429
S08635,7,1,1,84.09,56.24,31,3,0,0,57.7951,43.76,0.1671,0.6154,0.4189
S08636,7,0,1,87.41,59.07,19,7,0,0,59.6967,40.93,0.2132,0.5692,0.4125
S08637,1,0,1,72.05,46.86,9,3,2,0,39.9282,63.14,0.0,0.4154,0.609
S08638,7,0,1,66.63,41.65,16,3,1,0,41.9128,63.35,0.0752,0.4154,0.6029
S08639,7,1,1,57.36,31.4,23,6,3,0,48.1265,83.6,0.2039,0.7308,0.5833
S08640,4,0,0,78.39,23.11,22,0,1,0,44.4068,81.89,0.088,0.0,0.7721
S08641,5,0,1,80.39,95.05515604839503,31,1,0,0,52.4689,4.9448,0.1158,0.3385,0.3515
S08642,7,1,0,65.9,29.69,12,5,0,0,43.094,70.31,0.0854,0.3923,0.6323
S08643,8,0,0,67.67,50.31,16,0,1,0,36.5595,54.69,0.0608,0.0,0.6908
S08644,5,0,1,68.74,52.47,23,0,0,0,41.1401,47.53,0.0459,0.3,0.5711
S08645,1,0,1,83.87,41.095,21,2,0,0,49.8518,58.905,0.1641,0.3769,0.5669
S08646,5,1,1,51.39,31.82,11,1,0,0,29.0045,68.18,0.2867,0.5385,0.6366
S08647,6,1,1,55.42,40.04,0,6,0,0,33.7065,59.96,0.2308,0.7308,0.5392
S08648,1,1,0,55.71,26.61,23,4,0,0,43.6204,73.39,0.2268,0.3538,0.6524
S08649,7,0,1,69.77,41.06,21,0,0,0,40.3656,58.94,0.0316,0.3,0.6195
S08650,2,0,1,76.73,31.71,17,1,0,0,42.6998,68.29,0.065,0.3385,0.6391
S08651,8,1,1,55.97,45.28,31,3,1,0,46.5471,59.72,0.2232,0.6154,0.5221
S08652,5,0,1,85.64,39.78,21,1,0,0,48.6367,60.22,0.1886,0.3385,0.586
S08653,3,0,0,93.94,32.87,26,0,0,0,52.9997,67.13,0.3038,0.0,0.683
S08654,1,0,1,78.21,51.89,17,4,2,0,49.0611,58.11,0.0855,0.4538,0.5473
S08655,1,0,1,88.84,53.34,37,0,0,0,57.4852,46.66,0.233,0.3,0.5104
S08656,6,0,1,58.27,51.85,29,1,2,0,42.4345,58.15,0.1913,0.3385,0.5995
S08657,4,1,1,58.63,50.0,28,0,0,0,40.0622,50.0,0.1863,0.5,0.5348
S08658,7,0,1,79.72,53.12,36,3,0,0,59.0132,46.88,0.1065,0.4154,0.4771
S08659,2,1,1,71.42,22.53,17,5,0,0,48.2681,77.47,0.0087,0.6923,0.5679
S08660,8,0,1,58.6,43.27,31,2,0,0,45.676,56.73,0.1867,0.3769,0.5728
S08661,8,1,0,93.38,99.13986075376069,59,7,0,0,85.8135,0.8601,0.296,0.4692,0.1858
S08662,1,1,1,76.48,59.62,12,7,0,0,51.1722,40.38,0.0615,0.7692,0.3901
S08663,6,1,1,82.53,50.33,23,2,0,0,50.5022,49.67,0.1455,0.5769,0.4777
S08664,8,0,1,61.89,50.29,21,5,2,0,46.829,59.71,0.141,0.4923,0.5519
S08665,3,1,1,97.2,54.7,26,3,0,0,60.073,45.3,0.3491,0.6154,0.4171
S08666,1,0,1,69.66,53.67,23,0,1,0,41.5081,51.33,0.0332,0.3,0.585
S08667,8,1,1,87.29,57.71,32,3,0,0,59.6683,42.29,0.2115,0.6154,0.4065
S08668,4,1,1,63.26,33.78,23,4,1,0,46.6404,71.22,0.122,0.6538,0.5582
S08669,1,1,1,74.53,56.31,29,6,0,0,58.5539,43.69,0.0344,0.7308,0.3871
S08670,7,1,1,80.37,28.75,24,1,0,0,48.3084,71.25,0.1155,0.5385,0.5813
S08671,6,1,1,100.0,68.61,27,1,0,0,57.94,31.39,0.3879,0.5385,0.3881
S08672,1,1,1,65.4,46.05,8,6,1,0,42.4442,58.95,0.0923,0.7308,0.5045
S08673,3,0,1,75.04,47.4,23,4,1,0,51.3524,57.6,0.0415,0.4538,0.5372
S08674,1,0,0,80.88,37.92,21,1,0,0,46.7327,62.08,0.1226,0.0385,0.6751
S08675,8,1,1,72.05,16.37,14,4,0,0,44.8174,83.63,0.0,0.6538,0.6142
S08676,1,1,1,39.38,24.49,0,2,2,0,19.5982,85.51,0.4534,0.5769,0.7292
S08677,7,0,1,57.06,31.69,22,4,1,0,43.5672,73.31,0.208,0.4538,0.6273
S08678,5,0,1,86.51,31.3,32,3,1,0,59.3563,73.7,0.2007,0.4154,0.5832
S08679,5,0,1,97.75,44.66,19,3,0,0,56.1404,55.34,0.3567,0.4154,0.521
S08680,7,0,1,58.16,15.33,22,4,0,0,44.0072,84.67,0.1928,0.4538,0.6712
S08681,8,0,0,53.75,25.43,9,4,0,0,34.5313,74.57,0.254,0.1538,0.739
S08682,2,0,1,95.02,44.57,24,6,0,0,63.7837,55.43,0.3188,0.5308,0.4658
S08683,1,0,1,63.52,35.85,20,2,1,0,41.1186,69.15,0.1184,0.3769,0.6385
S08684,1,1,1,66.42,26.35,21,3,0,0,44.7949,73.65,0.0781,0.6154,0.584
S08685,6,0,1,93.89,68.7,35,4,0,0,66.011,31.3,0.3031,0.4538,0.3807
S08686,5,0,1,91.42,30.26,21,5,0,0,58.641,69.74,0.2688,0.4923,0.5506
S08687,1,0,0,86.01,53.78,20,9,1,0,63.5761,51.22,0.1938,0.3462,0.4958
S08688,2,0,1,46.33,40.72,22,2,0,0,35.429,59.28,0.357,0.3769,0.6189
S08689,5,0,0,53.12,15.42,14,5,0,1,39.1685,84.58,0.2627,0.1923,0.7532
S08690,6,0,1,88.81,46.56,31,5,1,0,63.5292,58.44,0.2326,0.4923,0.4883
S08691,3,0,1,76.77,41.33,20,0,1,0,42.5724,63.67,0.0655,0.3,0.6307
S08692,8,1,1,60.33,17.25,22,1,0,0,39.1059,82.75,0.1627,0.5385,0.6595
S08693,8,0,1,66.83,25.05,1,2,1,0,31.1714,79.95,0.0724,0.3769,0.7165
S08694,7,0,1,88.66,39.79,38,0,0,0,58.0064,60.21,0.2305,0.3,0.5628
S08695,4,0,1,72.05,49.48,27,0,0,0,44.8369,50.52,0.0,0.3,0.5702
S08696,8,0,1,71.91,28.52,12,3,0,0,41.6519,71.48,0.0019,0.4154,0.6363
S08697,6,0,1,61.7,31.6,10,0,0,0,30.6122,68.4,0.1437,0.3,0.6915
S08698,5,0,1,67.87,32.7,19,3,1,0,44.1884,72.3,0.058,0.4154,0.6307
S08699,4,0,1,92.15,54.64,29,5,0,0,63.6788,45.36,0.279,0.4923,0.4355
S08700,7,0,1,91.85,45.04,31,1,2,0,57.0529,64.96,0.2748,0.3385,0.5755
S08701,5,1,1,72.05,3.09,14,0,1,0,37.1251,100.0,0.0,0.5,0.7451
S08702,2,0,1,64.06,41.095,27,0,0,0,41.6409,58.905,0.1109,0.3,0.6149
S08703,8,0,1,88.24,32.66,24,0,0,0,49.5333,67.34,0.2247,0.3,0.621
S08704,1,0,1,96.34,61.44,27,0,0,0,54.5529,38.56,0.3371,0.3,0.4883
S08705,6,0,1,50.2,14.11,13,2,1,1,31.638,90.89,0.3033,0.3769,0.7586
S08706,6,1,0,68.51,50.78,22,2,0,0,44.301,49.22,0.0491,0.2769,0.5726
S08707,5,0,1,89.34,96.043831238164,28,0,0,0,52.3462,3.9562,0.24,0.3,0.3576
S08708,1,0,1,73.11,96.44496729123516,18,3,1,0,45.6912,8.555,0.0147,0.4154,0.3705
S08709,4,1,0,64.67,46.38,17,3,0,0,41.722,53.62,0.1024,0.3154,0.5896
S08710,8,0,1,74.78,21.43,33,2,0,0,53.3344,78.57,0.0379,0.3769,0.6334
S08711,2,0,1,77.56,46.21,33,0,2,0,50.6003,63.79,0.0765,0.3,0.6031
S08712,6,1,1,55.1,31.0,22,13,1,0,60.0908,74.0,0.2353,1.0,0.4357
S08713,7,1,1,73.36,36.91,24,1,0,0,45.5044,63.09,0.0182,0.5385,0.5585
S08714,8,0,0,77.51,52.55,43,2,0,0,60.3586,47.45,0.0758,0.0769,0.5593
S08715,5,1,1,64.64,35.05,23,4,1,0,47.1924,69.95,0.1028,0.6538,0.5512
S08716,3,0,1,60.31,20.16,20,6,1,0,47.5269,84.84,0.1629,0.5308,0.6403
S08717,6,1,1,63.93,39.41,18,5,1,0,45.8654,65.59,0.1127,0.6923,0.5288
S08718,4,0,0,57.44,41.095,20,0,1,0,34.8404,63.905,0.2028,0.0,0.7337
S08719,6,1,1,84.76,38.14,22,3,0,0,52.7241,61.86,0.1764,0.6154,0.5091
S08720,6,0,1,57.25,35.81,25,2,1,0,41.5767,69.19,0.2054,0.3769,0.637
S08721,6,0,1,74.84,45.98,13,1,0,0,39.5709,54.02,0.0387,0.3385,0.593
S08722,2,0,0,66.39,51.88,15,2,0,0,39.3005,48.12,0.0786,0.0769,0.6357
S08723,7,1,1,61.41,10.54,7,5,0,0,38.3319,89.46,0.1477,0.6923,0.6506
S08724,5,1,1,92.57,60.09,24,0,0,0,51.2653,39.91,0.2848,0.5,0.4552
S08725,8,1,0,70.04,99.55649553026346,19,1,0,0,41.2103,0.4435,0.0279,0.2385,0.3979
S08726,6,1,1,61.96,41.34,26,0,0,0,40.2077,58.66,0.14,0.5,0.5689
S08727,8,0,1,60.52,48.35,29,4,0,0,49.1037,51.65,0.16,0.4538,0.5213
S08728,8,1,1,77.09,68.35,40,9,0,0,71.8725,31.65,0.07,0.8462,0.2635
S08729,8,0,1,84.4,41.81,28,3,0,0,56.1394,58.19,0.1714,0.4154,0.5324
S08730,6,1,1,91.06,83.65,28,3,0,0,58.8034,16.35,0.2638,0.6154,0.3057
S08731,5,1,1,69.49,29.0,28,7,2,0,57.8677,81.0,0.0355,0.7692,0.5292
S08732,1,0,1,68.58,31.27,14,0,0,0,35.7371,68.73,0.0482,0.3,0.6748
S08733,4,0,0,73.96,43.41,15,0,2,0,38.4823,66.59,0.0265,0.0,0.7317
S08734,4,1,1,74.51,34.79,20,3,0,0,47.4376,65.21,0.0341,0.6154,0.541
S08735,7,1,1,60.42,32.22,18,0,1,0,34.846,72.78,0.1614,0.5,0.6442
S08736,5,1,1,93.94,50.17,14,8,1,0,61.2657,54.83,0.3038,0.8077,0.403
S08737,4,0,0,72.33,46.76,31,5,0,0,56.9372,53.24,0.0039,0.1923,0.5656
S08738,2,0,1,80.02,62.93,27,3,0,0,53.7942,37.07,0.1106,0.4154,0.4562
S08739,6,1,1,78.37,60.7,31,8,0,0,65.1224,39.3,0.0877,0.8077,0.3273
S08740,4,1,1,78.06,32.2,12,2,0,0,42.1888,67.8,0.0834,0.5769,0.5793
S08741,1,0,0,56.94,32.04,12,3,2,0,35.6639,77.96,0.2097,0.1154,0.7582
S08742,3,1,0,71.9,46.85,17,2,0,0,42.6909,53.15,0.0021,0.2769,0.594
S08743,8,1,1,100.0,41.095,31,4,1,1,66.0821,63.905,0.3879,0.6538,0.4609
S08744,1,1,1,95.81,56.05,31,2,0,0,60.56,43.95,0.3298,0.5769,0.4196
S08745,4,1,1,74.36,40.95,30,4,1,0,55.2329,64.05,0.0321,0.6538,0.4994
S08746,5,1,1,72.05,36.67,21,7,1,0,54.7392,68.33,0.0,0.7692,0.4894
S08747,1,1,1,38.73,36.97,5,0,0,1,18.4581,63.03,0.4625,0.5,0.6625
S08748,2,0,1,64.54,52.94,37,1,0,0,49.6882,47.06,0.1042,0.3385,0.5297
S08749,8,0,1,70.82,42.99,20,0,3,1,40.1924,72.01,0.0171,0.3,0.6724
S08750,5,1,1,67.24,26.33,13,5,1,0,44.2232,78.67,0.0668,0.6923,0.5868
S08751,2,1,0,68.28,42.18,6,5,0,0,40.4867,57.82,0.0523,0.3923,0.5915
S08752,2,0,1,81.34,35.06,27,0,0,0,48.5529,64.94,0.1289,0.3,0.6148
S08753,4,1,0,56.99,33.07,23,2,0,0,40.2862,66.93,0.209,0.2769,0.6575
S08754,6,0,1,76.09,42.17,15,2,0,0,43.1805,57.83,0.0561,0.3769,0.586
S08755,6,0,1,70.35,44.45,27,3,0,0,49.9262,55.55,0.0236,0.4154,0.5436
S08756,2,1,0,58.77,28.83,18,5,2,0,43.8014,81.17,0.1843,0.3923,0.6733
S08757,6,1,1,97.11,40.42,17,3,0,0,54.698,59.58,0.3478,0.6154,0.493
S08758,8,0,1,83.22,41.095,31,2,0,0,55.524,58.905,0.155,0.3769,0.5471
S08759,2,0,1,60.2,19.74,16,0,1,0,33.5715,85.26,0.1645,0.3,0.7485
S08760,1,0,0,3.532500000000013,97.01968384506432,16,3,1,0,16.6738,7.9803,0.951,0.1154,0.5447
S08761,8,0,1,51.16,29.47,23,4,0,1,41.8004,70.53,0.2899,0.4538,0.6224
S08762,5,0,1,62.05,28.61,26,4,0,0,47.936,71.39,0.1388,0.4538,0.6043
S08763,7,0,1,91.91,43.84,20,0,0,0,48.6284,56.16,0.2756,0.3,0.5794
S08764,3,0,1,77.27,42.16,27,3,1,0,52.6942,62.84,0.0724,0.4154,0.5631
S08765,3,1,1,76.07,32.04,26,5,0,0,55.4671,67.96,0.0558,0.6923,0.5046
S08766,2,1,0,86.8,62.6,27,3,0,0,56.5062,37.4,0.2047,0.3154,0.473
S08767,2,1,1,81.17,46.41,22,2,1,0,49.365,58.59,0.1266,0.5769,0.5174
S08768,4,0,1,68.01,27.04,20,0,1,0,39.0684,77.96,0.0561,0.3,0.7001
S08769,1,0,1,86.05,44.45,35,0,0,1,55.1827,55.55,0.1943,0.3,0.5541
S08770,7,0,0,46.67,8.87,22,3,0,0,37.4881,91.13,0.3523,0.1154,0.8045
S08771,5,1,1,61.99,29.42,3,4,1,0,34.268,75.58,0.1396,0.6538,0.6189
S08772,8,0,1,70.55,97.33406753428253,5,4,1,0,38.8784,7.6659,0.0208,0.4538,0.3811
S08773,5,1,1,80.22,22.4,11,0,0,0,38.6134,77.6,0.1134,0.5,0.6503
S08774,3,0,1,67.13,22.06,10,0,1,0,32.7842,82.94,0.0683,0.3,0.742
S08775,5,1,1,45.24,15.25,7,2,1,0,26.0947,89.75,0.3721,0.5769,0.7234
S08776,2,0,1,43.13,12.56,22,4,0,0,37.9952,87.44,0.4014,0.4538,0.7033
S08777,7,0,1,70.98,64.86,22,4,0,0,49.1352,35.14,0.0149,0.4538,0.4551
S08778,6,1,1,64.83,45.8,20,2,0,0,41.6426,54.2,0.1002,0.5769,0.5268
S08779,2,0,1,58.35,19.0,17,0,0,0,33.4247,81.0,0.1901,0.3,0.732
S08780,5,1,1,55.84,41.44,26,0,0,0,37.7597,58.56,0.225,0.5,0.5771
S08781,5,0,1,74.01,32.76,10,7,0,0,48.9977,67.24,0.0272,0.5692,0.5552
S08782,2,1,1,91.53,54.41,32,3,0,0,61.3643,45.59,0.2704,0.6154,0.4137
S08783,1,1,1,74.01,38.83,26,3,0,0,50.797,61.17,0.0272,0.6154,0.513
S08784,7,0,0,91.73,52.61,19,1,0,0,49.8863,47.39,0.2731,0.0385,0.6053
S08785,3,1,1,66.39,52.48,25,6,0,0,52.925,47.52,0.0786,0.7308,0.4221
S08786,5,1,1,78.65,46.78,28,3,0,0,53.8394,53.22,0.0916,0.6154,0.4706
S08787,2,1,1,92.28,98.9203718696104,29,0,0,0,54.1154,1.0796,0.2808,0.5,0.2899
S08788,6,0,0,69.63,29.33,2,4,0,0,36.7307,70.67,0.0336,0.1538,0.7157
S08789,1,0,1,72.39,51.98,30,2,0,0,50.5988,48.02,0.0047,0.3769,0.5208
S08790,3,1,1,66.38,46.71,22,5,0,0,49.2182,53.29,0.0787,0.6923,0.4678
S08791,5,0,0,80.89,44.09,29,6,0,0,61.0979,55.91,0.1227,0.2308,0.5521
S08792,4,1,1,85.53,19.8,0,4,0,0,41.9043,80.2,0.1871,0.6538,0.6107
S08793,5,0,1,77.27,52.37,20,1,0,0,44.6955,47.63,0.0724,0.3385,0.5495
S08794,2,1,1,68.56,30.7,10,4,0,0,41.0485,69.3,0.0484,0.6538,0.5701
S08795,4,0,1,49.5,36.36,22,2,0,0,36.697,63.64,0.313,0.3769,0.6319
S08796,7,1,1,71.27,54.76,13,1,1,0,38.1429,50.24,0.0108,0.5385,0.5328
S08797,3,0,1,69.12,49.95,33,3,0,0,52.9935,50.05,0.0407,0.4154,0.5109
S08798,2,0,1,75.54,52.52,31,6,1,0,60.1443,52.48,0.0484,0.5308,0.4667
S08799,7,0,1,73.75,40.48,25,2,0,0,48.1767,59.52,0.0236,0.3769,0.5752
S08800,7,1,1,95.59,65.42,40,4,0,0,69.6571,34.58,0.3267,0.6538,0.3311
S08801,6,0,1,61.55,8.5,11,1,0,0,33.0685,91.5,0.1457,0.3385,0.7656
S08802,7,1,1,48.37,0.76,8,3,0,1,29.863,99.24,0.3287,0.6154,0.7386
S08803,7,0,1,54.86,35.99,24,1,2,0,38.1044,74.01,0.2386,0.3385,0.678
S08804,6,1,1,62.5,14.95,11,2,1,0,35.3716,90.05,0.1325,0.5769,0.6922
S08805,5,1,1,88.23,61.26,18,3,0,0,51.7392,38.74,0.2246,0.6154,0.42
S08806,1,0,1,52.54,37.96,13,1,0,0,30.6509,62.04,0.2708,0.3385,0.6563
S08807,5,0,0,54.54,41.095,9,4,0,0,34.8473,58.905,0.243,0.1538,0.6752
S08808,3,0,1,78.21,47.61,40,4,0,0,62.7051,52.39,0.0855,0.4538,0.4766
S08809,7,1,1,84.74,53.57,33,2,0,0,57.3184,46.43,0.1761,0.5769,0.4409
S08810,4,1,0,48.76,23.22,9,7,2,1,38.3045,86.78,0.3232,0.4692,0.6958
S08811,8,0,1,45.42,17.51,5,3,0,0,26.9033,82.49,0.3696,0.4154,0.7319
S08812,5,1,0,60.2,24.5,21,4,1,0,44.2299,80.5,0.1645,0.3538,0.6787
S08813,5,1,1,81.86,47.3,35,2,1,0,57.3529,57.7,0.1362,0.5769,0.4858
S08814,8,1,1,74.15,34.73,26,4,1,0,52.776,70.27,0.0291,0.6538,0.5329
S08815,4,0,1,60.75,34.7,11,0,0,0,30.8254,65.3,0.1568,0.3,0.6783
S08816,4,1,1,83.09,35.05,15,0,0,0,42.1343,64.95,0.1532,0.5,0.5873
S08817,3,0,1,73.86,52.34,22,4,0,0,50.2872,47.66,0.0251,0.4538,0.5012
S08818,8,1,1,70.39,31.85,24,4,1,0,50.0856,73.15,0.023,0.6538,0.5539
S08819,7,0,1,47.78,21.5,10,4,1,1,32.7365,83.5,0.3368,0.4538,0.706
S08820,2,1,0,60.44,40.91,26,4,2,0,47.292,69.09,0.1611,0.3538,0.6224
S08821,4,1,1,100.0,57.88,37,4,1,0,69.6415,47.12,0.3879,0.6538,0.3813
S08822,3,1,1,66.96,32.42,23,0,0,0,40.4281,67.58,0.0706,0.5,0.6038
S08823,6,0,1,57.65,41.36,21,4,2,1,43.2099,68.64,0.1999,0.4538,0.6099
S08824,1,1,1,66.27,27.68,9,2,1,0,35.6931,77.32,0.0802,0.5769,0.6401
S08825,6,0,0,73.79,49.96,19,6,0,0,52.3256,50.04,0.0241,0.2308,0.5593
S08826,6,1,1,85.25,42.72,19,2,0,0,49.2173,57.28,0.1832,0.5769,0.5126
S08827,2,0,1,81.32,53.13,29,3,0,0,55.5006,46.87,0.1287,0.4154,0.4894
S08828,2,1,1,61.85,34.61,11,3,0,0,37.0347,65.39,0.1416,0.6154,0.5781
S08829,6,0,1,91.07,34.83,30,2,0,0,58.0708,65.17,0.264,0.3769,0.5632
S08830,3,0,1,84.22,65.19,26,4,0,0,56.804,34.81,0.1689,0.4538,0.427
S08831,8,0,1,65.32,23.13,25,1,0,0,42.8816,76.87,0.0934,0.3385,0.6728
S08832,7,0,1,70.08,44.6,12,4,0,0,42.843,55.4,0.0273,0.4538,0.5582
S08833,8,0,1,81.01,42.9,29,3,0,0,55.3766,57.1,0.1244,0.4154,0.5307
S08834,5,1,1,88.12,44.93,20,5,0,0,56.7278,55.07,0.223,0.6923,0.4487
S08835,8,1,1,49.22,16.91,7,1,1,0,25.7636,88.09,0.3169,0.5385,0.7276
S08836,1,1,1,73.06,49.94,22,5,0,0,51.8902,50.06,0.014,0.6923,0.4455
S08837,3,1,1,71.53,37.08,32,3,0,0,53.3643,62.92,0.0072,0.6154,0.5111
S08838,1,0,0,63.44,20.66,13,0,0,0,33.0879,79.34,0.1195,0.0,0.8016
S08839,6,0,1,63.36,41.35,5,1,0,0,30.2332,58.65,0.1206,0.3385,0.6442
S08840,5,0,1,72.05,59.41,21,3,0,0,47.0469,40.59,0.0,0.4154,0.4938
S08841,3,0,1,80.02,41.97,22,2,0,0,48.905,58.03,0.1106,0.3769,0.5667
S08842,3,1,1,100.0,51.6,47,7,0,0,81.3429,48.4,0.3879,0.7692,0.3166
S08843,6,1,1,63.45,31.77,22,4,0,0,46.1232,68.23,0.1194,0.6538,0.548
S08844,2,1,0,74.06,33.92,17,4,1,0,47.4011,71.08,0.0279,0.3538,0.63
S08845,5,1,1,76.65,95.8388976183665,23,1,1,0,46.2271,9.1611,0.0638,0.5385,0.3402
S08846,5,0,1,85.44,70.25,40,3,0,0,63.674,29.75,0.1858,0.4154,0.3923
S08847,2,1,1,92.38,56.69,28,0,0,0,53.5622,43.31,0.2822,0.5,0.4608
S08848,2,0,1,73.4,38.07,21,0,0,0,41.8176,61.93,0.0187,0.3,0.6264
S08849,3,1,1,55.58,17.71,13,3,2,0,35.7131,92.29,0.2286,0.6154,0.6903
S08850,5,0,1,61.34,42.07,24,2,1,0,42.6194,62.93,0.1486,0.3769,0.6083
S08851,3,0,1,74.14,46.27,19,2,0,0,44.7733,53.73,0.029,0.3769,0.564
S08852,4,0,1,88.84,39.33,22,5,0,0,58.2022,60.67,0.233,0.4923,0.5159
S08853,5,0,1,50.3,29.95,23,3,0,0,39.5333,70.05,0.3019,0.4154,0.638
S08854,2,0,1,72.05,39.54,21,2,0,0,45.1238,60.46,0.0,0.3769,0.5897
S08855,5,0,1,83.36,42.34,25,2,0,0,52.0207,57.66,0.157,0.3769,0.5543
S08856,2,1,1,52.6,23.49,4,4,1,0,31.1052,81.51,0.27,0.6538,0.6537
S08857,2,1,1,55.12,38.81,15,4,0,0,38.6386,61.19,0.235,0.6538,0.5461
S08858,2,0,1,89.05,47.64,23,0,0,0,49.2641,52.36,0.2359,0.3,0.562
S08859,3,0,1,68.68,12.15,15,0,1,0,36.3703,92.85,0.0468,0.3,0.7691
S08860,1,1,0,67.53,48.09,19,7,0,0,51.7447,51.91,0.0627,0.4692,0.5092
S08861,8,0,1,92.52,58.57,34,0,0,0,57.1775,41.43,0.2841,0.3,0.4906
S08862,3,1,1,56.06,12.75,12,0,1,0,29.5426,92.25,0.2219,0.5,0.7406
S08863,7,0,0,53.04,32.9,5,0,0,0,24.1821,67.1,0.2638,0.0,0.7838
S08864,8,0,1,96.44,41.96,24,5,0,0,62.4287,58.04,0.3385,0.4923,0.4906
S08865,7,0,0,75.5,57.56,37,6,0,0,63.6876,42.44,0.0479,0.2308,0.4892
S08866,7,0,1,82.2,34.35,30,1,0,0,52.5997,65.65,0.1409,0.3385,0.5939
S08867,1,1,1,67.33,39.33,13,4,2,0,42.3362,70.67,0.0655,0.6538,0.5711
S08868,3,1,1,70.4,46.63,32,5,0,0,56.7584,53.37,0.0229,0.6923,0.4418
S08869,6,0,1,61.44,23.07,17,2,0,0,38.5069,76.93,0.1473,0.3769,0.6787
S08870,5,1,1,72.05,99.13633467236384,42,4,2,0,61.4276,10.8637,0.0,0.6538,0.265
S08871,1,0,1,84.47,63.82,29,4,0,0,58.6837,36.18,0.1724,0.4538,0.4259
S08872,5,0,1,74.94,63.39,28,0,0,0,46.5862,36.61,0.0401,0.3,0.5084
S08873,7,1,0,87.91,49.73,22,4,0,0,55.9072,50.27,0.2201,0.3538,0.517
S08874,7,1,1,81.94,62.07,38,1,0,0,57.2414,37.93,0.1373,0.5385,0.4168
S08875,4,0,1,56.27,13.39,13,2,1,0,34.066,91.61,0.219,0.3769,0.753
S08876,2,0,0,69.83,57.84,33,3,0,0,53.2775,42.16,0.0308,0.1154,0.5533
S08877,3,0,0,65.27,43.87,15,0,0,0,35.0063,56.13,0.0941,0.0,0.702
S08878,3,0,0,83.3,62.14,24,0,0,0,47.5573,37.86,0.1561,0.0,0.585
S08879,3,1,1,78.92,38.95,25,2,1,0,50.2447,66.05,0.0954,0.5769,0.5441
S08880,3,0,0,73.91,39.38,30,6,0,0,58.8991,60.62,0.0258,0.2308,0.5786
S08881,4,1,1,87.2,59.16,25,3,0,0,55.4797,40.84,0.2103,0.6154,0.4153
S08882,1,0,1,72.05,34.08,26,6,0,0,55.7822,65.92,0.0,0.5308,0.5357
S08883,3,0,1,62.95,40.42,30,2,0,0,46.8228,59.58,0.1263,0.3769,0.5802
S08884,3,0,1,64.23,43.96,20,1,1,0,39.4795,61.04,0.1085,0.3385,0.6214
S08885,2,0,0,75.78,41.095,16,2,0,0,43.6497,58.905,0.0518,0.0769,0.6636
S08886,8,1,1,80.29,49.18,33,4,0,0,59.3846,50.82,0.1144,0.6538,0.432
S08887,6,1,1,71.98,41.55,6,1,0,1,34.2744,58.45,0.001,0.5385,0.5792
S08888,8,1,1,52.28,36.28,21,2,1,0,37.2158,68.72,0.2744,0.5769,0.6004
S08889,5,1,1,78.1,95.52280389568683,18,4,0,0,49.6103,4.4772,0.084,0.6538,0.2808
S08890,1,0,1,73.92,31.81,33,1,0,0,51.0673,68.19,0.026,0.3385,0.6094
S08891,8,1,1,49.97,17.42,3,2,1,1,25.6138,87.58,0.3065,0.5769,0.7164
S08892,4,1,1,67.57,37.96,16,0,1,0,36.5195,67.04,0.0622,0.5,0.6153
S08893,6,1,1,77.61,30.49,28,0,0,0,47.6542,69.51,0.0772,0.5,0.5863
S08894,4,0,1,96.8,41.095,36,3,0,0,65.8452,58.905,0.3435,0.4154,0.5013
S08895,4,0,1,55.66,14.04,12,5,2,0,38.998,95.96,0.2275,0.4923,0.7243
S08896,4,1,1,72.05,44.89,24,5,0,0,52.6727,55.11,0.0,0.6923,0.463
S08897,3,0,0,55.85,33.55,24,2,0,0,40.4234,66.45,0.2248,0.0769,0.7051
S08898,5,0,0,52.94,19.94,24,6,0,0,46.9517,80.06,0.2652,0.2308,0.6982
S08899,6,0,1,53.83,18.11,13,0,0,1,29.2439,81.89,0.2529,0.3,0.7502
S08900,1,1,1,81.08,54.74,21,4,0,0,52.5819,45.26,0.1253,0.6538,0.4336
S08901,2,0,1,72.05,41.35,12,4,0,0,43.631,58.65,0.0,0.4538,0.5684
S08902,7,1,1,67.28,43.88,23,6,0,0,52.0945,56.12,0.0662,0.7308,0.4594
S08903,5,1,1,78.87,33.85,31,5,0,0,59.5532,66.15,0.0947,0.6923,0.4831
S08904,8,0,0,72.61,45.76,24,2,0,1,47.1274,54.24,0.0078,0.0769,0.6328
S08905,5,0,0,73.66,33.05,16,3,1,0,44.7248,71.95,0.0223,0.1154,0.7024
S08906,6,1,1,67.45,29.66,35,3,0,0,53.5119,70.34,0.0638,0.6154,0.5402
S08907,8,0,1,56.59,9.93,0,0,0,0,22.636,90.07,0.2146,0.3,0.8061
S08908,6,0,0,97.37,96.08532618195449,39,5,0,0,71.699,3.9147,0.3514,0.1923,0.3166
S08909,3,0,1,93.01,35.9,32,3,0,0,61.9563,64.1,0.2909,0.4154,0.5357
S08910,5,0,0,95.85,81.66,35,3,0,0,64.8719,18.34,0.3303,0.1154,0.4175
S08911,2,1,0,63.91,12.87,13,8,0,0,48.6605,87.13,0.113,0.5077,0.6513
S08912,3,0,0,61.77,44.25,18,2,0,1,39.2321,55.75,0.1427,0.0769,0.6665
S08913,6,1,1,65.78,40.61,23,2,0,0,43.8022,59.39,0.087,0.5769,0.54
S08914,2,0,1,88.11,56.79,28,1,0,0,53.7772,43.21,0.2229,0.3385,0.5
S08915,6,1,1,72.0,39.3,8,0,0,0,33.5458,60.7,0.0007,0.5,0.6004
S08916,5,1,0,63.85,52.36,33,4,1,0,52.8086,52.64,0.1138,0.3538,0.5373
S08917,3,0,1,77.46,45.21,30,0,0,0,48.7806,54.79,0.0751,0.3,0.5734
S08918,1,1,1,60.95,37.37,19,8,0,0,51.0358,62.63,0.1541,0.8077,0.47
S08919,6,0,1,51.67,31.95,16,3,0,0,35.9288,68.05,0.2829,0.4154,0.6426
S08920,7,1,1,73.94,53.63,37,4,0,0,59.2175,46.37,0.0262,0.6538,0.4148
S08921,6,1,1,64.26,98.03337638538548,14,6,1,0,45.5475,6.9666,0.1081,0.7308,0.2858
S08922,4,0,0,71.79,47.08,15,3,1,0,43.3835,57.92,0.0036,0.1154,0.651
S08923,6,0,1,31.73,7.78,15,2,1,1,25.4365,97.22,0.5596,0.3769,0.8056
S08924,4,1,1,58.62,40.59,21,0,1,0,35.9056,64.41,0.1864,0.5,0.607
S08925,3,1,1,71.32,41.095,14,1,0,0,38.7562,58.905,0.0101,0.5385,0.5653
S08926,3,0,1,49.25,31.82,23,6,0,0,44.8825,68.18,0.3164,0.5308,0.5829
S08927,2,0,1,49.76,50.94,17,0,0,0,29.9887,49.06,0.3094,0.3,0.6163
S08928,8,0,0,72.58,49.59,15,2,0,0,41.7765,50.41,0.0074,0.0769,0.6362
S08929,6,1,0,82.52,31.4,30,5,0,0,60.42,68.6,0.1453,0.3923,0.5649
S08930,2,1,1,58.62,29.29,20,1,1,0,37.2355,75.71,0.1864,0.5385,0.6379
S08931,7,1,0,68.07,30.0,20,4,0,0,46.7847,70.0,0.0552,0.3538,0.6278
S08932,2,1,1,68.41,45.94,24,5,0,0,51.2167,54.06,0.0505,0.6923,0.4639
S08933,5,1,1,48.57,40.91,19,3,2,0,36.4684,69.09,0.3259,0.6154,0.5949
S08934,2,0,1,89.76,43.84,36,0,0,0,57.2599,56.16,0.2458,0.3,0.5492
S08935,3,1,1,69.26,36.38,22,8,0,0,56.1395,63.62,0.0387,0.8077,0.4561
S08936,6,0,1,69.42,38.53,19,2,1,0,42.8853,66.47,0.0365,0.3769,0.6216
S08937,8,1,1,77.59,37.99,26,6,1,0,57.9982,67.01,0.0769,0.7308,0.4823
S08938,8,0,1,48.6,32.63,24,0,2,1,33.6773,77.37,0.3255,0.3,0.7166
S08939,8,1,1,85.8,58.17,32,4,0,0,60.9954,41.83,0.1908,0.6538,0.3904
S08940,2,1,1,87.76,96.58873911892458,25,2,0,0,53.7807,3.4113,0.218,0.5769,0.2812
S08941,1,1,1,74.11,36.39,24,1,0,0,45.8044,63.61,0.0286,0.5385,0.5595
S08942,8,0,0,78.93,66.11,38,1,0,0,56.0374,33.89,0.0955,0.0385,0.5298
S08943,8,1,1,67.11,18.25,27,7,1,0,56.3225,86.75,0.0686,0.7692,0.5576
S08944,3,0,1,84.95,26.52,28,2,0,0,54.4363,73.48,0.179,0.3769,0.6092
S08945,1,0,1,59.66,32.72,27,1,0,0,41.804,67.28,0.172,0.3385,0.6382
S08946,6,1,1,71.51,40.9,18,4,0,0,46.9743,59.1,0.0075,0.6538,0.5085
S08947,1,1,1,72.41,30.86,25,6,0,0,55.333,69.14,0.005,0.7308,0.5002
S08948,1,0,1,71.42,71.29,37,6,0,0,62.0556,28.71,0.0087,0.5308,0.3649
S08949,8,1,1,72.05,53.28,33,0,1,0,48.3963,51.72,0.0,0.5,0.5125
S08950,4,0,1,100.0,60.87,45,3,0,0,72.4641,39.13,0.3879,0.4154,0.399
S08951,1,1,1,72.05,48.67,21,5,1,0,50.893,56.33,0.0,0.6923,0.4741
S08952,6,1,1,79.06,26.66,21,6,1,0,55.6201,78.34,0.0973,0.7308,0.536
S08953,3,1,1,59.96,51.84,27,1,0,0,41.924,48.16,0.1678,0.5385,0.5113
S08954,5,1,0,87.48,29.53,13,4,0,0,50.3962,70.47,0.2142,0.3538,0.617
S08955,8,1,1,64.24,23.43,21,4,0,0,45.8459,76.57,0.1084,0.6538,0.5824
S08956,2,1,1,100.0,61.75,41,0,0,0,64.322,38.25,0.3879,0.5,0.4029
S08957,6,0,1,46.94,22.32,18,4,1,0,37.1463,82.68,0.3485,0.4538,0.6873
S08958,7,0,1,100.0,55.65,16,0,0,0,49.4915,44.35,0.3879,0.3,0.5292
S08959,4,1,1,86.87,39.23,17,8,0,0,60.2174,60.77,0.2057,0.8077,0.4304
S08960,8,0,1,55.17,38.46,15,4,0,0,38.6586,61.54,0.2343,0.4538,0.5974
S08961,4,1,1,100.0,64.34,36,4,0,0,69.0482,35.66,0.3879,0.6538,0.3375
S08962,4,0,1,58.07,37.87,22,0,1,0,36.2788,67.13,0.194,0.3,0.6665
S08963,8,1,1,67.29,95.8380852038228,21,1,0,0,41.2967,4.1619,0.0661,0.5385,0.3375
S08964,6,0,0,52.55,41.095,21,1,1,1,35.4007,63.905,0.2706,0.0385,0.7221
S08965,7,1,1,69.8,41.095,25,4,0,0,50.4428,58.905,0.0312,0.6538,0.4956
S08966,7,1,1,71.21,39.42,21,2,0,0,44.7878,60.58,0.0117,0.5769,0.5413
S08967,6,0,1,84.45,41.095,31,1,0,0,54.0929,58.905,0.1721,0.3385,0.5617
S08968,2,1,1,100.0,55.14,27,2,0,0,59.8631,44.86,0.3879,0.5769,0.4257
S08969,4,0,1,64.31,31.88,25,0,1,0,40.5545,73.12,0.1074,0.3,0.6755
S08970,7,1,1,30.71,20.25,1,6,2,1,24.4157,89.75,0.5738,0.7308,0.6908
S08971,5,1,0,81.73,42.99,30,5,1,0,60.104,62.01,0.1344,0.3923,0.5396
S08972,3,0,1,63.75,51.57,23,2,0,0,42.9902,48.43,0.1152,0.3769,0.549
S08973,3,0,1,99.28,60.03,30,0,0,0,57.5086,39.97,0.3779,0.3,0.4836
S08974,7,0,1,71.48,56.0,27,1,0,0,46.532,44.0,0.0079,0.3385,0.5285
S08975,2,0,0,60.61,39.58,31,6,0,0,54.1723,60.42,0.1588,0.2308,0.5944
S08976,1,1,1,56.81,33.76,9,5,0,1,37.6784,66.24,0.2115,0.6923,0.56
S08977,7,0,0,81.34,48.67,33,3,0,0,57.8815,51.33,0.1289,0.1154,0.5739
S08978,3,1,1,72.05,36.23,30,6,0,0,58.1551,63.77,0.0,0.7308,0.4688
S08979,7,1,1,94.02,59.16,29,5,1,0,64.4268,45.84,0.3049,0.6923,0.3848
S08980,5,1,0,68.84,35.79,28,5,0,0,53.7616,64.21,0.0446,0.3923,0.5706
S08981,8,1,1,93.22,41.095,28,5,0,0,63.5136,58.905,0.2938,0.6923,0.4402
S08982,5,0,1,51.3,41.095,25,3,0,0,41.1197,58.905,0.288,0.4154,0.5879
S08983,7,1,1,45.92,31.78,0,2,1,0,22.2142,73.22,0.3627,0.5769,0.6709
S08984,7,1,0,84.44,49.07,38,1,0,0,58.2414,50.93,0.172,0.2385,0.5403
S08985,2,1,0,65.03,27.43,11,2,0,0,36.3836,72.57,0.0974,0.2769,0.6937
S08986,8,0,1,68.05,32.57,22,3,2,0,46.0401,77.43,0.0555,0.4154,0.6447
S08987,6,0,0,56.82,23.82,10,4,0,0,36.3525,76.18,0.2114,0.1538,0.739
S08988,1,1,1,55.72,29.77,29,4,0,0,47.1837,70.23,0.2266,0.6538,0.5523
S08989,1,1,1,72.05,97.8858399489894,24,5,0,0,52.6727,2.1142,0.0,0.6923,0.251
S08990,3,0,1,71.72,43.79,18,2,2,0,43.2121,66.21,0.0046,0.3769,0.6194
S08991,1,1,1,56.1,29.14,26,3,1,0,43.633,75.86,0.2214,0.6154,0.5969
S08992,3,0,1,83.86,59.94,33,1,0,0,55.0433,40.06,0.1639,0.3385,0.483
S08993,8,1,0,89.62,49.86,26,4,0,0,58.964,50.14,0.2439,0.3538,0.5057
S08994,4,0,1,70.37,14.42,14,0,2,0,36.4531,95.58,0.0233,0.3,0.7797
S08995,1,0,0,87.05,50.4,19,1,0,0,48.0143,49.6,0.2082,0.0385,0.6207
S08996,4,0,1,56.97,36.42,27,0,0,0,38.8049,63.58,0.2093,0.3,0.6435
S08997,2,0,1,80.66,47.62,29,4,0,0,57.1597,52.38,0.1195,0.4538,0.496
S08998,7,0,0,74.43,49.11,25,3,0,0,50.3717,50.89,0.033,0.1154,0.5984
S08999,1,0,1,60.13,26.82,22,2,0,0,40.949,73.18,0.1654,0.3769,0.6552
S09000,7,0,1,100.0,61.24,17,0,0,0,50.0847,38.76,0.3879,0.3,0.5047
S09001,4,1,1,72.05,36.92,21,4,0,0,48.9699,63.08,0.0,0.6538,0.5175
S09002,1,1,1,63.14,50.37,17,5,1,0,44.9561,54.63,0.1237,0.6923,0.4881
S09003,6,1,1,72.29,32.0,30,5,1,0,56.328,73.0,0.0033,0.6923,0.5218
S09004,4,0,1,58.95,16.24,6,1,0,0,29.0624,83.76,0.1818,0.3385,0.7487
S09005,7,0,1,54.65,36.24,25,0,0,0,36.6905,63.76,0.2415,0.3,0.6516
S09006,5,1,1,65.26,46.8,34,7,1,0,59.735,58.2,0.0942,0.7692,0.4314
S09007,7,1,1,66.27,29.22,7,6,0,0,42.199,70.78,0.0802,0.7308,0.5527
S09008,4,1,0,59.94,34.48,18,3,1,0,40.4232,70.52,0.1681,0.3154,0.6617
S09009,1,1,1,90.77,62.11,33,6,0,0,67.4227,37.89,0.2598,0.7308,0.3329
S09010,2,1,0,60.51,33.92,25,3,0,0,44.8037,66.08,0.1602,0.3154,0.6287
S09011,4,1,0,58.02,12.44,0,6,1,0,34.7465,92.56,0.1947,0.4308,0.7409
S09012,4,0,1,54.21,45.07,19,0,0,0,32.9552,54.93,0.2476,0.3,0.6294
S09013,7,1,0,52.77,39.72,14,4,0,0,37.1054,60.28,0.2676,0.3538,0.6228
S09014,4,1,1,87.41,58.13,26,3,0,0,56.157,41.87,0.2132,0.6154,0.4171
S09015,7,1,1,75.87,38.13,40,6,0,0,65.6153,61.87,0.053,0.7308,0.4351
S09016,2,0,0,82.35,99.97176472008496,24,2,1,0,51.0234,5.0282,0.143,0.0769,0.4223
S09017,4,0,0,87.28,56.08,32,3,0,0,59.6643,43.92,0.2114,0.1154,0.538
S09018,7,0,1,67.0,54.71,20,3,0,0,44.4336,45.29,0.0701,0.4154,0.5218
S09019,1,0,1,94.08,97.76482597108756,32,0,0,0,56.6151,2.2352,0.3058,0.3,0.3358
S09020,3,1,1,62.6,34.89,23,4,0,0,46.3764,65.11,0.1312,0.6538,0.5347
S09021,7,1,0,55.56,25.98,24,4,0,0,44.1536,74.02,0.2289,0.3538,0.6531
S09022,5,0,1,77.6,29.35,18,2,0,0,45.5641,70.65,0.077,0.3769,0.6289
S09023,7,1,1,74.17,38.75,24,0,1,0,43.9053,66.25,0.0294,0.5,0.5863
S09024,5,0,1,74.14,69.72,25,0,0,0,44.4865,30.28,0.029,0.3,0.4904
S09025,7,1,1,87.23,32.04,15,4,0,0,51.4826,67.96,0.2107,0.6538,0.5282
S09026,8,0,1,73.59,97.64189843718675,15,2,2,0,42.1805,12.3581,0.0214,0.3769,0.4076
S09027,8,0,1,76.7,38.25,22,2,0,0,47.577,61.75,0.0645,0.3769,0.5863
S09028,1,1,1,92.39,52.76,26,9,0,0,69.6874,47.24,0.2823,0.8462,0.3335
S09029,5,1,1,76.0,34.6,22,1,0,0,45.3739,65.4,0.0548,0.5385,0.5682
S09030,1,1,1,79.41,99.54719675263472,33,5,0,0,60.9557,0.4528,0.1022,0.6923,0.2154
S09031,2,0,1,50.73,19.42,18,0,1,0,30.97,85.58,0.2959,0.3,0.7589
S09032,3,1,1,100.0,50.34,45,5,0,0,76.3103,49.66,0.3879,0.6923,0.3585
S09033,6,0,1,48.14,20.58,20,0,1,0,31.1204,84.42,0.3319,0.3,0.7538
S09034,4,0,1,63.91,36.06,21,0,0,0,38.0216,63.94,0.113,0.3,0.6477
S09035,7,1,1,63.46,43.21,8,4,1,0,37.8221,61.79,0.1192,0.6538,0.5513
S09036,3,1,1,100.0,41.095,38,1,0,0,64.4654,58.905,0.3879,0.5385,0.4754
S09037,5,1,1,62.99,32.19,30,5,1,0,52.608,72.81,0.1257,0.6923,0.534
S09038,7,0,0,78.63,46.24,20,2,1,0,47.1626,58.76,0.0913,0.0769,0.6507
S09039,8,1,0,63.56,37.89,5,3,0,0,34.1593,62.11,0.1178,0.3154,0.65
S09040,2,0,1,56.4,14.56,8,2,1,0,31.1519,90.44,0.2172,0.3769,0.7585
S09041,6,1,1,80.56,43.89,22,4,1,0,52.9672,61.11,0.1181,0.6538,0.4956
S09042,1,1,1,61.22,26.62,19,4,1,0,43.4515,78.38,0.1503,0.6538,0.598
S09043,5,1,1,75.11,44.5,22,2,0,0,46.941,55.5,0.0425,0.5769,0.5135
S09044,4,1,1,81.4,43.39,26,3,0,0,53.753,56.61,0.1298,0.6154,0.4845
S09045,8,1,0,100.0,55.8,29,4,0,0,64.8957,44.2,0.3879,0.3538,0.4612
S09046,7,0,1,53.07,34.07,33,3,2,0,46.5735,75.93,0.2634,0.4154,0.6369
S09047,8,1,0,69.71,42.87,19,4,0,1,46.8475,57.13,0.0325,0.3538,0.5761
S09048,7,1,1,70.33,34.89,20,1,0,1,41.9195,65.11,0.0239,0.5385,0.5791
S09049,4,0,1,72.01,25.81,26,5,1,0,53.8431,79.19,0.0006,0.4923,0.6052
S09050,6,0,1,100.0,60.4,22,3,0,0,58.8201,39.6,0.3879,0.4154,0.4487
S09051,1,0,1,69.4,33.01,28,2,0,0,48.2163,66.99,0.0368,0.3769,0.605
S09052,5,1,0,34.19,14.96,12,3,2,1,26.5639,95.04,0.5255,0.3154,0.8083
S09053,1,1,1,69.02,47.71,25,2,1,0,46.2847,57.29,0.0421,0.5769,0.5229
S09054,6,1,1,70.22,40.33,17,1,1,0,40.0958,64.67,0.0254,0.5385,0.5837
S09055,8,0,0,68.38,25.8,8,4,0,0,39.7901,74.2,0.0509,0.1538,0.7191
S09056,6,0,1,61.22,41.98,12,4,0,0,39.299,58.02,0.1503,0.4538,0.5811
S09057,7,0,1,52.18,36.16,9,7,0,0,39.6725,63.84,0.2758,0.5692,0.5742
S09058,2,0,1,100.0,44.2,35,2,0,0,64.6089,55.8,0.3879,0.3769,0.5028
S09059,8,0,1,76.77,10.66,22,2,2,1,47.605,99.34,0.0655,0.3769,0.7365
S09060,5,0,0,69.12,96.68726140660196,10,3,0,0,39.3494,3.3127,0.0407,0.1154,0.4467
S09061,6,0,1,100.0,49.54,23,0,0,0,53.6441,50.46,0.3879,0.3,0.5391
S09062,7,0,1,58.97,42.52,21,4,0,0,43.7379,57.48,0.1815,0.4538,0.5634
S09063,6,1,1,81.04,61.97,31,2,1,0,54.652,43.03,0.1248,0.5769,0.4366
S09064,3,0,1,53.26,42.84,12,2,2,1,32.2688,67.16,0.2608,0.3769,0.6615
S09065,5,0,1,83.26,64.9,23,1,0,0,48.8711,35.1,0.1556,0.3385,0.4847
S09066,6,1,1,54.98,21.67,21,2,1,0,38.2958,83.33,0.2369,0.5769,0.6551
S09067,7,1,1,79.06,59.24,26,5,1,1,56.6631,45.76,0.0973,0.6923,0.4116
S09068,4,1,1,100.0,44.32,42,1,0,0,66.8383,55.68,0.3879,0.5385,0.4542
S09069,5,1,1,73.4,99.05375210759544,22,4,0,0,50.1032,0.9462,0.0187,0.6538,0.265
S09070,5,1,1,39.11,4.75,4,2,0,1,21.863,95.25,0.4572,0.5769,0.7603
S09071,1,1,1,72.54,45.35,31,2,1,0,51.252,59.65,0.0068,0.5769,0.515
S09072,1,1,1,79.21,47.2,23,3,0,0,51.0973,52.8,0.0994,0.6154,0.4785
S09073,1,0,1,85.51,40.49,21,4,0,0,54.3539,59.51,0.1868,0.4538,0.5344
S09074,6,1,1,94.1,55.62,38,5,0,0,69.7978,44.38,0.306,0.6923,0.3602
S09075,4,0,1,94.87,60.54,42,0,0,0,62.8633,39.46,0.3167,0.3,0.4628
S09076,7,0,1,70.04,39.23,23,1,1,0,43.5831,65.77,0.0279,0.3385,0.6259
S09077,6,0,1,3.532500000000013,99.54401735538558,11,2,1,1,11.7846,5.456,0.951,0.3769,0.4864
S09078,2,0,1,55.22,37.85,29,3,0,0,45.0606,62.15,0.2336,0.4154,0.587
S09079,1,0,1,63.9,51.84,22,6,1,0,50.1493,53.16,0.1131,0.5308,0.5044
S09080,3,1,1,79.15,43.26,27,3,0,0,53.4462,56.74,0.0985,0.6154,0.486
S09081,8,0,1,51.77,13.21,12,3,0,0,33.5959,86.79,0.2815,0.4154,0.7257
S09082,1,0,0,58.1,53.65,22,3,0,0,42.0601,46.35,0.1936,0.1154,0.6093
S09083,2,0,1,80.43,41.42,17,1,2,0,44.1798,68.58,0.1163,0.3385,0.6351
S09084,1,0,1,62.3,26.84,9,2,2,1,34.1051,83.16,0.1353,0.3769,0.719
S09085,4,1,1,77.55,67.01,40,4,0,0,62.4411,32.99,0.0763,0.6538,0.35
S09086,8,0,1,59.79,21.21,11,3,0,0,36.2107,78.79,0.1702,0.4154,0.6846
S09087,6,0,1,76.32,49.56,32,4,0,0,57.2034,50.44,0.0593,0.4538,0.4881
S09088,4,0,1,60.42,21.25,22,4,2,0,44.9112,88.75,0.1614,0.4538,0.6844
S09089,2,0,1,43.47,99.1566655520007,14,1,3,1,27.6162,15.8433,0.3967,0.3385,0.4821
S09090,3,0,1,86.34,41.095,21,4,0,0,54.6859,58.905,0.1983,0.4538,0.5308
S09091,5,0,1,61.56,34.89,24,1,0,0,40.7844,65.11,0.1456,0.3385,0.6331
S09092,3,1,0,68.27,97.69480904624932,32,1,0,0,48.2141,2.3052,0.0525,0.2385,0.3808
S09093,6,1,1,61.63,33.32,21,3,1,0,42.8789,71.68,0.1446,0.6154,0.5828
S09094,8,1,1,80.17,47.02,19,7,0,0,56.8007,52.98,0.1127,0.7692,0.4208
S09095,2,0,1,77.0,44.23,27,0,1,0,46.8169,60.77,0.0687,0.3,0.6042
S09096,3,0,0,80.13,28.86,14,5,0,0,49.9725,71.14,0.1121,0.1923,0.6616
S09097,2,1,0,63.76,40.97,12,0,0,0,32.6226,59.03,0.1151,0.2,0.6719
S09098,6,0,1,71.25,99.02910972884536,20,8,1,0,55.749,5.9709,0.0111,0.6077,0.2768
S09099,4,1,1,78.26,50.52,25,0,1,0,46.1345,54.48,0.0862,0.5,0.5314
S09100,3,0,0,95.18,42.34,21,4,0,0,58.2219,57.66,0.321,0.1538,0.5884
S09101,2,0,1,76.6,27.61,26,1,0,0,47.9868,72.39,0.0632,0.3385,0.637
S09102,1,0,1,56.95,33.62,21,2,4,0,39.0838,86.38,0.2096,0.3769,0.7145
S09103,4,1,1,76.02,50.75,22,1,0,0,45.3819,49.25,0.0551,0.5385,0.5035
S09104,6,1,1,69.53,25.35,4,6,0,0,41.7233,74.65,0.035,0.7308,0.5699
S09105,2,1,1,42.02,16.15,12,0,0,0,23.9266,83.85,0.4168,0.5,0.7267
S09106,1,0,1,44.32,34.49,27,2,2,0,37.5911,75.51,0.3849,0.3769,0.6762
S09107,4,1,1,71.0,41.095,26,1,1,0,45.7468,63.905,0.0146,0.5385,0.5609
S09108,6,0,1,72.27,21.15,23,5,0,0,52.1675,78.85,0.0031,0.4923,0.6097
S09109,3,0,1,67.58,43.38,18,4,0,0,45.4023,56.62,0.062,0.4538,0.5541
S09110,3,1,1,85.26,51.54,32,0,1,0,53.0871,53.46,0.1833,0.5,0.503
S09111,2,1,1,57.97,36.84,19,3,0,0,40.2284,63.16,0.1954,0.6154,0.558
S09112,6,0,1,51.21,32.18,21,1,2,0,34.8647,77.82,0.2892,0.3385,0.7046
S09113,7,0,0,59.61,13.8,9,2,2,1,33.0291,96.2,0.1727,0.0769,0.85
S09114,7,0,1,62.85,27.84,20,4,0,0,44.6967,72.16,0.1277,0.4538,0.6188
S09115,5,0,1,71.13,34.03,18,4,1,0,46.8223,70.97,0.0128,0.4538,0.6066
S09116,6,0,0,60.04,39.51,21,4,0,0,44.1659,60.49,0.1667,0.1538,0.6489
S09117,4,1,1,39.87,99.49044239768048,0,3,1,1,21.7172,5.5096,0.4466,0.6154,0.3922
S09118,1,0,1,33.46,20.49,5,0,1,0,16.3501,84.51,0.5356,0.3,0.8058
S09119,3,1,1,73.85,34.91,27,1,0,0,47.48,65.09,0.025,0.5385,0.5596
S09120,6,0,0,55.06,47.86,22,5,0,0,44.6902,52.14,0.2358,0.1923,0.6041
S09121,6,0,1,41.92,23.56,11,4,0,1,30.9857,76.44,0.4182,0.4538,0.6839
S09122,8,0,1,81.37,40.91,9,1,0,0,39.8101,59.09,0.1294,0.3385,0.6124
S09123,8,0,1,95.18,60.97,36,0,0,0,59.4279,39.03,0.321,0.3,0.4731
S09124,2,0,0,70.58,20.61,35,4,0,0,56.687,79.39,0.0204,0.1538,0.6807
S09125,1,1,0,76.03,42.52,17,4,0,0,48.1891,57.48,0.0552,0.3538,0.5728
S09126,3,1,1,76.15,39.87,21,1,1,0,44.8407,65.13,0.0569,0.5385,0.569
S09127,8,0,1,37.3,19.66,16,0,0,1,24.4115,80.34,0.4823,0.3,0.7609
S09128,7,1,1,85.33,54.68,22,3,0,0,52.9521,45.32,0.1843,0.6154,0.4421
S09129,1,1,1,90.6,50.45,38,2,0,0,62.6285,49.55,0.2575,0.5769,0.4348
S09130,2,0,1,99.55,72.76,40,2,0,0,67.395,27.24,0.3817,0.3769,0.3789
S09131,5,1,0,65.44,48.09,8,6,0,0,42.4602,51.91,0.0917,0.4308,0.5513
S09132,6,1,1,54.97,29.53,12,2,2,0,32.9528,80.47,0.2371,0.5769,0.6623
S09133,8,1,0,92.38,62.1,35,2,0,0,61.5609,37.9,0.2822,0.2769,0.4669
S09134,7,1,1,79.48,96.1966363556706,58,1,1,0,68.1219,8.8034,0.1031,0.5385,0.2622
S09135,2,1,0,85.12,37.75,30,3,2,0,57.6138,72.25,0.1814,0.3154,0.6085
S09136,1,0,1,62.29,37.81,18,0,0,0,35.594,62.19,0.1355,0.3,0.6492
S09137,6,1,1,76.07,98.46787337186122,20,4,1,0,49.9847,6.5321,0.0558,0.6538,0.2877
S09138,5,1,0,56.2,22.99,15,8,1,0,46.7629,82.01,0.22,0.5077,0.6374
S09139,8,0,1,71.92,35.0,22,3,0,1,47.5881,65.0,0.0018,0.4154,0.5896
S09140,5,1,0,66.78,32.97,15,9,1,0,52.918,72.03,0.0731,0.5462,0.5664
S09141,5,0,1,100.0,55.45,32,0,0,0,58.9831,44.55,0.3879,0.3,0.4968
S09142,3,0,0,80.23,55.49,25,1,0,0,48.8456,44.51,0.1135,0.0385,0.5975
S09143,1,1,0,39.72,33.22,15,1,3,0,26.7094,81.78,0.4487,0.2385,0.774
S09144,8,1,1,71.98,48.46,20,5,0,0,50.2718,51.54,0.001,0.6923,0.4571
S09145,7,1,1,77.52,51.82,38,4,1,0,61.2427,53.18,0.0759,0.6538,0.4349
S09146,2,1,1,64.89,28.2,30,2,0,0,47.5988,71.8,0.0994,0.5769,0.5764
S09147,6,0,1,55.46,24.93,22,0,0,0,35.2348,75.07,0.2303,0.3,0.702
S09148,3,1,1,81.91,40.3,28,3,0,0,55.1434,59.7,0.1368,0.6154,0.4919
S09149,4,1,1,57.58,37.75,27,1,1,1,40.972,67.25,0.2008,0.5385,0.591
S09150,7,1,1,80.63,53.42,20,3,0,0,49.8856,46.58,0.1191,0.6154,0.4579
S09151,7,0,1,56.31,31.44,11,2,1,0,32.8956,73.56,0.2185,0.3769,0.6849
S09152,2,0,1,63.99,39.13,30,0,0,0,43.3926,60.87,0.1119,0.3,0.6166
S09153,3,1,0,86.34,58.08,33,4,0,0,61.8046,41.92,0.1983,0.3538,0.4629
S09154,7,0,0,79.34,47.99,34,2,1,0,55.7516,57.01,0.1012,0.0769,0.6137
S09155,8,0,1,72.47,39.74,25,0,0,0,43.8185,60.26,0.0058,0.3,0.6127
S09156,1,1,1,71.55,45.62,20,0,1,0,40.4844,59.38,0.0069,0.5,0.5708
S09157,7,1,1,73.36,39.89,12,3,1,0,42.2319,65.11,0.0182,0.6154,0.5588
S09158,4,1,1,60.13,26.94,19,5,0,0,44.9386,73.06,0.1654,0.6923,0.5619
S09159,5,1,1,49.25,17.45,24,3,0,0,39.7065,82.55,0.3164,0.6154,0.6374
S09160,1,1,1,80.54,51.44,35,2,0,0,56.8249,48.56,0.1178,0.5769,0.4511
S09161,6,0,1,94.95,54.07,39,2,0,0,64.9617,45.93,0.3178,0.3769,0.4621
S09162,6,1,1,81.06,44.0,32,6,1,0,62.9455,61.0,0.1251,0.7308,0.441
S09163,6,1,1,75.81,41.095,41,2,0,0,58.4922,58.905,0.0522,0.5769,0.4867
S09164,7,1,1,53.87,21.92,3,6,0,1,34.8661,78.08,0.2523,0.7308,0.6076
S09165,8,0,1,85.16,48.93,29,2,0,0,55.1135,51.07,0.182,0.3769,0.5172
S09166,7,0,1,79.22,35.13,18,2,1,0,46.2121,69.87,0.0995,0.3769,0.6235
S09167,6,1,0,83.4,44.57,39,3,0,0,62.2648,55.43,0.1575,0.3154,0.5249
S09168,8,1,1,72.05,29.77,24,6,0,0,54.5957,70.23,0.0,0.7308,0.5071
S09169,6,0,1,95.79,58.13,39,0,0,0,61.4516,41.87,0.3295,0.3,0.4774
S09170,6,1,1,55.28,35.97,13,1,1,0,31.7469,69.03,0.2328,0.5385,0.6304
S09171,5,1,1,52.67,31.88,19,4,0,1,40.0315,68.12,0.269,0.6538,0.5689
S09172,7,0,1,74.22,99.3570992186686,22,3,1,1,48.5081,5.6429,0.0301,0.4154,0.3489
S09173,1,1,1,58.16,23.15,17,2,0,0,37.1949,76.85,0.1928,0.5769,0.633
S09174,5,1,1,55.56,21.17,19,7,1,0,46.9567,83.83,0.2289,0.7692,0.5787
S09175,4,0,1,90.3,45.05,36,1,1,0,59.399,59.95,0.2533,0.3385,0.5473
S09176,8,0,1,72.05,23.33,16,0,0,0,38.3115,76.67,0.0,0.3,0.6976
S09177,1,0,1,71.83,36.61,29,1,1,0,47.8585,68.39,0.0031,0.3385,0.6214
S09178,6,1,1,47.53,52.83,22,4,0,0,39.7552,47.17,0.3403,0.6538,0.4861
S09179,2,0,0,72.95,33.04,19,3,0,0,46.2204,66.96,0.0125,0.1154,0.6772
S09180,8,0,1,89.74,38.16,44,3,0,0,67.7669,61.84,0.2455,0.4154,0.5063
S09181,7,0,0,90.2,63.59,35,4,0,0,64.535,36.41,0.2519,0.1538,0.4813
S09182,2,1,1,87.67,48.68,25,2,0,0,53.7447,51.32,0.2168,0.5769,0.4729
S09183,7,1,1,70.82,96.98415735421888,27,4,0,0,52.0373,3.0158,0.0171,0.6538,0.2665
S09184,4,0,0,88.67,53.1,37,1,0,0,59.3402,46.9,0.2307,0.0385,0.5703
S09185,8,1,1,78.45,59.16,29,3,1,0,54.3526,45.84,0.0888,0.6154,0.4393
S09186,6,0,1,65.42,38.72,22,0,0,0,39.2188,61.28,0.092,0.3,0.6329
S09187,1,0,0,77.73,40.63,0,3,1,0,36.8612,64.37,0.0788,0.1154,0.6996
S09188,2,0,1,85.29,52.79,19,2,0,0,49.2333,47.21,0.1838,0.3769,0.5223
S09189,4,1,0,52.08,27.56,21,2,1,0,37.1358,77.44,0.2772,0.2769,0.7106
S09190,2,1,1,56.09,28.86,9,2,0,0,31.6211,71.14,0.2215,0.5769,0.6297
S09191,2,0,1,69.85,52.55,26,4,1,0,51.056,52.45,0.0305,0.4538,0.5177
S09192,8,1,1,53.67,37.89,23,7,1,0,48.5736,67.11,0.2551,0.7692,0.5061
S09193,7,1,1,53.46,38.98,22,2,0,0,38.281,61.02,0.258,0.5769,0.5659
S09194,4,1,0,65.69,53.46,6,7,0,0,43.2969,46.54,0.0883,0.4692,0.5173
S09195,2,1,1,86.88,40.81,22,5,0,0,57.4182,59.19,0.2058,0.6923,0.4627
S09196,2,1,1,86.6,47.88,33,5,0,0,63.8317,52.12,0.2019,0.6923,0.412
S09197,8,0,0,76.82,32.18,34,5,1,0,60.5129,72.82,0.0662,0.1923,0.6314
S09198,3,0,0,74.7,22.8,7,6,0,0,45.571,77.2,0.0368,0.2308,0.6916
S09199,1,1,1,100.0,49.33,33,8,0,0,74.9609,50.67,0.3879,0.8077,0.3384
S09200,4,1,1,63.91,32.98,8,2,0,0,34.1559,67.02,0.113,0.5769,0.6043
S09201,4,0,0,75.62,39.84,24,4,1,0,52.1776,65.16,0.0495,0.1538,0.6396
S09202,5,1,1,63.17,28.53,18,4,0,0,43.6383,71.47,0.1232,0.6538,0.5697
S09203,3,1,1,52.69,41.095,34,4,0,0,48.9378,58.905,0.2687,0.6538,0.5009
S09204,8,1,1,89.77,42.6,25,2,0,0,54.5847,57.4,0.2459,0.5769,0.4943
S09205,6,1,1,67.42,38.47,29,4,0,0,51.8637,61.53,0.0643,0.6538,0.5011
S09206,8,0,0,82.42,35.18,34,4,1,0,60.8298,69.82,0.1439,0.1538,0.6279
S09207,3,1,1,68.31,51.0,20,3,1,0,44.9576,54.0,0.0519,0.6154,0.5048
S09208,6,1,0,90.7,48.77,30,1,0,0,55.9997,51.23,0.2588,0.2385,0.5493
S09209,3,0,1,57.04,25.31,17,0,2,0,32.9007,84.69,0.2083,0.3,0.7486
S09210,6,0,1,89.46,44.73,23,3,0,0,55.1973,55.27,0.2416,0.4154,0.524
S09211,6,1,1,85.41,35.81,21,3,1,0,52.3909,69.19,0.1854,0.6154,0.5395
S09212,3,0,0,45.08,41.095,9,4,2,1,31.0633,68.905,0.3743,0.1538,0.7284
S09213,8,0,1,64.25,16.9,11,2,1,0,36.0716,88.1,0.1083,0.3769,0.7319
S09214,7,0,1,87.31,47.88,24,5,0,0,58.7767,52.12,0.2118,0.4923,0.4797
S09215,8,0,1,96.56,69.72,30,0,0,0,56.4206,30.28,0.3402,0.3,0.4486
S09216,2,0,1,82.73,39.26,28,1,1,0,51.6252,65.74,0.1482,0.3385,0.5976
S09217,6,1,1,66.05,17.15,24,6,0,0,52.1957,82.85,0.0833,0.7308,0.566
S09218,1,1,1,57.47,29.61,16,0,0,0,32.4795,70.39,0.2024,0.5,0.6429
S09219,1,1,1,80.5,39.7,19,6,0,0,55.0096,60.3,0.1173,0.7308,0.466
S09220,8,0,1,65.61,36.82,24,4,0,1,48.1736,63.18,0.0894,0.4538,0.5707
S09221,2,0,1,66.25,33.59,27,5,2,0,52.1323,76.41,0.0805,0.4923,0.6001
S09222,7,0,1,68.64,38.41,17,0,0,0,37.5407,61.59,0.0473,0.3,0.64
S09223,4,1,0,85.23,51.89,19,1,0,0,47.2863,48.11,0.1829,0.2385,0.5673
S09224,3,1,0,99.1,97.44433656480328,29,3,0,0,62.6126,2.5557,0.3754,0.3154,0.3122
S09225,1,0,1,87.4,50.51,27,0,1,0,50.9769,54.49,0.213,0.3,0.5645
S09226,6,1,1,72.14,37.59,32,5,2,0,57.4544,72.41,0.0012,0.6923,0.5155
S09227,6,0,1,58.51,55.87,23,5,0,0,46.6635,44.13,0.1879,0.4923,0.4901
S09228,4,0,1,82.01,56.27,26,2,3,0,52.0739,58.73,0.1382,0.3769,0.5584
S09229,7,1,1,96.98,81.38,47,4,0,0,74.3657,18.62,0.346,0.6538,0.2508
S09230,3,0,1,87.05,57.62,28,5,1,0,61.0456,47.38,0.2082,0.4923,0.4528
S09231,5,1,1,75.12,34.58,35,3,1,1,56.5799,70.42,0.0426,0.6154,0.5298
S09232,3,0,1,64.66,33.41,30,2,0,0,47.5068,66.59,0.1026,0.3769,0.6059
S09233,5,1,1,77.18,54.1,33,5,0,0,60.0637,45.9,0.0712,0.6923,0.4003
S09234,2,0,1,89.32,48.0,31,2,0,0,57.964,52.0,0.2397,0.3769,0.5109
S09235,4,0,1,75.48,49.43,25,5,0,0,54.6379,50.57,0.0476,0.4923,0.488
S09236,5,0,1,70.45,37.22,22,3,1,0,47.0001,67.78,0.0222,0.4154,0.6028
S09237,5,1,1,61.69,45.71,26,3,2,0,45.869,64.29,0.1438,0.6154,0.5428
S09238,4,1,0,100.0,72.62,26,4,0,0,63.116,27.38,0.3879,0.3538,0.4002
S09239,6,1,1,58.64,18.18,16,7,0,0,46.4091,81.82,0.1861,0.7692,0.5725
S09240,5,0,1,57.25,21.73,30,4,0,0,48.3889,78.27,0.2054,0.4538,0.6303
S09241,3,0,0,72.05,41.03,28,3,0,0,51.1994,58.97,0.0,0.1154,0.6278
S09242,2,0,1,68.97,41.51,29,1,0,0,46.7145,58.49,0.0427,0.3385,0.5858
S09243,6,1,1,87.35,38.62,18,6,0,0,57.1564,61.38,0.2124,0.7308,0.4628
S09244,8,0,1,87.86,51.46,25,1,0,0,51.8976,48.54,0.2194,0.3385,0.5279
S09245,7,0,1,53.79,27.62,19,5,1,0,42.4026,77.38,0.2534,0.4923,0.638
S09246,6,1,1,60.67,25.21,18,4,1,0,42.6383,79.79,0.1579,0.6538,0.6065
S09247,8,1,1,58.87,30.21,8,2,0,0,32.1399,69.79,0.1829,0.5769,0.6224
S09248,8,0,0,83.77,57.88,33,1,0,0,55.0073,42.12,0.1627,0.0385,0.5663
S09249,5,0,1,78.43,49.99,22,2,0,0,48.269,50.01,0.0885,0.3769,0.5369
S09250,1,0,1,66.43,54.59,18,1,1,0,39.173,50.41,0.078,0.3385,0.5799
S09251,6,1,1,75.25,41.72,30,2,2,0,51.7428,68.28,0.0444,0.5769,0.5478
S09252,5,0,1,55.11,29.56,33,0,1,0,41.6203,75.44,0.2351,0.3,0.6811
S09253,3,1,1,60.86,42.5,31,1,0,0,44.6569,57.5,0.1553,0.5385,0.5391
S09254,7,0,1,52.5,9.84,13,0,0,0,28.7119,90.16,0.2713,0.3,0.7851
S09255,7,1,1,74.18,56.44,14,5,0,0,47.5925,43.56,0.0296,0.6923,0.4346
S09256,3,1,1,74.13,58.84,25,0,0,0,44.4825,41.16,0.0289,0.5,0.484
S09257,4,0,1,57.23,54.18,36,6,1,0,55.7864,50.82,0.2057,0.5308,0.4753
S09258,2,0,0,78.32,25.73,35,1,0,0,54.0138,74.27,0.087,0.0385,0.6984
S09259,2,0,1,87.86,44.95,28,1,0,0,53.6772,55.05,0.2194,0.3385,0.5477
S09260,3,1,1,56.54,36.77,29,2,0,0,43.6655,63.23,0.2153,0.5769,0.5559
S09261,3,0,1,67.11,42.7,30,2,0,0,48.4868,57.3,0.0686,0.3769,0.5653
S09262,3,1,0,79.7,41.095,10,7,3,1,51.2737,73.905,0.1062,0.4692,0.5989
S09263,2,0,1,71.9,54.87,22,0,1,0,41.8108,50.13,0.0021,0.3,0.5792
S09264,4,0,1,51.42,44.83,16,3,0,0,35.8288,55.17,0.2863,0.4154,0.5914
S09265,5,1,0,65.39,40.17,13,4,0,0,41.5602,59.83,0.0924,0.3538,0.6054
S09266,3,1,1,64.89,35.06,21,3,1,0,44.1829,69.94,0.0994,0.6154,0.5713
S09267,5,1,1,69.44,39.86,25,5,0,0,52.2219,60.14,0.0362,0.6923,0.4847
S09268,3,1,1,70.08,42.83,15,6,0,0,48.4688,57.17,0.0273,0.7308,0.4763
S09269,6,1,1,95.49,41.25,30,7,0,0,69.4541,58.75,0.3253,0.7692,0.3996
S09270,6,0,1,68.87,35.36,19,3,0,0,44.5884,64.64,0.0441,0.4154,0.5987
S09271,8,1,0,46.23,44.8,20,1,0,0,32.2795,55.2,0.3584,0.2385,0.6482
S09272,1,1,1,73.37,46.5,21,7,0,0,55.2672,53.5,0.0183,0.7692,0.4283
S09273,7,1,1,98.22,58.93,18,3,0,0,55.7352,41.07,0.3632,0.6154,0.4154
S09274,3,1,1,69.49,39.79,18,3,2,0,44.2432,70.21,0.0355,0.6154,0.5721
S09275,1,0,1,65.43,42.12,12,0,0,0,33.2906,57.88,0.0919,0.3,0.64
S09276,6,1,1,67.42,37.18,10,3,0,0,38.6694,62.82,0.0643,0.6154,0.5621
S09277,2,1,0,80.76,68.55,35,3,0,0,58.8359,31.45,0.1209,0.3154,0.441
S09278,2,0,1,67.36,36.24,27,0,1,0,42.9609,68.76,0.0651,0.3,0.6497
S09279,8,1,0,49.27,15.9,7,8,0,0,39.2452,84.1,0.3162,0.5077,0.6721
S09280,2,0,1,61.92,11.92,9,3,1,0,35.8762,93.08,0.1406,0.4154,0.7429
S09281,5,0,1,71.03,38.67,21,1,0,0,42.7927,61.33,0.0142,0.3385,0.6109
S09282,2,0,1,80.03,48.71,15,4,0,0,48.6026,51.29,0.1108,0.4538,0.5216
S09283,1,1,0,63.26,46.37,17,4,1,0,43.0811,58.63,0.122,0.3538,0.5953
S09284,1,1,1,67.56,37.96,21,3,1,0,45.2509,67.04,0.0623,0.6154,0.5559
S09285,1,0,1,72.67,55.33,25,3,0,0,49.6677,44.67,0.0086,0.4154,0.501
S09286,4,0,1,60.34,37.69,21,2,1,0,40.4398,67.31,0.1625,0.3769,0.6335
S09287,4,1,1,70.62,24.67,16,6,0,0,49.278,75.33,0.0198,0.7308,0.5461
S09288,1,0,1,79.01,53.66,22,1,0,0,46.5779,46.34,0.0966,0.3385,0.5377
S09289,3,0,0,54.2,28.84,26,0,1,0,37.1037,76.16,0.2477,0.0,0.7748
S09290,3,0,1,76.6,29.79,7,4,0,0,42.4849,70.21,0.0632,0.4538,0.6187
S09291,5,1,1,55.65,44.88,19,2,2,0,37.3773,65.12,0.2276,0.5769,0.5854
S09292,8,0,1,55.95,39.04,7,2,1,0,30.3787,65.96,0.2235,0.3769,0.6633
S09293,6,1,1,62.06,44.1,30,3,1,0,48.3898,60.9,0.1387,0.6154,0.5204
S09294,8,1,1,92.48,47.64,36,0,0,0,58.3479,52.36,0.2836,0.5,0.4802
S09295,2,0,1,46.27,41.095,19,7,0,1,43.2407,58.905,0.3578,0.5692,0.542
S09296,2,1,1,65.04,37.43,13,1,0,0,35.6509,62.57,0.0973,0.5385,0.5909
S09297,7,0,1,71.6,43.4,24,3,0,0,48.6465,56.6,0.0062,0.4154,0.5523
S09298,3,0,0,89.51,48.52,32,0,0,0,54.7871,51.48,0.2423,0.0,0.6142
S09299,7,0,1,100.0,52.31,14,1,0,0,50.2282,47.69,0.3879,0.3385,0.5303
S09300,4,1,1,65.67,38.23,21,2,0,0,42.5718,61.77,0.0885,0.5769,0.5539
S09301,2,1,1,72.05,41.79,30,5,0,0,56.232,58.21,0.0,0.6923,0.463
S09302,7,1,1,70.58,23.12,11,3,0,0,40.5267,76.88,0.0204,0.6154,0.6118
S09303,5,1,1,70.49,41.24,27,4,0,0,51.9053,58.76,0.0217,0.6538,0.4899
S09304,7,0,1,76.1,39.42,25,1,0,0,47.1936,60.58,0.0562,0.3385,0.5925
S09305,4,1,1,48.22,28.42,25,0,1,0,34.1185,76.58,0.3307,0.5,0.6619
S09306,2,0,1,71.28,37.17,19,2,0,0,43.6293,62.83,0.0107,0.3769,0.6044
S09307,6,0,1,78.76,44.58,26,5,0,0,56.5431,55.42,0.0931,0.4923,0.5007
S09308,1,1,0,59.1,28.79,21,5,1,0,45.713,76.21,0.1797,0.3923,0.6468
S09309,6,0,0,78.86,38.88,2,4,0,0,40.4227,61.12,0.0945,0.1538,0.6646
S09310,4,0,1,46.07,20.17,10,0,1,1,24.3602,84.83,0.3606,0.3,0.7791
S09311,7,0,1,73.4,44.63,24,2,0,0,47.4434,55.37,0.0187,0.3769,0.5612
S09312,7,0,0,92.13,33.7,11,0,0,0,43.3774,66.3,0.2787,0.0,0.7134
S09313,4,1,1,68.72,36.04,27,2,1,0,47.3511,68.96,0.0462,0.5769,0.5659
S09314,8,0,1,57.33,99.08724390436906,18,0,1,0,33.61,5.9128,0.2043,0.3,0.431
S09315,1,1,1,50.62,14.28,15,0,0,0,29.1463,85.72,0.2974,0.5,0.7159
S09316,1,0,0,77.86,58.93,30,1,0,0,50.8637,41.07,0.0806,0.0385,0.5766
S09317,8,1,0,85.92,52.12,24,1,0,0,50.5284,47.88,0.1925,0.2385,0.555
S09318,5,1,1,71.16,39.88,22,0,0,0,41.5148,60.12,0.0124,0.5,0.5702
S09319,4,1,1,65.04,44.69,27,3,0,0,47.8022,55.31,0.0973,0.6154,0.5001
S09320,2,0,1,72.05,11.17,12,5,0,1,45.554,88.83,0.0,0.4923,0.6728
S09321,3,1,1,72.05,37.13,8,1,0,0,35.4888,62.87,0.0,0.5385,0.5926
S09322,6,1,1,61.66,17.2,19,1,1,0,37.8583,87.8,0.1442,0.5385,0.6841
S09323,7,1,1,62.52,44.26,20,2,0,0,40.7186,55.74,0.1323,0.5769,0.5362
S09324,8,0,1,96.25,48.35,38,1,0,0,62.9654,51.65,0.3359,0.3385,0.5016
S09325,4,0,1,44.98,31.08,22,0,0,0,31.0428,68.92,0.3757,0.3,0.692
S09326,4,1,1,46.98,12.06,6,0,0,1,22.3513,87.94,0.348,0.5,0.7485
S09327,2,0,1,75.47,38.64,16,2,0,0,43.5257,61.36,0.0475,0.3769,0.5989
S09328,1,0,0,66.22,43.32,32,3,1,0,51.2403,61.68,0.0809,0.1154,0.6385
S09329,4,1,1,64.22,37.21,22,9,1,0,56.0465,67.79,0.1087,0.8462,0.4634
S09330,5,0,1,76.09,53.78,35,4,0,1,58.891,46.22,0.0561,0.4538,0.4653
S09331,1,0,1,75.84,37.75,36,4,0,0,59.3842,62.25,0.0526,0.4538,0.5277
S09332,4,1,0,57.4,10.03,11,3,1,0,35.2547,94.97,0.2033,0.3154,0.7776
S09333,6,0,0,63.12,24.63,13,1,1,1,34.8829,80.37,0.1239,0.0385,0.7898
S09334,7,0,1,72.74,50.75,22,0,0,0,42.1468,49.25,0.0096,0.3,0.5745
S09335,8,0,1,74.51,39.93,28,2,1,0,50.2603,65.07,0.0341,0.3769,0.5901
S09336,3,0,0,79.25,32.37,14,5,0,0,49.6205,67.63,0.0999,0.1923,0.6488
S09337,4,0,1,72.05,54.89,23,1,0,0,44.3871,45.11,0.0,0.3385,0.5405
S09338,7,1,1,72.05,34.38,28,2,1,0,49.2763,70.62,0.0,0.5769,0.5658
S09339,6,0,0,86.26,41.095,19,2,0,0,49.6213,58.905,0.1972,0.0769,0.6427
S09340,3,0,1,72.7,25.86,14,0,2,0,37.3851,84.14,0.009,0.3,0.7307
S09341,6,1,0,72.05,30.17,25,3,1,0,49.4197,74.83,0.0,0.3154,0.6475
S09342,2,0,1,68.47,55.0,22,1,0,0,42.3619,45.0,0.0497,0.3385,0.5471
S09343,4,0,0,62.74,40.05,17,4,1,1,42.8731,64.95,0.1292,0.1538,0.6713
S09344,3,0,0,57.93,24.86,20,1,0,0,36.9595,75.14,0.196,0.0385,0.7616
S09345,8,0,1,67.53,14.38,16,3,1,0,42.2728,90.62,0.0627,0.4154,0.7107
S09346,1,0,1,78.76,43.58,27,3,0,0,53.2902,56.42,0.0931,0.4154,0.5353
S09347,7,0,1,58.66,28.28,22,1,1,1,38.4379,76.72,0.1858,0.3385,0.6877
S09348,3,1,0,70.87,57.62,20,3,0,0,45.9816,42.38,0.0164,0.3154,0.5297
S09349,1,1,1,69.13,35.71,41,3,1,0,57.7433,69.29,0.0405,0.6154,0.5212
S09350,6,1,1,98.67,53.54,33,6,0,0,70.5827,46.46,0.3695,0.7308,0.3561
S09351,6,0,0,82.84,39.03,14,2,0,0,45.2872,60.97,0.1498,0.0769,0.6661
S09352,2,1,1,82.6,41.095,31,7,0,0,64.8914,58.905,0.1464,0.7692,0.4162
S09353,1,1,1,85.8,46.05,36,5,1,0,65.2913,58.95,0.1908,0.6923,0.4342
S09354,1,0,1,63.81,32.93,25,5,0,0,49.9699,67.07,0.1144,0.4923,0.5703
S09355,4,1,0,92.65,49.34,28,3,0,0,59.4394,50.66,0.2859,0.3154,0.5158
S09356,2,1,1,74.39,40.78,16,3,1,0,45.0168,64.22,0.0325,0.6154,0.5455
S09357,6,0,0,71.33,44.95,15,0,0,0,37.4303,55.05,0.01,0.0,0.6892
S09358,1,1,1,53.78,98.57134607460866,14,2,1,0,33.6632,6.4287,0.2536,0.5769,0.3637
S09359,7,0,0,65.98,29.35,17,2,0,0,40.3229,70.65,0.0842,0.0769,0.7222
S09360,7,0,1,45.51,33.29,8,7,0,0,36.4113,66.71,0.3684,0.5692,0.5971
S09361,6,0,1,68.28,45.83,31,5,1,0,55.3172,59.17,0.0523,0.4923,0.52
S09362,8,0,0,63.36,41.64,27,1,1,0,43.284,63.36,0.1206,0.0385,0.6923
S09363,8,1,0,66.02,33.33,30,4,0,0,51.8969,66.67,0.0837,0.3538,0.5966
S09364,1,1,1,51.21,36.78,9,2,0,1,29.6691,63.22,0.2892,0.5769,0.6048
S09365,3,0,1,82.55,43.25,19,4,1,0,51.9835,61.75,0.1457,0.4538,0.5516
S09366,7,1,1,80.89,54.11,26,7,0,0,61.2413,45.89,0.1227,0.7692,0.3769
S09367,3,1,1,97.35,52.5,35,5,0,0,69.3181,47.5,0.3511,0.6923,0.3743
S09368,6,1,1,96.92,47.23,32,4,0,0,65.4434,52.77,0.3452,0.6538,0.4186
S09369,7,1,0,74.34,27.46,26,2,0,0,49.0059,72.54,0.0318,0.2769,0.6494
S09370,8,1,1,87.35,56.43,41,2,0,0,63.1082,43.57,0.2124,0.5769,0.4092
S09371,3,1,1,75.92,31.36,22,3,1,0,49.1881,73.64,0.0537,0.6154,0.5686
S09372,3,0,1,65.59,98.49140936834894,27,0,2,0,42.2529,11.5086,0.0897,0.3,0.4231
S09373,1,1,1,67.83,48.34,25,2,1,0,45.8087,56.66,0.0586,0.5769,0.5221
S09374,3,0,1,81.58,51.08,27,4,0,0,56.3413,48.92,0.1323,0.4538,0.485
S09375,3,0,0,100.0,50.72,39,4,0,0,70.8279,49.28,0.3879,0.1538,0.5108
S09376,4,0,1,89.5,20.12,23,6,0,0,60.9825,79.88,0.2422,0.5308,0.5734
S09377,4,0,1,75.7,26.12,16,0,0,0,39.7715,73.88,0.0507,0.3,0.6813
S09378,7,1,1,79.26,66.86,28,3,1,0,54.0834,38.14,0.1001,0.6154,0.4094
S09379,7,1,1,79.12,41.095,12,3,0,0,44.5359,58.905,0.0981,0.6154,0.5259
S09380,6,0,1,70.65,34.0,26,0,0,0,43.6837,66.0,0.0194,0.3,0.6361
S09381,1,1,1,83.35,49.59,17,2,0,0,47.2709,50.41,0.1568,0.5769,0.492
S09382,4,0,1,69.67,37.83,34,0,1,0,48.0375,67.17,0.033,0.3,0.6255
S09383,6,1,1,56.83,19.64,14,4,0,0,38.7294,80.36,0.2112,0.6538,0.6224
S09384,2,0,1,79.22,52.49,37,0,0,0,53.6372,47.51,0.0995,0.3,0.5273
S09385,4,0,1,81.23,45.41,24,2,1,0,50.5754,59.59,0.1274,0.3769,0.5671
S09386,6,1,1,69.81,24.42,20,5,0,0,49.4038,75.58,0.0311,0.6923,0.5563
S09387,7,0,1,76.65,42.85,31,0,0,0,49.0498,57.15,0.0638,0.3,0.5819
S09388,7,0,1,72.05,38.83,22,0,0,0,41.8708,61.17,0.0,0.3,0.6231
S09389,4,0,1,71.22,42.65,22,2,1,0,45.385,62.35,0.0115,0.3769,0.5963
S09390,4,0,1,65.29,33.02,17,0,2,0,36.2007,76.98,0.0938,0.3,0.7062
S09391,4,1,1,61.36,42.42,15,2,0,0,37.2885,57.58,0.1484,0.5769,0.5556
S09392,6,0,1,68.19,34.97,40,3,0,0,56.774,65.03,0.0536,0.4154,0.5576
S09393,4,0,1,95.02,49.53,17,3,0,1,53.862,50.47,0.3188,0.4154,0.5095
S09394,4,1,0,69.02,27.33,12,4,0,1,42.419,72.67,0.0421,0.3538,0.6538
S09395,2,1,1,77.39,55.08,34,1,0,0,53.0486,44.92,0.0741,0.5385,0.4594
S09396,4,0,1,67.13,19.31,22,4,0,0,47.5952,80.69,0.0683,0.4538,0.6427
S09397,2,1,1,65.85,44.9,13,7,2,0,47.5134,65.1,0.0861,0.7692,0.5018
S09398,5,0,1,58.81,41.095,4,4,0,0,33.5892,58.905,0.1838,0.4538,0.6046
S09399,8,0,1,73.5,47.55,33,4,1,0,56.6686,57.45,0.0201,0.4538,0.518
S09400,7,1,1,64.24,47.12,11,0,0,0,32.2214,52.88,0.1084,0.5,0.5737
S09401,4,0,0,91.1,43.98,25,0,0,0,51.2705,56.02,0.2644,0.0,0.6446
S09402,8,0,1,70.39,53.64,23,3,1,0,47.5693,51.36,0.023,0.4154,0.5351
S09403,8,1,1,71.33,42.53,14,5,1,0,46.4525,62.47,0.01,0.6923,0.5142
S09404,4,1,1,69.3,40.26,29,4,0,0,52.6157,59.74,0.0382,0.6538,0.4914
S09405,7,1,1,77.57,59.48,25,3,0,0,51.6277,40.52,0.0766,0.6154,0.4275
S09406,3,1,1,94.36,52.73,23,3,0,0,57.1573,47.27,0.3096,0.6154,0.4352
S09407,8,0,1,56.4,24.66,10,3,1,1,34.2614,80.34,0.2172,0.4154,0.6976
S09408,3,1,1,76.17,55.81,34,9,0,0,67.9452,44.19,0.0572,0.8462,0.3274
S09409,3,0,0,48.47,95.34643135521809,12,0,0,0,26.5066,4.6536,0.3273,0.0,0.5258
S09410,2,1,0,90.35,42.1,22,8,1,0,64.5755,62.9,0.254,0.5077,0.4987
S09411,7,0,1,70.38,42.77,22,7,1,0,54.6644,62.23,0.0232,0.5692,0.5153
S09412,3,0,1,49.58,22.84,0,7,0,0,33.2935,77.16,0.3119,0.5692,0.6498
S09413,7,0,1,52.86,32.95,22,0,1,1,34.1948,72.05,0.2663,0.3,0.6935
S09414,1,1,1,84.21,50.85,22,4,0,0,54.4272,49.15,0.1688,0.6538,0.4427
S09415,5,0,0,47.03,95.35385134902177,58,1,1,1,55.1419,9.6461,0.3473,0.0385,0.436
S09416,4,1,1,76.17,26.92,9,6,0,0,47.3454,73.08,0.0572,0.7308,0.5439
S09417,4,1,0,65.57,36.65,0,4,0,0,33.9203,63.35,0.0899,0.3538,0.6462
S09418,2,1,1,69.08,42.28,26,6,1,0,54.5942,62.72,0.0412,0.7308,0.4771
S09419,1,0,1,61.89,32.65,14,0,0,0,33.0611,67.35,0.141,0.3,0.6787
S09420,3,0,0,57.71,12.1,6,2,0,0,30.4895,87.9,0.199,0.0769,0.8257
S09421,4,1,0,64.69,44.23,21,5,0,0,47.949,55.77,0.1022,0.3923,0.5572
S09422,7,1,0,80.58,36.45,22,5,1,0,54.8982,68.55,0.1184,0.3923,0.584
S09423,4,0,1,67.61,27.44,11,3,0,0,39.3387,72.56,0.0616,0.4154,0.6487
S09424,2,1,1,78.32,49.14,24,2,0,0,49.4114,50.86,0.087,0.5769,0.4863
S09425,3,0,1,68.37,33.21,26,0,1,0,42.7717,71.79,0.0511,0.3,0.6625
S09426,5,0,1,81.17,96.497233260607,22,2,0,0,49.365,3.5028,0.1266,0.3769,0.347
S09427,4,0,1,72.05,45.45,26,2,0,0,48.0899,54.55,0.0,0.3769,0.5557
S09428,8,0,1,63.89,39.09,23,2,0,0,43.0462,60.91,0.1133,0.3769,0.5988
S09429,4,0,0,57.69,26.56,4,3,0,0,31.2181,73.44,0.1993,0.1154,0.7556
S09430,5,1,0,86.33,51.18,27,3,0,0,56.3182,48.82,0.1982,0.3154,0.5193
S09431,1,0,1,59.8,43.31,20,0,1,0,35.7844,61.69,0.17,0.3,0.6465
S09432,2,1,1,79.51,96.4349801655471,22,4,1,0,52.5472,8.565,0.1035,0.6538,0.2869
S09433,7,1,1,72.47,52.29,16,2,1,0,42.3257,52.71,0.0058,0.5769,0.5185
S09434,3,1,1,65.05,30.66,14,2,0,0,38.1712,69.34,0.0972,0.5769,0.5995
S09435,4,0,1,78.44,42.56,22,2,0,0,48.273,57.44,0.0887,0.3769,0.5666
S09436,5,1,0,92.52,78.19,37,2,0,0,62.8033,21.81,0.2841,0.2769,0.3982
S09437,1,0,1,81.38,44.39,38,1,2,0,57.0174,65.61,0.1295,0.3385,0.5783
S09438,5,1,1,73.94,41.095,34,5,0,0,59.3609,58.905,0.0262,0.6923,0.4548
S09439,3,0,1,96.32,44.75,19,2,0,1,53.6453,55.25,0.3368,0.3769,0.539
S09440,2,1,1,46.89,98.49940412764424,6,3,1,1,28.0846,6.5006,0.3492,0.6154,0.3739
S09441,4,0,1,55.32,38.51,22,4,0,0,42.8712,61.49,0.2322,0.4538,0.5825
S09442,4,1,1,65.03,49.64,30,2,0,0,47.6548,50.36,0.0974,0.5769,0.4904
S09443,2,0,1,93.29,45.75,22,0,0,0,50.3668,54.25,0.2948,0.3,0.5657
S09444,5,0,1,86.14,40.59,29,0,1,0,51.6594,64.41,0.1956,0.3,0.6018
S09445,6,1,1,46.26,10.91,4,1,0,1,22.8,89.09,0.3579,0.5385,0.7419
S09446,3,0,1,65.45,34.19,22,3,1,0,45.0001,70.81,0.0916,0.4154,0.6219
S09447,8,1,0,52.14,96.69118890800078,10,3,0,0,32.5574,3.3088,0.2763,0.3154,0.4204
S09448,5,1,0,71.39,39.11,24,4,0,0,50.4856,60.89,0.0092,0.3538,0.5784
S09449,7,1,0,85.53,47.22,18,3,1,0,50.6592,57.78,0.1871,0.3154,0.575
S09450,1,1,0,86.63,22.38,15,4,0,0,51.2426,77.62,0.2024,0.3538,0.6427
S09451,7,1,0,72.05,98.09170793721016,49,1,1,0,59.8109,6.9083,0.0,0.2385,0.3587
S09452,3,1,0,65.62,30.36,21,1,1,1,40.6287,74.64,0.0892,0.2385,0.6967
S09453,6,0,1,70.57,50.19,22,5,0,0,50.8942,49.81,0.0205,0.4923,0.498
S09454,7,1,1,82.25,68.85,38,2,1,0,59.2885,36.15,0.1416,0.5769,0.3929
S09455,3,1,1,100.0,59.59,19,3,0,0,57.0404,40.41,0.3879,0.6154,0.4081
S09456,3,0,0,54.22,26.55,19,2,2,0,36.8053,83.45,0.2475,0.0769,0.7858
S09457,1,0,0,95.83,35.73,21,3,0,0,56.5589,64.27,0.33,0.1154,0.6303
S09458,5,0,1,75.66,45.03,22,2,1,0,47.161,59.97,0.0501,0.3769,0.5806
S09459,7,1,0,84.3,41.26,12,6,1,0,52.3771,63.74,0.17,0.4308,0.5639
S09460,4,0,1,74.78,37.53,11,0,0,0,36.4374,62.47,0.0379,0.3,0.6473
S09461,2,1,1,93.06,43.41,23,3,0,0,56.6373,56.59,0.2916,0.6154,0.4743
S09462,3,1,1,76.95,48.08,20,2,2,0,46.4906,61.92,0.068,0.5769,0.5407
S09463,4,1,1,62.27,32.12,22,5,0,0,47.5742,67.88,0.1357,0.6923,0.5319
S09464,8,0,1,78.75,27.3,17,4,0,0,49.2771,72.7,0.093,0.4538,0.6049
S09465,1,1,1,88.9,63.89,30,5,0,0,62.972,36.11,0.2339,0.6923,0.351
S09466,3,1,1,72.0,47.82,32,4,0,0,55.4754,52.18,0.0007,0.6538,0.4511
S09467,6,0,1,40.89,34.94,13,0,0,1,24.0679,65.06,0.4325,0.3,0.701
S09468,2,0,0,70.28,46.79,21,3,1,0,46.3389,58.21,0.0246,0.1154,0.6418
S09469,8,0,1,73.47,50.21,26,1,2,0,46.7348,59.79,0.0197,0.3385,0.591
S09470,8,1,1,71.33,56.89,11,5,0,0,44.6728,43.11,0.01,0.6923,0.443
S09471,4,0,1,64.57,47.21,27,4,0,0,49.5373,52.79,0.1038,0.4538,0.5243
S09472,6,0,0,91.85,33.68,20,1,0,0,50.5275,66.32,0.2748,0.0385,0.6788
S09473,7,0,1,36.41,15.63,22,2,2,0,31.461,94.37,0.4947,0.3769,0.7731
S09474,6,0,1,73.41,41.03,29,2,0,0,50.4135,58.97,0.0189,0.3769,0.5652
S09475,2,0,1,73.62,28.46,27,2,0,0,49.3111,71.54,0.0218,0.3769,0.6193
S09476,1,1,1,100.0,96.44828921567,37,5,0,0,71.5645,3.5517,0.3879,0.6923,0.1907
S09477,3,0,1,71.78,52.79,22,1,1,0,43.6859,52.21,0.0037,0.3385,0.5713
S09478,2,1,1,78.68,49.38,19,10,1,0,61.974,55.62,0.092,0.8846,0.3844
S09479,3,0,0,73.88,45.71,16,3,1,0,44.8128,59.29,0.0254,0.1154,0.6515
S09480,6,0,1,73.42,96.92353670757858,37,2,1,0,55.1633,8.0765,0.019,0.3769,0.345
S09481,5,1,0,98.44,98.1909894936272,33,5,0,0,68.5677,1.809,0.3663,0.3923,0.2692
S09482,2,1,1,55.33,22.73,7,3,0,0,32.0538,77.27,0.2321,0.6154,0.643
S09483,1,1,1,61.99,46.22,23,3,1,0,44.2093,58.78,0.1396,0.6154,0.5265
S09484,2,0,1,83.31,46.14,29,1,0,0,52.4505,53.86,0.1563,0.3385,0.5472
S09485,4,0,1,75.85,48.51,21,2,0,0,46.6438,51.49,0.0527,0.3769,0.5485
S09486,7,1,1,67.75,50.59,14,1,1,0,37.3282,54.41,0.0597,0.5385,0.5524
S09487,3,0,0,70.94,39.25,28,4,0,0,52.6785,60.75,0.0154,0.1538,0.6202
S09488,3,1,1,72.05,40.38,35,5,0,0,59.1981,59.62,0.0,0.6923,0.4582
S09489,5,0,0,79.28,63.92,28,1,0,0,50.2452,36.08,0.1003,0.0385,0.5588
S09490,1,0,1,61.31,39.16,19,1,0,0,37.7183,60.84,0.1491,0.3385,0.6267
S09491,2,1,1,75.57,29.62,17,3,1,0,46.082,75.38,0.0489,0.6154,0.5864
S09492,1,1,1,71.25,33.84,26,3,1,0,49.693,71.16,0.0111,0.6154,0.5569
S09493,5,1,1,79.06,52.18,20,4,0,0,51.1807,47.82,0.0973,0.6538,0.4487
S09494,4,1,1,67.18,30.35,11,1,0,0,35.3205,69.65,0.0676,0.5385,0.6204
S09495,5,0,1,53.88,23.47,25,8,2,0,51.7671,86.53,0.2522,0.6077,0.613
S09496,5,1,1,72.05,30.25,18,4,0,0,47.1903,69.75,0.0,0.6538,0.5504
S09497,4,1,1,80.23,44.42,10,7,0,0,51.4857,55.58,0.1135,0.7692,0.4498
S09498,7,0,1,93.23,63.56,41,3,0,0,67.3833,36.44,0.294,0.4154,0.4061
S09499,8,0,1,52.26,37.98,1,2,0,0,25.3434,62.02,0.2747,0.3769,0.6652
S09500,1,1,1,70.94,97.45941684101396,19,1,0,1,41.5703,2.5406,0.0154,0.5385,0.33
S09501,8,0,1,68.54,34.45,12,0,1,0,34.5346,70.55,0.0487,0.3,0.6863
S09502,2,1,1,66.06,25.15,14,4,0,0,42.4214,74.85,0.0831,0.6538,0.5875
S09503,2,0,0,72.05,21.16,32,0,1,0,47.8031,83.84,0.0,0.0,0.768
S09504,5,1,0,56.01,28.8,16,3,0,0,37.6648,71.2,0.2226,0.3154,0.6741
S09505,1,1,1,76.06,47.61,27,3,1,0,52.2102,57.39,0.0557,0.6154,0.493
S09506,3,1,0,64.5,49.14,26,4,2,0,48.916,60.86,0.1048,0.3538,0.5838
S09507,2,1,1,59.6,48.07,13,4,0,0,39.2442,51.93,0.1728,0.6538,0.5069
S09508,4,0,1,93.46,46.76,39,2,0,0,64.3657,53.24,0.2972,0.3769,0.4935
S09509,7,1,0,100.0,60.57,36,1,0,0,63.279,39.43,0.3879,0.2385,0.4766
S09510,8,1,1,71.15,37.39,22,7,1,0,54.9724,67.61,0.0125,0.7692,0.4857
S09511,2,1,1,49.47,41.095,9,3,1,1,30.8962,63.905,0.3134,0.6154,0.5936
S09512,5,1,1,77.95,57.06,28,5,1,0,57.4056,47.94,0.0819,0.6923,0.4178
S09513,4,1,0,40.72,31.99,11,5,0,0,32.4288,68.01,0.4348,0.3923,0.6605
S09514,4,1,1,51.75,36.3,24,1,0,0,36.8604,63.7,0.2817,0.5385,0.5912
S09515,6,1,0,78.2,46.54,22,5,0,0,53.9462,53.46,0.0854,0.3923,0.527
S09516,8,1,1,51.24,41.095,31,4,1,0,46.5781,63.905,0.2888,0.6538,0.5291
S09517,4,1,0,67.56,42.52,24,5,2,0,50.8767,67.48,0.0623,0.3923,0.5938
S09518,1,0,1,49.75,28.13,13,2,1,1,31.458,76.87,0.3095,0.3769,0.7032
S09519,8,0,1,72.84,37.28,21,3,2,0,47.3629,72.72,0.011,0.4154,0.6213
S09520,8,1,0,88.85,57.12,28,6,0,0,63.6886,42.88,0.2332,0.4308,0.4409
S09521,3,0,1,62.81,26.24,14,0,1,1,33.4291,78.76,0.1282,0.3,0.723
S09522,5,0,1,71.71,53.11,28,2,0,0,49.1403,46.89,0.0047,0.3769,0.5213
S09523,7,0,0,59.76,41.095,18,2,0,0,38.4281,58.905,0.1706,0.0769,0.6819
S09524,5,1,0,60.81,47.22,34,6,1,0,56.032,57.78,0.156,0.4308,0.5273
S09525,4,1,1,59.53,96.00278499410864,14,5,1,0,41.7325,8.9972,0.1738,0.6923,0.3169
S09526,8,1,1,83.79,44.26,26,3,0,0,54.709,55.74,0.1629,0.6154,0.4776
S09527,7,1,1,50.8,21.77,11,6,0,0,38.3839,78.23,0.2949,0.7308,0.5959
S09528,5,1,1,67.02,48.35,36,3,0,0,53.9332,51.65,0.0698,0.6154,0.464
S09529,2,0,1,78.15,28.91,13,0,0,0,38.9719,71.09,0.0847,0.3,0.673
S09530,4,0,0,85.65,99.64352769117258,28,6,0,0,62.4086,0.3565,0.1888,0.2308,0.3253
S09531,6,0,1,78.61,35.63,27,1,1,0,49.384,69.37,0.091,0.3385,0.62
S09532,3,0,1,70.91,41.095,13,0,0,0,36.0759,58.905,0.0158,0.3,0.6344
S09533,5,1,1,63.47,36.41,40,4,1,0,56.8091,68.59,0.1191,0.6538,0.5121
S09534,6,0,0,85.88,32.59,20,8,0,0,61.601,67.41,0.192,0.3077,0.5771
S09535,1,1,1,58.99,25.37,18,1,0,1,36.197,74.63,0.1813,0.5385,0.6372
S09536,5,1,1,59.22,38.17,31,4,0,0,49.7701,61.83,0.1781,0.6538,0.5097
S09537,6,0,1,92.29,47.47,27,0,0,0,52.9329,52.53,0.2809,0.3,0.5499
S09538,2,1,1,77.4,46.27,26,3,0,0,52.153,53.73,0.0743,0.6154,0.4785
S09539,5,1,1,77.93,52.24,22,5,0,0,53.8382,47.76,0.0816,0.6923,0.4295
S09540,6,1,1,80.98,47.62,25,5,0,0,56.8379,52.38,0.1239,0.6923,0.4375
S09541,1,1,1,70.58,32.74,31,0,0,0,46.6218,67.26,0.0204,0.5,0.5809
S09542,6,1,1,50.43,35.86,11,3,1,1,32.4667,69.14,0.3001,0.6154,0.6091
S09543,3,1,1,75.77,30.7,3,9,1,0,49.3954,74.3,0.0516,0.8462,0.5128
S09544,4,1,1,4.941433738621113,97.84266917118234,22,5,1,1,24.6428,7.1573,0.9314,0.6923,0.3693
S09545,6,0,1,59.11,36.38,18,3,1,0,40.0912,68.62,0.1796,0.4154,0.6303
S09546,1,1,1,55.66,33.5,18,2,0,0,36.7881,66.5,0.2275,0.5769,0.593
S09547,1,0,1,71.3,57.01,21,2,1,0,44.8238,47.99,0.0104,0.3769,0.5409
S09548,4,0,1,51.63,23.28,8,5,0,0,35.0131,76.72,0.2834,0.4923,0.6613
S09549,8,0,1,69.85,47.78,20,2,0,0,43.6506,52.22,0.0305,0.3769,0.5619
S09550,1,0,0,68.04,44.98,35,2,1,0,51.8249,60.02,0.0557,0.0769,0.6395
S09551,7,0,1,70.21,39.51,21,3,0,0,46.3109,60.49,0.0255,0.4154,0.576
S09552,1,0,1,78.04,43.13,30,0,2,0,49.0126,66.87,0.0831,0.3,0.6209
S09553,4,0,0,81.33,26.47,18,3,1,0,48.9792,78.53,0.1288,0.1154,0.7138
S09554,4,1,1,61.33,38.51,16,2,0,0,37.8697,61.49,0.1488,0.5769,0.5692
S09555,4,1,0,85.05,50.65,22,6,0,0,58.6093,49.35,0.1804,0.4308,0.4846
S09556,1,1,0,68.71,15.82,32,3,1,0,52.2363,89.18,0.0464,0.3154,0.695
S09557,7,0,1,98.3,48.43,19,5,0,0,60.2066,51.57,0.3643,0.4923,0.4725
S09558,3,1,1,63.22,37.33,22,1,0,0,40.2619,62.67,0.1226,0.5385,0.5751
S09559,7,0,0,47.83,27.0,16,0,1,1,28.6235,78.0,0.3362,0.0,0.8118
S09560,6,0,1,84.5,52.77,29,0,0,0,51.0034,47.23,0.1728,0.3,0.5354
S09561,5,0,1,72.05,30.42,22,3,1,0,47.6401,74.58,0.0,0.4154,0.6277
S09562,3,1,1,90.02,44.35,13,5,0,0,53.3352,55.65,0.2494,0.6923,0.4629
S09563,6,1,1,76.64,60.59,25,3,1,0,51.2557,44.41,0.0637,0.6154,0.4444
S09564,8,1,0,100.0,35.9,25,1,0,0,56.7536,64.1,0.3879,0.2385,0.5981
S09565,8,1,1,69.17,40.84,16,5,0,0,46.7749,59.16,0.04,0.6923,0.4999
S09566,8,0,1,87.69,44.27,25,4,0,0,57.5988,55.73,0.2171,0.4538,0.5079
S09567,2,1,1,72.05,26.1,11,3,2,0,41.1147,83.9,0.0,0.6154,0.6378
S09568,5,0,1,79.38,52.34,15,3,2,0,46.4195,57.66,0.1017,0.4154,0.5643
S09569,4,0,1,82.17,46.58,26,4,0,0,55.984,53.42,0.1405,0.4538,0.5043
S09570,8,1,1,84.49,37.87,12,0,0,0,40.9146,62.13,0.1727,0.5,0.5803
S09571,8,1,1,83.64,46.31,23,6,0,0,58.6385,53.69,0.1609,0.7308,0.4268
S09572,7,0,1,23.45,0.0,0,1,1,1,11.3031,100.0,0.6745,0.3385,0.8758
S09573,2,0,0,70.97,52.01,22,0,0,0,41.4388,47.99,0.015,0.0,0.6469
S09574,3,0,1,72.05,49.81,38,0,1,0,51.3624,55.19,0.0,0.3,0.566
S09575,6,0,1,66.33,26.53,13,0,0,0,34.2439,73.47,0.0794,0.3,0.699
S09576,6,0,1,67.75,34.29,24,5,1,0,50.9527,70.71,0.0597,0.4923,0.5814
S09577,3,1,1,86.66,49.75,29,6,1,0,63.4059,55.25,0.2028,0.7308,0.4164
S09578,2,0,1,75.04,52.87,28,1,2,0,48.5492,57.13,0.0415,0.3385,0.574
S09579,2,0,1,72.05,25.76,18,1,1,0,41.421,79.24,0.0,0.3385,0.6874
S09580,6,0,0,49.98,24.79,26,3,1,1,41.185,80.21,0.3063,0.1154,0.7478
S09581,4,1,1,95.0,61.59,36,7,0,0,72.8175,38.41,0.3185,0.7692,0.3065
S09582,4,0,1,62.29,31.81,25,1,0,0,41.6696,68.19,0.1355,0.3385,0.6423
S09583,7,0,1,70.04,29.53,10,2,2,0,37.7944,80.47,0.0279,0.3769,0.6954
S09584,1,1,1,100.0,59.73,33,5,0,0,69.1917,40.27,0.3879,0.6923,0.3458
S09585,7,1,1,72.05,16.8,15,5,1,0,47.3337,88.2,0.0,0.6923,0.6141
S09586,3,0,0,67.86,42.6,14,4,0,0,43.1414,57.4,0.0582,0.1538,0.6402
S09587,8,1,1,75.48,41.095,19,3,2,0,47.2324,68.905,0.0476,0.6154,0.5565
S09588,8,0,1,47.91,96.09809647043404,57,1,3,1,54.9006,18.9019,0.335,0.3385,0.3988
S09589,5,1,1,46.17,45.55,17,5,0,0,38.1681,54.45,0.3592,0.6923,0.5111
S09590,3,0,1,64.78,53.97,28,1,0,0,44.4452,46.03,0.1009,0.3385,0.5439
S09591,2,1,1,65.29,31.93,27,4,0,0,49.8253,68.07,0.0938,0.6538,0.5344
S09592,2,1,1,74.01,31.6,25,1,1,0,46.3576,73.4,0.0272,0.5385,0.5967
S09593,8,1,1,57.33,29.56,18,5,1,0,43.2254,75.44,0.2043,0.6923,0.5774
S09594,2,1,0,78.51,50.85,22,7,0,0,57.9164,49.15,0.0897,0.4692,0.4766
S09595,4,0,0,39.65,28.54,9,3,1,1,26.9682,76.46,0.4497,0.1154,0.7826
S09596,4,1,1,70.95,34.64,16,4,1,0,45.5638,70.36,0.0153,0.6538,0.5585
S09597,6,0,1,77.4,17.09,21,3,0,0,49.1869,82.91,0.0743,0.4154,0.6556
S09598,7,0,1,76.93,45.76,27,0,1,0,46.7889,59.24,0.0677,0.3,0.5982
S09599,5,0,1,72.05,29.32,34,3,0,0,54.7587,70.68,0.0,0.4154,0.5872
S09600,7,1,1,3.532500000000013,97.9708904493298,18,3,0,0,17.8602,2.0291,0.951,0.6154,0.3918
S09601,5,1,1,69.12,34.98,15,2,0,0,40.3925,65.02,0.0407,0.5769,0.5745
S09602,4,1,1,90.51,44.46,37,2,0,0,61.9993,55.54,0.2562,0.5769,0.4609
S09603,2,1,1,63.01,44.51,3,5,0,0,36.599,55.49,0.1255,0.6923,0.5208
S09604,2,1,1,86.67,53.52,36,5,0,0,65.6393,46.48,0.2029,0.6923,0.3831
S09605,4,1,1,89.06,51.19,17,4,0,0,53.4011,48.81,0.2361,0.6538,0.4449
S09606,1,1,1,45.96,37.99,18,7,0,0,42.5235,62.01,0.3621,0.7692,0.5069
S09607,3,0,0,70.08,29.41,18,7,0,0,52.1715,70.59,0.0273,0.2692,0.6325
S09608,4,0,1,57.33,35.57,20,0,1,0,34.7964,69.43,0.2043,0.3,0.6809
S09609,4,1,1,49.47,20.92,31,10,0,0,57.4086,79.08,0.3134,0.8846,0.4942
S09610,7,1,1,83.88,42.41,20,5,0,0,55.0318,57.59,0.1642,0.6923,0.4647
S09611,8,0,1,79.1,32.93,17,6,0,0,53.2632,67.07,0.0978,0.5308,0.5492
S09612,6,0,1,75.95,41.43,24,0,0,0,44.6173,58.57,0.0541,0.3,0.6031
S09613,1,0,1,55.72,35.3,29,3,0,0,45.2606,64.7,0.2266,0.4154,0.5965
S09614,4,0,1,75.16,34.67,22,2,1,0,46.961,70.33,0.0432,0.3769,0.6227
S09615,6,1,0,52.34,38.19,16,3,2,0,36.1968,71.81,0.2736,0.3154,0.6817
S09616,5,0,1,73.16,46.33,24,3,0,0,49.2705,53.67,0.0154,0.4154,0.5384
S09617,4,0,1,62.08,29.2,11,2,0,0,35.2036,70.8,0.1384,0.3769,0.6658
S09618,4,1,1,87.76,75.65,22,9,0,0,65.4625,24.35,0.218,0.8462,0.2567
S09619,4,0,1,66.55,23.83,17,7,0,0,50.1663,76.17,0.0763,0.5692,0.5868
S09620,5,0,1,75.47,99.80145150526944,34,2,1,0,54.2036,5.1985,0.0475,0.3769,0.3369
S09621,2,1,1,75.5,59.84,30,1,1,0,49.9197,45.16,0.0479,0.5385,0.4713
S09622,5,0,1,70.86,42.97,11,3,1,0,40.6387,62.03,0.0165,0.4154,0.602
S09623,2,1,1,73.58,51.4,21,6,0,0,53.4281,48.6,0.0212,0.7308,0.4247
S09624,6,1,1,76.56,59.1,28,1,0,0,49.1572,40.9,0.0626,0.5385,0.4569
S09625,7,1,1,58.55,42.39,10,7,0,0,42.8137,57.61,0.1874,0.7692,0.4883
S09626,5,0,1,78.04,31.13,16,0,0,0,40.7075,68.87,0.0831,0.3,0.658
S09627,4,1,1,84.96,44.14,23,1,0,0,49.5511,55.86,0.1792,0.5385,0.5154
S09628,8,1,1,77.96,51.84,27,6,1,0,58.7394,53.16,0.082,0.7308,0.4244
S09629,6,1,1,66.69,27.92,29,5,0,0,53.4948,72.08,0.0744,0.6923,0.528
S09630,4,0,1,74.62,41.095,25,0,0,0,44.6785,58.905,0.0357,0.3,0.6042
S09631,1,0,1,66.54,64.56,40,3,1,0,56.114,40.44,0.0765,0.4154,0.4615
S09632,1,0,0,70.22,99.41658217172876,16,3,1,1,43.3488,5.5834,0.0254,0.1154,0.4418
S09633,2,1,1,54.18,37.79,22,1,0,0,36.6459,62.21,0.248,0.5385,0.586
S09634,2,1,0,92.7,98.04244475534324,21,1,0,0,51.4607,1.9576,0.2866,0.2385,0.3681
S09635,6,0,1,100.0,67.17,45,1,0,0,68.618,32.83,0.3879,0.3385,0.4065
S09636,5,1,1,61.44,26.73,29,5,0,0,51.3948,73.27,0.1473,0.6923,0.5401
S09637,8,1,1,83.79,54.56,22,1,0,0,48.4899,45.44,0.1629,0.5385,0.4774
S09638,5,1,1,93.87,28.68,16,2,0,0,50.8857,71.32,0.3028,0.5769,0.563
S09639,8,0,0,57.64,31.31,22,2,0,0,39.953,68.69,0.2,0.0769,0.7157
S09640,5,1,1,39.62,16.67,4,2,1,0,22.067,88.33,0.4501,0.5769,0.7319
S09641,3,1,1,94.75,57.31,34,2,0,0,61.9156,42.69,0.3151,0.5769,0.4098
S09642,6,1,0,71.85,46.45,11,7,0,0,48.727,53.55,0.0028,0.4692,0.5264
S09643,4,1,1,64.21,28.06,22,3,1,0,44.5041,76.94,0.1088,0.6154,0.5981
S09644,3,1,1,72.71,48.33,20,6,0,1,52.4869,51.67,0.0092,0.7308,0.4403
S09645,4,0,1,66.46,47.84,14,2,0,0,38.7352,52.16,0.0776,0.3769,0.5788
S09646,6,1,0,100.0,51.22,37,5,0,0,71.5645,48.78,0.3879,0.3923,0.4466
S09647,4,0,1,64.04,41.095,19,0,1,0,36.8872,63.905,0.1112,0.3,0.6515
S09648,6,1,1,76.91,39.04,23,3,0,0,50.1773,60.96,0.0675,0.6154,0.5144
S09649,8,1,1,72.05,98.19637412065316,35,2,0,0,53.4289,1.8036,0.0,0.5769,0.276
S09650,4,1,0,3.532500000000013,99.99597242137328,22,3,0,0,20.2331,0.004,0.951,0.3154,0.4504
S09651,3,1,0,88.44,43.75,31,5,0,0,63.3812,56.25,0.2275,0.3923,0.5051
S09652,4,0,0,65.61,30.85,6,4,0,0,37.4956,69.15,0.0894,0.1538,0.7069
S09653,7,0,1,69.72,39.79,9,3,1,0,38.9962,65.21,0.0323,0.4154,0.6205
S09654,2,1,1,39.38,31.35,11,4,0,0,29.9697,68.65,0.4534,0.6538,0.6063
S09655,8,0,0,70.88,50.8,30,0,0,0,46.1486,49.2,0.0162,0.0,0.6353
S09656,4,0,1,72.49,55.26,24,0,0,0,43.2333,44.74,0.0061,0.3,0.5526
S09657,7,1,0,83.13,56.77,31,6,0,0,63.1803,43.23,0.1538,0.4308,0.4441
S09658,7,0,0,98.93,55.24,32,2,0,0,62.4012,44.76,0.3731,0.0769,0.5414
S09659,7,0,1,82.67,52.77,34,1,0,0,55.1606,47.23,0.1474,0.3385,0.5112
S09660,8,0,1,88.06,54.08,33,1,0,0,56.7233,45.92,0.2222,0.3385,0.5005
S09661,2,1,1,71.74,42.57,14,2,1,0,40.8472,62.43,0.0043,0.5769,0.5625
S09662,5,0,1,91.26,38.86,22,0,0,0,49.5548,61.14,0.2666,0.3,0.5961
S09663,1,1,1,72.17,28.02,10,3,0,1,40.5694,71.98,0.0017,0.6154,0.5921
S09664,3,0,1,89.11,55.24,32,0,0,0,54.6271,44.76,0.2368,0.3,0.5128
S09665,1,0,1,84.07,54.96,25,0,0,0,48.4585,45.04,0.1668,0.3,0.5356
S09666,6,0,1,3.532500000000013,97.2740185416688,26,5,1,0,26.4521,7.726,0.951,0.4923,0.4152
S09667,5,0,1,48.89,4.52,17,4,0,0,37.3331,95.48,0.3214,0.4538,0.7378
S09668,6,1,1,88.4,63.06,22,0,0,0,48.4108,36.94,0.2269,0.5,0.4533
S09669,2,0,1,77.67,50.58,36,2,1,0,56.2701,54.42,0.078,0.3769,0.5265
S09670,3,0,1,82.54,30.98,26,1,0,0,50.3628,69.02,0.1456,0.3385,0.6152
S09671,6,0,1,76.7,36.99,26,2,0,0,49.9499,63.01,0.0645,0.3769,0.583
S09672,7,0,0,79.29,33.67,36,4,0,0,60.7642,66.33,0.1005,0.1538,0.6142
S09673,8,0,1,72.05,62.58,45,0,0,0,55.5149,37.42,0.0,0.3,0.4804
S09674,1,0,0,64.89,96.49844874844892,20,4,1,0,45.5127,8.5016,0.0994,0.1538,0.4363
S09675,4,1,1,79.01,37.22,21,3,0,0,49.8309,62.78,0.0966,0.6154,0.5229
S09676,1,0,1,60.34,54.33,15,1,0,0,34.9574,45.67,0.1625,0.3385,0.5757
S09677,7,1,1,80.65,41.095,29,0,0,0,49.4634,58.905,0.1194,0.5,0.5375
S09678,1,1,1,75.77,51.56,22,1,0,0,45.2819,48.44,0.0516,0.5385,0.5006
S09679,7,0,1,62.54,25.28,22,0,1,0,38.0668,79.72,0.132,0.3,0.7106
S09680,2,1,0,73.4,45.87,32,7,0,0,61.8046,54.13,0.0187,0.4692,0.4829
S09681,1,1,1,63.47,37.74,26,1,0,0,42.7348,62.26,0.1191,0.5385,0.5648
S09682,8,1,0,66.33,96.63547923831636,55,4,1,0,66.8514,8.3645,0.0794,0.3538,0.311
S09683,4,1,1,77.32,58.02,35,4,0,0,59.383,41.98,0.0731,0.6538,0.3966
S09684,4,1,1,76.03,41.095,25,3,0,0,51.0117,58.905,0.0552,0.6154,0.5032
S09685,6,0,1,43.19,15.8,14,1,1,1,27.5042,89.2,0.4006,0.3385,0.7759
S09686,3,1,1,77.56,60.82,32,1,0,0,51.9301,39.18,0.0765,0.5385,0.4403
S09687,6,0,1,67.45,33.82,11,0,0,0,33.5054,66.18,0.0638,0.3,0.6725
S09688,4,1,1,65.79,16.82,17,5,0,0,46.0161,83.18,0.0869,0.6923,0.5986
S09689,3,1,0,55.09,54.94,16,3,1,0,37.2968,50.06,0.2354,0.3154,0.5909
S09690,4,1,1,71.32,47.35,30,4,0,0,54.0169,52.65,0.0101,0.6538,0.4581
S09691,1,1,1,64.15,34.22,15,5,0,0,44.1737,65.78,0.1096,0.6923,0.5354
S09692,3,0,1,91.1,30.02,24,2,0,0,54.5234,69.98,0.2644,0.3769,0.5949
S09693,5,1,1,45.76,31.56,10,0,0,0,24.2362,68.44,0.3649,0.5,0.6639
S09694,2,0,1,57.54,19.73,21,0,0,0,35.4736,80.27,0.2014,0.3,0.7219
S09695,1,1,1,56.53,48.72,16,1,1,0,34.0266,56.28,0.2154,0.5385,0.5714
S09696,6,1,1,75.88,14.07,12,7,0,0,50.9322,85.93,0.0532,0.7692,0.5732
S09697,4,0,0,89.6,53.84,19,2,1,0,50.9573,51.16,0.2436,0.0769,0.6071
S09698,2,1,0,79.55,60.14,26,3,0,0,53.013,39.86,0.1041,0.3154,0.495
S09699,6,0,1,55.58,99.81042135807466,18,0,1,0,32.91,5.1896,0.2286,0.3,0.4306
S09700,7,0,1,65.56,37.59,20,0,1,0,38.0884,67.41,0.0901,0.3,0.6613
S09701,1,1,1,59.86,34.13,14,3,0,0,38.0183,65.87,0.1692,0.6154,0.5766
S09702,2,1,1,79.62,41.095,22,0,3,0,44.8988,73.905,0.1051,0.5,0.6135
S09703,3,1,1,65.26,32.17,23,1,0,0,41.6711,67.83,0.0942,0.5385,0.5908
S09704,6,0,0,50.81,31.79,17,1,1,0,32.3318,73.21,0.2948,0.0385,0.7701
S09705,1,0,0,80.77,55.55,29,2,1,0,53.3575,49.45,0.121,0.0769,0.5918
S09706,7,0,1,90.95,66.25,42,2,0,0,65.1414,33.75,0.2623,0.3769,0.4128
S09707,3,0,1,69.32,24.21,13,0,0,0,35.4399,75.79,0.0379,0.3,0.7041
S09708,2,0,1,73.81,47.36,20,3,0,0,47.1576,52.64,0.0244,0.4154,0.5417
S09709,7,0,1,49.41,32.93,12,4,0,0,34.575,67.07,0.3142,0.4538,0.6338
S09710,1,1,1,41.11,6.55,21,5,0,0,38.517,93.45,0.4294,0.6923,0.6659
S09711,2,0,0,44.26,6.87,22,7,1,1,44.2164,98.13,0.3857,0.2692,0.7705
S09712,8,1,0,71.33,45.94,16,2,1,0,41.8697,59.06,0.01,0.2769,0.6205
S09713,5,1,1,67.38,37.05,20,5,1,0,48.4318,67.95,0.0648,0.6923,0.5292
S09714,4,0,0,72.05,56.5,26,3,1,0,50.013,48.5,0.0,0.1154,0.5901
S09715,6,1,1,69.04,41.095,22,3,0,0,46.4361,58.905,0.0418,0.6154,0.5192
S09716,6,0,1,86.82,60.1,25,5,0,0,59.1739,39.9,0.205,0.4923,0.4294
S09717,5,0,0,72.05,40.13,22,4,0,0,49.5632,59.87,0.0,0.1538,0.6276
S09718,1,1,1,67.16,29.26,13,4,0,0,42.2682,70.74,0.0679,0.6538,0.5716
S09719,5,0,1,56.95,28.89,14,0,0,0,31.0851,71.11,0.2096,0.3,0.7006
S09720,3,0,1,43.26,39.74,33,9,1,1,54.188,65.26,0.3996,0.6462,0.5098
S09721,7,1,1,93.5,66.17,22,5,0,0,60.0662,33.83,0.2977,0.6923,0.352
S09722,5,0,1,57.86,17.17,22,1,1,0,38.1179,87.83,0.1969,0.3385,0.7333
S09723,1,1,1,49.55,28.26,22,1,0,0,34.7939,71.74,0.3123,0.5385,0.6306
S09724,8,1,1,73.95,51.03,24,2,0,0,47.6634,48.97,0.0264,0.5769,0.4848
S09725,3,0,1,49.69,43.33,21,4,0,0,40.0259,56.67,0.3103,0.4538,0.5731
S09726,3,1,1,73.93,56.46,28,0,1,0,46.1822,48.54,0.0261,0.5,0.5075
S09727,8,0,1,66.96,21.31,23,0,0,0,40.4281,78.69,0.0706,0.3,0.6983
S09728,7,0,0,85.86,31.09,28,1,1,0,52.8772,73.91,0.1917,0.0385,0.7009
S09729,7,1,1,84.55,95.94279806878563,24,7,0,0,61.5188,4.0572,0.1735,0.7692,0.2086
S09730,6,0,1,88.55,69.03,32,6,0,0,65.9415,30.97,0.229,0.5308,0.3604
S09731,8,1,0,75.09,44.9,24,2,0,0,48.1194,55.1,0.0422,0.2769,0.5828
S09732,1,0,0,59.12,41.1,35,5,0,0,54.0261,58.9,0.1795,0.1923,0.5984
S09733,5,0,1,56.45,41.095,25,2,1,1,41.2567,63.905,0.2165,0.3769,0.617
S09734,3,1,1,64.04,25.72,14,3,0,1,39.6903,74.28,0.1112,0.6154,0.6044
S09735,4,1,1,100.0,42.41,23,7,0,0,67.1056,57.59,0.3879,0.7692,0.4032
S09736,2,0,1,68.26,33.87,18,5,1,0,47.5974,71.13,0.0526,0.4923,0.5949
S09737,2,1,1,74.42,31.08,15,2,0,0,42.5125,68.92,0.0329,0.5769,0.5827
S09738,4,0,1,94.78,57.51,27,0,0,0,53.9289,42.49,0.3155,0.3,0.5062
S09739,8,0,1,75.82,51.24,22,1,0,0,45.3019,48.76,0.0523,0.3385,0.5519
S09740,6,1,1,60.77,29.6,16,4,0,0,41.4918,70.4,0.1566,0.6538,0.5729
S09741,3,1,1,82.95,40.1,24,8,0,0,62.8019,59.9,0.1513,0.8077,0.4179
S09742,4,0,1,65.57,31.01,21,2,1,0,42.5318,73.99,0.0899,0.3769,0.6529
S09743,5,1,0,76.34,59.34,22,5,0,0,53.2022,40.66,0.0595,0.3923,0.4784
S09744,2,0,1,79.68,29.88,18,4,1,0,50.2423,75.12,0.1059,0.4538,0.6112
S09745,5,1,1,64.59,42.04,29,5,0,0,52.6548,57.96,0.1035,0.6923,0.4745
S09746,6,1,1,74.8,32.29,27,1,0,0,47.86,67.71,0.0382,0.5385,0.5687
S09747,2,0,1,96.0,96.50449996822177,27,2,0,0,58.2631,3.4955,0.3324,0.3769,0.3158
S09748,5,0,1,62.6,26.9,12,4,1,1,39.851,78.1,0.1312,0.4538,0.6595
S09749,6,1,1,91.75,46.55,18,7,1,0,60.8395,58.45,0.2734,0.7692,0.4286
S09750,5,1,1,63.14,19.69,7,4,0,0,37.1009,80.31,0.1237,0.6538,0.6279
S09751,3,0,1,99.03,41.095,41,1,0,0,65.8571,58.905,0.3745,0.3385,0.5205
S09752,5,0,1,59.17,24.05,25,4,0,0,46.1908,75.95,0.1788,0.4538,0.6287
S09753,7,0,1,66.09,31.78,16,7,0,1,49.3891,68.22,0.0827,0.5692,0.5577
S09754,2,1,1,94.62,56.52,41,2,0,0,66.0162,43.48,0.3133,0.5769,0.3986
S09755,5,1,1,95.28,70.58,36,4,0,0,67.1602,29.42,0.3224,0.6538,0.3192
S09756,6,1,1,84.28,56.55,28,3,1,0,56.0914,48.45,0.1697,0.6154,0.4436
S09757,3,0,0,55.77,33.27,23,3,1,0,41.7213,71.73,0.226,0.1154,0.712
S09758,4,1,1,73.24,30.4,28,3,1,0,51.6754,74.6,0.0165,0.6154,0.5637
S09759,8,0,1,72.02,28.82,24,2,0,1,46.8914,71.18,0.0004,0.3769,0.6264
S09760,3,0,1,59.16,36.7,16,1,0,0,35.0786,63.3,0.1789,0.3385,0.6458
S09761,5,0,1,82.45,68.16,25,2,2,0,51.6567,41.84,0.1443,0.3769,0.4923
S09762,2,0,0,60.35,24.37,5,1,0,0,29.0292,75.63,0.1624,0.0385,0.7913
S09763,8,1,1,52.64,8.22,9,6,0,0,37.9334,91.78,0.2694,0.7308,0.6517
S09764,5,0,0,47.69,39.86,28,4,0,0,43.3785,60.14,0.3381,0.1538,0.6503
S09765,7,0,1,97.68,63.25,25,0,0,0,53.9025,36.75,0.3557,0.3,0.4833
S09766,5,1,1,64.34,31.54,5,2,0,1,32.5483,68.46,0.107,0.5769,0.6157
S09767,3,0,1,64.66,95.44934722441845,27,0,1,0,41.8809,9.5507,0.1026,0.3,0.4166
S09768,3,0,0,56.54,24.46,19,3,0,0,39.6564,75.54,0.2153,0.1154,0.7345
S09769,6,0,1,92.52,43.87,32,6,0,0,67.5295,56.13,0.2841,0.5308,0.4555
S09770,7,0,1,72.05,31.94,14,0,0,1,37.1251,68.06,0.0,0.3,0.6673
S09771,2,0,0,53.94,24.04,23,2,0,0,39.0662,75.96,0.2514,0.0769,0.7479
S09772,7,1,1,67.17,46.74,33,5,0,0,56.0597,53.26,0.0677,0.6923,0.4438
S09773,7,0,1,71.68,29.58,18,0,1,0,39.35,75.42,0.0051,0.3,0.689
S09774,1,0,1,81.88,57.64,31,9,0,0,68.4495,42.36,0.1364,0.6462,0.3683
S09775,1,1,0,72.05,34.68,28,2,1,0,49.2763,70.32,0.0,0.2769,0.6396
S09776,6,0,1,95.17,49.96,26,2,0,0,57.3379,50.04,0.3209,0.3769,0.5053
S09777,7,1,1,61.97,44.8,31,0,1,0,43.1778,60.2,0.1399,0.5,0.5647
S09778,4,0,0,56.87,47.64,26,1,1,0,40.0948,57.36,0.2107,0.0385,0.6795
S09779,6,1,1,55.44,33.36,7,1,2,0,28.2516,76.64,0.2305,0.5385,0.6731
S09780,8,0,1,60.39,40.61,31,0,2,0,42.5458,69.39,0.1618,0.3,0.6536
S09781,3,1,1,54.47,25.82,7,7,1,0,39.4021,79.18,0.244,0.7692,0.5865
S09782,2,1,1,83.26,32.68,21,6,0,0,57.3001,67.32,0.1556,0.7308,0.486
S09783,8,1,1,56.99,31.27,22,0,1,0,35.8468,73.73,0.209,0.5,0.6445
S09784,3,1,1,70.01,57.42,30,5,1,0,55.416,47.58,0.0283,0.6923,0.4233
S09785,4,0,1,56.56,32.91,18,3,0,0,39.0712,67.09,0.215,0.4154,0.6278
S09786,4,0,1,54.38,19.78,11,3,1,0,34.0467,85.22,0.2452,0.4154,0.7179
S09787,5,1,1,88.6,56.09,26,1,1,0,52.7868,48.91,0.2297,0.5385,0.4763
S09788,3,1,1,96.04,54.25,28,4,0,0,62.7185,45.75,0.333,0.6538,0.4
S09789,6,0,1,3.532500000000013,96.78655951360908,22,0,0,0,14.4638,3.2134,0.951,0.3,0.4872
S09790,6,1,1,49.93,16.9,22,9,0,0,50.3305,83.1,0.307,0.8462,0.5447
S09791,2,1,0,52.01,13.81,22,7,1,1,47.3164,91.19,0.2781,0.4692,0.6819
S09792,4,1,0,100.0,40.15,21,4,0,0,60.1499,59.85,0.3879,0.3538,0.5404
S09793,1,1,0,68.19,28.77,16,6,1,0,48.306,76.23,0.0536,0.4308,0.6281
S09794,2,1,0,51.38,33.85,14,8,0,1,44.2417,66.15,0.2869,0.5077,0.5828
S09795,8,0,0,88.23,35.15,19,4,1,0,54.2555,69.85,0.2246,0.1538,0.6511
S09796,5,1,1,73.01,20.33,22,4,0,0,49.9472,79.67,0.0133,0.6538,0.5804
S09797,5,0,1,80.54,56.09,33,3,0,0,57.5615,43.91,0.1178,0.4154,0.4703
S09798,8,0,1,38.43,15.12,2,1,1,1,18.4815,89.88,0.4666,0.3385,0.8102
S09799,6,1,1,67.11,40.36,10,5,1,0,42.3916,64.64,0.0686,0.6923,0.5371
S09800,7,1,1,86.23,55.79,40,5,0,0,67.8362,44.21,0.1968,0.6923,0.3663
S09801,6,0,1,62.39,75.16,26,2,0,0,44.2259,24.84,0.1341,0.3769,0.4503
S09802,4,1,1,90.53,95.47739974356038,37,2,0,0,62.0073,4.5226,0.2565,0.5769,0.2568
S09803,6,0,1,52.25,22.0,19,1,1,0,34.0943,83.0,0.2748,0.3385,0.728
S09804,3,0,1,70.31,46.58,32,1,1,0,49.0301,58.42,0.0241,0.3385,0.5774
S09805,8,1,1,96.67,99.3908911684191,22,7,0,0,65.1804,0.6091,0.3417,0.7692,0.182
S09806,2,1,0,54.74,31.72,13,3,0,0,35.3771,68.28,0.2402,0.3154,0.6705
S09807,8,0,1,76.07,34.76,15,1,1,0,41.2494,70.24,0.0558,0.3385,0.652
S09808,8,0,1,80.78,51.86,15,2,0,0,45.0565,48.14,0.1212,0.3769,0.5406
S09809,2,1,1,73.37,52.92,22,5,0,0,52.0142,47.08,0.0183,0.6923,0.4332
S09810,6,0,1,68.25,27.32,12,5,0,0,44.034,72.68,0.0527,0.4923,0.6135
S09811,8,1,0,58.86,36.15,11,3,0,0,35.8387,63.85,0.1831,0.3154,0.6511
S09812,5,0,1,74.95,49.89,22,1,0,0,44.9539,50.11,0.0402,0.3385,0.5585
S09813,3,1,0,72.05,55.13,33,0,0,0,48.3963,44.87,0.0,0.2,0.5601
S09814,8,0,1,50.46,95.227254849797,3,0,0,1,21.9637,4.7727,0.2997,0.3,0.4672
S09815,5,0,0,88.5,54.1,29,1,1,0,54.5265,50.9,0.2283,0.0385,0.6031
S09816,1,0,1,58.35,16.42,7,0,0,0,27.4925,83.58,0.1901,0.3,0.7631
S09817,2,1,1,50.85,20.23,10,9,3,0,43.5799,94.77,0.2942,0.8462,0.615
S09818,6,1,1,63.06,39.68,27,2,0,0,45.0871,60.32,0.1248,0.5769,0.5393
S09819,4,0,1,58.61,22.75,11,2,0,1,33.8156,77.25,0.1865,0.3769,0.6964
S09820,2,0,0,68.13,36.87,19,0,1,1,38.5232,68.13,0.0544,0.0,0.7377
S09821,7,0,1,53.36,38.38,17,1,1,1,33.3518,66.62,0.2594,0.3385,0.6651
S09822,1,1,1,78.72,99.5183467157627,30,1,0,0,51.2077,0.4817,0.0926,0.5385,0.2881
S09823,2,0,1,92.72,44.9,25,3,1,0,57.6877,60.1,0.2869,0.4154,0.5346
S09824,4,1,1,73.59,47.73,33,0,1,0,49.0123,57.27,0.0214,0.5,0.5325
S09825,1,0,0,50.34,27.8,11,3,1,0,32.4307,77.2,0.3013,0.1154,0.7664
S09826,4,1,1,58.3,39.56,21,0,0,0,35.7776,60.44,0.1908,0.5,0.5915
S09827,8,1,1,75.32,31.59,22,1,1,0,45.1019,73.41,0.0454,0.5385,0.6012
S09828,8,0,1,42.5,23.24,18,1,1,1,29.601,81.76,0.4101,0.3385,0.7388
S09829,7,0,1,53.51,37.58,32,0,2,0,40.3871,72.42,0.2573,0.3,0.6733
S09830,3,1,0,47.29,40.24,11,3,0,0,31.2107,59.76,0.3437,0.3154,0.651
S09831,1,0,1,73.73,33.18,23,0,1,0,43.1361,71.82,0.0233,0.3,0.6613
S09832,7,1,1,100.0,57.24,29,2,0,0,61.0495,42.76,0.3879,0.5769,0.4131
S09833,3,1,0,53.09,21.76,11,3,1,0,33.5307,83.24,0.2632,0.3154,0.7368
S09834,6,0,1,84.24,33.99,21,3,0,0,51.9229,66.01,0.1692,0.4154,0.5785
S09835,1,1,1,72.05,39.01,19,8,1,0,55.4758,65.99,0.0,0.8077,0.4679
S09836,6,0,1,52.2,19.61,9,4,1,0,33.9113,85.39,0.2755,0.4538,0.7094
S09837,5,1,1,95.46,60.65,25,3,0,0,58.7837,39.35,0.3249,0.6154,0.3978
S09838,8,0,0,100.0,35.45,7,3,0,0,49.9218,64.55,0.3879,0.1154,0.6546
S09839,1,0,1,78.18,48.33,36,6,1,0,64.1664,56.67,0.0851,0.5308,0.4694
S09840,4,0,1,77.44,52.58,38,5,0,0,63.1338,47.42,0.0748,0.4923,0.4456
S09841,8,0,1,72.93,43.1,28,1,0,0,47.7052,56.9,0.0122,0.3385,0.576
S09842,4,0,1,69.78,41.095,15,0,0,0,36.8103,58.905,0.0315,0.3,0.6318
S09843,6,0,1,77.1,24.6,14,3,0,0,44.9143,75.4,0.0701,0.4154,0.6405
S09844,2,1,1,82.14,44.74,14,3,0,0,46.9303,55.26,0.14,0.6154,0.5029
S09845,6,0,1,96.95,69.8,37,3,1,0,66.4984,35.2,0.3456,0.4154,0.4042
S09846,3,0,1,64.16,28.16,30,2,0,0,47.3068,71.84,0.1095,0.3769,0.6276
S09847,5,0,0,73.91,18.01,24,3,0,0,49.5705,81.99,0.0258,0.1154,0.7256
S09848,8,0,1,70.67,46.9,29,3,0,0,51.2406,53.1,0.0192,0.4154,0.5292
S09849,6,0,0,87.36,56.66,32,3,0,0,59.6963,43.34,0.2125,0.1154,0.5356
S09850,4,0,1,100.0,61.27,26,4,0,0,63.116,38.73,0.3879,0.4538,0.4206
S09851,2,1,0,87.88,57.1,36,6,0,0,68.0464,42.9,0.2197,0.4308,0.4257
S09852,3,1,1,83.97,57.49,34,4,0,0,61.4498,42.51,0.1654,0.6538,0.3915
S09853,7,1,1,85.62,63.25,19,5,0,0,55.1346,36.75,0.1883,0.6923,0.381
S09854,2,0,1,91.01,48.04,36,0,0,0,57.7599,51.96,0.2632,0.3,0.5307
S09855,6,1,0,100.0,95.30493921454377,31,3,0,0,64.1591,4.6951,0.3879,0.3154,0.3154
S09856,4,1,0,46.72,42.55,11,6,3,0,36.7519,72.45,0.3516,0.4308,0.6535
S09857,3,1,1,80.99,47.95,29,12,1,0,72.6763,57.05,0.1241,0.9615,0.3335
S09858,6,0,1,33.28,16.73,11,9,0,1,37.1451,83.27,0.5381,0.6462,0.6415
S09859,3,0,1,86.27,46.17,35,7,0,0,68.7323,53.83,0.1974,0.5692,0.4325
S09860,3,0,1,80.27,28.35,19,5,2,0,52.9946,81.65,0.1141,0.4923,0.618
S09861,5,0,1,72.05,6.94,24,2,0,0,46.9034,93.06,0.0,0.3769,0.7139
S09862,7,1,1,31.95,24.18,0,9,2,1,30.0877,85.82,0.5566,0.8462,0.6264
S09863,7,0,0,71.78,34.65,21,3,1,1,46.9389,70.35,0.0037,0.1154,0.6883
S09864,6,0,1,72.05,40.01,23,1,0,0,44.3871,59.99,0.0,0.3385,0.6
S09865,6,0,1,71.05,33.52,30,0,1,0,46.2166,71.48,0.0139,0.3,0.6492
S09866,7,0,1,62.68,33.0,19,2,1,0,40.1893,72.0,0.13,0.3769,0.6531
S09867,3,0,1,58.55,41.84,15,6,0,0,43.8568,58.16,0.1874,0.5308,0.5464
S09868,3,0,1,71.22,39.06,34,3,0,0,54.4267,60.94,0.0115,0.4154,0.5494
S09869,4,0,1,59.97,50.37,22,3,0,0,42.8081,49.63,0.1677,0.4154,0.5448
S09870,6,0,1,84.14,42.99,23,3,0,0,53.0693,57.01,0.1678,0.4154,0.5384
S09871,6,1,1,70.82,32.94,7,2,0,0,36.3267,67.06,0.0171,0.5769,0.5969
S09872,2,1,1,46.13,41.095,11,9,1,0,42.2851,63.905,0.3598,0.8462,0.4961
S09873,7,1,1,74.65,46.61,16,4,1,0,47.0438,58.39,0.0361,0.6538,0.5055
S09874,3,1,1,78.21,51.76,23,2,0,0,48.7742,48.24,0.0855,0.5769,0.478
S09875,8,0,0,96.27,97.83686628066089,33,2,0,0,61.9304,2.1631,0.3362,0.0769,0.3727
S09876,6,1,0,85.92,52.57,19,4,0,0,53.3315,47.43,0.1925,0.3538,0.5146
S09877,8,1,1,58.52,30.47,11,5,0,0,39.5488,69.53,0.1878,0.6923,0.5666
S09878,6,0,1,93.39,54.68,17,3,1,0,53.21,50.32,0.2962,0.4154,0.5112
S09879,5,0,0,51.21,97.4319889059749,11,5,1,0,36.6248,7.568,0.2892,0.1923,0.454
S09880,2,1,1,72.42,38.43,15,3,0,0,43.6355,61.57,0.0051,0.6154,0.5397
S09881,4,0,1,83.31,77.56,44,3,0,0,65.1949,22.44,0.1563,0.4154,0.3577
S09882,7,1,0,93.88,54.63,42,4,0,0,70.1596,45.37,0.303,0.3538,0.4475
S09883,4,0,1,100.0,97.401525799315,55,0,1,0,72.6271,7.5985,0.3879,0.3,0.3012
S09884,1,0,0,91.12,40.3,19,5,1,0,57.3346,64.7,0.2647,0.1923,0.6101
S09885,2,1,0,69.95,29.39,20,3,0,0,45.6136,70.61,0.0291,0.3154,0.6439
S09886,5,1,1,80.7,35.21,16,5,1,0,51.3869,69.79,0.1201,0.6923,0.5262
S09887,6,1,1,75.37,66.19,38,6,1,0,64.2288,38.81,0.0461,0.7308,0.3477
S09888,8,1,0,61.36,41.21,25,4,2,0,47.0668,68.79,0.1484,0.3538,0.622
S09889,8,1,1,70.27,95.361923071099,22,3,0,0,46.9281,4.6381,0.0247,0.6154,0.3005
S09890,5,0,1,98.97,54.51,35,1,0,0,62.2738,45.49,0.3736,0.3385,0.4794
S09891,5,1,1,81.69,37.32,14,3,0,0,46.7503,62.68,0.1338,0.6154,0.5332
S09892,7,0,1,72.05,56.94,31,2,0,0,51.056,43.06,0.0,0.3769,0.4993
S09893,1,0,1,55.76,21.17,15,2,0,0,35.0485,78.83,0.2261,0.3769,0.6984
S09894,5,1,0,66.28,98.13265637643916,26,1,1,0,43.8588,6.8673,0.0801,0.2385,0.4143
S09895,4,0,1,78.23,58.57,33,3,1,0,56.6375,46.43,0.0858,0.4154,0.4836
S09896,7,1,1,83.14,45.82,27,0,0,0,49.2729,54.18,0.1539,0.5,0.5193
S09897,7,0,1,70.25,24.94,20,1,1,0,41.8875,80.06,0.025,0.3385,0.689
S09898,6,0,0,84.01,36.68,1,3,0,0,39.9665,63.32,0.166,0.1154,0.6845
S09899,6,0,1,83.89,40.71,39,3,0,0,62.4608,59.29,0.1643,0.4154,0.5147
S09900,6,1,1,51.18,11.04,10,3,1,0,32.1734,93.96,0.2897,0.6154,0.7094
S09901,5,1,1,83.3,98.88831642988497,27,4,0,0,57.0293,1.1117,0.1561,0.6538,0.2414
S09902,2,0,1,88.1,34.64,46,1,0,0,64.4512,65.36,0.2228,0.3385,0.5512
S09903,3,0,1,76.44,39.2,14,3,0,0,44.6503,60.8,0.0609,0.4154,0.5831
S09904,6,0,0,44.4,32.93,13,2,1,1,29.318,72.07,0.3838,0.0769,0.7664
S09905,5,0,1,67.85,61.23,25,4,0,0,49.6628,38.77,0.0583,0.4538,0.4678
S09906,2,1,0,78.57,31.6,34,3,1,0,57.3667,73.4,0.0905,0.3154,0.614
S09907,8,1,1,59.01,41.095,18,5,0,0,43.8974,58.905,0.181,0.6923,0.5089
S09908,8,0,1,85.77,44.71,37,5,1,0,65.8725,60.29,0.1904,0.4923,0.4875
S09909,6,0,1,82.94,49.64,23,3,0,0,52.5893,50.36,0.1511,0.4154,0.5135
S09910,2,1,1,74.02,33.21,27,7,0,0,59.0865,66.79,0.0273,0.7692,0.4681
S09911,8,0,1,72.26,64.1,26,0,2,0,44.3277,45.9,0.0029,0.3,0.5535
S09912,2,0,1,74.89,31.77,23,6,0,0,55.1385,68.23,0.0394,0.5308,0.5472
S09913,4,1,1,71.94,42.26,25,8,1,0,58.9911,62.74,0.0015,0.8077,0.4426
S09914,7,0,1,52.72,31.35,8,3,0,0,31.603,68.65,0.2683,0.4154,0.6601
S09915,5,0,1,65.55,40.64,18,4,1,0,44.5903,64.36,0.0902,0.4538,0.5879
S09916,2,0,1,73.09,33.38,13,0,0,0,36.9479,66.62,0.0144,0.3,0.6622
S09917,1,1,1,93.28,34.11,27,0,0,0,53.3289,65.89,0.2947,0.5,0.5519
S09918,3,0,1,82.38,47.83,22,1,0,0,47.9259,52.17,0.1434,0.3385,0.5563
S09919,6,1,1,94.08,38.98,34,4,0,0,65.4938,61.02,0.3058,0.6538,0.4514
S09920,6,0,1,50.93,28.01,17,0,0,0,30.4567,71.99,0.2931,0.3,0.7064
S09921,2,0,1,66.66,33.73,8,6,0,0,42.9482,66.27,0.0748,0.5308,0.5821
S09922,2,1,1,100.0,96.92461560790136,35,8,0,0,76.1473,3.0754,0.3879,0.8077,0.1439
S09923,6,0,1,60.86,28.84,18,2,3,0,38.8681,86.16,0.1553,0.3769,0.7144
S09924,2,0,1,60.56,24.37,23,1,2,0,39.7911,85.63,0.1595,0.3385,0.7186
S09925,1,0,0,67.92,69.81,32,2,2,0,49.9972,40.19,0.0573,0.0769,0.5665
S09926,4,1,1,100.0,60.09,29,1,0,0,59.1265,39.91,0.3879,0.5385,0.4181
S09927,5,0,1,61.93,96.03253161809045,16,1,0,0,36.1866,3.9675,0.1405,0.3385,0.4046
S09928,2,1,1,80.36,99.16073501861716,33,1,0,0,53.6433,0.8393,0.1153,0.5385,0.281
S09929,2,0,1,77.88,45.73,22,5,0,0,53.8182,54.27,0.0809,0.4923,0.5056
S09930,2,0,1,43.07,4.23,13,0,2,0,24.9399,100.0,0.4022,0.3,0.8377
S09931,3,0,0,71.76,23.58,6,2,1,0,36.1095,81.42,0.004,0.0769,0.7801
S09932,1,0,1,63.71,42.58,17,0,0,0,35.5687,57.42,0.1158,0.3,0.6302
S09933,1,1,1,72.05,61.02,37,1,1,0,52.6922,43.98,0.0,0.5385,0.4569
S09934,3,0,0,98.09,59.09,34,1,0,0,61.3286,40.91,0.3614,0.0385,0.5394
S09935,1,1,0,66.83,40.59,28,3,0,0,49.1114,59.41,0.0724,0.3154,0.5869
S09936,3,0,1,66.83,56.62,28,0,2,0,43.3422,53.38,0.0724,0.3,0.5868
S09937,5,0,1,100.0,50.37,43,0,0,0,65.5085,49.63,0.3879,0.3,0.4942
S09938,1,0,0,61.33,25.69,16,1,1,0,35.9466,79.31,0.1488,0.0385,0.7818
S09939,5,1,1,51.85,49.04,23,8,4,0,49.7687,70.96,0.2804,0.8077,0.5077
S09940,5,0,1,92.66,60.05,48,5,0,0,75.154,39.95,0.2861,0.4923,0.3737
S09941,5,1,0,71.24,44.72,22,3,0,1,47.3161,55.28,0.0112,0.3154,0.5767
S09942,6,1,1,76.25,38.11,13,9,0,0,55.5196,61.89,0.0583,0.8462,0.4417
S09943,7,1,1,100.0,82.05,28,1,0,0,58.5332,17.95,0.3879,0.5385,0.3323
S09944,1,0,1,50.96,24.68,19,4,1,0,39.3475,80.32,0.2927,0.4538,0.6701
S09945,2,1,1,69.07,41.41,8,1,1,0,34.2968,63.59,0.0414,0.5385,0.5997
S09946,3,0,1,53.46,8.75,10,2,1,0,31.1624,96.25,0.258,0.3769,0.7817
S09947,6,0,1,72.05,44.67,22,4,0,0,49.5632,55.33,0.0,0.4538,0.5344
S09948,7,0,1,63.7,47.13,20,1,0,0,39.2675,52.87,0.1159,0.3385,0.5894
S09949,8,1,0,54.41,45.74,30,8,3,1,54.9452,69.26,0.2448,0.5077,0.5578
S09950,5,0,1,82.98,54.58,32,2,0,0,56.0212,45.42,0.1517,0.3769,0.4914
S09951,4,1,1,72.15,43.94,14,3,1,0,42.9343,61.06,0.0014,0.6154,0.5401
S09952,4,1,0,53.23,38.29,22,7,0,0,47.8044,61.71,0.2612,0.4692,0.5622
S09953,1,0,1,54.14,37.87,16,0,1,0,31.1475,67.13,0.2486,0.3,0.6845
S09954,4,0,1,72.05,54.99,10,1,0,0,36.6753,45.01,0.0,0.3385,0.5671
S09955,5,1,1,46.94,14.96,5,1,1,0,23.6652,90.04,0.3485,0.5385,0.7427
S09956,2,0,1,75.41,54.32,15,4,2,0,46.7546,55.68,0.0466,0.4538,0.5456
S09957,7,0,1,92.09,97.5434619858848,19,1,0,0,50.0303,2.4565,0.2781,0.3385,0.3501
S09958,7,0,1,82.01,52.1,30,3,0,0,56.3698,47.9,0.1382,0.4154,0.4905
S09959,3,1,1,62.65,0.51,0,5,0,0,34.6754,99.49,0.1305,0.6923,0.7035
S09960,8,0,1,76.12,34.41,32,0,0,0,49.4311,65.59,0.0565,0.3,0.6144
S09961,1,0,1,53.23,31.92,22,1,0,0,36.2659,68.08,0.2612,0.3385,0.6608
S09962,8,0,1,74.04,51.36,20,1,0,0,43.4035,48.64,0.0276,0.3385,0.558
S09963,7,0,1,67.1,35.52,28,1,0,0,45.3732,64.48,0.0687,0.3385,0.6145
S09964,2,1,1,56.41,19.33,8,3,1,0,33.079,85.67,0.2171,0.6154,0.6731
S09965,6,0,1,81.36,37.23,19,9,1,0,61.1229,67.77,0.1292,0.6462,0.4956
S09966,3,1,1,42.34,45.7,16,5,0,1,36.0429,54.3,0.4124,0.6923,0.518
S09967,7,1,1,54.21,39.02,14,3,0,0,35.7583,60.98,0.2476,0.6154,0.5649
S09968,2,0,0,56.02,26.11,12,3,0,1,35.2959,73.89,0.2225,0.1154,0.7432
S09969,2,1,0,64.43,35.44,22,7,0,0,52.2844,64.56,0.1058,0.4692,0.5579
S09970,3,1,1,91.49,41.095,40,0,0,0,60.3248,58.905,0.2698,0.5,0.4995
S09971,2,1,1,83.31,41.83,37,7,0,0,68.7347,58.17,0.1563,0.7692,0.3998
S09972,3,1,1,73.58,32.53,26,6,1,0,56.3942,72.47,0.0212,0.7308,0.5098
S09973,5,0,0,72.87,36.73,20,0,0,0,41.0124,63.27,0.0114,0.0,0.7095
S09974,6,1,1,72.05,54.82,27,2,0,0,48.6831,45.18,0.0,0.5769,0.4661
S09975,5,0,1,92.58,45.41,23,2,0,0,54.5222,54.59,0.2849,0.3769,0.5333
S09976,2,1,0,44.76,17.42,22,2,1,0,34.801,87.58,0.3788,0.2769,0.7593
S09977,2,0,1,83.57,46.49,34,4,0,0,61.2898,53.51,0.1599,0.4538,0.4861
S09978,8,1,1,64.38,41.095,35,0,0,0,46.5147,58.905,0.1065,0.5,0.5478
S09979,3,1,1,79.54,39.51,19,3,0,0,48.8564,60.49,0.104,0.6154,0.5171
S09980,1,1,0,79.62,39.96,18,2,1,0,46.3721,65.04,0.1051,0.2769,0.6286
S09981,4,0,1,83.0,53.6,31,3,0,0,57.3591,46.4,0.152,0.4154,0.481
S09982,1,1,1,95.75,42.67,29,4,0,0,63.1957,57.33,0.3289,0.6538,0.4447
S09983,3,1,1,51.43,46.5,23,3,1,0,39.9853,58.5,0.2862,0.6154,0.5402
S09984,7,1,1,87.08,45.27,38,0,0,0,57.3744,54.73,0.2086,0.5,0.4931
S09985,3,1,0,71.04,50.39,36,1,0,0,51.695,49.61,0.014,0.2385,0.5579
S09986,6,1,1,65.09,41.095,20,6,1,0,49.4389,63.905,0.0966,0.7308,0.4999
S09987,4,1,1,100.0,49.89,40,3,0,0,69.498,50.11,0.3879,0.6154,0.4033
S09988,3,0,0,82.53,55.26,22,4,0,0,53.7552,44.74,0.1455,0.1538,0.5524
S09989,6,0,1,65.74,45.17,22,0,0,0,39.3468,54.83,0.0876,0.3,0.6066
S09990,5,1,1,86.36,60.19,27,6,1,0,62.0994,44.81,0.1986,0.7308,0.3792
S09991,3,1,0,71.31,49.59,21,3,1,0,46.7509,55.41,0.0103,0.3154,0.5792
S09992,2,0,1,65.51,24.13,35,7,1,0,60.4283,80.87,0.0908,0.5692,0.5697
S09993,8,0,1,62.91,34.69,8,0,0,0,29.9098,65.31,0.1269,0.3,0.6816
S09994,2,0,1,76.57,44.31,24,3,1,0,50.6345,60.69,0.0627,0.4154,0.5617
S09995,8,1,1,62.79,24.57,20,5,2,0,46.5958,85.43,0.1285,0.6923,0.6056
S09996,4,1,1,74.33,36.42,28,2,0,0,50.1883,63.58,0.0316,0.5769,0.5344
S09997,8,1,1,85.31,32.62,22,7,0,0,60.6364,67.38,0.184,0.7692,0.465
S09998,3,0,1,73.66,44.9,21,4,0,0,49.6139,55.1,0.0223,0.4538,0.5333
S09999,5,0,1,72.05,64.24,28,1,0,0,47.3532,35.76,0.0,0.3385,0.4927
S10000,5,1,1,72.2,31.16,4,3,0,0,37.0221,68.84,0.0021,0.6154,0.5919
