student_id,semester,hostel_resident,internet_access,attendance_percentage,avg_assignment_score,lms_login_frequency,library_visits_per_month,disciplinary_actions,dropout
S00001,1,0,1,56.68,23.61,28.0,2.0,3,0
S00002,7,1,1,62.94,33.13,27.0,4.0,2,1
S00003,6,1,1,80.01,49.4,38.0,2.0,0,0
S00004,4,0,0,71.64,41.19,38.0,4.0,1,0
S00005,4,0,1,64.84,33.66,6.0,1.0,0,0
S00006,7,0,1,58.45,25.18,20.0,0.0,0,1
S00007,1,1,1,56.8,24.6,16.0,3.0,0,0
S00008,6,1,0,70.02,48.35,23.0,6.0,1,0
S00009,2,1,1,100.0,54.09,29.0,4.0,0,0
S00010,1,0,1,80.49,49.6,21.0,1.0,1,0
S00011,5,0,1,,29.16,6.0,5.0,2,0
S00012,8,0,1,82.61,63.89,27.0,4.0,0,0
S00013,6,0,0,60.62,32.32,26.0,2.0,0,0
S00014,7,1,0,71.93,24.84,18.0,2.0,1,0
S00015,6,0,1,63.17,17.19,17.0,6.0,2,1
S00016,7,0,0,100.0,47.21,27.0,5.0,0,0
S00017,5,0,1,54.99,36.35,8.0,4.0,0,0
S00018,2,0,0,76.7,47.89,22.0,1.0,0,0
S00019,7,1,1,61.72,33.13,21.0,2.0,0,0
S00020,4,0,1,83.08,72.61,36.0,4.0,0,0
S00021,5,1,0,76.4,24.45,14.0,2.0,0,0
S00022,3,1,0,90.82,60.51,29.0,0.0,0,0
S00023,2,1,1,,45.44,36.0,0.0,0,1
S00024,8,1,1,61.6,46.57,9.0,1.0,0,0
S00025,7,1,0,,99.0498594680401,43.0,5.0,0,0
S00026,6,1,1,80.33,53.83,22.0,6.0,1,0
S00027,4,0,1,63.74,35.93,25.0,1.0,2,0
S00028,7,0,1,75.08,66.23,22.0,2.0,0,0
S00029,5,1,1,81.46,49.31,29.0,3.0,1,0
S00030,4,0,1,,51.37,38.0,4.0,0,0
S00031,4,0,0,79.44,47.11,24.0,5.0,0,0
S00032,2,1,1,86.5,59.52,36.0,3.0,1,0
S00033,1,0,1,85.02,64.55,29.0,4.0,1,0
S00034,5,0,1,59.29,44.44,12.0,5.0,0,0
S00035,8,1,0,100.0,35.64,31.0,4.0,1,0
S00036,1,0,1,100.0,52.79,31.0,3.0,0,0
S00037,7,1,0,84.01,34.82,15.0,7.0,0,0
S00038,7,0,1,72.58,49.64,26.0,0.0,0,0
S00039,3,1,1,72.84,37.32,28.0,6.0,0,0
S00040,6,1,0,67.14,60.36,27.0,2.0,0,0
S00041,2,0,1,69.08,35.67,33.0,2.0,0,0
S00042,7,0,0,39.2,9.88,18.0,3.0,0,1
S00043,6,0,1,94.95,52.8,26.0,2.0,0,0
S00044,3,0,1,89.66,56.42,26.0,2.0,0,0
S00045,1,0,1,46.85,18.8,20.0,2.0,0,0
S00046,8,1,0,85.35,61.81,30.0,0.0,1,0
S00047,4,0,1,71.88,96.47047268900027,22.0,2.0,1,0
S00048,8,1,1,69.01,31.1,14.0,4.0,1,0
S00049,6,0,1,79.39,43.41,21.0,1.0,1,0
S00050,7,1,0,45.86,21.6,18.0,5.0,1,1
S00051,7,0,0,71.83,51.82,7.0,2.0,0,0
S00052,2,0,0,73.19,18.22,4.0,3.0,0,0
S00053,3,1,1,73.21,28.39,28.0,3.0,3,0
S00054,4,0,1,51.49,18.78,11.0,11.0,1,0
S00055,4,1,0,78.7,34.43,29.0,1.0,0,0
S00056,1,0,0,87.9,39.7,41.0,1.0,0,0
S00057,5,0,0,78.11,,17.0,0.0,0,0
S00058,2,0,0,68.56,19.61,8.0,4.0,1,0
S00059,6,1,0,100.0,53.6,30.0,2.0,0,0
S00060,6,0,1,58.13,24.28,12.0,0.0,1,1
S00061,8,0,1,83.6,99.31890216562122,26.0,1.0,0,0
S00062,6,0,0,75.65,31.61,28.0,5.0,1,0
S00063,3,0,1,100.0,61.83,35.0,1.0,0,0
S00064,8,0,1,77.8,42.97,25.0,2.0,1,0
S00065,4,1,1,81.02,42.56,34.0,4.0,1,0
S00066,3,0,1,79.59,46.28,31.0,3.0,0,0
S00067,8,1,0,56.13,33.95,15.0,7.0,0,0
S00068,3,0,0,58.97,19.84,23.0,,1,0
S00069,1,0,1,67.86,33.33,9.0,1.0,0,0
S00070,4,0,1,86.36,52.73,36.0,1.0,0,0
S00071,7,0,1,75.5,50.31,24.0,1.0,0,0
S00072,2,0,0,68.9,37.86,12.0,6.0,0,0
S00073,4,0,1,92.58,66.46,26.0,3.0,0,1
S00074,2,0,1,42.26,37.99,,1.0,1,0
S00075,6,1,1,52.56,23.28,9.0,3.0,2,0
S00076,4,0,1,34.55,33.83,12.0,0.0,0,0
S00077,3,0,1,90.12,56.07,36.0,0.0,0,0
S00078,2,0,1,70.55,49.89,22.0,3.0,0,0
S00079,5,0,1,86.49,44.42,21.0,1.0,0,0
S00080,6,1,1,70.36,42.47,21.0,4.0,0,0
S00081,8,0,1,87.35,25.8,17.0,3.0,0,0
S00082,4,1,1,70.1,39.12,18.0,2.0,0,0
S00083,2,0,1,78.15,45.23,,0.0,0,0
S00084,7,0,1,75.95,47.93,23.0,4.0,0,0
S00085,6,1,1,77.07,20.7,,0.0,0,0
S00086,6,0,0,97.27,51.17,32.0,4.0,0,0
S00087,1,1,1,47.63,22.59,23.0,3.0,1,1
S00088,3,0,1,70.97,43.94,32.0,0.0,0,0
S00089,7,1,1,74.97,15.47,14.0,4.0,1,0
S00090,7,0,1,72.72,30.25,17.0,3.0,0,0
S00091,4,0,1,66.03,40.67,27.0,0.0,0,0
S00092,7,1,1,63.98,33.42,25.0,2.0,0,0
S00093,7,0,1,94.95,67.84,26.0,2.0,0,0
S00094,4,0,0,70.94,33.66,18.0,2.0,0,0
S00095,8,1,1,100.0,55.75,33.0,8.0,0,0
S00096,3,1,0,79.92,20.36,,7.0,0,0
S00097,2,1,1,67.66,29.5,25.0,5.0,1,0
S00098,6,1,1,80.29,57.49,,1.0,1,0
S00099,6,1,0,73.63,33.43,20.0,2.0,0,0
S00100,2,1,1,92.13,44.66,18.0,6.0,0,0
S00101,7,1,1,54.48,29.8,27.0,5.0,0,0
S00102,2,0,1,44.98,31.8,14.0,0.0,0,1
S00103,7,0,1,77.41,33.92,30.0,1.0,0,0
S00104,1,1,1,84.54,35.86,16.0,3.0,0,0
S00105,7,1,1,76.29,41.23,13.0,6.0,0,0
S00106,7,0,1,82.09,43.99,29.0,2.0,0,0
S00107,7,0,1,79.88,29.0,33.0,1.0,0,0
S00108,6,0,1,49.79,21.5,5.0,6.0,1,0
S00109,4,0,1,76.22,24.94,23.0,0.0,0,0
S00110,6,1,0,91.75,44.48,17.0,3.0,1,0
S00111,3,0,1,74.58,,18.0,2.0,0,0
S00112,7,1,1,52.35,21.27,13.0,,2,0
S00113,5,1,0,66.99,49.23,25.0,1.0,0,0
S00114,4,1,0,80.35,43.12,9.0,5.0,1,0
S00115,5,0,1,98.93,69.13,43.0,2.0,0,0
S00116,5,1,1,42.65,5.0,10.0,6.0,1,1
S00117,1,1,1,77.42,45.43,35.0,6.0,0,0
S00118,2,1,0,58.02,40.8,23.0,2.0,0,0
S00119,2,0,1,79.62,42.08,32.0,6.0,0,0
S00120,1,0,1,80.82,35.2,42.0,1.0,1,0
S00121,4,1,1,68.5,44.62,15.0,6.0,0,0
S00122,6,0,1,81.47,54.84,27.0,5.0,1,0
S00123,6,0,1,89.1,59.29,21.0,0.0,0,0
S00124,4,1,0,69.53,18.94,21.0,6.0,1,1
S00125,7,1,1,51.94,28.8,21.0,4.0,1,0
S00126,5,0,1,93.38,52.07,,4.0,0,0
S00127,1,0,0,84.43,35.38,24.0,2.0,1,0
S00128,7,0,1,80.46,41.41,16.0,3.0,0,1
S00129,5,1,1,61.64,36.83,19.0,2.0,0,0
S00130,6,1,1,86.78,41.95,,1.0,0,0
S00131,5,0,0,100.0,99.74112311070684,28.0,0.0,0,0
S00132,5,0,1,70.18,21.18,27.0,2.0,1,0
S00133,1,0,0,73.42,46.77,27.0,4.0,0,0
S00134,5,0,1,56.02,20.39,23.0,2.0,0,0
S00135,7,1,1,61.21,33.2,16.0,2.0,0,0
S00136,3,0,1,,38.86,25.0,6.0,1,0
S00137,5,0,1,73.96,53.93,23.0,,0,0
S00138,1,0,1,66.89,32.5,18.0,7.0,1,0
S00139,3,0,1,77.59,40.31,16.0,0.0,0,0
S00140,4,1,1,58.62,1.05,1.0,0.0,2,0
S00141,8,1,1,69.49,43.45,9.0,3.0,1,0
S00142,2,1,0,57.7,38.18,19.0,3.0,0,0
S00143,3,0,1,74.81,39.23,16.0,3.0,0,0
S00144,4,1,1,47.52,20.34,0.0,4.0,0,1
S00145,8,0,1,74.27,32.85,20.0,1.0,1,0
S00146,7,1,1,67.82,33.77,23.0,5.0,0,0
S00147,1,1,0,74.71,35.82,27.0,5.0,1,0
S00148,2,0,0,47.22,99.369103199268,13.0,9.0,1,0
S00149,7,1,1,81.82,46.84,25.0,1.0,1,0
S00150,1,0,0,67.52,48.98,16.0,0.0,0,0
S00151,7,1,1,75.26,39.76,29.0,2.0,1,0
S00152,3,0,0,,24.24,11.0,1.0,2,1
S00153,8,0,0,53.36,26.91,15.0,4.0,1,0
S00154,3,0,1,66.15,38.89,29.0,5.0,0,0
S00155,4,0,1,92.63,96.56766563231412,36.0,4.0,0,0
S00156,6,0,0,79.91,59.6,24.0,7.0,0,0
S00157,2,0,1,73.95,39.0,21.0,0.0,0,0
S00158,5,1,1,58.14,39.69,15.0,6.0,1,0
S00159,5,0,1,55.41,21.61,0.0,4.0,0,0
S00160,7,0,1,76.15,64.14,33.0,2.0,1,0
S00161,8,1,1,82.51,56.39,21.0,4.0,1,0
S00162,6,1,1,75.13,53.04,30.0,6.0,1,0
S00163,4,0,1,97.64,,,0.0,0,0
S00164,4,0,1,61.76,46.0,30.0,1.0,1,0
S00165,4,1,1,74.69,39.03,28.0,4.0,1,0
S00166,7,1,1,46.6,31.6,21.0,3.0,0,0
S00167,3,0,1,75.17,62.98,19.0,7.0,0,0
S00168,2,1,1,94.04,51.95,20.0,8.0,0,0
S00169,3,0,1,56.38,25.56,18.0,3.0,2,1
S00170,1,0,1,84.63,25.23,12.0,2.0,0,0
S00171,1,1,1,93.62,96.2210326666896,26.0,2.0,0,0
S00172,1,1,1,61.65,17.6,9.0,8.0,1,0
S00173,7,1,1,79.0,44.27,18.0,7.0,0,0
S00174,6,0,0,95.69,42.6,36.0,5.0,0,0
S00175,6,0,1,75.46,29.14,28.0,3.0,0,0
S00176,4,0,0,83.8,47.95,25.0,4.0,0,0
S00177,6,0,1,45.39,10.41,15.0,2.0,0,1
S00178,2,0,1,80.96,44.85,21.0,1.0,0,0
S00179,8,0,1,79.76,70.33,45.0,2.0,0,0
S00180,5,0,1,52.11,33.83,18.0,1.0,3,1
S00181,8,1,1,57.54,36.03,12.0,,0,0
S00182,2,0,0,81.06,54.87,33.0,1.0,0,0
S00183,4,0,0,67.46,23.24,31.0,0.0,1,0
S00184,6,1,1,88.68,24.38,22.0,5.0,0,0
S00185,4,0,0,76.66,41.55,13.0,6.0,0,0
S00186,4,1,1,72.85,42.41,13.0,4.0,0,0
S00187,2,0,1,69.44,40.39,16.0,3.0,1,0
S00188,4,0,0,76.39,45.51,24.0,3.0,0,0
S00189,2,1,1,84.04,33.73,14.0,4.0,0,0
S00190,3,1,1,80.01,46.93,22.0,1.0,1,0
S00191,6,1,1,65.65,44.08,18.0,4.0,1,0
S00192,6,1,1,90.59,47.36,32.0,5.0,0,0
S00193,5,0,1,81.87,40.12,31.0,2.0,0,0
S00194,3,1,1,77.78,31.44,28.0,2.0,0,0
S00195,8,1,1,73.38,34.65,37.0,3.0,1,0
S00196,1,1,1,79.5,44.47,34.0,7.0,0,0
S00197,3,0,0,44.52,26.54,14.0,5.0,1,0
S00198,1,0,1,75.62,52.22,16.0,0.0,0,0
S00199,3,1,1,96.6,96.74234201560651,26.0,4.0,0,0
S00200,8,0,1,,23.99,12.0,1.0,0,0
S00201,3,0,1,73.25,43.9,,0.0,1,0
S00202,8,0,1,63.06,30.8,22.0,5.0,1,0
S00203,4,0,1,79.39,60.05,32.0,4.0,0,0
S00204,6,0,0,69.07,46.83,24.0,3.0,0,0
S00205,4,0,1,91.64,61.35,38.0,1.0,0,0
S00206,3,0,1,,22.63,26.0,3.0,1,1
S00207,7,0,1,65.22,25.97,12.0,0.0,2,0
S00208,8,1,0,62.99,42.77,15.0,2.0,2,0
S00209,3,0,1,,53.45,32.0,3.0,0,0
S00210,7,0,1,69.15,13.44,16.0,2.0,1,1
S00211,3,0,1,63.78,51.15,18.0,6.0,0,0
S00212,6,0,1,40.64,,14.0,4.0,0,0
S00213,7,1,1,58.33,34.92,17.0,3.0,1,0
S00214,4,1,1,79.92,48.59,25.0,0.0,0,0
S00215,6,0,1,79.86,39.63,18.0,4.0,0,1
S00216,3,0,1,62.23,48.23,23.0,0.0,1,0
S00217,1,0,1,63.07,35.04,23.0,3.0,1,0
S00218,1,0,1,99.9,49.72,26.0,2.0,0,0
S00219,4,0,1,100.0,75.52,22.0,6.0,0,0
S00220,8,0,1,89.25,38.41,38.0,0.0,1,0
S00221,2,0,1,95.39,62.26,45.0,0.0,0,0
S00222,4,1,1,98.57,60.22,34.0,3.0,0,0
S00223,6,0,1,100.0,61.1,30.0,2.0,0,0
S00224,2,0,1,67.47,60.99,29.0,2.0,0,0
S00225,6,0,1,58.83,35.41,21.0,3.0,0,0
S00226,3,0,1,99.5,44.25,31.0,2.0,0,0
S00227,7,0,1,57.54,97.86893823564337,25.0,0.0,1,0
S00228,5,0,1,56.57,27.11,10.0,1.0,1,0
S00229,5,0,1,56.92,40.01,11.0,5.0,1,0
S00230,2,0,1,70.03,47.54,25.0,4.0,0,0
S00231,4,1,1,42.23,21.34,13.0,3.0,1,0
S00232,7,1,0,50.5,25.54,20.0,3.0,0,1
S00233,1,0,1,62.66,43.62,29.0,,0,0
S00234,7,0,1,54.06,26.4,4.0,3.0,0,0
S00235,4,1,1,87.94,33.27,28.0,6.0,0,0
S00236,6,1,0,72.1,33.77,38.0,4.0,0,0
S00237,6,0,1,80.66,47.48,21.0,2.0,0,0
S00238,4,0,1,79.01,31.31,19.0,3.0,1,0
S00239,3,0,1,68.9,15.18,3.0,1.0,1,0
S00240,6,1,1,86.82,52.4,29.0,3.0,0,0
S00241,2,0,1,78.78,34.42,30.0,0.0,1,0
S00242,5,0,0,67.22,36.62,25.0,2.0,0,0
S00243,1,0,1,46.74,28.6,5.0,0.0,0,1
S00244,6,0,0,79.81,96.11674870228565,25.0,6.0,0,0
S00245,6,0,0,53.08,34.93,17.0,2.0,0,0
S00246,1,1,0,77.7,51.55,,7.0,2,0
S00247,7,0,0,73.18,26.0,14.0,3.0,1,0
S00248,4,0,1,51.59,43.68,16.0,4.0,2,0
S00249,7,0,1,75.88,30.96,17.0,1.0,0,0
S00250,1,1,1,74.87,36.97,,7.0,1,0
S00251,2,0,1,74.92,33.83,29.0,4.0,0,0
S00252,4,0,1,,33.41,24.0,4.0,0,0
S00253,2,0,0,62.21,51.24,24.0,6.0,0,0
S00254,3,1,1,80.87,59.89,21.0,3.0,1,0
S00255,6,1,1,61.69,,24.0,5.0,0,0
S00256,2,1,1,55.88,29.87,25.0,7.0,1,1
S00257,6,1,1,2.5693080653998273,98.2703946585423,40.0,2.0,0,0
S00258,1,0,1,86.05,33.06,,0.0,0,0
S00259,2,0,1,81.09,48.74,29.0,0.0,0,0
S00260,5,0,1,68.89,14.73,10.0,3.0,0,0
S00261,7,1,1,42.91,95.58010264584117,11.0,2.0,0,1
S00262,2,1,0,94.23,51.91,19.0,1.0,0,0
S00263,3,0,1,42.67,9.92,5.0,0.0,0,0
S00264,8,1,1,80.79,51.68,41.0,2.0,0,0
S00265,8,0,1,100.0,47.04,24.0,3.0,0,0
S00266,5,0,1,74.24,36.27,4.0,0.0,1,0
S00267,4,0,1,,45.21,,5.0,0,0
S00268,3,1,1,77.69,33.46,19.0,5.0,2,0
S00269,5,1,1,74.97,31.01,30.0,6.0,2,0
S00270,5,0,1,100.0,70.69,23.0,1.0,0,0
S00271,3,1,1,59.35,24.02,14.0,1.0,0,0
S00272,1,1,1,57.47,99.3798822858076,27.0,3.0,0,1
S00273,2,1,1,67.09,43.47,10.0,7.0,0,0
S00274,8,1,1,98.11,52.57,30.0,5.0,0,0
S00275,4,0,1,63.35,45.64,22.0,0.0,0,0
S00276,4,1,0,78.45,40.67,19.0,3.0,0,0
S00277,4,1,1,88.07,52.53,30.0,2.0,0,0
S00278,7,1,0,83.68,98.67724972960518,55.0,5.0,2,0
S00279,1,0,0,87.27,50.29,32.0,2.0,0,0
S00280,1,1,0,93.27,49.56,,4.0,0,0
S00281,3,1,0,76.62,48.47,,6.0,0,0
S00282,4,0,1,65.14,16.25,24.0,0.0,0,0
S00283,6,1,0,74.21,95.59741252452757,22.0,8.0,0,0
S00284,4,0,0,,31.14,24.0,9.0,0,0
S00285,4,0,1,100.0,42.95,31.0,6.0,0,0
S00286,8,0,1,64.01,35.31,7.0,4.0,1,0
S00287,2,1,0,79.25,43.87,25.0,5.0,0,0
S00288,5,1,1,49.49,42.5,23.0,6.0,2,0
S00289,5,0,1,73.99,,11.0,0.0,1,0
S00290,4,1,1,67.69,29.88,13.0,4.0,0,0
S00291,7,0,1,82.14,99.81021899708993,21.0,3.0,0,0
S00292,3,0,1,82.53,55.21,29.0,0.0,1,0
S00293,8,1,1,93.25,,49.0,1.0,0,0
S00294,3,1,1,,64.42,23.0,5.0,0,0
S00295,5,1,0,71.01,56.86,23.0,6.0,2,0
S00296,5,1,1,57.83,38.48,17.0,3.0,0,0
S00297,7,1,1,59.59,34.63,16.0,2.0,1,0
S00298,4,0,1,76.54,28.61,24.0,5.0,0,0
S00299,3,0,1,74.37,45.54,20.0,5.0,0,0
S00300,1,0,0,75.87,74.54,46.0,2.0,1,0
S00301,3,1,1,63.97,51.61,26.0,0.0,1,0
S00302,7,1,1,93.56,45.42,27.0,4.0,0,0
S00303,1,1,0,,29.1,,7.0,0,0
S00304,8,0,1,63.14,53.62,21.0,3.0,1,0
S00305,5,0,1,55.84,19.54,17.0,2.0,0,0
S00306,2,1,1,68.87,40.17,20.0,1.0,1,0
S00307,3,1,1,90.7,43.17,27.0,5.0,0,0
S00308,5,0,0,67.68,27.88,11.0,4.0,1,0
S00309,3,0,1,73.52,38.44,10.0,4.0,0,0
S00310,1,0,1,,53.17,29.0,0.0,0,0
S00311,6,0,1,66.97,31.46,19.0,2.0,1,0
S00312,6,0,0,77.74,55.8,32.0,0.0,0,0
S00313,1,0,1,75.76,98.27284035913425,17.0,3.0,1,0
S00314,3,1,1,,33.75,8.0,3.0,0,0
S00315,2,0,1,65.04,41.17,26.0,2.0,0,0
S00316,6,0,1,77.32,56.91,22.0,3.0,0,0
S00317,6,0,1,4.32680921947367,97.32714791992375,36.0,1.0,0,0
S00318,6,1,1,91.22,97.18490945738942,,3.0,0,0
S00319,8,0,1,100.0,60.44,48.0,0.0,0,0
S00320,7,0,1,79.28,50.71,31.0,1.0,0,0
S00321,3,0,1,65.8,48.96,23.0,2.0,0,0
S00322,1,1,1,71.04,29.42,28.0,3.0,0,0
S00323,5,1,1,70.29,38.18,,4.0,0,0
S00324,8,0,1,65.88,24.39,7.0,2.0,0,0
S00325,8,0,0,77.74,56.57,27.0,0.0,1,0
S00326,2,0,1,78.44,67.15,40.0,2.0,0,0
S00327,2,1,1,54.39,10.26,0.0,0.0,1,0
S00328,1,1,1,88.32,57.34,32.0,3.0,0,0
S00329,2,0,1,44.45,51.14,0.0,5.0,1,0
S00330,5,0,1,68.66,40.11,21.0,6.0,0,0
S00331,5,1,0,,49.93,29.0,10.0,0,0
S00332,3,1,1,81.11,52.61,32.0,2.0,0,0
S00333,3,0,1,66.65,46.86,22.0,1.0,2,0
S00334,7,0,1,100.0,75.52,43.0,2.0,0,0
S00335,4,0,1,65.4,,29.0,1.0,0,0
S00336,7,1,1,41.97,11.91,10.0,4.0,0,1
S00337,8,1,1,78.79,60.35,34.0,5.0,0,0
S00338,3,1,1,45.32,,10.0,6.0,0,1
S00339,2,1,0,59.53,29.08,14.0,3.0,2,1
S00340,8,0,1,81.34,37.93,16.0,2.0,0,0
S00341,6,0,1,65.09,98.36437061888236,30.0,3.0,0,0
S00342,3,0,0,,38.65,23.0,2.0,0,0
S00343,5,1,1,54.63,35.48,0.0,4.0,0,0
S00344,5,1,1,84.88,47.96,31.0,1.0,1,0
S00345,8,0,1,46.64,31.81,10.0,3.0,2,0
S00346,3,0,0,91.78,55.87,27.0,3.0,0,0
S00347,8,1,1,64.87,99.72771348909694,18.0,6.0,2,0
S00348,8,1,1,94.97,43.0,28.0,2.0,1,0
S00349,2,1,1,59.39,50.44,40.0,4.0,1,0
S00350,2,0,1,100.0,49.35,,1.0,0,0
S00351,5,1,1,57.64,36.0,23.0,3.0,0,0
S00352,1,1,1,45.09,20.85,15.0,8.0,1,1
S00353,3,1,0,72.65,40.94,32.0,6.0,0,0
S00354,4,1,1,90.51,55.5,31.0,1.0,1,0
S00355,8,1,1,83.86,63.25,33.0,7.0,0,0
S00356,8,1,1,89.44,57.68,33.0,3.0,0,0
S00357,2,1,1,84.16,34.03,28.0,3.0,0,0
S00358,8,0,1,59.7,37.37,26.0,2.0,1,0
S00359,1,0,1,83.5,53.35,23.0,4.0,0,0
S00360,6,1,1,73.39,37.59,23.0,0.0,0,0
S00361,7,1,0,61.35,29.02,11.0,1.0,1,0
S00362,8,0,1,,32.4,16.0,3.0,0,0
S00363,2,0,1,71.16,40.59,2.0,0.0,0,0
S00364,8,1,0,93.24,44.2,34.0,3.0,0,0
S00365,1,1,1,64.28,34.06,25.0,1.0,1,0
S00366,5,1,0,63.58,28.89,,4.0,1,0
S00367,4,0,0,61.52,37.51,10.0,6.0,0,0
S00368,3,1,1,100.0,47.69,36.0,0.0,0,0
S00369,1,1,1,3.203942066058767,99.87769488020261,19.0,2.0,2,0
S00370,7,0,1,91.45,50.9,35.0,9.0,0,0
S00371,3,0,0,,29.82,12.0,2.0,1,1
S00372,6,1,1,79.6,38.95,22.0,3.0,0,0
S00373,4,0,0,75.94,35.91,11.0,1.0,0,0
S00374,3,1,1,90.5,28.49,23.0,0.0,0,0
S00375,8,1,1,88.33,56.12,28.0,3.0,1,0
S00376,1,1,1,73.23,99.06497187053665,24.0,5.0,0,0
S00377,6,0,0,63.94,29.25,,4.0,0,0
S00378,6,1,1,96.37,27.09,27.0,2.0,0,0
S00379,4,0,1,62.45,35.29,20.0,2.0,0,0
S00380,3,1,0,37.98,18.82,21.0,,2,0
S00381,1,0,1,44.12,14.19,6.0,2.0,0,1
S00382,8,1,1,47.77,27.88,18.0,1.0,0,0
S00383,8,1,0,80.94,54.84,,2.0,0,0
S00384,2,0,0,100.0,72.9,29.0,3.0,0,0
S00385,1,0,1,41.4,30.59,4.0,2.0,0,1
S00386,1,1,1,60.26,27.78,10.0,3.0,0,0
S00387,1,0,1,73.34,96.54882117192724,19.0,0.0,0,0
S00388,7,0,1,95.18,72.38,39.0,0.0,1,0
S00389,8,0,1,60.18,30.8,12.0,2.0,2,0
S00390,2,1,1,80.86,22.82,18.0,6.0,0,0
S00391,6,1,1,68.25,30.28,23.0,4.0,0,0
S00392,2,0,1,100.0,34.74,33.0,0.0,0,0
S00393,3,1,0,74.17,36.47,23.0,4.0,0,0
S00394,5,0,1,77.34,44.66,26.0,1.0,1,0
S00395,6,0,1,73.26,19.71,15.0,5.0,0,1
S00396,7,0,0,65.78,41.73,13.0,0.0,0,0
S00397,1,0,0,86.25,53.84,35.0,2.0,0,0
S00398,2,0,1,54.61,11.03,15.0,4.0,2,0
S00399,3,1,0,41.97,26.97,16.0,2.0,1,1
S00400,3,0,1,69.75,25.57,31.0,1.0,0,0
S00401,8,1,1,84.23,71.52,34.0,1.0,0,0
S00402,7,0,1,63.29,16.5,,1.0,0,0
S00403,3,0,1,74.8,31.49,22.0,2.0,0,0
S00404,8,0,1,53.69,28.99,24.0,2.0,0,0
S00405,4,1,1,87.94,52.3,32.0,4.0,0,0
S00406,5,1,0,81.78,42.06,27.0,4.0,0,0
S00407,4,0,1,72.3,17.62,9.0,3.0,1,0
S00408,2,0,1,74.53,39.58,18.0,1.0,0,0
S00409,8,0,1,51.1,22.04,15.0,1.0,2,0
S00410,1,1,1,51.77,16.62,4.0,3.0,3,1
S00411,2,0,0,70.17,95.63519028610675,28.0,3.0,0,0
S00412,2,1,1,79.71,39.77,24.0,9.0,0,0
S00413,3,0,0,80.47,,10.0,5.0,1,0
S00414,2,0,1,66.56,36.04,16.0,3.0,0,0
S00415,1,1,1,83.18,50.14,24.0,3.0,0,0
S00416,6,0,1,93.31,54.45,29.0,,0,0
S00417,8,0,1,70.67,21.03,33.0,1.0,0,0
S00418,1,1,0,76.64,42.01,29.0,0.0,0,0
S00419,3,0,1,68.88,28.55,10.0,1.0,0,0
S00420,5,0,1,70.11,20.93,10.0,4.0,0,0
S00421,8,0,1,74.54,27.39,21.0,1.0,0,0
S00422,6,0,1,97.55,66.5,33.0,2.0,0,0
S00423,7,1,1,85.73,52.97,35.0,7.0,0,0
S00424,5,0,1,84.38,48.74,41.0,4.0,0,0
S00425,4,1,1,65.19,46.3,34.0,1.0,1,0
S00426,2,1,1,58.53,42.48,14.0,5.0,1,0
S00427,7,1,0,77.84,52.25,32.0,9.0,0,0
S00428,7,1,1,90.66,66.26,33.0,2.0,0,0
S00429,1,1,1,97.85,53.21,23.0,1.0,0,0
S00430,6,1,0,35.21,20.87,,2.0,0,0
S00431,1,0,0,100.0,54.67,34.0,5.0,1,0
S00432,6,0,1,78.25,49.78,13.0,0.0,1,0
S00433,7,1,0,85.63,61.61,21.0,3.0,1,0
S00434,2,0,0,45.9,24.24,8.0,0.0,1,1
S00435,4,1,1,68.45,26.02,23.0,6.0,1,0
S00436,1,0,1,84.34,53.47,37.0,0.0,0,0
S00437,5,1,1,54.38,28.84,16.0,3.0,0,0
S00438,8,0,1,,19.71,3.0,0.0,1,1
S00439,1,1,0,77.03,31.28,8.0,3.0,1,0
S00440,4,0,1,71.25,42.53,26.0,,1,0
S00441,8,0,1,93.62,95.33606415342656,57.0,8.0,1,0
S00442,3,1,0,69.6,,17.0,6.0,0,0
S00443,2,1,1,70.7,46.96,31.0,0.0,0,0
S00444,4,1,1,82.47,43.84,17.0,5.0,0,0
S00445,5,1,0,87.5,24.34,23.0,2.0,0,0
S00446,6,0,1,61.37,95.44420547408026,17.0,1.0,1,1
S00447,3,1,1,86.17,31.23,23.0,6.0,0,0
S00448,8,0,1,64.17,51.51,24.0,2.0,0,0
S00449,5,0,0,72.25,35.88,26.0,3.0,0,0
S00450,3,0,1,,45.23,34.0,3.0,0,0
S00451,8,0,1,84.68,57.34,31.0,0.0,0,0
S00452,8,1,1,76.77,18.24,23.0,6.0,1,0
S00453,4,1,0,55.79,17.52,14.0,1.0,0,1
S00454,1,0,1,43.95,38.33,16.0,3.0,3,1
S00455,5,1,1,69.18,37.03,20.0,3.0,0,0
S00456,5,0,0,86.57,,28.0,2.0,0,0
S00457,2,0,1,78.75,38.2,29.0,4.0,1,0
S00458,6,1,1,75.63,29.22,25.0,2.0,0,0
S00459,7,0,1,71.89,96.42919628895733,25.0,4.0,0,0
S00460,1,0,1,76.64,35.74,18.0,2.0,0,0
S00461,6,1,1,57.09,,28.0,2.0,1,0
S00462,2,0,1,83.7,31.5,18.0,2.0,0,0
S00463,6,0,1,84.69,35.38,31.0,5.0,0,0
S00464,4,1,1,66.67,32.16,17.0,2.0,1,0
S00465,1,0,0,78.56,48.14,33.0,4.0,0,0
S00466,8,1,1,,,20.0,5.0,0,1
S00467,2,1,0,74.7,40.67,23.0,3.0,0,0
S00468,5,0,1,70.0,61.09,34.0,0.0,1,0
S00469,2,0,1,90.89,39.17,28.0,1.0,0,0
S00470,8,0,1,,39.52,28.0,0.0,1,0
S00471,6,1,1,85.03,58.56,21.0,6.0,0,0
S00472,7,0,1,66.13,98.81823618566949,24.0,1.0,1,0
S00473,4,1,1,37.71,19.96,3.0,3.0,0,1
S00474,4,0,0,68.62,19.85,21.0,2.0,2,0
S00475,6,1,1,74.95,49.35,23.0,4.0,0,0
S00476,7,0,1,74.26,53.16,30.0,2.0,1,0
S00477,7,0,1,74.49,42.36,18.0,6.0,0,0
S00478,1,0,0,64.4,43.55,44.0,3.0,0,0
S00479,6,1,1,67.14,24.7,10.0,,1,0
S00480,1,1,1,55.1,40.37,,1.0,0,0
S00481,3,0,1,42.05,28.05,14.0,5.0,0,1
S00482,7,0,1,,52.27,26.0,1.0,0,0
S00483,3,0,1,60.82,28.75,14.0,1.0,2,0
S00484,7,0,1,88.2,55.09,30.0,1.0,0,0
S00485,4,1,1,39.27,8.28,6.0,3.0,0,1
S00486,2,1,0,,65.65,39.0,1.0,0,0
S00487,3,1,1,100.0,71.49,27.0,1.0,0,0
S00488,5,0,1,69.26,37.55,20.0,0.0,1,0
S00489,7,0,1,71.96,19.4,17.0,2.0,0,0
S00490,5,1,0,78.4,52.63,18.0,4.0,1,0
S00491,8,0,1,79.57,59.61,14.0,5.0,0,0
S00492,7,1,1,65.87,36.03,26.0,4.0,0,0
S00493,7,0,0,56.88,25.32,12.0,0.0,1,0
S00494,5,0,1,81.79,,20.0,2.0,1,0
S00495,3,1,1,43.38,16.55,4.0,0.0,3,0
S00496,4,0,1,84.48,59.41,29.0,3.0,0,0
S00497,1,1,1,66.12,41.55,20.0,7.0,2,0
S00498,3,0,1,72.05,29.63,23.0,0.0,1,1
S00499,8,0,1,64.12,29.41,13.0,0.0,0,0
S00500,4,0,1,93.46,57.4,34.0,1.0,0,0
S00501,1,0,1,75.74,32.98,,6.0,0,0
S00502,6,0,0,67.17,41.76,21.0,0.0,1,0
S00503,8,0,1,,37.44,19.0,4.0,0,0
S00504,7,1,0,69.78,43.08,8.0,3.0,1,0
S00505,3,1,1,100.0,72.03,49.0,0.0,0,0
S00506,4,0,0,52.24,99.90909672998016,20.0,2.0,0,0
S00507,5,0,0,88.24,50.72,30.0,3.0,0,0
S00508,2,0,1,80.52,38.55,28.0,0.0,1,0
S00509,3,1,1,95.1,82.18,47.0,4.0,1,0
S00510,2,1,1,81.44,56.87,35.0,2.0,0,0
S00511,8,0,1,72.05,27.38,25.0,2.0,2,0
S00512,6,0,1,87.3,43.56,,4.0,1,0
S00513,7,0,0,75.45,23.42,19.0,4.0,1,0
S00514,7,0,1,83.32,35.08,12.0,1.0,0,0
S00515,8,0,1,93.42,51.64,27.0,3.0,0,0
S00516,1,1,1,73.39,51.97,28.0,2.0,0,0
S00517,8,0,1,65.63,48.79,,2.0,0,0
S00518,1,0,1,62.34,23.24,24.0,1.0,0,0
S00519,4,0,1,78.76,43.76,21.0,0.0,0,0
S00520,5,1,1,58.83,37.74,,4.0,1,0
S00521,3,0,1,66.75,41.06,27.0,0.0,0,0
S00522,2,0,1,57.49,96.75502039888792,0.0,3.0,0,0
S00523,2,0,1,79.63,37.71,28.0,8.0,0,0
S00524,7,1,1,60.72,39.93,35.0,4.0,1,0
S00525,3,0,1,52.7,35.32,13.0,1.0,0,0
S00526,3,1,1,55.34,12.84,0.0,,1,1
S00527,8,0,1,63.43,26.31,13.0,0.0,0,0
S00528,2,0,0,64.8,25.78,5.0,2.0,0,0
S00529,8,1,1,75.77,23.46,19.0,3.0,0,0
S00530,8,1,1,69.58,29.88,12.0,11.0,0,0
S00531,5,0,0,77.55,50.81,32.0,1.0,0,0
S00532,2,1,0,78.76,37.23,31.0,6.0,0,0
S00533,2,0,1,83.11,42.89,29.0,1.0,1,0
S00534,3,0,0,4.6329378367020055,97.37949873046789,22.0,3.0,0,1
S00535,5,1,1,,99.45473536313622,12.0,5.0,2,0
S00536,2,1,1,80.32,28.48,26.0,7.0,0,0
S00537,4,0,1,75.17,44.93,41.0,3.0,0,0
S00538,1,1,1,86.65,65.85,32.0,5.0,0,0
S00539,5,0,1,48.84,40.19,,5.0,1,0
S00540,1,0,0,64.87,43.38,14.0,3.0,1,0
S00541,6,1,1,67.55,49.12,17.0,0.0,0,0
S00542,1,0,1,74.5,27.59,15.0,,0,0
S00543,2,1,1,72.54,59.71,36.0,4.0,0,0
S00544,2,1,1,79.04,16.62,,4.0,0,0
S00545,7,1,0,70.28,37.02,29.0,5.0,0,0
S00546,1,0,1,92.59,60.27,34.0,2.0,0,0
S00547,4,1,1,97.37,50.35,19.0,2.0,0,0
S00548,5,1,1,55.23,37.29,26.0,3.0,0,0
S00549,5,1,1,72.68,29.86,21.0,7.0,0,0
S00550,6,0,1,83.97,13.27,16.0,1.0,0,0
S00551,7,0,1,80.78,50.1,28.0,0.0,0,0
S00552,4,0,1,65.88,43.4,14.0,2.0,1,0
S00553,7,0,1,75.82,42.35,22.0,3.0,0,0
S00554,3,0,1,48.25,99.81883669001138,10.0,0.0,2,0
S00555,8,1,1,1.9912045348938174,97.3458106380112,,0.0,0,0
S00556,5,1,1,50.1,14.01,5.0,6.0,2,0
S00557,6,0,0,79.62,46.22,32.0,0.0,1,0
S00558,8,0,1,55.26,19.63,,4.0,1,0
S00559,7,1,1,,52.43,25.0,0.0,1,0
S00560,7,0,0,76.79,17.91,21.0,3.0,1,0
S00561,5,1,1,73.14,37.95,23.0,4.0,0,0
S00562,1,0,0,62.52,48.76,13.0,4.0,0,0
S00563,4,0,1,68.84,39.66,15.0,6.0,0,0
S00564,2,0,0,89.72,45.4,42.0,2.0,0,0
S00565,8,1,1,65.63,43.93,27.0,6.0,0,0
S00566,2,0,0,,45.87,,2.0,1,0
S00567,2,1,1,63.65,30.52,7.0,7.0,0,0
S00568,2,0,1,87.31,47.55,14.0,2.0,0,0
S00569,6,0,1,73.17,25.88,18.0,3.0,1,0
S00570,5,1,1,60.54,26.7,19.0,3.0,1,0
S00571,8,0,1,72.11,43.63,23.0,3.0,0,0
S00572,4,0,0,68.38,35.04,22.0,1.0,0,0
S00573,3,0,1,92.89,49.18,33.0,5.0,0,0
S00574,1,1,1,71.33,25.3,14.0,5.0,0,0
S00575,1,0,1,51.26,,27.0,3.0,0,0
S00576,3,0,1,79.48,44.72,24.0,2.0,0,0
S00577,8,1,0,98.79,66.22,34.0,2.0,0,0
S00578,5,1,1,89.95,26.07,24.0,5.0,0,0
S00579,8,1,1,55.46,41.01,19.0,3.0,1,0
S00580,1,1,1,67.97,34.79,38.0,0.0,0,0
S00581,1,1,1,71.54,32.84,14.0,1.0,0,0
S00582,7,0,1,71.72,98.27266007853608,13.0,0.0,0,0
S00583,1,0,1,77.71,59.83,18.0,2.0,0,0
S00584,1,1,1,66.84,53.86,18.0,3.0,0,0
S00585,4,1,0,58.27,29.09,13.0,4.0,1,0
S00586,8,1,1,86.28,48.21,19.0,8.0,0,0
S00587,6,1,1,55.15,24.04,16.0,7.0,0,0
S00588,1,0,1,,39.89,31.0,0.0,1,0
S00589,7,0,1,55.05,29.3,15.0,0.0,0,0
S00590,7,1,0,81.18,48.19,25.0,1.0,1,0
S00591,7,0,1,73.6,36.83,26.0,0.0,0,0
S00592,8,1,1,85.25,55.02,32.0,6.0,0,0
S00593,2,1,1,60.22,42.25,29.0,4.0,1,0
S00594,8,0,1,,19.56,18.0,1.0,0,0
S00595,3,1,1,65.34,35.05,20.0,1.0,0,0
S00596,7,1,1,69.26,29.4,14.0,1.0,0,1
S00597,5,1,1,75.14,64.93,29.0,2.0,1,0
S00598,7,0,1,46.76,35.0,7.0,4.0,3,0
S00599,6,1,1,79.18,50.51,18.0,3.0,1,0
S00600,6,0,1,58.59,27.96,19.0,2.0,0,0
S00601,5,0,1,62.29,58.85,31.0,0.0,0,0
S00602,7,0,1,89.61,49.91,35.0,1.0,1,0
S00603,6,1,1,39.25,13.6,10.0,1.0,1,1
S00604,2,1,1,76.84,61.4,16.0,3.0,1,0
S00605,7,0,1,76.78,55.39,,0.0,0,0
S00606,5,1,1,59.72,25.04,18.0,5.0,0,0
S00607,3,0,1,65.29,31.26,18.0,0.0,0,1
S00608,5,1,1,90.32,60.43,33.0,1.0,0,0
S00609,8,0,1,100.0,51.49,29.0,0.0,0,0
S00610,7,1,1,87.97,45.3,22.0,3.0,2,0
S00611,7,0,1,100.0,70.32,27.0,3.0,0,0
S00612,4,1,1,61.63,24.55,13.0,3.0,1,0
S00613,7,0,1,48.3,17.17,5.0,2.0,1,0
S00614,4,1,1,71.21,62.46,12.0,5.0,0,0
S00615,6,1,1,84.07,55.91,35.0,0.0,1,1
S00616,6,0,1,44.18,31.73,18.0,1.0,0,0
S00617,2,0,0,58.1,44.18,11.0,7.0,0,0
S00618,3,1,1,59.77,42.21,25.0,5.0,0,0
S00619,1,1,1,77.35,57.72,27.0,6.0,0,0
S00620,2,0,1,75.41,26.64,21.0,5.0,0,0
S00621,4,0,0,60.37,33.12,8.0,3.0,0,0
S00622,4,0,1,74.7,41.29,26.0,2.0,1,0
S00623,2,1,1,54.83,42.63,31.0,2.0,1,0
S00624,4,1,1,65.6,14.29,20.0,4.0,0,0
S00625,5,0,1,53.03,18.94,24.0,3.0,1,0
S00626,2,1,1,69.75,37.49,20.0,5.0,1,0
S00627,3,1,1,59.99,44.04,25.0,5.0,1,0
S00628,3,1,1,82.36,32.44,25.0,5.0,0,0
S00629,5,0,1,71.61,24.7,3.0,3.0,0,0
S00630,3,0,1,68.6,38.57,15.0,0.0,0,0
S00631,6,0,1,98.52,55.0,,0.0,0,0
S00632,3,0,1,77.75,58.0,33.0,0.0,0,0
S00633,4,0,1,66.48,,19.0,2.0,0,0
S00634,4,0,0,63.24,24.81,20.0,3.0,0,0
S00635,2,0,1,54.28,26.41,11.0,4.0,1,0
S00636,6,1,0,71.01,40.72,35.0,2.0,0,0
S00637,2,0,1,76.61,61.37,36.0,1.0,0,0
S00638,3,1,1,43.28,29.87,7.0,8.0,0,1
S00639,7,0,1,51.54,12.83,,0.0,1,1
S00640,8,1,1,64.26,,5.0,4.0,0,0
S00641,6,0,1,55.53,19.54,21.0,2.0,0,0
S00642,8,1,1,72.65,36.51,24.0,5.0,1,0
S00643,7,1,1,74.73,27.59,17.0,2.0,0,0
S00644,4,0,1,70.17,35.61,24.0,5.0,1,0
S00645,7,1,0,80.25,17.79,16.0,1.0,0,0
S00646,3,0,1,63.23,38.27,26.0,1.0,1,0
S00647,4,1,1,71.31,20.88,19.0,0.0,0,0
S00648,5,0,0,56.95,21.97,8.0,2.0,1,0
S00649,8,0,1,76.27,52.57,21.0,4.0,0,0
S00650,7,0,1,73.14,40.88,20.0,0.0,0,0
S00651,4,1,1,54.02,53.44,19.0,3.0,1,0
S00652,6,0,1,69.67,54.18,31.0,3.0,0,0
S00653,2,1,0,71.43,54.62,31.0,6.0,1,0
S00654,7,0,1,76.22,37.5,25.0,2.0,0,0
S00655,5,0,1,76.77,39.46,23.0,1.0,0,0
S00656,5,0,1,61.18,36.78,14.0,1.0,1,0
S00657,7,1,1,83.45,34.38,12.0,0.0,1,0
S00658,6,1,0,79.85,44.59,25.0,4.0,0,0
S00659,1,0,1,61.13,41.77,12.0,1.0,0,0
S00660,3,1,1,54.86,36.37,26.0,6.0,0,0
S00661,2,0,0,62.28,18.93,17.0,4.0,2,0
S00662,6,0,1,49.93,36.9,20.0,5.0,3,1
S00663,1,0,0,75.12,35.83,20.0,4.0,0,1
S00664,2,0,1,89.75,42.14,23.0,2.0,0,0
S00665,5,0,1,93.32,79.11,35.0,4.0,0,0
S00666,6,1,0,55.66,95.32982439109942,19.0,8.0,0,0
S00667,5,0,1,83.8,69.02,29.0,0.0,1,0
S00668,7,1,0,73.27,32.84,22.0,5.0,0,0
S00669,8,1,1,36.06,15.75,16.0,5.0,2,1
S00670,2,1,1,67.01,35.08,26.0,7.0,0,1
S00671,8,1,0,65.34,26.66,,6.0,1,0
S00672,5,1,1,90.16,46.58,,5.0,0,0
S00673,6,0,1,58.94,26.68,26.0,3.0,1,0
S00674,1,0,1,80.45,50.11,17.0,1.0,1,0
S00675,5,0,1,70.39,33.17,8.0,0.0,0,1
S00676,6,1,1,50.31,35.59,14.0,4.0,0,0
S00677,5,0,0,63.72,40.74,24.0,2.0,1,0
S00678,1,1,1,94.97,77.09,27.0,4.0,0,0
S00679,5,1,1,69.4,45.29,32.0,3.0,1,0
S00680,8,0,1,85.59,65.09,42.0,0.0,0,0
S00681,6,1,1,84.77,52.92,12.0,3.0,0,0
S00682,2,0,1,65.28,23.01,17.0,0.0,1,0
S00683,8,0,1,52.75,10.65,0.0,1.0,0,0
S00684,8,1,0,54.72,22.5,21.0,2.0,1,0
S00685,2,0,1,93.78,46.4,25.0,2.0,0,0
S00686,7,0,1,74.28,36.25,19.0,4.0,0,0
S00687,4,0,0,45.99,,22.0,0.0,1,1
S00688,5,0,1,84.51,99.45891517180141,16.0,1.0,0,0
S00689,4,1,1,45.2,2.19,0.0,6.0,1,1
S00690,7,1,0,59.61,8.49,0.0,2.0,1,0
S00691,8,0,1,73.22,40.08,33.0,0.0,0,0
S00692,7,0,1,100.0,50.83,41.0,0.0,0,0
S00693,8,0,1,84.24,30.7,24.0,1.0,0,0
S00694,8,1,0,64.76,27.6,10.0,5.0,0,0
S00695,1,1,0,72.42,45.85,29.0,8.0,0,0
S00696,3,0,1,85.8,58.13,49.0,7.0,0,0
S00697,6,0,0,93.33,45.8,28.0,5.0,0,0
S00698,5,1,1,68.29,32.98,11.0,5.0,0,0
S00699,1,1,1,68.72,25.77,31.0,7.0,1,0
S00700,1,0,1,59.55,35.41,9.0,1.0,0,0
S00701,5,1,0,81.98,44.36,23.0,3.0,0,0
S00702,5,0,0,87.39,42.12,7.0,4.0,0,0
S00703,2,0,1,42.92,22.95,10.0,2.0,1,1
S00704,2,1,0,66.05,15.43,10.0,2.0,0,1
S00705,2,0,1,53.8,30.19,,4.0,0,0
S00706,5,0,1,74.26,51.04,15.0,1.0,0,0
S00707,1,1,1,53.43,,22.0,5.0,1,0
S00708,5,1,0,52.2,25.92,14.0,3.0,2,1
S00709,4,0,1,88.85,58.33,29.0,0.0,0,0
S00710,4,1,1,69.52,51.12,26.0,4.0,1,0
S00711,6,1,0,71.1,53.46,22.0,1.0,0,0
S00712,5,1,1,78.48,49.48,20.0,2.0,0,0
S00713,6,1,1,86.56,60.04,21.0,3.0,1,0
S00714,7,1,1,65.72,39.02,24.0,7.0,0,0
S00715,8,0,1,66.06,95.20463718382261,5.0,8.0,0,0
S00716,7,0,1,66.12,33.5,34.0,0.0,1,0
S00717,5,1,1,88.22,57.83,29.0,2.0,1,0
S00718,4,1,0,70.98,40.03,19.0,4.0,0,0
S00719,2,0,1,67.63,44.77,23.0,,0,0
S00720,5,0,1,77.86,53.81,20.0,3.0,0,0
S00721,2,1,0,99.47,46.35,31.0,9.0,0,0
S00722,8,0,1,73.11,50.88,14.0,3.0,0,0
S00723,7,0,0,67.96,46.09,24.0,0.0,1,0
S00724,1,1,1,100.0,59.06,32.0,,0,0
S00725,7,1,0,91.95,40.39,31.0,2.0,0,0
S00726,1,1,1,89.77,50.49,41.0,5.0,0,0
S00727,6,1,1,64.49,,13.0,3.0,3,0
S00728,1,0,1,63.0,34.34,18.0,1.0,0,0
S00729,4,1,0,44.49,29.67,0.0,4.0,1,0
S00730,6,0,0,86.47,58.99,32.0,1.0,0,0
S00731,6,0,1,73.15,33.44,23.0,,1,0
S00732,4,1,1,,24.31,13.0,4.0,0,1
S00733,8,1,1,90.03,49.14,28.0,6.0,0,0
S00734,7,1,1,66.94,43.89,16.0,2.0,0,0
S00735,2,0,0,68.79,48.97,41.0,0.0,1,0
S00736,6,1,0,49.31,26.85,15.0,6.0,1,1
S00737,6,1,1,79.38,49.93,27.0,2.0,0,0
S00738,3,1,0,79.53,37.38,16.0,10.0,0,0
S00739,6,1,1,71.28,51.36,29.0,10.0,0,0
S00740,8,0,1,65.73,37.74,19.0,0.0,1,0
S00741,7,1,1,100.0,70.68,36.0,1.0,0,0
S00742,7,1,1,53.95,41.19,23.0,1.0,0,0
S00743,6,1,1,61.18,97.96889481855281,18.0,5.0,2,0
S00744,3,1,1,82.62,58.47,21.0,4.0,0,0
S00745,7,1,1,56.78,17.25,0.0,4.0,0,1
S00746,3,0,1,55.68,30.75,13.0,2.0,0,0
S00747,5,0,1,88.97,48.71,23.0,3.0,1,0
S00748,3,1,1,81.08,45.33,17.0,,0,0
S00749,3,1,1,,45.03,37.0,3.0,0,0
S00750,2,1,1,74.73,47.04,31.0,2.0,0,0
S00751,8,0,1,61.62,21.15,4.0,7.0,1,1
S00752,2,0,0,68.21,24.41,22.0,4.0,1,0
S00753,1,1,1,70.81,,15.0,3.0,0,0
S00754,8,1,1,84.69,51.85,30.0,5.0,0,0
S00755,5,0,1,78.39,30.35,18.0,4.0,0,0
S00756,4,1,1,58.08,26.47,13.0,3.0,0,0
S00757,6,0,1,83.84,56.19,34.0,2.0,0,0
S00758,4,0,1,46.82,35.68,20.0,0.0,3,1
S00759,2,0,1,67.19,51.22,33.0,2.0,1,0
S00760,6,0,1,54.87,19.56,15.0,3.0,0,1
S00761,2,0,1,59.14,49.38,6.0,0.0,1,0
S00762,5,1,0,100.0,44.91,,12.0,0,0
S00763,8,1,1,49.94,29.26,22.0,4.0,1,1
S00764,8,1,1,59.71,12.44,23.0,6.0,0,0
S00765,3,0,1,79.66,31.55,19.0,4.0,0,0
S00766,7,0,1,64.95,22.76,11.0,1.0,1,1
S00767,5,0,1,74.33,56.45,28.0,1.0,0,0
S00768,4,1,0,93.44,65.82,23.0,0.0,0,0
S00769,2,0,1,81.82,46.62,23.0,2.0,0,1
S00770,4,1,1,64.97,42.79,43.0,2.0,1,0
S00771,6,1,0,69.99,21.8,39.0,1.0,0,0
S00772,8,1,1,79.96,39.97,32.0,3.0,0,0
S00773,1,0,1,,24.86,21.0,1.0,0,1
S00774,6,0,1,72.31,30.76,,0.0,0,0
S00775,7,0,1,77.41,42.77,30.0,4.0,0,0
S00776,8,0,0,77.42,51.11,36.0,0.0,0,0
S00777,4,1,1,70.62,35.34,18.0,2.0,0,0
S00778,1,0,0,62.92,28.1,15.0,3.0,0,0
S00779,3,1,1,83.14,41.74,27.0,0.0,1,0
S00780,7,0,1,76.38,35.65,13.0,3.0,1,0
S00781,8,1,1,40.79,27.22,0.0,0.0,0,1
S00782,6,1,1,59.61,35.16,9.0,7.0,0,0
S00783,1,0,1,64.79,31.28,24.0,4.0,0,0
S00784,1,1,1,68.98,36.27,24.0,1.0,0,0
S00785,4,0,1,90.06,74.63,38.0,0.0,0,0
S00786,5,1,1,100.0,43.51,19.0,1.0,0,0
S00787,1,1,0,35.12,20.57,0.0,7.0,1,1
S00788,6,1,1,76.57,54.49,28.0,6.0,1,0
S00789,5,1,1,73.04,37.46,16.0,3.0,0,0
S00790,1,0,0,69.29,28.74,15.0,4.0,1,1
S00791,1,1,1,,29.81,33.0,5.0,0,0
S00792,4,1,0,74.25,45.26,19.0,4.0,0,0
S00793,6,0,0,1.820407267146832,95.86450279960201,17.0,3.0,2,1
S00794,7,0,1,72.44,,21.0,0.0,1,0
S00795,4,1,1,80.35,49.58,24.0,6.0,0,0
S00796,3,1,1,78.92,47.97,30.0,5.0,0,0
S00797,8,0,1,74.83,29.21,14.0,3.0,0,0
S00798,4,1,1,63.25,20.04,18.0,2.0,2,0
S00799,3,1,1,100.0,56.71,42.0,4.0,0,0
S00800,4,0,0,77.39,65.77,41.0,1.0,0,0
S00801,1,0,1,83.44,48.15,16.0,0.0,0,0
S00802,3,1,1,64.38,40.61,22.0,3.0,0,0
S00803,5,1,1,74.84,45.24,,3.0,1,0
S00804,8,1,0,74.72,,23.0,4.0,0,0
S00805,6,0,1,43.32,15.53,6.0,0.0,4,1
S00806,7,1,0,61.25,37.66,25.0,1.0,2,0
S00807,5,1,0,60.97,35.79,24.0,4.0,1,0
S00808,1,1,1,62.99,34.1,39.0,3.0,0,0
S00809,4,0,1,55.95,14.24,6.0,1.0,0,1
S00810,8,1,1,72.66,32.76,9.0,0.0,0,0
S00811,1,0,1,92.96,55.25,46.0,,0,0
S00812,8,0,1,73.96,95.00504166548345,23.0,4.0,0,0
S00813,6,1,1,54.28,25.76,12.0,6.0,3,0
S00814,3,1,0,56.54,45.61,,7.0,1,0
S00815,7,0,1,66.34,26.5,9.0,3.0,1,0
S00816,7,1,1,50.77,34.18,18.0,4.0,2,0
S00817,1,0,1,76.57,31.55,23.0,3.0,1,0
S00818,1,0,1,92.3,69.76,38.0,1.0,0,0
S00819,6,0,1,63.36,55.92,26.0,2.0,0,0
S00820,8,0,1,,40.35,,1.0,1,0
S00821,1,1,1,65.57,24.7,22.0,4.0,0,0
S00822,6,1,1,62.56,98.82670496206084,32.0,4.0,0,0
S00823,2,1,1,74.84,45.77,28.0,2.0,0,0
S00824,6,0,1,62.05,29.32,15.0,4.0,0,0
S00825,5,0,1,59.87,43.98,12.0,3.0,0,0
S00826,1,0,1,47.71,26.04,8.0,2.0,1,1
S00827,6,1,1,72.97,,27.0,2.0,0,0
S00828,8,0,0,88.01,53.32,18.0,2.0,0,0
S00829,7,0,1,82.61,25.64,27.0,3.0,0,0
S00830,1,1,1,94.38,49.48,24.0,10.0,0,0
S00831,2,1,0,61.88,30.08,9.0,1.0,0,0
S00832,2,0,1,84.76,47.86,18.0,0.0,0,0
S00833,4,0,0,55.46,24.79,16.0,2.0,1,0
S00834,2,1,1,82.64,47.55,32.0,2.0,0,0
S00835,7,0,1,96.66,46.48,26.0,0.0,0,0
S00836,7,0,1,79.48,41.37,9.0,9.0,0,0
S00837,7,1,1,4.940069749491851,95.25881682938746,,5.0,0,0
S00838,2,0,0,63.02,30.77,28.0,1.0,1,0
S00839,1,0,0,,49.74,29.0,5.0,0,0
S00840,8,0,1,58.26,,30.0,2.0,0,0
S00841,3,0,1,72.52,38.0,23.0,5.0,0,0
S00842,6,0,1,76.05,50.84,23.0,1.0,0,0
S00843,8,0,1,72.39,40.78,33.0,0.0,1,0
S00844,1,1,1,64.89,36.62,31.0,5.0,0,0
S00845,1,0,0,64.64,40.29,25.0,2.0,1,0
S00846,1,1,1,77.18,15.9,31.0,6.0,2,0
S00847,2,1,1,69.61,26.79,12.0,2.0,1,0
S00848,1,0,1,54.72,24.99,14.0,1.0,0,0
S00849,7,0,0,43.54,28.18,26.0,2.0,0,0
S00850,5,1,0,63.07,40.33,26.0,7.0,2,0
S00851,8,1,1,51.27,21.59,3.0,1.0,1,0
S00852,7,1,1,59.47,43.0,14.0,8.0,1,0
S00853,8,0,0,65.65,59.74,32.0,1.0,0,0
S00854,2,0,1,69.81,39.36,25.0,1.0,0,0
S00855,3,0,0,62.01,,20.0,4.0,0,1
S00856,7,1,0,100.0,69.48,34.0,3.0,0,0
S00857,2,1,1,53.08,26.13,15.0,4.0,0,0
S00858,1,0,1,90.14,42.18,25.0,0.0,0,0
S00859,6,1,1,69.56,43.41,15.0,6.0,1,0
S00860,7,0,0,62.14,99.14991197515246,27.0,3.0,2,0
S00861,8,1,1,80.81,54.32,27.0,3.0,0,0
S00862,8,0,0,65.21,31.99,26.0,4.0,2,0
S00863,1,1,1,59.9,32.14,22.0,0.0,0,0
S00864,7,1,0,98.85,69.48,43.0,4.0,0,0
S00865,7,1,1,39.08,0.53,14.0,4.0,0,1
S00866,6,0,1,68.33,36.65,28.0,0.0,0,0
S00867,7,1,1,74.85,52.55,25.0,5.0,0,0
S00868,7,1,1,93.12,45.74,22.0,0.0,0,0
S00869,4,0,1,66.02,46.13,18.0,0.0,1,0
S00870,1,0,0,100.0,51.11,,1.0,0,0
S00871,4,1,1,83.39,51.81,32.0,2.0,2,0
S00872,2,0,0,36.49,22.15,21.0,2.0,1,0
S00873,1,0,1,50.19,9.22,11.0,3.0,1,0
S00874,1,0,1,75.55,39.9,26.0,3.0,0,0
S00875,6,0,0,54.84,24.81,15.0,0.0,1,0
S00876,5,0,1,80.22,44.65,38.0,2.0,0,0
S00877,5,1,0,65.19,28.78,23.0,7.0,0,0
S00878,6,0,0,54.06,45.15,19.0,0.0,0,0
S00879,5,1,1,57.53,24.7,17.0,3.0,3,1
S00880,6,0,0,84.78,49.69,25.0,1.0,0,0
S00881,1,0,1,41.66,15.4,0.0,0.0,1,1
S00882,7,0,1,87.68,52.38,,0.0,0,0
S00883,4,1,1,88.12,95.32990695185707,30.0,0.0,0,0
S00884,2,1,0,67.03,52.77,21.0,5.0,0,0
S00885,7,0,1,50.93,23.07,16.0,3.0,0,0
S00886,6,0,1,80.34,54.24,33.0,2.0,0,0
S00887,1,0,0,64.7,48.2,,7.0,1,0
S00888,2,0,1,49.27,22.31,11.0,0.0,1,0
S00889,1,1,0,100.0,65.62,31.0,3.0,1,0
S00890,3,0,1,58.73,33.81,20.0,0.0,1,0
S00891,1,1,1,49.92,12.65,11.0,5.0,0,0
S00892,6,1,1,76.28,66.38,32.0,5.0,0,0
S00893,5,0,1,70.98,99.23387448410574,22.0,0.0,0,0
S00894,8,1,1,94.29,,32.0,2.0,0,0
S00895,6,0,1,66.29,28.81,14.0,4.0,2,0
S00896,5,1,0,66.45,97.91925869120895,59.0,1.0,0,0
S00897,5,0,1,77.03,54.68,36.0,0.0,0,0
S00898,1,1,1,74.99,55.44,13.0,1.0,0,0
S00899,1,0,1,75.45,53.77,27.0,4.0,0,0
S00900,5,0,1,76.08,43.64,23.0,0.0,0,0
S00901,1,1,1,74.47,54.92,26.0,4.0,0,0
S00902,1,0,1,65.75,35.49,24.0,0.0,1,0
S00903,2,0,0,84.49,39.5,9.0,1.0,1,0
S00904,8,1,0,66.6,35.25,27.0,1.0,0,0
S00905,4,0,0,84.07,62.36,36.0,3.0,0,0
S00906,6,1,1,92.82,53.55,40.0,1.0,0,0
S00907,4,1,1,61.84,16.98,11.0,5.0,0,0
S00908,2,1,1,100.0,42.66,32.0,8.0,0,0
S00909,3,0,1,61.31,20.34,14.0,4.0,1,0
S00910,1,0,1,61.42,30.83,3.0,0.0,0,0
S00911,7,1,0,80.1,40.36,20.0,3.0,0,0
S00912,2,0,1,78.62,39.64,16.0,1.0,0,0
S00913,4,0,1,73.08,45.59,25.0,1.0,1,0
S00914,8,0,1,84.27,45.75,14.0,4.0,1,0
S00915,5,0,0,75.79,35.01,16.0,1.0,0,0
S00916,4,1,1,100.0,52.93,28.0,5.0,0,0
S00917,5,1,0,71.2,37.82,28.0,5.0,0,0
S00918,7,1,1,59.18,47.24,40.0,3.0,0,1
S00919,3,1,1,63.72,35.38,22.0,0.0,1,0
S00920,6,0,0,79.07,31.23,17.0,4.0,0,0
S00921,7,0,1,79.29,42.55,20.0,3.0,0,0
S00922,5,0,1,75.1,51.2,29.0,,0,0
S00923,4,1,1,59.26,44.76,7.0,6.0,1,0
S00924,2,0,1,88.63,42.12,37.0,2.0,0,0
S00925,2,1,1,100.0,44.54,35.0,0.0,0,0
S00926,8,0,0,72.44,25.59,22.0,5.0,0,0
S00927,5,1,0,99.16,42.75,19.0,3.0,0,0
S00928,3,1,1,84.99,49.03,34.0,1.0,0,0
S00929,4,1,1,100.0,48.41,26.0,3.0,0,0
S00930,5,0,1,79.09,30.17,26.0,7.0,1,0
S00931,5,1,1,74.05,54.91,22.0,7.0,0,0
S00932,6,0,1,84.64,22.16,14.0,4.0,0,0
S00933,3,0,1,65.5,,18.0,0.0,1,0
S00934,6,0,0,78.11,44.37,15.0,2.0,0,0
S00935,4,0,1,91.96,63.05,24.0,3.0,0,0
S00936,8,1,1,84.29,38.77,30.0,7.0,1,0
S00937,2,0,0,71.54,39.02,28.0,1.0,1,0
S00938,2,0,1,,39.41,23.0,0.0,0,0
S00939,4,1,1,83.37,38.32,19.0,0.0,0,0
S00940,5,1,1,82.87,46.05,21.0,3.0,2,0
S00941,6,1,1,83.25,98.92533108931751,21.0,5.0,0,0
S00942,4,1,1,77.09,25.43,7.0,4.0,0,0
S00943,8,0,1,59.63,52.29,19.0,0.0,0,0
S00944,4,1,1,62.02,16.16,5.0,4.0,1,0
S00945,2,0,1,78.92,49.48,26.0,0.0,0,0
S00946,1,0,1,,43.79,15.0,0.0,0,0
S00947,8,0,1,82.53,44.28,17.0,0.0,0,0
S00948,2,1,1,61.87,11.9,24.0,9.0,1,0
S00949,8,0,1,69.73,37.03,22.0,0.0,1,0
S00950,3,1,1,54.39,20.46,1.0,0.0,0,0
S00951,1,0,1,51.13,29.22,10.0,1.0,0,0
S00952,3,0,1,73.22,28.48,25.0,0.0,0,0
S00953,5,0,1,92.37,52.68,,4.0,0,0
S00954,4,0,1,73.5,47.6,20.0,2.0,0,0
S00955,7,0,1,100.0,63.68,34.0,2.0,0,0
S00956,5,1,0,69.54,39.23,22.0,2.0,0,1
S00957,4,0,1,72.47,48.41,15.0,0.0,0,0
S00958,6,0,1,57.13,40.33,17.0,1.0,0,0
S00959,8,1,1,66.79,28.77,18.0,3.0,0,0
S00960,4,0,1,54.15,38.67,30.0,2.0,0,0
S00961,2,0,1,48.82,35.99,13.0,0.0,0,0
S00962,4,0,1,54.41,46.68,17.0,3.0,0,0
S00963,7,0,1,73.28,35.68,25.0,0.0,0,0
S00964,2,0,0,60.95,23.8,16.0,1.0,0,0
S00965,8,1,1,64.5,22.56,14.0,5.0,1,0
S00966,5,0,0,78.15,32.47,28.0,1.0,1,0
S00967,5,1,1,48.77,28.77,18.0,,2,1
S00968,3,0,1,73.22,,40.0,1.0,0,0
S00969,8,1,1,84.72,56.32,33.0,8.0,0,0
S00970,1,1,1,86.02,45.54,34.0,1.0,0,0
S00971,3,0,1,79.75,36.27,31.0,2.0,0,0
S00972,4,0,1,71.22,46.69,17.0,4.0,1,0
S00973,4,0,1,62.64,29.21,9.0,0.0,1,0
S00974,4,1,1,70.76,95.30559813259809,14.0,4.0,1,0
S00975,2,1,1,96.8,52.29,37.0,4.0,0,0
S00976,2,0,1,76.1,65.4,35.0,0.0,2,0
S00977,1,1,1,70.4,45.87,28.0,2.0,0,0
S00978,5,0,0,80.46,33.2,24.0,0.0,1,0
S00979,3,0,1,72.75,95.9696436324916,36.0,4.0,0,0
S00980,5,1,0,75.39,43.27,20.0,5.0,0,0
S00981,5,0,1,68.3,37.73,12.0,4.0,1,0
S00982,6,0,1,65.78,44.51,22.0,3.0,0,0
S00983,5,1,1,86.94,35.98,38.0,3.0,0,0
S00984,6,0,1,42.74,2.08,5.0,3.0,0,0
S00985,5,1,1,79.18,19.17,11.0,9.0,0,0
S00986,6,0,1,64.85,26.71,20.0,3.0,1,0
S00987,5,0,1,43.42,32.51,18.0,9.0,0,1
S00988,3,0,1,57.38,23.18,0.0,2.0,0,0
S00989,2,1,1,71.46,26.62,30.0,1.0,0,0
S00990,7,0,1,73.52,20.27,12.0,0.0,0,0
S00991,3,0,1,83.1,52.66,32.0,,2,0
S00992,5,1,0,84.12,50.65,,6.0,0,0
S00993,2,1,1,48.8,25.7,2.0,5.0,1,0
S00994,4,1,1,,61.17,29.0,2.0,1,0
S00995,5,1,1,82.93,55.23,36.0,0.0,0,0
S00996,6,0,1,75.28,57.52,24.0,3.0,1,0
S00997,5,1,0,79.54,78.1,44.0,3.0,0,0
S00998,3,1,1,43.01,17.24,4.0,1.0,1,1
S00999,8,1,1,57.15,34.56,9.0,4.0,2,0
S01000,5,1,1,92.49,28.98,27.0,6.0,0,0
S01001,7,0,1,67.8,43.47,18.0,2.0,0,0
S01002,6,0,1,100.0,46.9,,2.0,0,0
S01003,5,1,1,52.82,32.34,10.0,10.0,1,0
S01004,8,0,1,95.46,51.26,35.0,,0,0
S01005,2,0,1,62.84,41.21,23.0,5.0,1,0
S01006,8,0,0,84.94,42.19,40.0,1.0,0,0
S01007,7,1,0,67.57,32.03,17.0,2.0,0,0
S01008,5,1,1,73.74,50.1,26.0,6.0,1,0
S01009,6,1,1,80.93,51.0,30.0,2.0,0,0
S01010,5,1,1,62.8,15.29,19.0,1.0,3,1
S01011,3,1,1,84.02,44.71,25.0,4.0,0,0
S01012,7,1,1,68.01,22.93,4.0,3.0,0,0
S01013,2,0,1,74.67,31.94,24.0,1.0,1,0
S01014,3,1,1,32.32,12.33,13.0,5.0,1,0
S01015,5,0,1,66.94,44.52,20.0,2.0,0,0
S01016,7,0,1,90.95,,23.0,5.0,0,0
S01017,4,0,1,82.42,45.64,13.0,0.0,0,0
S01018,4,1,1,85.3,43.3,31.0,1.0,1,0
S01019,1,1,1,72.8,95.15230439625122,23.0,6.0,0,0
S01020,1,1,0,97.14,60.81,43.0,4.0,0,0
S01021,1,1,1,76.33,45.7,12.0,3.0,0,0
S01022,1,1,1,62.1,32.61,15.0,2.0,0,0
S01023,7,0,0,,48.09,16.0,1.0,0,0
S01024,7,1,1,85.84,52.99,36.0,5.0,0,0
S01025,7,1,0,81.44,55.94,36.0,11.0,0,0
S01026,1,1,0,65.96,53.38,36.0,5.0,1,0
S01027,1,0,0,76.22,33.65,28.0,3.0,0,0
S01028,3,0,0,92.9,53.58,36.0,4.0,0,0
S01029,5,1,1,79.16,43.18,28.0,4.0,0,0
S01030,3,0,1,49.83,37.15,19.0,5.0,2,1
S01031,4,0,0,62.57,34.34,19.0,5.0,1,0
S01032,2,0,0,61.87,29.35,24.0,5.0,1,0
S01033,6,0,1,60.69,37.49,35.0,0.0,1,0
S01034,3,0,1,40.33,24.06,13.0,0.0,1,0
S01035,1,1,1,,62.52,33.0,3.0,1,0
S01036,6,1,0,58.86,26.06,19.0,2.0,0,0
S01037,8,1,1,59.94,26.88,17.0,3.0,0,0
S01038,1,0,1,42.87,18.16,14.0,3.0,1,1
S01039,4,0,1,85.0,41.42,26.0,3.0,0,0
S01040,7,0,1,70.64,39.55,31.0,4.0,0,0
S01041,6,0,0,66.74,99.61867871658082,29.0,1.0,0,0
S01042,7,0,1,,55.33,38.0,,0,0
S01043,4,1,1,80.82,39.02,25.0,9.0,0,0
S01044,3,1,1,64.8,19.62,22.0,6.0,0,0
S01045,6,0,0,42.17,26.74,14.0,1.0,0,1
S01046,2,0,1,52.63,13.71,17.0,0.0,0,0
S01047,2,0,1,51.85,46.06,24.0,5.0,1,0
S01048,5,0,1,76.13,35.08,11.0,0.0,0,0
S01049,6,0,0,85.95,51.83,31.0,3.0,2,0
S01050,1,0,1,93.99,70.85,46.0,1.0,0,0
S01051,5,0,1,47.48,28.3,24.0,2.0,0,0
S01052,3,0,1,81.3,54.28,36.0,2.0,0,0
S01053,5,1,0,62.77,95.85880061688695,26.0,,0,0
S01054,8,0,1,100.0,70.91,28.0,1.0,0,0
S01055,1,0,1,92.75,69.58,24.0,0.0,0,0
S01056,8,0,0,97.53,51.45,26.0,5.0,0,0
S01057,4,0,0,84.04,57.55,18.0,0.0,0,0
S01058,7,1,1,77.73,26.07,32.0,1.0,0,0
S01059,4,1,1,65.96,39.8,32.0,0.0,1,0
S01060,3,1,1,63.01,43.02,23.0,6.0,0,0
S01061,7,1,1,,22.29,25.0,6.0,0,0
S01062,6,0,1,81.26,68.01,28.0,6.0,2,0
S01063,2,0,1,95.41,70.44,35.0,1.0,0,0
S01064,6,0,1,66.65,25.01,4.0,2.0,1,1
S01065,7,0,1,61.16,56.48,21.0,5.0,0,0
S01066,4,1,0,49.75,33.27,11.0,4.0,1,0
S01067,8,0,1,75.67,44.16,23.0,0.0,0,0
S01068,6,0,0,,56.13,31.0,0.0,0,0
S01069,3,0,1,91.19,40.86,24.0,4.0,0,0
S01070,1,0,1,92.68,49.24,21.0,0.0,0,0
S01071,6,1,1,78.23,,19.0,4.0,1,0
S01072,2,0,1,73.35,34.86,11.0,1.0,0,0
S01073,7,0,1,91.23,47.54,20.0,2.0,0,0
S01074,5,0,1,55.35,28.3,8.0,0.0,0,0
S01075,4,1,1,65.39,30.53,9.0,3.0,0,0
S01076,2,0,1,97.66,80.59,36.0,0.0,0,0
S01077,6,1,1,55.88,10.73,9.0,7.0,0,0
S01078,2,0,1,71.48,14.07,7.0,0.0,2,1
S01079,4,0,1,81.47,35.32,23.0,3.0,0,0
S01080,7,1,1,73.24,36.12,14.0,4.0,0,0
S01081,8,0,1,89.24,51.73,40.0,2.0,0,0
S01082,8,0,1,94.89,39.81,32.0,6.0,0,0
S01083,8,1,1,79.19,57.26,13.0,0.0,0,0
S01084,5,0,0,92.85,59.53,34.0,4.0,0,0
S01085,2,0,1,58.07,28.9,18.0,3.0,1,0
S01086,7,1,1,69.64,28.62,20.0,5.0,1,0
S01087,7,0,1,100.0,59.81,,0.0,0,0
S01088,8,0,1,100.0,47.42,25.0,0.0,1,0
S01089,6,0,1,52.85,36.98,24.0,2.0,1,0
S01090,2,1,1,71.81,25.22,19.0,7.0,0,0
S01091,5,0,1,74.04,33.28,23.0,2.0,1,0
S01092,4,0,0,78.25,49.33,19.0,4.0,0,0
S01093,7,1,1,91.11,42.39,24.0,0.0,0,0
S01094,4,1,1,99.59,60.64,29.0,6.0,0,0
S01095,3,1,0,72.56,31.81,7.0,8.0,0,0
S01096,1,0,1,88.83,48.37,31.0,1.0,0,0
S01097,7,0,1,81.72,39.12,27.0,1.0,2,0
S01098,7,0,1,71.68,34.35,10.0,1.0,0,0
S01099,1,1,1,46.53,26.03,19.0,5.0,1,0
S01100,4,0,0,87.28,30.85,40.0,3.0,0,0
S01101,4,1,1,81.08,53.6,,4.0,1,0
S01102,4,0,1,77.84,97.25831090454876,18.0,3.0,1,0
S01103,8,1,1,57.28,21.57,26.0,2.0,1,0
S01104,2,1,1,100.0,56.12,36.0,8.0,0,0
S01105,3,0,1,74.29,37.28,22.0,0.0,0,0
S01106,2,1,1,54.88,23.88,23.0,5.0,1,0
S01107,2,1,1,52.47,36.45,18.0,5.0,0,1
S01108,8,0,1,82.16,65.97,38.0,0.0,0,0
S01109,8,0,0,,41.49,26.0,1.0,0,0
S01110,1,1,0,65.05,33.29,23.0,5.0,0,0
S01111,6,0,0,78.94,39.12,34.0,0.0,1,0
S01112,2,0,1,4.915089606030088,98.04760451595942,6.0,4.0,0,0
S01113,2,0,0,74.1,,32.0,3.0,1,0
S01114,3,1,0,61.48,51.09,15.0,4.0,0,0
S01115,2,0,1,86.42,48.99,32.0,1.0,0,0
S01116,4,1,1,,52.01,40.0,0.0,0,0
S01117,8,0,1,80.52,43.02,23.0,4.0,0,1
S01118,5,0,0,59.49,96.51158582057961,14.0,2.0,0,0
S01119,6,1,0,52.03,16.85,15.0,2.0,3,1
S01120,4,0,0,73.15,60.34,11.0,3.0,0,0
S01121,1,0,1,85.94,61.54,45.0,0.0,0,0
S01122,1,0,0,87.61,54.95,,2.0,0,0
S01123,3,1,1,80.77,74.39,39.0,2.0,0,0
S01124,2,0,1,65.24,,17.0,,1,0
S01125,7,0,1,59.94,24.51,18.0,3.0,0,0
S01126,7,0,0,71.75,32.81,,2.0,1,0
S01127,7,0,0,71.89,54.96,14.0,4.0,0,0
S01128,6,0,1,88.61,57.41,28.0,5.0,0,0
S01129,5,0,1,64.8,38.42,27.0,1.0,1,0
S01130,6,0,1,66.05,30.44,19.0,3.0,1,0
S01131,4,0,1,100.0,51.62,29.0,5.0,0,0
S01132,6,1,0,95.27,62.06,40.0,6.0,0,0
S01133,7,1,1,58.76,56.31,29.0,3.0,0,0
S01134,7,0,1,94.03,58.45,43.0,4.0,0,0
S01135,5,0,1,55.17,18.99,11.0,2.0,0,0
S01136,1,0,1,65.49,20.87,,2.0,0,0
S01137,6,1,0,67.2,41.68,17.0,3.0,0,0
S01138,3,0,1,70.84,53.15,28.0,2.0,0,0
S01139,6,0,1,81.3,58.9,16.0,3.0,0,0
S01140,5,0,0,73.6,63.35,14.0,2.0,0,0
S01141,8,0,1,81.22,27.44,20.0,3.0,0,0
S01142,3,0,1,65.97,33.2,13.0,2.0,2,0
S01143,8,0,1,77.61,99.218174310545,32.0,0.0,0,0
S01144,7,1,0,73.18,97.8729326470603,29.0,2.0,3,0
S01145,3,1,1,51.18,17.67,11.0,2.0,1,0
S01146,4,1,1,79.25,46.62,23.0,0.0,0,0
S01147,5,1,1,,18.27,3.0,0.0,1,1
S01148,7,0,1,61.29,36.88,15.0,0.0,3,0
S01149,6,1,1,65.63,52.93,30.0,7.0,0,0
S01150,7,1,1,66.0,96.22250233940129,59.0,3.0,0,0
S01151,3,1,1,68.33,44.69,12.0,4.0,0,0
S01152,5,1,1,98.38,62.21,43.0,4.0,0,0
S01153,4,0,1,100.0,61.46,24.0,3.0,0,0
S01154,8,0,1,31.11,25.59,20.0,3.0,1,1
S01155,3,0,1,79.32,46.46,48.0,4.0,1,0
S01156,5,0,0,86.32,47.79,27.0,3.0,1,0
S01157,1,0,1,68.76,38.59,31.0,3.0,1,0
S01158,7,0,0,85.92,49.8,14.0,2.0,0,0
S01159,4,0,0,96.81,45.36,18.0,8.0,0,0
S01160,3,1,0,51.42,35.63,9.0,7.0,0,0
S01161,5,1,1,74.01,49.77,30.0,1.0,0,0
S01162,4,1,1,100.0,58.51,33.0,6.0,0,0
S01163,7,0,1,53.43,30.86,14.0,3.0,2,1
S01164,5,1,1,70.27,43.46,11.0,3.0,2,0
S01165,5,1,1,65.27,42.28,19.0,0.0,0,1
S01166,1,1,1,87.78,56.17,,4.0,0,0
S01167,1,1,1,89.87,36.12,21.0,3.0,0,0
S01168,4,0,0,74.43,31.84,,1.0,1,0
S01169,8,0,1,72.48,41.05,24.0,2.0,0,0
S01170,8,1,0,46.21,19.34,7.0,2.0,1,0
S01171,6,1,0,93.35,42.95,30.0,5.0,0,0
S01172,6,0,1,66.7,42.21,,0.0,0,0
S01173,4,0,1,69.87,29.54,26.0,1.0,1,0
S01174,2,0,1,86.57,59.42,30.0,1.0,0,0
S01175,1,0,0,74.96,58.8,22.0,1.0,0,0
S01176,3,1,1,87.06,44.28,29.0,3.0,0,0
S01177,3,1,1,81.05,26.77,33.0,2.0,0,0
S01178,2,0,1,75.06,31.25,12.0,3.0,1,0
S01179,3,0,1,76.66,35.47,25.0,2.0,3,0
S01180,1,0,0,55.16,10.99,6.0,6.0,0,0
S01181,5,0,0,69.77,43.1,22.0,3.0,0,0
S01182,8,0,1,88.26,52.71,26.0,4.0,0,0
S01183,6,1,1,58.52,36.54,17.0,4.0,1,0
S01184,4,1,1,61.27,27.72,25.0,3.0,0,0
S01185,4,0,1,58.81,46.34,24.0,1.0,0,0
S01186,3,1,1,74.3,39.15,32.0,1.0,0,0
S01187,2,1,1,93.04,40.2,27.0,2.0,2,0
S01188,5,0,0,80.21,36.7,31.0,3.0,0,0
S01189,5,1,0,39.35,15.81,15.0,5.0,1,1
S01190,1,1,1,,45.3,23.0,4.0,0,0
S01191,4,1,1,65.37,26.12,21.0,5.0,0,0
S01192,3,0,1,79.64,35.71,24.0,1.0,0,0
S01193,2,0,0,69.76,60.27,33.0,4.0,0,0
S01194,6,0,0,59.09,29.21,24.0,5.0,1,1
S01195,5,0,1,70.93,46.68,19.0,0.0,1,0
S01196,6,0,1,65.38,35.48,17.0,2.0,0,0
S01197,6,1,1,76.62,56.19,32.0,2.0,2,0
S01198,8,0,1,58.71,39.59,28.0,2.0,1,0
S01199,7,0,1,55.13,31.67,,1.0,1,0
S01200,5,1,1,82.98,45.91,32.0,1.0,0,0
S01201,8,0,1,88.63,47.02,39.0,3.0,0,0
S01202,4,0,1,80.7,46.83,24.0,1.0,2,0
S01203,8,1,1,,29.44,20.0,0.0,1,0
S01204,7,0,1,60.9,15.88,22.0,2.0,0,0
S01205,6,0,1,61.76,35.67,15.0,1.0,2,0
S01206,8,1,1,,53.58,41.0,3.0,0,0
S01207,5,0,0,59.62,34.63,14.0,2.0,0,0
S01208,6,0,1,85.26,48.11,28.0,4.0,0,0
S01209,3,0,1,81.55,60.96,41.0,1.0,0,0
S01210,8,1,1,90.57,47.74,14.0,6.0,0,0
S01211,5,0,1,87.95,48.9,30.0,1.0,0,0
S01212,7,1,1,80.14,46.05,20.0,1.0,0,0
S01213,4,0,1,49.97,40.2,14.0,2.0,1,0
S01214,7,1,1,81.15,,16.0,9.0,1,0
S01215,1,0,1,73.73,19.58,20.0,2.0,0,0
S01216,1,0,1,66.4,46.57,,1.0,3,0
S01217,5,0,1,92.43,59.12,32.0,0.0,0,0
S01218,6,1,1,69.73,70.22,29.0,5.0,1,0
S01219,7,0,1,64.06,27.23,1.0,1.0,0,1
S01220,4,0,1,88.86,46.47,27.0,0.0,0,0
S01221,6,0,1,65.92,40.39,19.0,5.0,4,0
S01222,5,0,1,63.31,43.49,,1.0,1,0
S01223,8,1,1,55.09,36.68,17.0,4.0,2,0
S01224,6,0,0,59.7,27.1,11.0,5.0,1,0
S01225,4,0,1,60.98,40.23,6.0,6.0,0,0
S01226,8,0,1,81.32,36.77,28.0,6.0,0,0
S01227,1,0,0,56.71,20.52,9.0,2.0,3,0
S01228,8,0,0,44.13,,,4.0,1,0
S01229,2,0,1,,,17.0,4.0,0,0
S01230,3,0,0,62.49,98.64923504783667,25.0,5.0,0,0
S01231,7,1,1,71.76,41.09,22.0,6.0,1,0
S01232,6,0,0,91.24,71.71,29.0,0.0,0,0
S01233,8,1,1,73.07,37.59,21.0,2.0,1,0
S01234,6,0,1,94.64,44.43,27.0,3.0,0,0
S01235,6,0,0,,39.14,20.0,3.0,0,0
S01236,3,0,1,87.1,62.32,37.0,0.0,0,0
S01237,1,0,0,63.79,32.87,7.0,1.0,0,1
S01238,1,1,1,,98.68795147512549,18.0,6.0,0,0
S01239,3,1,1,58.01,27.88,26.0,3.0,0,0
S01240,1,1,0,59.79,24.66,25.0,3.0,1,0
S01241,5,1,1,68.63,54.55,32.0,2.0,1,0
S01242,7,0,0,52.07,16.95,15.0,6.0,1,0
S01243,8,0,0,74.39,24.78,13.0,2.0,1,1
S01244,4,1,1,67.46,25.7,12.0,6.0,1,0
S01245,8,0,1,75.52,31.54,21.0,4.0,0,0
S01246,8,0,1,52.3,25.11,21.0,0.0,2,0
S01247,7,1,1,82.53,27.84,24.0,3.0,0,0
S01248,4,1,1,97.46,67.51,29.0,7.0,0,0
S01249,3,1,1,94.3,39.42,34.0,4.0,0,0
S01250,8,0,0,100.0,79.33,33.0,0.0,0,0
S01251,2,1,1,72.64,46.88,19.0,6.0,0,0
S01252,4,0,1,,60.65,13.0,2.0,2,0
S01253,1,0,1,79.31,41.14,33.0,3.0,0,0
S01254,7,0,1,68.43,38.41,30.0,1.0,1,0
S01255,6,1,1,45.89,34.77,5.0,7.0,0,0
S01256,1,1,1,84.29,36.01,24.0,0.0,1,0
S01257,2,1,1,68.48,48.89,26.0,1.0,0,0
S01258,5,0,1,49.99,21.85,5.0,1.0,0,1
S01259,5,0,0,64.38,47.11,23.0,1.0,0,0
S01260,7,0,0,68.83,51.15,19.0,5.0,0,0
S01261,3,1,1,72.18,30.43,13.0,5.0,0,0
S01262,8,0,0,72.36,39.98,,0.0,0,0
S01263,4,0,0,92.54,37.86,27.0,4.0,0,0
S01264,7,1,1,52.67,16.68,20.0,2.0,1,0
S01265,2,0,0,69.72,29.26,13.0,3.0,0,0
S01266,1,1,1,58.82,38.84,30.0,3.0,1,0
S01267,1,0,1,90.84,53.52,45.0,2.0,0,0
S01268,3,1,1,63.58,31.97,7.0,6.0,0,0
S01269,8,0,0,66.84,43.91,19.0,2.0,1,0
S01270,1,0,0,87.75,49.41,39.0,0.0,0,0
S01271,3,0,0,91.87,45.64,26.0,1.0,0,0
S01272,1,0,0,94.09,67.04,34.0,0.0,0,0
S01273,8,1,1,47.35,23.03,0.0,5.0,1,1
S01274,6,0,1,79.24,39.75,19.0,3.0,0,0
S01275,7,0,1,,37.13,26.0,5.0,1,0
S01276,6,1,1,71.23,46.16,17.0,0.0,0,0
S01277,6,0,1,73.0,96.13511496607174,20.0,1.0,1,0
S01278,7,1,0,91.29,26.06,17.0,2.0,1,0
S01279,1,1,1,87.58,31.44,33.0,2.0,0,0
S01280,7,0,1,85.45,34.96,17.0,0.0,0,0
S01281,6,1,0,75.1,38.17,36.0,3.0,0,0
S01282,6,0,0,100.0,54.23,27.0,4.0,0,0
S01283,4,0,1,65.99,21.47,27.0,0.0,0,0
S01284,7,0,1,47.76,29.25,19.0,3.0,2,1
S01285,4,1,1,68.02,24.09,13.0,3.0,0,0
S01286,1,1,1,72.87,48.62,18.0,3.0,3,0
S01287,8,0,1,91.55,,,0.0,0,0
S01288,2,1,1,64.34,43.17,17.0,3.0,2,0
S01289,1,0,1,79.37,38.56,15.0,3.0,0,0
S01290,5,1,1,49.84,24.62,19.0,2.0,1,0
S01291,2,1,1,88.22,34.03,23.0,2.0,0,0
S01292,7,1,1,73.02,32.16,22.0,0.0,1,0
S01293,4,1,1,67.79,55.33,29.0,2.0,1,0
S01294,1,1,1,100.0,57.51,,3.0,0,0
S01295,8,0,1,88.05,38.08,23.0,6.0,0,0
S01296,5,1,1,56.4,38.14,25.0,3.0,1,0
S01297,3,1,1,70.36,36.8,27.0,8.0,1,0
S01298,6,1,0,100.0,46.36,27.0,2.0,0,0
S01299,5,0,1,100.0,49.71,28.0,1.0,0,0
S01300,1,1,1,85.84,61.38,35.0,5.0,0,0
S01301,7,0,1,44.29,26.81,19.0,5.0,3,0
S01302,4,0,1,91.98,52.72,18.0,5.0,0,0
S01303,6,0,1,62.47,26.07,11.0,3.0,0,0
S01304,8,0,1,91.85,47.98,35.0,2.0,0,0
S01305,5,1,0,61.16,43.54,9.0,5.0,0,0
S01306,6,0,1,79.33,36.49,31.0,1.0,1,0
S01307,3,1,1,62.4,38.72,34.0,5.0,2,0
S01308,2,1,1,66.55,49.24,23.0,3.0,0,0
S01309,4,0,0,81.33,36.86,18.0,4.0,0,0
S01310,7,1,0,52.22,47.89,17.0,4.0,0,0
S01311,5,0,1,100.0,51.54,41.0,6.0,0,0
S01312,3,1,1,56.59,37.96,18.0,6.0,0,0
S01313,7,1,0,55.75,49.36,20.0,3.0,1,0
S01314,7,0,0,81.38,43.93,19.0,1.0,1,0
S01315,8,1,1,91.38,52.61,24.0,0.0,0,0
S01316,3,0,0,67.14,49.11,28.0,5.0,0,0
S01317,6,0,1,55.93,2.29,11.0,7.0,1,0
S01318,5,1,1,58.16,37.55,0.0,1.0,0,0
S01319,4,0,1,,33.03,14.0,2.0,1,0
S01320,4,1,1,76.62,44.75,27.0,1.0,0,0
S01321,1,0,0,70.95,45.45,31.0,4.0,1,0
S01322,3,0,1,78.39,29.89,,0.0,0,0
S01323,5,1,1,77.47,52.54,25.0,3.0,0,0
S01324,8,0,1,84.36,96.58920434361248,32.0,6.0,0,0
S01325,7,1,1,65.85,27.27,21.0,6.0,1,0
S01326,2,0,1,60.93,38.98,21.0,3.0,1,0
S01327,6,1,1,74.34,46.2,,6.0,1,0
S01328,1,1,1,71.18,96.89106512263372,25.0,5.0,0,0
S01329,6,0,1,75.79,52.08,18.0,3.0,0,0
S01330,3,0,1,61.32,40.29,34.0,0.0,1,0
S01331,4,0,1,81.63,33.37,7.0,,0,0
S01332,6,1,1,54.32,38.93,,2.0,0,0
S01333,4,0,0,65.39,96.58844983931041,23.0,1.0,0,0
S01334,7,0,1,88.94,46.41,31.0,1.0,0,0
S01335,5,1,1,55.03,14.03,,2.0,1,0
S01336,8,0,1,87.75,40.85,15.0,4.0,0,0
S01337,6,0,1,50.86,27.03,,3.0,0,0
S01338,3,0,0,48.22,33.09,25.0,1.0,0,1
S01339,7,0,1,49.59,38.03,16.0,1.0,1,1
S01340,4,1,1,73.75,50.8,29.0,5.0,0,0
S01341,5,1,1,82.94,45.97,23.0,7.0,0,0
S01342,2,1,1,91.39,65.43,32.0,3.0,0,0
S01343,1,1,1,90.19,98.06195876913377,39.0,3.0,1,0
S01344,5,0,1,84.94,51.43,25.0,3.0,0,0
S01345,2,0,1,59.52,46.46,27.0,2.0,1,0
S01346,8,1,1,59.39,45.18,5.0,4.0,1,0
S01347,7,1,1,83.82,45.99,22.0,2.0,0,0
S01348,6,1,0,93.32,50.45,34.0,4.0,0,0
S01349,6,0,0,56.53,38.77,32.0,7.0,1,1
S01350,5,1,1,91.41,52.22,30.0,5.0,0,0
S01351,1,1,1,43.19,12.55,,3.0,1,1
S01352,4,1,1,77.85,51.33,40.0,5.0,0,0
S01353,4,1,1,70.44,56.41,21.0,4.0,0,0
S01354,8,0,0,68.94,24.3,27.0,0.0,0,0
S01355,2,0,1,72.47,,20.0,2.0,0,0
S01356,4,0,1,59.19,18.01,19.0,0.0,0,0
S01357,3,0,1,78.69,32.15,20.0,0.0,1,1
S01358,2,1,1,72.91,37.74,41.0,5.0,0,0
S01359,1,0,1,86.03,44.84,37.0,1.0,0,0
S01360,3,0,0,95.86,50.51,45.0,7.0,0,0
S01361,1,0,1,73.9,42.57,17.0,1.0,0,0
S01362,1,1,1,59.72,15.94,3.0,0.0,1,0
S01363,3,0,0,54.93,17.43,14.0,2.0,1,1
S01364,2,0,1,,45.43,52.0,0.0,0,0
S01365,5,1,1,95.56,62.17,28.0,8.0,0,0
S01366,1,0,1,85.31,65.52,36.0,2.0,1,0
S01367,3,0,1,72.9,39.2,15.0,3.0,2,0
S01368,4,0,1,84.23,44.96,20.0,0.0,0,0
S01369,8,1,1,91.57,57.71,29.0,5.0,0,0
S01370,6,1,1,62.73,51.23,36.0,0.0,0,0
S01371,8,1,1,72.45,32.93,31.0,5.0,0,0
S01372,3,0,1,55.41,,0.0,4.0,0,0
S01373,4,1,0,,51.32,27.0,2.0,0,0
S01374,4,1,1,95.16,43.63,22.0,0.0,0,0
S01375,8,0,1,88.18,48.35,23.0,1.0,0,0
S01376,8,0,0,74.03,55.23,27.0,5.0,1,0
S01377,8,0,1,31.6,46.06,19.0,0.0,1,0
S01378,7,1,1,62.16,49.72,30.0,2.0,1,0
S01379,5,0,1,73.54,29.73,26.0,3.0,0,0
S01380,5,0,1,68.76,32.56,24.0,0.0,0,0
S01381,8,1,0,72.49,57.62,33.0,4.0,0,0
S01382,3,1,1,75.64,28.29,11.0,6.0,0,0
S01383,3,1,0,63.99,51.31,34.0,1.0,0,1
S01384,8,1,1,71.89,53.97,16.0,4.0,0,0
S01385,4,0,1,69.76,50.58,24.0,2.0,0,0
S01386,2,1,1,61.45,50.01,15.0,1.0,1,0
S01387,5,0,1,99.7,39.99,23.0,3.0,0,0
S01388,3,0,1,64.85,18.55,24.0,,0,0
S01389,8,1,1,38.19,13.41,12.0,4.0,1,1
S01390,8,0,1,,55.05,,0.0,0,0
S01391,3,0,0,59.31,23.09,17.0,6.0,0,0
S01392,5,1,0,,45.91,39.0,2.0,0,0
S01393,8,0,1,61.79,41.28,36.0,3.0,0,0
S01394,6,0,0,80.54,45.58,36.0,7.0,0,0
S01395,2,1,1,71.28,48.85,24.0,8.0,0,0
S01396,5,1,1,87.0,42.45,15.0,3.0,0,0
S01397,5,1,1,68.79,34.59,26.0,4.0,0,0
S01398,6,0,1,62.17,46.41,24.0,3.0,1,0
S01399,1,1,1,75.86,73.92,30.0,3.0,0,0
S01400,3,1,1,66.26,36.61,11.0,7.0,1,0
S01401,7,0,0,43.06,21.36,19.0,0.0,1,1
S01402,2,0,1,62.98,24.57,32.0,2.0,0,0
S01403,3,0,0,100.0,49.75,25.0,5.0,0,0
S01404,3,0,1,44.68,14.89,18.0,0.0,0,0
S01405,2,0,1,75.62,,17.0,1.0,0,0
S01406,2,1,1,68.36,54.07,20.0,1.0,0,0
S01407,3,1,1,99.55,43.67,25.0,2.0,0,0
S01408,7,0,1,55.33,23.24,14.0,5.0,1,0
S01409,1,1,1,73.52,46.52,20.0,6.0,0,0
S01410,3,0,1,82.29,40.07,29.0,0.0,0,0
S01411,1,0,1,69.31,24.64,29.0,0.0,0,0
S01412,5,1,1,60.49,50.03,28.0,2.0,2,0
S01413,3,0,1,71.67,23.1,17.0,0.0,0,0
S01414,7,1,0,67.36,37.92,24.0,6.0,0,0
S01415,5,0,1,67.32,31.41,12.0,0.0,0,0
S01416,7,0,1,85.96,43.44,27.0,1.0,0,0
S01417,6,0,1,78.04,49.61,25.0,5.0,1,0
S01418,4,0,1,80.28,25.66,18.0,1.0,0,1
S01419,7,1,1,76.95,48.65,29.0,7.0,0,0
S01420,4,1,1,86.4,38.81,26.0,4.0,0,0
S01421,8,0,0,91.56,,31.0,2.0,0,0
S01422,8,0,1,67.7,34.1,31.0,6.0,1,0
S01423,5,1,1,84.29,46.15,23.0,3.0,0,0
S01424,6,1,1,52.56,40.11,22.0,4.0,0,0
S01425,3,0,1,38.2,24.41,22.0,6.0,0,1
S01426,7,0,1,,57.83,43.0,2.0,0,0
S01427,6,0,1,67.0,28.1,19.0,0.0,1,1
S01428,8,0,1,75.79,39.08,16.0,1.0,0,0
S01429,3,0,1,53.62,36.15,10.0,2.0,1,0
S01430,7,0,1,52.93,21.67,3.0,7.0,1,0
S01431,4,0,1,61.31,50.25,24.0,2.0,0,0
S01432,2,0,1,81.64,45.86,32.0,4.0,1,0
S01433,2,0,0,64.25,55.16,21.0,0.0,0,0
S01434,5,1,0,66.96,11.99,10.0,2.0,1,0
S01435,3,1,1,60.83,26.18,15.0,6.0,2,0
S01436,1,0,1,89.49,47.35,40.0,1.0,0,0
S01437,4,0,1,85.03,97.15958240497058,32.0,3.0,1,0
S01438,6,0,0,64.74,,26.0,5.0,0,0
S01439,3,1,1,82.26,85.03,,0.0,0,0
S01440,8,1,1,68.32,98.17380826746866,24.0,3.0,1,0
S01441,7,0,1,66.94,36.75,3.0,2.0,0,0
S01442,5,1,0,71.25,26.83,13.0,7.0,0,0
S01443,8,1,1,81.65,43.54,28.0,6.0,1,0
S01444,4,1,0,58.62,39.23,18.0,10.0,2,0
S01445,2,0,1,79.54,28.64,24.0,0.0,2,0
S01446,1,0,1,100.0,44.06,31.0,5.0,0,0
S01447,8,1,1,74.75,39.19,17.0,2.0,1,0
S01448,8,0,1,72.54,40.37,26.0,0.0,0,0
S01449,6,1,1,70.74,46.96,33.0,4.0,1,0
S01450,1,1,1,79.17,34.34,39.0,7.0,1,0
S01451,3,0,1,47.84,29.23,27.0,3.0,0,1
S01452,1,0,1,97.52,48.45,24.0,6.0,0,0
S01453,1,0,1,86.72,50.61,28.0,1.0,0,0
S01454,2,0,1,62.33,41.4,16.0,0.0,0,0
S01455,5,1,1,72.47,42.94,27.0,0.0,1,0
S01456,1,1,1,63.64,23.98,19.0,,0,0
S01457,8,0,0,76.49,44.83,22.0,3.0,0,0
S01458,4,1,0,72.92,28.65,34.0,6.0,0,0
S01459,3,0,0,75.43,43.15,24.0,4.0,0,0
S01460,5,1,1,56.58,36.45,18.0,0.0,1,0
S01461,7,0,1,64.78,36.77,23.0,2.0,0,0
S01462,3,1,0,89.19,59.22,34.0,4.0,0,0
S01463,1,1,1,63.99,24.88,25.0,5.0,0,0
S01464,1,0,1,32.35,46.11,21.0,3.0,1,0
S01465,7,1,1,69.74,24.16,11.0,4.0,2,0
S01466,1,1,1,100.0,31.43,35.0,1.0,0,0
S01467,6,0,1,84.73,34.09,26.0,3.0,0,0
S01468,4,1,0,63.24,63.13,17.0,3.0,0,0
S01469,7,1,1,71.24,97.70398656176583,28.0,5.0,0,0
S01470,1,1,1,82.2,38.2,36.0,6.0,0,0
S01471,8,0,1,45.66,34.01,8.0,0.0,1,1
S01472,6,1,0,59.16,51.95,31.0,8.0,0,0
S01473,4,1,1,77.98,23.17,13.0,5.0,0,0
S01474,2,1,0,95.92,68.57,36.0,5.0,0,0
S01475,8,0,1,65.41,28.54,13.0,4.0,0,0
S01476,3,0,0,95.51,58.18,26.0,0.0,0,0
S01477,4,1,0,60.69,43.38,19.0,3.0,0,0
S01478,4,0,1,3.4661731054527403,96.23902899586399,1.0,1.0,1,0
S01479,2,0,1,83.16,33.25,4.0,0.0,1,0
S01480,4,0,1,80.11,38.81,30.0,0.0,0,0
S01481,2,1,0,83.04,54.97,33.0,1.0,0,0
S01482,1,0,0,,53.69,25.0,4.0,0,0
S01483,3,1,1,74.88,45.61,22.0,6.0,0,0
S01484,1,1,1,68.12,,18.0,6.0,0,0
S01485,4,1,0,,98.78800124473496,8.0,5.0,1,0
S01486,7,1,0,65.09,12.23,5.0,2.0,2,1
S01487,2,0,1,65.99,47.21,27.0,0.0,1,0
S01488,1,1,0,44.83,26.38,,1.0,0,0
S01489,1,0,1,53.79,43.13,21.0,3.0,0,1
S01490,5,1,1,69.55,41.92,25.0,4.0,0,0
S01491,3,0,1,38.39,29.88,17.0,2.0,1,0
S01492,4,1,1,41.88,31.09,17.0,9.0,2,1
S01493,1,1,1,66.99,30.07,14.0,2.0,1,0
S01494,3,0,1,70.08,32.52,24.0,3.0,0,1
S01495,4,1,1,67.3,45.28,18.0,6.0,1,0
S01496,4,0,1,36.3,21.26,7.0,0.0,0,1
S01497,5,0,1,95.29,60.88,,0.0,0,0
S01498,7,0,0,50.46,,27.0,7.0,1,0
S01499,4,0,0,59.73,30.08,0.0,3.0,2,0
S01500,7,1,1,53.07,41.83,14.0,4.0,0,0
S01501,5,1,0,91.49,46.59,27.0,1.0,0,0
S01502,3,0,1,78.32,53.67,34.0,0.0,1,0
S01503,2,1,1,64.9,43.32,8.0,1.0,1,0
S01504,3,1,1,63.85,19.36,0.0,0.0,0,0
S01505,5,1,1,74.69,35.21,30.0,1.0,1,0
S01506,2,0,0,53.3,31.85,23.0,0.0,0,1
S01507,8,1,1,77.71,36.45,10.0,4.0,0,0
S01508,4,0,1,63.77,36.79,18.0,4.0,0,0
S01509,7,1,1,79.79,97.76348305132193,37.0,5.0,0,0
S01510,6,1,1,79.29,45.03,16.0,3.0,0,0
S01511,3,1,1,63.1,61.37,20.0,4.0,1,0
S01512,2,0,1,,36.77,15.0,0.0,1,1
S01513,6,0,1,68.3,26.26,10.0,4.0,0,0
S01514,3,1,1,50.26,34.07,10.0,1.0,2,0
S01515,2,0,1,73.18,33.41,9.0,3.0,0,0
S01516,8,0,1,68.15,43.71,20.0,3.0,0,0
S01517,4,1,1,63.18,35.01,13.0,0.0,1,0
S01518,1,1,1,52.57,11.89,17.0,3.0,1,0
S01519,4,0,1,89.8,45.82,34.0,1.0,0,0
S01520,4,0,1,65.19,43.11,31.0,2.0,2,0
S01521,7,1,0,100.0,73.05,51.0,3.0,0,0
S01522,6,0,1,72.52,29.99,24.0,,0,1
S01523,2,0,0,77.27,55.8,22.0,6.0,0,0
S01524,2,0,1,72.59,48.04,20.0,1.0,0,0
S01525,5,0,1,77.12,29.54,17.0,2.0,0,0
S01526,1,1,1,88.39,51.31,32.0,2.0,1,0
S01527,3,0,1,88.56,56.47,24.0,1.0,0,0
S01528,2,0,1,45.5,38.6,17.0,0.0,0,0
S01529,1,0,1,84.83,30.42,20.0,2.0,0,0
S01530,8,0,1,79.46,35.78,21.0,0.0,0,0
S01531,1,0,1,72.54,52.38,26.0,0.0,0,0
S01532,1,1,1,97.69,43.23,31.0,1.0,0,0
S01533,8,1,0,98.29,53.84,,1.0,0,0
S01534,2,0,0,85.57,96.09311082142443,27.0,0.0,2,0
S01535,7,0,1,63.85,29.98,13.0,2.0,2,1
S01536,1,0,1,54.11,98.74351724520318,25.0,2.0,1,0
S01537,2,0,1,83.32,60.99,34.0,1.0,0,0
S01538,1,1,0,92.39,35.08,11.0,4.0,0,0
S01539,6,0,1,41.57,19.67,18.0,2.0,2,1
S01540,5,1,1,88.29,55.64,31.0,0.0,0,0
S01541,4,1,0,68.18,31.83,9.0,7.0,1,0
S01542,2,0,1,44.86,27.95,20.0,0.0,0,0
S01543,1,1,1,79.04,37.64,15.0,5.0,1,0
S01544,5,0,0,85.64,46.69,36.0,4.0,0,0
S01545,2,0,0,66.73,27.97,15.0,4.0,0,1
S01546,5,1,1,56.14,30.89,5.0,0.0,2,0
S01547,6,0,1,97.68,54.13,49.0,5.0,0,0
S01548,7,1,1,61.97,,6.0,4.0,0,0
S01549,4,1,1,89.39,47.25,22.0,6.0,0,0
S01550,1,0,1,49.3,30.45,9.0,5.0,0,1
S01551,3,1,1,78.24,34.24,21.0,2.0,0,0
S01552,7,0,1,77.81,37.94,30.0,1.0,0,0
S01553,5,1,1,85.1,45.12,28.0,0.0,0,0
S01554,5,0,0,94.39,48.29,39.0,1.0,0,0
S01555,4,0,0,59.8,33.16,21.0,6.0,0,0
S01556,2,0,1,79.81,15.46,12.0,0.0,0,0
S01557,8,1,1,51.5,45.1,19.0,6.0,0,0
S01558,7,0,1,51.33,28.31,17.0,0.0,1,0
S01559,8,1,1,63.32,14.39,14.0,5.0,0,0
S01560,7,0,1,78.14,45.93,41.0,2.0,0,0
S01561,3,0,1,97.15,57.38,36.0,4.0,0,0
S01562,3,0,1,99.88,58.65,40.0,0.0,0,0
S01563,2,0,1,66.68,27.29,28.0,0.0,0,0
S01564,8,1,1,76.58,53.4,21.0,1.0,1,0
S01565,5,0,0,86.15,59.42,33.0,4.0,0,0
S01566,4,1,1,83.48,34.69,29.0,3.0,0,0
S01567,8,1,1,69.46,39.42,17.0,5.0,1,0
S01568,5,0,1,73.14,26.4,13.0,2.0,0,1
S01569,8,1,0,70.35,25.36,22.0,4.0,0,1
S01570,8,1,1,68.87,31.19,26.0,6.0,1,0
S01571,1,1,1,66.88,44.41,,2.0,1,0
S01572,3,0,1,70.21,27.73,20.0,0.0,0,0
S01573,6,1,1,65.91,38.77,20.0,5.0,0,0
S01574,7,1,1,54.97,14.4,14.0,2.0,2,0
S01575,2,0,0,84.94,60.02,39.0,1.0,1,0
S01576,3,1,1,79.74,42.16,27.0,1.0,1,0
S01577,5,0,1,100.0,58.37,29.0,1.0,0,0
S01578,7,1,1,77.54,23.33,10.0,2.0,0,0
S01579,1,1,1,65.75,56.89,19.0,3.0,0,0
S01580,5,1,1,62.6,50.99,14.0,6.0,0,0
S01581,3,1,1,72.71,12.28,18.0,5.0,0,0
S01582,2,1,0,,61.09,33.0,6.0,0,0
S01583,5,1,1,68.33,39.62,22.0,7.0,0,0
S01584,4,0,0,49.95,25.06,1.0,6.0,0,1
S01585,6,0,0,60.91,39.86,23.0,6.0,1,0
S01586,3,0,1,72.27,42.85,10.0,5.0,0,0
S01587,7,0,1,83.1,43.1,32.0,7.0,0,0
S01588,1,1,0,49.71,10.17,11.0,2.0,2,1
S01589,7,1,0,75.98,36.09,25.0,5.0,0,0
S01590,1,0,1,75.32,33.55,23.0,2.0,0,0
S01591,6,0,0,65.23,35.64,19.0,1.0,2,0
S01592,3,1,1,63.2,35.52,21.0,3.0,0,0
S01593,4,0,1,60.96,28.64,19.0,2.0,0,0
S01594,1,1,1,74.11,41.62,38.0,4.0,1,0
S01595,6,1,1,88.9,57.2,30.0,4.0,0,0
S01596,2,0,1,89.97,40.76,31.0,2.0,0,0
S01597,6,0,1,55.14,35.07,11.0,1.0,1,0
S01598,6,0,1,69.2,39.1,24.0,1.0,1,0
S01599,7,0,0,39.1,10.98,2.0,7.0,0,1
S01600,6,0,1,73.64,35.38,32.0,3.0,1,0
S01601,3,0,1,80.96,53.28,14.0,5.0,1,0
S01602,6,0,1,95.56,32.76,24.0,2.0,0,0
S01603,7,0,1,45.2,22.39,0.0,3.0,2,1
S01604,3,0,1,55.68,30.89,20.0,0.0,0,0
S01605,1,1,1,1.8650751902166718,99.29300917196213,20.0,3.0,0,0
S01606,8,0,1,47.72,15.67,19.0,3.0,0,1
S01607,2,1,0,74.58,30.09,16.0,3.0,0,0
S01608,5,0,1,81.35,70.75,30.0,0.0,1,0
S01609,2,0,1,52.78,42.02,20.0,4.0,1,0
S01610,2,0,0,73.99,52.14,25.0,0.0,0,0
S01611,7,1,1,53.82,36.63,16.0,0.0,2,0
S01612,2,0,1,92.63,95.97572888444694,,2.0,1,0
S01613,6,0,1,75.1,52.53,16.0,4.0,0,0
S01614,6,0,1,62.4,32.2,10.0,2.0,0,0
S01615,1,1,1,53.43,55.06,20.0,9.0,0,0
S01616,2,0,0,77.84,54.99,22.0,4.0,0,0
S01617,7,0,1,92.37,57.13,33.0,2.0,0,0
S01618,5,1,0,60.43,46.32,,1.0,0,0
S01619,1,0,1,65.41,33.72,16.0,0.0,2,1
S01620,8,0,1,60.72,48.87,14.0,4.0,1,1
S01621,3,1,1,95.33,46.46,28.0,2.0,0,0
S01622,1,0,1,43.37,30.12,12.0,2.0,1,1
S01623,8,0,1,91.28,54.95,34.0,5.0,0,0
S01624,1,0,1,66.34,28.8,20.0,1.0,2,0
S01625,5,0,1,70.93,52.28,39.0,2.0,1,0
S01626,8,1,1,66.89,11.51,24.0,7.0,0,0
S01627,5,1,1,75.59,54.35,30.0,8.0,0,0
S01628,5,1,1,61.05,49.13,18.0,5.0,2,0
S01629,4,0,1,87.88,48.07,36.0,4.0,0,0
S01630,2,1,1,88.48,45.48,27.0,1.0,0,0
S01631,5,1,1,57.25,27.19,12.0,6.0,1,0
S01632,8,0,1,82.01,59.73,33.0,3.0,0,0
S01633,1,1,1,66.65,52.16,20.0,2.0,0,0
S01634,8,1,1,72.77,54.89,25.0,8.0,0,0
S01635,4,1,1,94.88,69.42,39.0,4.0,0,0
S01636,5,0,1,61.89,38.71,20.0,6.0,1,0
S01637,2,0,0,85.9,27.37,26.0,0.0,0,0
S01638,5,1,0,78.86,40.17,21.0,5.0,0,0
S01639,2,1,1,69.09,52.05,30.0,5.0,0,0
S01640,3,0,1,77.51,51.26,22.0,2.0,0,0
S01641,6,0,1,75.73,39.98,23.0,2.0,1,0
S01642,1,1,1,54.62,12.3,18.0,1.0,1,1
S01643,4,0,1,62.9,44.65,21.0,0.0,0,1
S01644,5,0,1,,26.39,25.0,1.0,1,0
S01645,2,1,1,67.85,28.53,20.0,8.0,1,0
S01646,3,0,1,92.18,67.81,41.0,1.0,0,0
S01647,3,0,1,80.72,46.04,24.0,2.0,1,0
S01648,6,0,1,50.51,38.36,18.0,5.0,0,0
S01649,8,1,0,67.9,22.99,19.0,5.0,0,0
S01650,7,0,0,75.5,49.44,40.0,1.0,1,0
S01651,2,1,1,83.16,28.82,24.0,2.0,1,0
S01652,1,1,0,62.24,43.75,17.0,6.0,0,0
S01653,1,1,0,53.44,95.82913147425496,17.0,3.0,1,0
S01654,5,0,1,71.15,28.91,20.0,4.0,0,0
S01655,2,0,1,80.54,43.89,28.0,0.0,0,0
S01656,2,0,0,75.52,53.39,34.0,3.0,0,0
S01657,7,1,1,58.73,23.12,19.0,1.0,2,0
S01658,7,1,1,98.32,38.64,33.0,5.0,0,0
S01659,7,1,1,70.52,37.83,20.0,0.0,0,0
S01660,3,0,1,74.91,47.21,19.0,3.0,0,0
S01661,5,0,1,62.07,24.91,20.0,0.0,3,0
S01662,5,1,0,88.6,62.88,28.0,1.0,0,0
S01663,2,0,1,80.58,53.77,35.0,0.0,0,0
S01664,5,1,1,76.72,51.67,16.0,5.0,0,0
S01665,5,0,1,54.73,25.42,28.0,2.0,2,1
S01666,4,1,1,88.41,38.82,27.0,3.0,0,0
S01667,7,1,1,83.35,40.71,28.0,2.0,0,0
S01668,6,0,1,87.22,59.02,19.0,0.0,0,0
S01669,5,0,1,72.56,43.24,27.0,2.0,1,0
S01670,6,1,1,70.88,98.09983515578752,14.0,7.0,0,0
S01671,7,0,0,69.27,53.41,24.0,1.0,1,0
S01672,5,0,0,100.0,45.32,35.0,3.0,0,0
S01673,3,0,1,63.86,36.68,17.0,1.0,0,0
S01674,7,0,1,54.21,20.71,0.0,3.0,1,0
S01675,6,1,1,,61.68,38.0,2.0,0,0
S01676,8,0,0,64.0,40.59,11.0,1.0,1,1
S01677,2,0,0,90.9,46.97,31.0,4.0,0,0
S01678,4,1,1,51.66,42.26,9.0,4.0,0,0
S01679,8,0,0,63.58,41.28,28.0,1.0,1,0
S01680,5,0,1,74.86,45.77,,1.0,0,0
S01681,8,1,1,91.02,51.9,23.0,5.0,0,0
S01682,1,1,1,82.7,65.67,31.0,,0,0
S01683,1,1,1,96.29,24.87,21.0,5.0,0,0
S01684,7,1,1,77.19,46.76,21.0,7.0,0,0
S01685,3,0,1,68.95,63.77,27.0,6.0,1,0
S01686,5,0,0,84.83,40.81,39.0,0.0,0,0
S01687,4,1,0,51.49,14.35,7.0,5.0,1,1
S01688,4,1,1,46.35,24.91,8.0,6.0,0,1
S01689,8,1,1,86.64,62.77,31.0,8.0,0,0
S01690,1,0,1,75.16,37.45,8.0,5.0,2,0
S01691,7,0,1,86.46,51.44,38.0,1.0,2,0
S01692,8,0,0,59.21,28.59,10.0,3.0,0,0
S01693,6,1,1,91.27,45.87,26.0,,0,0
S01694,4,1,1,82.06,42.2,28.0,4.0,1,0
S01695,2,0,0,71.53,26.52,23.0,4.0,1,0
S01696,6,0,1,75.11,59.3,16.0,5.0,0,0
S01697,4,0,1,77.2,,38.0,0.0,1,0
S01698,2,0,1,59.15,13.54,0.0,4.0,1,0
S01699,3,1,0,66.22,43.24,11.0,2.0,0,0
S01700,8,1,0,76.97,16.97,19.0,7.0,1,0
S01701,3,0,1,65.62,19.85,13.0,1.0,0,0
S01702,2,1,1,49.96,35.0,24.0,0.0,1,1
S01703,6,1,1,76.42,96.62721555850756,,3.0,0,0
S01704,2,0,1,84.54,58.99,39.0,3.0,1,0
S01705,8,0,1,88.03,39.08,26.0,1.0,1,0
S01706,7,0,1,79.98,34.68,14.0,1.0,1,1
S01707,8,0,1,84.27,,10.0,0.0,0,0
S01708,8,0,1,86.81,39.52,26.0,1.0,0,0
S01709,2,1,1,73.19,26.58,17.0,5.0,2,0
S01710,2,0,1,40.22,38.19,13.0,0.0,1,1
S01711,3,0,1,89.4,37.74,25.0,0.0,0,0
S01712,4,1,1,58.6,33.34,25.0,1.0,1,0
S01713,8,0,1,55.04,,15.0,3.0,1,0
S01714,6,1,1,55.45,22.53,13.0,,0,0
S01715,6,1,1,100.0,45.49,40.0,6.0,0,0
S01716,8,1,1,78.61,96.83776000445255,,4.0,1,0
S01717,6,1,1,56.38,,23.0,3.0,0,0
S01718,4,1,1,61.75,35.34,28.0,8.0,0,0
S01719,4,1,1,71.99,41.44,20.0,11.0,0,0
S01720,5,0,1,80.14,66.0,26.0,1.0,1,0
S01721,1,0,1,76.19,48.16,,4.0,0,0
S01722,6,0,1,58.07,18.12,0.0,0.0,0,1
S01723,6,0,1,76.76,,23.0,2.0,0,1
S01724,6,0,1,62.83,20.55,17.0,2.0,0,0
S01725,5,0,0,87.7,68.16,,1.0,0,0
S01726,7,0,1,72.84,96.96861568597907,16.0,0.0,1,0
S01727,8,0,0,60.61,40.86,27.0,5.0,0,0
S01728,5,0,1,82.33,48.39,20.0,2.0,1,0
S01729,4,1,0,77.75,29.84,,5.0,1,0
S01730,1,1,0,64.88,36.88,15.0,9.0,0,1
S01731,7,1,1,82.95,48.77,36.0,2.0,0,0
S01732,8,0,1,81.44,48.16,9.0,3.0,2,0
S01733,6,1,1,90.03,55.94,43.0,5.0,1,0
S01734,7,1,1,82.65,43.91,38.0,7.0,0,0
S01735,7,0,1,68.79,39.04,17.0,0.0,2,0
S01736,7,1,0,46.64,25.13,22.0,1.0,1,1
S01737,5,0,1,74.8,47.73,24.0,0.0,0,0
S01738,1,1,0,77.13,49.52,37.0,2.0,0,0
S01739,1,1,0,72.77,53.87,30.0,3.0,1,0
S01740,2,0,0,26.84,13.27,,3.0,1,0
S01741,4,1,1,82.18,55.43,,6.0,0,0
S01742,6,0,1,58.32,36.75,,6.0,1,0
S01743,4,0,0,82.29,39.17,,5.0,0,0
S01744,1,0,1,97.51,62.45,27.0,3.0,0,0
S01745,2,0,1,68.21,53.74,39.0,2.0,0,0
S01746,8,0,1,78.58,52.41,29.0,1.0,0,0
S01747,8,1,1,72.49,48.5,30.0,3.0,1,0
S01748,4,0,0,79.88,53.59,29.0,2.0,0,0
S01749,7,0,1,73.55,40.46,27.0,2.0,0,1
S01750,6,1,1,64.25,39.08,15.0,4.0,0,0
S01751,8,0,1,58.43,23.99,12.0,3.0,0,0
S01752,8,0,1,95.86,43.95,27.0,3.0,1,0
S01753,6,1,1,78.58,27.85,3.0,0.0,0,0
S01754,4,1,1,84.46,,26.0,7.0,0,0
S01755,6,0,1,77.99,31.85,26.0,2.0,0,0
S01756,3,0,1,86.64,,23.0,2.0,0,0
S01757,3,1,1,58.56,15.8,17.0,6.0,3,0
S01758,5,1,1,73.25,38.85,27.0,2.0,0,0
S01759,5,0,1,79.58,97.56503538789724,32.0,,0,0
S01760,5,0,0,91.39,43.28,20.0,3.0,0,0
S01761,4,0,0,100.0,49.06,26.0,2.0,0,0
S01762,4,1,1,78.11,45.04,31.0,2.0,0,0
S01763,1,1,1,62.08,10.56,,2.0,1,0
S01764,5,1,1,54.07,36.15,27.0,3.0,0,0
S01765,5,0,0,58.43,,28.0,0.0,2,0
S01766,8,1,0,60.39,52.51,38.0,4.0,1,0
S01767,5,1,1,28.48,8.45,,1.0,1,1
S01768,4,0,1,61.87,54.88,31.0,1.0,0,0
S01769,1,1,1,82.75,,19.0,5.0,1,0
S01770,2,0,1,73.13,60.03,42.0,4.0,0,0
S01771,3,0,0,68.12,36.42,25.0,6.0,1,1
S01772,4,1,0,47.67,42.49,18.0,3.0,1,1
S01773,3,0,0,87.76,48.08,36.0,4.0,0,0
S01774,4,1,1,79.68,42.41,14.0,5.0,0,0
S01775,7,0,1,71.81,35.92,14.0,0.0,2,0
S01776,2,0,0,38.96,,11.0,5.0,1,1
S01777,3,0,1,64.64,52.78,23.0,1.0,0,0
S01778,2,0,1,78.51,48.48,41.0,3.0,0,0
S01779,3,0,1,71.57,23.97,15.0,0.0,0,0
S01780,6,1,1,74.88,,,3.0,0,0
S01781,1,0,1,82.28,52.86,24.0,0.0,0,0
S01782,3,0,0,74.32,56.41,21.0,0.0,1,0
S01783,1,1,1,81.75,36.21,25.0,4.0,0,0
S01784,8,0,1,,35.69,15.0,3.0,1,0
S01785,6,1,1,53.66,26.47,20.0,,1,0
S01786,2,0,1,79.16,97.1246582682044,22.0,2.0,0,0
S01787,2,0,1,82.24,47.46,15.0,2.0,1,0
S01788,1,1,1,79.78,32.98,23.0,3.0,0,0
S01789,4,1,1,73.97,50.0,27.0,2.0,0,0
S01790,7,1,1,67.14,36.87,9.0,6.0,1,0
S01791,5,0,1,75.16,39.64,28.0,8.0,0,0
S01792,8,0,1,77.69,51.78,34.0,2.0,0,0
S01793,3,1,1,78.59,58.45,37.0,5.0,0,0
S01794,3,1,1,100.0,40.43,35.0,6.0,0,0
S01795,4,1,1,58.19,27.9,3.0,5.0,0,0
S01796,2,1,1,100.0,63.83,38.0,4.0,0,0
S01797,8,1,1,53.15,30.6,23.0,2.0,0,0
S01798,2,0,1,77.79,56.43,19.0,1.0,1,0
S01799,4,1,1,54.08,31.3,15.0,4.0,0,0
S01800,5,0,1,76.59,66.9,28.0,2.0,0,0
S01801,1,0,1,86.73,70.4,42.0,0.0,0,0
S01802,4,1,1,72.49,57.9,21.0,7.0,0,0
S01803,4,0,1,86.6,59.75,35.0,2.0,1,0
S01804,3,0,1,65.64,49.48,23.0,2.0,0,0
S01805,2,1,1,41.25,20.58,13.0,5.0,2,1
S01806,1,1,0,81.4,71.76,36.0,0.0,0,0
S01807,1,0,1,72.46,26.18,16.0,0.0,0,0
S01808,4,1,1,64.81,55.23,,,2,0
S01809,1,0,1,65.84,34.98,20.0,2.0,1,0
S01810,8,1,1,78.1,24.3,13.0,2.0,0,0
S01811,2,0,0,59.78,44.24,28.0,3.0,1,0
S01812,6,0,0,77.63,45.91,31.0,2.0,0,0
S01813,6,0,0,89.83,57.02,29.0,4.0,0,0
S01814,4,0,1,100.0,74.8,30.0,1.0,0,0
S01815,8,0,0,93.07,40.82,30.0,1.0,0,0
S01816,1,0,1,74.43,60.01,29.0,,0,0
S01817,2,1,0,75.86,50.12,24.0,1.0,0,0
S01818,3,0,1,66.0,42.7,15.0,3.0,1,0
S01819,2,0,0,65.02,16.33,16.0,5.0,0,0
S01820,3,1,1,85.08,52.91,27.0,1.0,0,0
S01821,3,1,1,67.39,44.84,13.0,9.0,0,0
S01822,7,1,0,77.49,65.01,27.0,4.0,0,0
S01823,3,0,1,,13.21,11.0,2.0,0,0
S01824,8,0,0,92.55,45.15,22.0,4.0,1,1
S01825,7,1,1,67.16,77.88,46.0,4.0,0,0
S01826,8,1,1,88.32,36.81,44.0,6.0,1,0
S01827,1,0,1,61.44,46.58,20.0,3.0,0,0
S01828,8,1,1,60.65,40.03,25.0,,0,0
S01829,5,1,1,91.92,49.59,38.0,0.0,0,0
S01830,8,1,1,62.61,30.56,18.0,4.0,2,0
S01831,3,0,1,48.48,53.37,16.0,0.0,1,0
S01832,8,1,1,56.4,39.37,15.0,5.0,1,0
S01833,5,0,1,84.85,51.5,37.0,2.0,0,0
S01834,1,1,0,83.41,44.58,37.0,4.0,0,0
S01835,4,0,0,60.56,49.34,31.0,4.0,0,0
S01836,2,0,1,62.52,32.96,21.0,0.0,0,0
S01837,8,0,1,,45.93,43.0,3.0,0,0
S01838,3,1,1,91.74,49.56,29.0,3.0,0,0
S01839,2,1,1,70.97,52.32,38.0,1.0,1,0
S01840,5,1,0,80.31,41.84,22.0,7.0,0,0
S01841,4,1,1,85.1,61.01,17.0,1.0,0,0
S01842,1,1,1,100.0,73.17,49.0,3.0,0,0
S01843,7,1,1,54.66,29.87,21.0,5.0,0,0
S01844,7,0,1,61.97,44.77,23.0,5.0,0,0
S01845,6,1,0,64.4,31.67,17.0,1.0,0,0
S01846,5,0,1,84.41,42.45,20.0,0.0,0,0
S01847,4,0,1,1.1092021258065268,99.22903682038888,15.0,3.0,1,0
S01848,5,0,1,76.68,38.79,25.0,4.0,1,0
S01849,5,0,1,73.83,,22.0,5.0,0,0
S01850,2,1,1,72.03,43.37,7.0,2.0,0,0
S01851,1,1,1,73.61,38.57,37.0,4.0,0,0
S01852,3,0,1,87.45,64.85,25.0,0.0,0,0
S01853,4,1,1,57.44,41.84,27.0,4.0,0,0
S01854,2,0,1,69.77,15.01,16.0,1.0,0,0
S01855,1,0,0,53.77,32.42,17.0,0.0,1,0
S01856,7,0,1,75.4,52.13,31.0,0.0,0,0
S01857,3,0,1,69.07,34.82,28.0,1.0,0,0
S01858,5,0,1,88.04,95.39434607905577,26.0,3.0,0,0
S01859,5,0,1,71.93,32.94,26.0,0.0,0,0
S01860,6,0,0,65.34,44.33,25.0,1.0,0,0
S01861,6,0,0,68.3,30.5,20.0,5.0,0,0
S01862,3,1,0,97.85,44.3,23.0,5.0,0,0
S01863,7,0,1,48.45,25.08,9.0,0.0,0,1
S01864,3,0,1,62.59,24.93,16.0,2.0,0,0
S01865,7,0,0,72.54,37.07,23.0,3.0,1,0
S01866,4,0,1,62.45,34.35,32.0,1.0,0,0
S01867,1,0,1,79.36,,32.0,2.0,0,0
S01868,7,0,1,71.15,33.28,,0.0,0,0
S01869,1,1,1,75.84,99.09951691616378,38.0,2.0,0,0
S01870,7,1,1,73.77,34.78,22.0,1.0,2,0
S01871,1,1,0,70.45,41.08,27.0,1.0,0,0
S01872,2,1,1,52.64,26.03,8.0,0.0,0,0
S01873,5,0,1,74.64,57.35,20.0,2.0,0,0
S01874,8,0,0,45.55,33.16,21.0,0.0,2,0
S01875,4,0,1,61.92,21.75,12.0,5.0,0,1
S01876,1,0,1,79.34,27.66,26.0,2.0,0,0
S01877,2,0,1,89.85,43.08,33.0,0.0,0,0
S01878,8,0,1,100.0,53.22,24.0,0.0,0,0
S01879,6,1,1,65.58,97.49969034527294,6.0,7.0,0,0
S01880,1,0,1,59.02,49.39,25.0,3.0,0,0
S01881,4,0,1,79.83,95.85256525671703,59.0,0.0,0,0
S01882,3,1,1,100.0,71.47,36.0,9.0,0,0
S01883,2,0,1,94.99,52.09,36.0,6.0,0,0
S01884,7,1,1,56.47,19.2,10.0,1.0,0,1
S01885,5,1,1,69.89,34.7,33.0,2.0,0,0
S01886,2,1,1,84.76,50.92,24.0,5.0,1,0
S01887,6,0,1,85.8,65.56,37.0,6.0,1,0
S01888,4,0,0,80.88,51.83,30.0,2.0,0,0
S01889,1,1,1,65.27,26.55,25.0,6.0,1,0
S01890,4,1,0,80.74,,30.0,7.0,0,0
S01891,2,1,1,85.94,48.6,32.0,1.0,0,0
S01892,2,0,1,58.02,11.56,20.0,1.0,1,0
S01893,8,0,1,91.95,55.67,37.0,2.0,0,0
S01894,6,0,1,86.88,54.61,22.0,3.0,1,0
S01895,2,0,1,60.87,49.15,,1.0,1,0
S01896,7,0,1,85.87,62.04,39.0,2.0,0,0
S01897,5,1,0,84.2,31.74,28.0,10.0,0,0
S01898,7,0,0,84.77,37.2,24.0,2.0,0,0
S01899,6,1,0,95.64,67.18,39.0,0.0,0,0
S01900,3,1,1,71.84,31.82,29.0,3.0,1,0
S01901,5,0,1,76.97,96.74052718543864,14.0,,0,0
S01902,5,0,1,32.42,15.11,14.0,2.0,0,1
S01903,6,1,1,88.74,49.86,30.0,5.0,0,0
S01904,2,0,0,87.29,40.73,34.0,2.0,0,0
S01905,3,0,1,92.34,95.77247510273415,30.0,1.0,0,0
S01906,2,1,1,57.95,29.43,21.0,4.0,0,0
S01907,3,1,1,,58.79,13.0,7.0,0,0
S01908,2,1,0,87.28,40.86,21.0,5.0,0,0
S01909,1,1,1,62.24,60.94,25.0,3.0,1,0
S01910,8,0,1,87.84,64.71,49.0,5.0,0,0
S01911,1,1,1,78.95,43.62,28.0,4.0,0,0
S01912,8,1,1,46.53,95.95884597514559,8.0,6.0,1,0
S01913,1,1,1,80.77,43.94,27.0,0.0,0,0
S01914,7,1,1,60.49,25.31,11.0,3.0,0,0
S01915,3,1,1,46.86,30.29,23.0,5.0,0,0
S01916,5,1,1,77.5,41.07,25.0,1.0,0,0
S01917,3,0,1,71.02,59.12,30.0,1.0,0,0
S01918,4,1,1,93.06,59.04,29.0,7.0,0,0
S01919,4,0,1,74.73,56.34,33.0,0.0,0,0
S01920,5,1,1,83.68,52.31,14.0,5.0,0,0
S01921,4,1,1,79.63,40.1,25.0,,0,0
S01922,5,1,1,87.31,38.55,32.0,3.0,0,0
S01923,7,0,0,58.7,34.96,15.0,4.0,0,0
S01924,4,0,1,74.98,43.18,26.0,0.0,1,0
S01925,3,0,1,69.89,38.55,,1.0,0,0
S01926,2,0,0,81.81,73.42,34.0,3.0,1,0
S01927,3,0,0,75.84,50.85,29.0,3.0,0,0
S01928,2,1,1,62.79,25.84,22.0,0.0,1,0
S01929,2,0,1,66.93,43.62,28.0,0.0,1,0
S01930,8,1,1,96.73,53.39,20.0,5.0,0,0
S01931,1,0,0,46.58,15.1,7.0,4.0,0,0
S01932,4,1,1,82.64,95.01064334583725,15.0,0.0,0,0
S01933,7,1,1,90.62,41.91,34.0,,0,0
S01934,8,1,1,,38.72,29.0,2.0,0,0
S01935,2,1,1,100.0,58.99,44.0,1.0,0,0
S01936,2,1,1,86.08,45.31,30.0,2.0,0,0
S01937,3,1,0,77.76,41.79,19.0,9.0,1,0
S01938,5,1,1,65.0,29.03,21.0,4.0,0,0
S01939,8,0,0,78.04,40.23,10.0,3.0,0,0
S01940,2,0,1,82.23,47.74,23.0,2.0,0,0
S01941,2,1,0,72.05,0.0,4.0,8.0,0,0
S01942,3,0,1,60.86,97.25314807122255,21.0,0.0,0,0
S01943,7,0,1,53.94,33.56,14.0,6.0,1,0
S01944,1,1,0,74.78,39.15,22.0,6.0,0,0
S01945,4,0,0,49.8,15.13,,3.0,1,1
S01946,1,1,0,64.93,40.42,15.0,7.0,1,0
S01947,2,1,0,35.52,15.39,15.0,3.0,1,1
S01948,8,1,1,84.5,36.98,15.0,3.0,0,0
S01949,1,1,1,,49.22,33.0,7.0,0,0
S01950,3,1,1,73.18,33.43,,2.0,0,0
S01951,8,1,0,99.47,46.69,19.0,4.0,0,0
S01952,5,1,0,92.21,40.28,40.0,4.0,0,0
S01953,1,0,0,79.2,53.89,36.0,0.0,0,0
S01954,4,1,0,70.3,28.38,17.0,1.0,1,1
S01955,8,1,1,66.76,33.19,16.0,3.0,1,0
S01956,4,0,1,80.44,38.74,23.0,3.0,1,0
S01957,5,0,1,69.88,35.25,15.0,2.0,0,1
S01958,5,1,1,80.22,40.3,20.0,3.0,1,0
S01959,6,0,1,81.34,42.82,29.0,1.0,1,0
S01960,2,1,1,68.56,47.81,38.0,4.0,0,0
S01961,7,0,0,88.44,56.67,25.0,4.0,0,0
S01962,8,0,1,68.57,44.99,29.0,6.0,1,0
S01963,2,1,1,72.32,52.04,25.0,2.0,0,0
S01964,7,0,0,57.34,37.23,4.0,1.0,0,1
S01965,7,0,1,67.94,33.16,21.0,6.0,2,0
S01966,6,1,1,100.0,71.72,31.0,4.0,0,0
S01967,3,0,1,58.49,33.91,29.0,1.0,0,0
S01968,4,0,1,78.57,37.0,37.0,1.0,1,0
S01969,7,1,1,65.18,39.76,23.0,1.0,0,0
S01970,2,1,1,38.79,31.15,20.0,3.0,3,1
S01971,7,1,1,80.38,63.82,24.0,3.0,0,0
S01972,8,0,0,63.66,48.03,28.0,4.0,1,0
S01973,6,0,0,76.79,56.05,25.0,2.0,0,0
S01974,3,1,1,86.85,65.83,37.0,1.0,0,0
S01975,5,1,0,75.52,40.93,33.0,5.0,1,0
S01976,1,0,1,76.92,51.09,30.0,4.0,1,0
S01977,8,1,1,58.98,23.4,12.0,1.0,1,0
S01978,3,0,1,82.6,45.63,23.0,0.0,1,0
S01979,1,1,0,69.15,41.85,27.0,5.0,1,0
S01980,7,1,0,42.02,29.72,,2.0,0,1
S01981,6,1,0,84.41,64.13,28.0,3.0,0,0
S01982,5,1,1,88.99,62.06,26.0,3.0,1,0
S01983,1,0,1,94.22,,32.0,3.0,0,0
S01984,7,1,1,100.0,51.45,30.0,3.0,0,0
S01985,6,0,1,83.6,57.63,24.0,2.0,0,0
S01986,7,1,1,79.71,54.79,41.0,0.0,2,0
S01987,7,1,1,88.37,61.14,25.0,3.0,0,0
S01988,2,0,1,58.7,97.1373182186131,22.0,2.0,0,0
S01989,2,0,1,46.92,26.64,15.0,0.0,0,1
S01990,8,0,1,64.84,43.84,10.0,7.0,1,0
S01991,5,0,1,91.16,33.87,19.0,6.0,0,0
S01992,4,0,1,62.08,19.09,18.0,5.0,1,0
S01993,3,1,1,,21.77,9.0,3.0,0,0
S01994,6,0,1,80.6,53.54,40.0,0.0,1,0
S01995,7,1,1,75.66,33.98,21.0,2.0,1,0
S01996,1,1,1,3.318159097999919,97.28569322229826,12.0,1.0,2,0
S01997,5,1,0,77.14,57.58,34.0,4.0,1,0
S01998,8,0,1,65.68,29.31,19.0,3.0,0,0
S01999,3,1,1,97.54,62.82,37.0,2.0,0,0
S02000,3,1,1,89.05,48.51,24.0,8.0,0,0
S02001,8,1,1,,16.87,21.0,4.0,0,0
S02002,1,1,1,98.49,49.77,40.0,4.0,0,0
S02003,4,1,1,77.16,44.59,17.0,3.0,1,0
S02004,4,0,0,,33.83,18.0,4.0,1,1
S02005,7,1,1,70.83,15.82,3.0,0.0,0,0
S02006,2,0,1,96.53,57.79,,2.0,0,0
S02007,4,1,0,59.7,9.37,14.0,1.0,1,0
S02008,2,0,1,70.98,38.65,21.0,1.0,0,0
S02009,7,0,1,51.6,33.64,14.0,1.0,1,0
S02010,6,0,1,53.98,9.86,8.0,2.0,0,0
S02011,4,0,1,59.49,18.68,10.0,5.0,1,0
S02012,4,1,1,53.59,17.97,20.0,1.0,0,0
S02013,2,0,0,62.73,38.88,24.0,2.0,0,0
S02014,8,1,1,98.07,59.43,25.0,2.0,0,0
S02015,6,0,0,71.46,58.66,27.0,3.0,1,0
S02016,3,1,1,83.78,33.86,31.0,4.0,0,0
S02017,4,0,1,88.37,47.44,25.0,0.0,0,0
S02018,6,0,1,55.37,35.15,6.0,4.0,0,0
S02019,6,0,1,59.53,35.74,18.0,,1,1
S02020,4,1,1,83.49,34.11,29.0,2.0,0,0
S02021,3,1,1,62.49,99.17142418249304,19.0,0.0,0,0
S02022,6,1,1,82.49,53.59,21.0,0.0,0,0
S02023,6,0,1,97.16,56.54,35.0,2.0,0,0
S02024,5,0,0,50.17,39.36,25.0,5.0,2,0
S02025,1,0,1,66.65,43.09,14.0,2.0,2,0
S02026,4,0,1,69.03,23.06,19.0,2.0,0,0
S02027,5,1,0,64.1,38.41,42.0,0.0,0,0
S02028,8,0,1,62.88,28.57,21.0,6.0,1,0
S02029,5,1,1,64.62,29.77,10.0,5.0,1,0
S02030,3,1,0,71.77,37.44,19.0,8.0,1,0
S02031,5,0,1,74.47,,17.0,7.0,0,0
S02032,2,0,1,86.3,42.3,31.0,0.0,1,0
S02033,1,0,1,71.62,95.21838422127195,57.0,2.0,0,0
S02034,6,0,1,88.77,61.19,23.0,4.0,0,0
S02035,8,0,1,63.12,51.2,,3.0,1,0
S02036,7,1,1,53.98,47.15,17.0,9.0,0,0
S02037,5,0,0,67.43,95.57016358413651,17.0,4.0,1,0
S02038,1,1,1,78.94,24.2,15.0,,2,0
S02039,8,1,1,84.91,31.09,20.0,1.0,1,0
S02040,4,1,1,93.9,49.49,20.0,5.0,0,0
S02041,3,1,1,76.35,37.67,22.0,11.0,0,0
S02042,8,0,0,83.3,35.51,19.0,3.0,0,1
S02043,6,0,1,92.53,63.11,36.0,2.0,0,0
S02044,6,0,1,60.31,29.78,14.0,0.0,2,0
S02045,3,1,1,68.85,28.34,28.0,8.0,0,0
S02046,8,1,0,100.0,46.13,36.0,9.0,0,0
S02047,4,0,1,84.85,59.93,32.0,4.0,1,0
S02048,5,0,0,79.66,98.71277666633911,32.0,5.0,0,0
S02049,7,0,1,85.41,42.41,,0.0,0,0
S02050,6,0,1,51.96,99.53332700370565,8.0,2.0,0,1
S02051,2,1,1,62.3,45.49,26.0,5.0,0,0
S02052,3,0,1,56.82,47.4,20.0,0.0,2,0
S02053,3,0,1,78.28,56.11,33.0,4.0,0,0
S02054,8,0,1,66.47,43.12,21.0,3.0,1,0
S02055,6,0,1,73.43,47.88,32.0,0.0,1,0
S02056,3,0,1,67.33,34.6,10.0,0.0,0,0
S02057,6,1,0,47.6,32.88,6.0,2.0,0,0
S02058,6,0,0,85.27,36.93,23.0,4.0,0,0
S02059,4,1,1,45.57,21.55,12.0,1.0,2,1
S02060,4,0,1,61.09,23.16,19.0,4.0,2,0
S02061,8,0,0,52.27,27.6,9.0,2.0,0,0
S02062,5,0,1,58.8,35.36,10.0,2.0,1,0
S02063,2,0,0,75.03,43.84,18.0,3.0,1,0
S02064,6,0,1,90.53,33.67,15.0,0.0,0,0
S02065,5,0,0,48.59,95.61901530834446,58.0,4.0,2,1
S02066,5,1,1,63.64,99.45387636721034,19.0,6.0,0,0
S02067,6,1,1,45.76,24.16,17.0,7.0,1,0
S02068,8,1,1,62.92,44.91,20.0,0.0,0,0
S02069,3,0,1,73.08,48.37,37.0,0.0,0,0
S02070,4,1,1,83.51,47.63,33.0,1.0,2,0
S02071,2,1,0,40.22,49.75,17.0,8.0,0,0
S02072,6,0,1,80.26,49.33,28.0,2.0,0,0
S02073,4,0,1,57.41,98.78078418267269,21.0,2.0,0,0
S02074,3,0,1,53.76,26.01,14.0,2.0,0,0
S02075,6,1,1,73.01,37.4,24.0,3.0,0,0
S02076,4,0,1,81.41,53.71,41.0,3.0,1,0
S02077,4,0,1,70.49,30.97,21.0,3.0,0,0
S02078,4,1,0,55.6,,6.0,3.0,2,0
S02079,3,0,0,70.49,37.68,27.0,1.0,0,1
S02080,2,1,1,61.12,44.44,26.0,2.0,1,1
S02081,7,1,0,81.06,,27.0,3.0,0,0
S02082,1,1,1,88.13,24.06,13.0,2.0,0,0
S02083,3,1,1,87.17,56.8,38.0,5.0,0,0
S02084,6,0,0,71.7,38.98,24.0,0.0,0,0
S02085,2,1,0,88.84,74.07,26.0,3.0,0,0
S02086,6,1,1,56.69,33.2,26.0,1.0,1,0
S02087,6,1,1,98.74,36.14,16.0,3.0,0,0
S02088,6,0,1,56.6,39.36,18.0,5.0,1,0
S02089,3,0,1,41.55,27.51,7.0,1.0,2,1
S02090,1,0,1,92.48,55.76,42.0,3.0,0,0
S02091,8,0,1,61.35,97.22749015711251,57.0,5.0,0,0
S02092,3,1,0,73.75,48.82,16.0,8.0,0,0
S02093,7,1,1,56.54,48.56,26.0,0.0,0,0
S02094,2,1,1,100.0,52.05,13.0,3.0,0,0
S02095,2,1,0,99.33,51.28,36.0,6.0,0,0
S02096,7,0,1,95.2,35.74,21.0,7.0,1,0
S02097,8,0,1,73.33,32.29,19.0,2.0,0,0
S02098,7,0,1,86.71,57.44,26.0,2.0,0,0
S02099,7,0,0,71.2,48.55,,1.0,0,0
S02100,2,0,0,88.83,40.31,46.0,1.0,0,0
S02101,8,0,1,65.84,9.72,6.0,5.0,0,1
S02102,6,0,1,95.77,99.36012834061472,35.0,3.0,0,0
S02103,2,1,0,65.09,49.68,38.0,4.0,0,0
S02104,2,0,0,66.79,31.17,,1.0,2,0
S02105,7,0,1,65.0,29.87,15.0,3.0,0,0
S02106,3,0,1,74.89,41.94,25.0,5.0,0,0
S02107,7,1,0,66.18,35.67,27.0,8.0,0,0
S02108,2,1,1,79.31,41.22,30.0,4.0,1,0
S02109,3,0,1,64.79,48.69,17.0,2.0,0,0
S02110,3,0,1,83.86,51.69,,3.0,1,0
S02111,3,1,1,94.78,67.82,41.0,4.0,0,0
S02112,6,1,1,73.16,53.25,17.0,1.0,0,0
S02113,8,1,1,100.0,59.62,17.0,4.0,0,0
S02114,8,0,0,88.91,34.05,17.0,0.0,0,1
S02115,6,1,1,100.0,59.87,28.0,7.0,0,0
S02116,2,1,0,71.08,27.14,34.0,3.0,1,0
S02117,8,0,1,3.0964423345267647,95.5798903952006,4.0,1.0,0,0
S02118,5,1,1,61.41,49.83,31.0,2.0,0,0
S02119,5,0,0,62.94,33.97,30.0,2.0,1,0
S02120,6,1,0,57.7,37.05,19.0,0.0,0,0
S02121,7,0,1,39.06,31.99,0.0,2.0,1,0
S02122,8,0,1,87.37,43.3,18.0,4.0,0,0
S02123,5,1,1,44.1,18.48,7.0,5.0,1,1
S02124,5,1,0,85.93,52.06,41.0,7.0,0,0
S02125,6,0,1,100.0,96.7018009813086,28.0,0.0,0,0
S02126,3,1,0,60.33,95.38411475564979,12.0,5.0,0,0
S02127,3,0,1,77.81,42.95,26.0,2.0,1,0
S02128,6,0,1,66.02,34.45,9.0,0.0,0,0
S02129,1,1,1,84.41,44.62,27.0,7.0,1,0
S02130,3,0,1,54.08,23.93,10.0,3.0,0,0
S02131,6,0,0,70.02,50.27,43.0,3.0,1,0
S02132,8,1,1,88.82,34.68,21.0,5.0,0,0
S02133,5,0,0,71.27,45.51,38.0,5.0,0,0
S02134,4,0,1,47.57,28.23,5.0,1.0,0,1
S02135,4,0,1,90.62,40.07,31.0,0.0,0,0
S02136,6,1,0,52.56,35.54,19.0,3.0,3,0
S02137,5,0,1,73.18,48.35,24.0,0.0,1,0
S02138,1,0,1,80.74,63.39,26.0,2.0,0,0
S02139,5,1,1,73.8,47.87,30.0,4.0,0,0
S02140,4,0,1,,50.59,36.0,2.0,1,0
S02141,6,0,0,83.01,45.18,25.0,1.0,0,0
S02142,8,1,1,68.96,30.38,16.0,2.0,0,0
S02143,8,1,1,81.04,42.54,24.0,3.0,0,0
S02144,5,0,1,75.15,28.01,22.0,2.0,0,0
S02145,3,1,1,72.67,38.88,21.0,4.0,0,0
S02146,4,1,0,75.66,55.0,24.0,6.0,0,0
S02147,2,0,0,65.49,43.93,9.0,6.0,0,0
S02148,8,1,1,75.19,44.33,15.0,1.0,1,0
S02149,7,1,1,64.42,30.91,26.0,4.0,0,0
S02150,7,1,1,43.56,22.69,0.0,1.0,0,1
S02151,3,1,0,89.1,97.49491118123457,38.0,5.0,0,0
S02152,3,1,1,63.52,29.98,15.0,2.0,0,0
S02153,7,1,1,74.12,60.12,37.0,5.0,1,0
S02154,5,1,1,60.59,35.15,28.0,2.0,0,0
S02155,6,1,0,61.05,28.95,16.0,5.0,0,0
S02156,4,1,1,56.42,34.88,15.0,6.0,0,0
S02157,4,1,1,86.22,41.04,40.0,1.0,0,0
S02158,6,1,0,89.85,53.76,39.0,6.0,0,0
S02159,7,0,0,72.39,56.81,30.0,0.0,0,0
S02160,3,0,1,63.95,55.06,29.0,1.0,0,0
S02161,7,1,0,46.6,12.43,5.0,4.0,0,0
S02162,2,0,1,83.93,37.89,28.0,4.0,1,0
S02163,4,1,1,61.85,25.53,13.0,4.0,0,0
S02164,8,1,1,55.24,0.0,7.0,3.0,0,0
S02165,8,1,1,72.44,58.19,24.0,0.0,0,0
S02166,8,0,1,66.99,42.51,17.0,3.0,0,0
S02167,3,1,1,49.23,,13.0,5.0,0,1
S02168,7,0,1,51.29,12.44,11.0,0.0,0,0
S02169,8,0,1,77.05,38.04,14.0,4.0,0,0
S02170,8,0,1,62.16,44.6,32.0,0.0,0,0
S02171,1,0,1,79.65,65.58,26.0,2.0,0,0
S02172,6,0,1,74.2,30.9,12.0,0.0,1,0
S02173,8,1,1,87.71,52.46,30.0,6.0,0,0
S02174,7,1,1,59.52,34.18,30.0,3.0,0,0
S02175,2,0,1,75.49,44.07,31.0,1.0,0,0
S02176,7,0,1,81.57,62.57,22.0,0.0,0,0
S02177,1,0,1,62.61,60.07,15.0,0.0,1,1
S02178,4,1,1,88.91,98.11770018484636,,6.0,0,0
S02179,6,1,0,47.01,9.2,7.0,5.0,0,1
S02180,4,0,1,59.51,39.75,13.0,3.0,1,0
S02181,6,0,1,46.44,19.56,1.0,1.0,1,1
S02182,2,0,1,60.96,34.75,15.0,2.0,0,0
S02183,5,1,0,69.68,38.56,,4.0,1,0
S02184,6,0,1,84.47,40.24,24.0,0.0,1,0
S02185,6,0,1,69.67,44.71,23.0,0.0,0,0
S02186,3,0,1,63.07,35.72,32.0,2.0,0,0
S02187,3,0,1,48.76,31.42,29.0,0.0,0,0
S02188,3,0,0,53.79,29.53,15.0,1.0,1,1
S02189,4,0,1,76.65,49.3,31.0,1.0,1,0
S02190,5,1,1,85.22,32.52,26.0,2.0,0,0
S02191,3,0,1,65.71,38.12,16.0,5.0,1,0
S02192,4,0,1,90.17,41.61,20.0,1.0,0,0
S02193,3,1,1,57.75,37.57,18.0,1.0,1,0
S02194,2,0,1,66.14,63.16,29.0,1.0,2,0
S02195,6,1,1,67.41,24.06,11.0,3.0,0,0
S02196,7,1,0,94.94,51.42,28.0,2.0,0,0
S02197,3,0,1,74.0,36.01,20.0,3.0,0,0
S02198,7,1,1,45.02,20.23,15.0,1.0,1,0
S02199,5,1,1,86.27,37.96,30.0,4.0,0,0
S02200,2,1,0,99.69,59.84,37.0,3.0,0,0
S02201,3,0,0,68.25,36.19,36.0,3.0,0,0
S02202,1,0,1,58.54,98.27148665819912,11.0,3.0,0,0
S02203,1,0,1,84.96,47.25,20.0,0.0,0,0
S02204,3,1,1,100.0,44.5,34.0,5.0,0,0
S02205,4,1,1,84.73,57.14,39.0,3.0,1,0
S02206,7,0,0,47.65,21.16,2.0,0.0,0,1
S02207,2,0,0,83.32,36.64,29.0,8.0,1,0
S02208,7,0,1,78.06,42.41,23.0,3.0,0,0
S02209,2,0,0,57.68,37.3,24.0,4.0,0,0
S02210,2,1,1,91.33,75.12,34.0,2.0,0,0
S02211,6,0,1,78.58,33.03,25.0,2.0,0,0
S02212,7,1,0,91.72,56.88,,6.0,0,0
S02213,5,1,1,56.08,16.3,11.0,3.0,0,0
S02214,1,1,0,77.98,43.32,31.0,5.0,0,1
S02215,1,1,1,58.57,27.98,29.0,9.0,0,0
S02216,4,0,1,75.72,96.83492015973003,25.0,3.0,0,0
S02217,4,1,1,94.16,64.08,27.0,1.0,0,0
S02218,8,1,0,50.6,38.49,14.0,3.0,1,0
S02219,3,0,1,51.46,24.88,21.0,7.0,1,0
S02220,2,0,1,86.33,39.72,27.0,4.0,0,0
S02221,8,0,1,71.79,35.45,13.0,0.0,2,0
S02222,2,0,1,89.57,72.54,36.0,4.0,0,0
S02223,1,0,1,59.89,39.09,10.0,2.0,0,0
S02224,4,0,1,72.77,66.76,26.0,0.0,1,0
S02225,4,1,1,82.32,35.33,,5.0,0,0
S02226,5,0,1,75.15,,24.0,3.0,1,0
S02227,8,0,1,45.17,31.32,,0.0,2,1
S02228,8,0,1,100.0,47.94,17.0,0.0,0,0
S02229,3,0,0,75.18,42.52,,1.0,0,1
S02230,8,1,0,51.89,13.58,6.0,5.0,2,0
S02231,6,0,1,76.71,96.51492791508032,25.0,5.0,1,0
S02232,1,0,0,78.44,64.99,21.0,1.0,0,0
S02233,8,0,0,86.91,37.37,16.0,3.0,0,0
S02234,2,0,1,85.91,55.0,19.0,0.0,0,0
S02235,5,1,1,68.79,17.92,14.0,7.0,0,0
S02236,7,1,1,46.17,29.54,21.0,0.0,2,0
S02237,2,0,1,78.92,37.17,32.0,7.0,0,0
S02238,3,1,1,47.36,32.33,31.0,5.0,0,0
S02239,4,0,1,90.23,57.9,25.0,6.0,1,0
S02240,8,1,1,61.01,28.52,14.0,2.0,0,0
S02241,2,1,1,81.52,65.33,,6.0,1,0
S02242,6,0,1,62.16,36.2,16.0,1.0,0,0
S02243,4,1,1,64.62,35.37,15.0,8.0,1,0
S02244,1,1,1,59.99,29.94,19.0,4.0,0,0
S02245,6,0,0,82.74,40.38,32.0,1.0,0,0
S02246,7,1,1,62.68,18.86,2.0,0.0,0,0
S02247,5,1,1,83.53,49.3,22.0,2.0,1,0
S02248,2,0,1,63.07,21.68,,1.0,1,0
S02249,2,1,1,68.53,34.72,20.0,3.0,0,0
S02250,4,1,0,72.53,38.7,26.0,3.0,2,0
S02251,5,0,1,2.187264276846477,97.30767766147399,32.0,1.0,0,0
S02252,5,0,0,58.14,31.88,14.0,4.0,1,0
S02253,2,1,0,82.56,49.29,27.0,4.0,0,0
S02254,5,1,1,67.93,22.1,,6.0,1,0
S02255,3,0,1,80.16,32.6,18.0,2.0,1,0
S02256,6,0,1,71.76,30.36,24.0,2.0,0,0
S02257,7,0,1,80.8,38.72,15.0,3.0,0,1
S02258,6,1,1,65.83,,30.0,2.0,1,0
S02259,1,1,1,60.16,42.58,,2.0,0,0
S02260,8,0,1,78.4,44.44,17.0,1.0,1,0
S02261,1,1,1,64.59,17.65,8.0,5.0,1,0
S02262,8,1,1,93.88,47.67,25.0,4.0,0,0
S02263,1,0,1,73.01,48.77,16.0,5.0,0,0
S02264,5,0,1,,,5.0,3.0,0,0
S02265,1,1,1,63.22,,8.0,4.0,0,0
S02266,1,0,1,57.01,42.33,15.0,1.0,1,0
S02267,6,0,1,88.09,62.34,34.0,4.0,0,0
S02268,6,1,1,83.6,56.14,21.0,5.0,0,0
S02269,1,1,1,71.08,31.61,26.0,6.0,2,0
S02270,8,0,1,76.35,72.22,21.0,9.0,0,0
S02271,3,1,1,70.68,45.3,27.0,3.0,1,0
S02272,3,1,1,84.91,43.74,21.0,2.0,0,0
S02273,3,0,1,79.8,48.45,27.0,1.0,1,0
S02274,4,0,1,82.5,,27.0,3.0,0,0
S02275,2,1,1,69.12,59.24,32.0,0.0,1,0
S02276,4,1,1,,28.04,23.0,5.0,1,0
S02277,2,0,0,81.98,43.47,28.0,3.0,0,0
S02278,1,1,1,95.27,39.82,19.0,0.0,0,0
S02279,3,1,1,88.59,30.98,24.0,4.0,1,0
S02280,6,1,1,95.72,53.33,25.0,1.0,0,0
S02281,7,1,1,74.43,47.69,17.0,,0,0
S02282,3,0,0,,23.59,17.0,4.0,0,1
S02283,3,0,0,58.78,26.93,20.0,0.0,0,0
S02284,7,0,1,92.69,46.54,32.0,2.0,0,0
S02285,6,1,0,44.07,38.49,22.0,,1,0
S02286,7,1,1,94.57,49.58,34.0,4.0,0,0
S02287,8,1,1,60.19,97.59342077459547,,3.0,0,0
S02288,7,0,1,100.0,57.8,34.0,3.0,0,0
S02289,8,1,1,70.94,37.51,27.0,5.0,0,0
S02290,4,0,1,82.84,40.46,,1.0,1,0
S02291,4,0,1,100.0,55.61,31.0,1.0,0,0
S02292,3,0,1,67.05,38.11,,4.0,0,0
S02293,2,1,0,66.8,38.15,29.0,5.0,1,0
S02294,6,0,1,61.58,32.9,20.0,0.0,0,0
S02295,6,1,1,,7.72,4.0,3.0,0,0
S02296,7,1,0,67.05,20.03,6.0,5.0,0,0
S02297,2,1,1,63.68,45.34,34.0,5.0,1,0
S02298,4,0,1,53.25,29.44,2.0,1.0,1,0
S02299,2,1,1,68.84,29.72,20.0,5.0,0,0
S02300,8,1,1,78.75,65.9,32.0,3.0,1,0
S02301,3,0,1,58.56,,3.0,2.0,2,0
S02302,2,1,1,69.56,27.06,13.0,6.0,1,0
S02303,5,1,1,93.1,48.81,20.0,1.0,1,0
S02304,8,0,1,50.71,38.18,29.0,4.0,0,0
S02305,8,0,0,100.0,64.89,49.0,3.0,0,0
S02306,1,0,0,61.89,30.8,13.0,4.0,0,0
S02307,3,0,1,75.01,49.45,28.0,4.0,1,0
S02308,2,1,0,91.19,65.85,32.0,4.0,1,0
S02309,3,0,0,95.77,43.0,29.0,6.0,0,0
S02310,5,0,0,79.05,29.34,12.0,3.0,0,0
S02311,3,0,1,61.58,43.95,37.0,0.0,0,0
S02312,1,0,1,60.26,96.81096916545224,4.0,6.0,1,0
S02313,5,0,1,63.38,17.43,21.0,2.0,0,0
S02314,1,1,0,100.0,54.87,27.0,0.0,0,0
S02315,2,0,1,66.25,57.05,28.0,1.0,0,0
S02316,1,0,0,76.85,48.75,31.0,3.0,0,0
S02317,1,1,1,56.34,32.7,9.0,1.0,1,0
S02318,4,1,1,54.65,27.9,10.0,1.0,1,0
S02319,7,0,1,72.4,36.85,10.0,2.0,1,0
S02320,7,0,0,67.13,44.71,22.0,4.0,1,0
S02321,1,0,1,68.22,32.88,27.0,3.0,0,1
S02322,1,0,1,49.81,12.08,11.0,0.0,1,0
S02323,3,0,0,70.9,44.14,,3.0,1,1
S02324,6,1,1,95.24,61.52,46.0,4.0,0,0
S02325,6,1,1,59.2,54.92,25.0,2.0,1,0
S02326,7,0,1,85.46,39.14,,0.0,0,0
S02327,3,1,0,20.03,17.24,0.0,8.0,2,1
S02328,2,0,1,59.96,25.16,22.0,4.0,0,0
S02329,1,0,1,43.34,26.42,14.0,1.0,0,1
S02330,2,0,1,90.54,52.33,19.0,1.0,0,0
S02331,1,0,1,85.18,43.56,19.0,1.0,1,0
S02332,7,1,1,56.49,31.1,15.0,6.0,0,0
S02333,3,0,1,76.34,35.71,13.0,3.0,3,0
S02334,7,1,0,90.03,47.91,23.0,8.0,0,0
S02335,5,0,1,92.36,37.68,26.0,3.0,0,0
S02336,5,1,0,65.91,95.37609814696806,25.0,4.0,0,0
S02337,4,1,0,38.87,17.7,5.0,2.0,1,0
S02338,7,0,1,58.52,30.97,14.0,0.0,0,0
S02339,1,0,1,83.49,99.00838846141585,57.0,6.0,0,0
S02340,1,1,1,100.0,38.22,18.0,6.0,1,0
S02341,4,0,1,71.19,50.19,24.0,1.0,0,0
S02342,4,0,1,62.9,39.24,22.0,2.0,1,0
S02343,5,1,1,100.0,60.72,,6.0,0,0
S02344,6,0,1,78.09,42.07,21.0,0.0,0,0
S02345,5,0,1,53.58,14.55,7.0,0.0,2,0
S02346,3,0,1,70.22,28.66,34.0,2.0,1,0
S02347,3,0,1,87.0,45.92,21.0,2.0,0,0
S02348,7,0,1,70.94,28.31,,0.0,2,0
S02349,2,0,1,83.92,41.21,27.0,0.0,0,0
S02350,5,0,1,47.92,30.0,8.0,2.0,0,1
S02351,5,0,1,50.49,29.82,23.0,0.0,1,0
S02352,7,0,1,60.98,38.89,16.0,3.0,0,0
S02353,6,1,1,67.77,35.54,30.0,5.0,2,0
S02354,4,1,1,77.01,41.46,28.0,4.0,0,0
S02355,3,0,1,81.55,42.75,23.0,3.0,0,0
S02356,3,0,0,100.0,42.42,41.0,3.0,0,0
S02357,4,1,1,60.92,23.02,13.0,3.0,2,1
S02358,2,0,1,67.29,49.44,18.0,3.0,0,0
S02359,6,0,1,61.34,29.33,23.0,2.0,1,0
S02360,2,1,0,88.19,51.83,30.0,4.0,0,0
S02361,6,0,0,89.01,39.65,23.0,2.0,0,0
S02362,7,1,1,65.29,22.81,8.0,8.0,0,0
S02363,8,1,1,100.0,58.15,32.0,1.0,0,0
S02364,1,1,1,61.37,95.62625484403979,13.0,5.0,1,0
S02365,7,0,1,87.45,56.82,28.0,1.0,0,0
S02366,1,0,1,93.82,58.21,27.0,5.0,0,0
S02367,3,0,0,51.58,31.0,9.0,4.0,0,0
S02368,2,1,1,80.66,22.54,23.0,1.0,0,0
S02369,2,1,1,31.12,16.17,7.0,4.0,1,1
S02370,2,1,1,84.36,68.48,32.0,2.0,1,0
S02371,1,0,1,55.48,13.52,20.0,6.0,0,0
S02372,7,1,1,80.51,69.21,42.0,4.0,1,0
S02373,1,0,1,83.32,95.70275780200764,28.0,4.0,0,0
S02374,4,1,1,88.8,52.65,23.0,0.0,0,0
S02375,6,0,1,85.35,30.61,26.0,2.0,0,0
S02376,8,0,1,72.84,44.48,27.0,2.0,1,0
S02377,7,0,0,66.29,97.55735833510555,59.0,2.0,1,0
S02378,2,1,0,70.88,31.92,33.0,4.0,0,0
S02379,8,0,1,55.26,47.32,,3.0,1,0
S02380,6,0,1,68.82,32.21,,3.0,0,0
S02381,2,0,0,67.64,40.53,20.0,6.0,1,0
S02382,4,0,1,60.18,19.03,11.0,2.0,2,1
S02383,8,1,0,45.88,36.19,11.0,5.0,0,1
S02384,4,0,0,52.85,,25.0,0.0,1,0
S02385,2,0,1,24.75,10.46,9.0,2.0,2,1
S02386,8,1,1,67.38,47.96,11.0,0.0,1,0
S02387,8,0,1,77.41,41.11,15.0,6.0,0,0
S02388,8,0,1,31.76,9.73,0.0,0.0,1,1
S02389,8,0,1,75.55,28.29,18.0,4.0,0,0
S02390,7,0,0,70.16,31.36,22.0,3.0,1,0
S02391,4,0,1,54.35,34.33,7.0,1.0,1,0
S02392,2,0,1,65.53,26.97,17.0,3.0,0,0
S02393,5,0,1,87.76,61.37,39.0,2.0,0,0
S02394,2,1,1,57.39,34.68,30.0,2.0,1,0
S02395,4,1,1,73.18,99.20376426342065,35.0,5.0,0,0
S02396,6,1,0,77.2,29.17,10.0,0.0,0,0
S02397,8,0,1,59.67,22.91,31.0,1.0,0,0
S02398,3,0,0,,36.62,29.0,4.0,0,0
S02399,3,1,0,78.06,48.47,25.0,2.0,1,0
S02400,6,1,1,68.22,41.26,29.0,0.0,0,0
S02401,1,0,0,100.0,59.15,38.0,2.0,0,0
S02402,5,0,1,87.19,48.05,13.0,2.0,0,0
S02403,6,0,1,46.71,10.68,8.0,1.0,1,1
S02404,5,0,1,66.16,28.29,17.0,2.0,0,0
S02405,4,0,1,100.0,46.64,22.0,2.0,0,0
S02406,7,0,1,57.27,36.89,25.0,4.0,0,0
S02407,3,1,1,73.0,37.49,34.0,2.0,0,0
S02408,6,1,1,90.46,45.99,29.0,3.0,1,0
S02409,4,1,0,81.78,41.33,28.0,3.0,0,0
S02410,1,0,1,83.95,31.46,27.0,0.0,0,0
S02411,5,1,1,83.06,41.53,27.0,6.0,0,0
S02412,1,1,0,,48.52,31.0,9.0,0,0
S02413,8,0,1,60.12,14.45,4.0,0.0,1,0
S02414,5,1,1,78.52,31.2,29.0,7.0,1,0
S02415,3,1,1,65.96,32.76,20.0,1.0,0,0
S02416,4,1,1,64.78,25.87,14.0,3.0,0,0
S02417,5,0,1,,31.61,26.0,2.0,0,0
S02418,3,1,0,66.29,24.68,35.0,6.0,0,0
S02419,3,0,1,97.59,58.93,21.0,7.0,0,0
S02420,4,0,1,75.85,33.47,22.0,1.0,0,0
S02421,3,0,1,69.61,53.79,35.0,,0,0
S02422,7,0,1,44.74,24.81,2.0,3.0,0,0
S02423,1,0,1,100.0,70.83,29.0,0.0,0,0
S02424,7,0,1,71.91,42.68,23.0,2.0,1,0
S02425,3,1,0,37.94,15.11,13.0,6.0,0,0
S02426,5,0,0,86.82,54.56,27.0,2.0,1,0
S02427,2,1,1,71.25,14.23,15.0,5.0,1,0
S02428,4,0,1,58.03,42.88,21.0,1.0,1,0
S02429,7,1,1,85.97,65.97,27.0,5.0,0,0
S02430,3,1,1,33.77,8.48,14.0,0.0,1,1
S02431,2,1,1,61.29,34.88,26.0,0.0,1,0
S02432,5,1,1,67.51,32.38,9.0,4.0,0,0
S02433,2,1,1,84.78,47.52,35.0,4.0,0,0
S02434,3,0,1,100.0,53.71,30.0,0.0,1,0
S02435,4,0,1,68.33,33.19,28.0,6.0,0,0
S02436,5,0,0,78.9,39.7,29.0,0.0,0,0
S02437,6,0,1,100.0,92.55,,3.0,0,0
S02438,6,0,1,72.07,40.97,22.0,0.0,1,0
S02439,7,0,1,79.02,16.71,22.0,4.0,0,0
S02440,1,1,0,53.44,21.52,12.0,1.0,1,0
S02441,3,1,1,100.0,47.57,24.0,5.0,0,0
S02442,1,1,1,61.31,53.23,25.0,0.0,1,0
S02443,1,1,1,76.03,52.48,15.0,4.0,0,0
S02444,2,0,1,75.6,46.21,30.0,0.0,0,0
S02445,5,0,0,,28.3,21.0,0.0,0,0
S02446,8,1,1,65.49,31.36,6.0,1.0,2,0
S02447,7,1,1,75.62,39.31,36.0,2.0,1,0
S02448,6,0,1,98.36,44.78,5.0,1.0,0,0
S02449,7,0,1,100.0,96.03089630679689,32.0,1.0,0,0
S02450,2,0,1,69.37,33.25,23.0,3.0,0,0
S02451,7,0,1,65.26,99.64132851725898,56.0,2.0,0,0
S02452,8,0,1,59.87,,,2.0,0,0
S02453,1,0,0,100.0,58.49,27.0,2.0,0,0
S02454,4,1,1,73.93,23.46,21.0,2.0,0,0
S02455,7,1,1,88.73,54.33,39.0,4.0,0,0
S02456,4,0,0,82.45,98.66662330152562,27.0,4.0,0,0
S02457,7,1,1,100.0,58.04,30.0,2.0,0,0
S02458,8,1,1,68.28,45.73,20.0,3.0,0,0
S02459,4,0,1,55.39,42.0,31.0,0.0,1,0
S02460,1,1,1,99.89,61.17,36.0,1.0,0,0
S02461,3,0,0,85.55,47.16,20.0,4.0,0,0
S02462,2,1,1,78.84,47.81,21.0,6.0,1,0
S02463,4,0,0,95.03,39.5,21.0,8.0,0,0
S02464,5,1,1,79.7,36.39,22.0,6.0,0,0
S02465,4,1,1,95.55,61.42,44.0,3.0,0,0
S02466,2,0,1,75.7,53.75,22.0,2.0,2,0
S02467,3,0,1,85.53,47.95,17.0,1.0,0,0
S02468,6,0,1,79.9,53.58,29.0,6.0,0,0
S02469,1,1,0,67.12,32.81,18.0,3.0,1,0
S02470,2,1,1,68.92,41.55,26.0,2.0,0,0
S02471,8,0,0,66.11,34.66,18.0,2.0,2,0
S02472,1,1,1,75.98,35.32,35.0,3.0,1,0
S02473,4,0,1,65.16,35.58,13.0,1.0,0,0
S02474,2,0,1,78.54,37.15,15.0,,0,0
S02475,1,0,1,78.03,55.97,32.0,4.0,0,0
S02476,4,0,1,75.08,18.42,,5.0,1,0
S02477,5,0,1,75.34,36.31,22.0,0.0,0,0
S02478,2,0,1,63.51,19.88,26.0,2.0,1,0
S02479,1,0,1,67.77,32.53,3.0,0.0,0,0
S02480,2,1,1,46.94,33.9,14.0,7.0,0,0
S02481,6,0,1,70.2,36.89,10.0,1.0,1,0
S02482,7,1,1,57.21,43.55,2.0,3.0,0,0
S02483,2,1,1,73.5,41.91,14.0,6.0,0,0
S02484,3,1,1,61.28,24.24,17.0,2.0,1,0
S02485,3,0,0,,31.67,6.0,3.0,2,1
S02486,3,1,1,100.0,81.08,41.0,4.0,0,0
S02487,2,0,1,68.53,45.25,22.0,0.0,0,0
S02488,1,0,1,,43.12,26.0,0.0,0,0
S02489,5,0,1,64.1,23.67,9.0,6.0,1,0
S02490,3,0,1,97.47,59.03,33.0,3.0,0,0
S02491,3,1,1,54.72,34.37,33.0,5.0,0,0
S02492,3,1,1,74.64,49.73,18.0,0.0,0,0
S02493,8,1,1,55.62,25.95,12.0,6.0,0,0
S02494,5,0,1,100.0,60.52,24.0,3.0,0,0
S02495,4,1,1,68.26,49.78,31.0,2.0,0,0
S02496,2,1,1,84.43,36.91,34.0,1.0,0,0
S02497,7,0,0,78.76,41.15,21.0,4.0,0,0
S02498,8,0,0,71.62,47.55,17.0,3.0,0,0
S02499,1,1,1,79.77,39.49,18.0,2.0,0,0
S02500,8,0,1,92.39,53.89,27.0,,0,0
S02501,6,0,1,82.02,51.51,34.0,5.0,0,0
S02502,1,1,0,74.44,33.43,24.0,3.0,0,0
S02503,7,0,1,79.79,67.19,36.0,4.0,0,0
S02504,1,0,1,100.0,45.98,27.0,,0,0
S02505,1,0,1,65.75,18.02,2.0,0.0,0,0
S02506,1,1,1,,44.71,33.0,4.0,2,1
S02507,4,1,1,55.55,25.77,18.0,1.0,0,0
S02508,5,1,1,56.67,34.92,23.0,0.0,0,0
S02509,4,1,0,58.78,33.26,11.0,7.0,0,0
S02510,1,1,1,59.3,37.41,7.0,3.0,0,1
S02511,2,1,0,71.65,19.67,24.0,1.0,0,0
S02512,7,0,1,75.71,32.83,8.0,0.0,0,0
S02513,8,0,1,75.55,38.25,22.0,3.0,0,0
S02514,7,1,1,61.05,37.5,27.0,3.0,0,0
S02515,1,1,1,86.91,57.99,31.0,6.0,1,0
S02516,7,0,1,80.02,60.29,27.0,2.0,0,0
S02517,6,1,1,95.72,62.81,45.0,3.0,0,0
S02518,5,1,1,84.7,41.14,30.0,3.0,0,0
S02519,2,0,1,66.76,,5.0,4.0,0,0
S02520,8,0,0,91.58,56.42,28.0,1.0,0,0
S02521,4,0,1,76.1,,39.0,8.0,0,0
S02522,1,0,1,83.97,56.18,24.0,6.0,0,0
S02523,2,0,1,82.81,46.86,41.0,1.0,0,0
S02524,4,0,1,70.14,36.85,30.0,4.0,1,0
S02525,1,0,0,73.55,41.18,20.0,6.0,2,0
S02526,3,0,1,70.03,46.05,13.0,5.0,0,0
S02527,4,1,0,59.21,51.45,21.0,5.0,1,0
S02528,8,1,0,39.83,31.84,21.0,2.0,0,1
S02529,1,0,1,61.59,30.9,6.0,2.0,1,0
S02530,5,0,1,74.99,,24.0,3.0,1,0
S02531,8,0,1,88.28,48.6,12.0,8.0,0,0
S02532,7,0,1,83.94,95.67801409159259,24.0,0.0,1,0
S02533,8,0,1,67.81,98.24358917987782,8.0,2.0,0,0
S02534,2,0,1,61.8,37.95,23.0,3.0,0,0
S02535,7,0,1,69.3,37.16,16.0,1.0,0,0
S02536,8,1,1,57.37,49.02,26.0,1.0,0,1
S02537,3,0,1,40.27,21.04,7.0,2.0,0,1
S02538,4,1,1,48.82,20.45,9.0,3.0,1,1
S02539,5,0,1,92.62,48.38,17.0,2.0,1,0
S02540,4,0,1,99.86,49.49,36.0,0.0,0,0
S02541,3,1,0,83.31,50.81,30.0,5.0,0,0
S02542,8,0,1,71.13,,30.0,4.0,0,0
S02543,8,1,1,51.11,23.74,20.0,8.0,0,0
S02544,4,1,1,69.58,64.33,25.0,0.0,0,0
S02545,7,1,1,81.18,45.65,30.0,3.0,0,0
S02546,4,0,1,84.45,97.35482455130173,58.0,2.0,0,0
S02547,7,0,1,82.33,32.56,33.0,1.0,0,0
S02548,5,0,0,90.14,37.19,,0.0,0,0
S02549,4,0,1,100.0,62.09,29.0,5.0,0,0
S02550,2,0,1,65.92,14.51,7.0,2.0,1,1
S02551,6,1,1,100.0,46.03,35.0,8.0,0,0
S02552,3,1,1,41.7,38.97,25.0,4.0,0,0
S02553,2,0,1,60.33,32.99,25.0,3.0,0,0
S02554,2,0,1,75.0,99.74594533749136,,5.0,0,0
S02555,8,1,1,80.24,47.36,,3.0,0,0
S02556,1,1,1,69.28,51.67,24.0,6.0,1,0
S02557,7,0,0,64.56,27.32,22.0,3.0,1,0
S02558,7,0,0,100.0,70.58,22.0,4.0,0,0
S02559,1,1,1,63.85,41.4,30.0,,1,0
S02560,5,1,1,56.71,25.7,7.0,2.0,1,0
S02561,5,1,1,97.36,59.79,29.0,7.0,0,0
S02562,3,0,0,,97.84532691199924,35.0,2.0,0,0
S02563,6,0,0,1.704940129513719,99.36197681604935,25.0,4.0,0,0
S02564,4,0,1,74.94,43.85,24.0,4.0,0,0
S02565,4,0,1,51.36,46.76,16.0,5.0,1,1
S02566,4,1,1,73.27,63.76,23.0,3.0,0,0
S02567,7,0,1,49.29,29.0,15.0,0.0,3,1
S02568,6,1,1,75.63,43.92,25.0,4.0,1,0
S02569,4,1,1,81.8,44.48,27.0,5.0,0,0
S02570,8,1,1,88.13,45.37,21.0,4.0,1,0
S02571,7,1,1,70.61,29.34,10.0,8.0,1,0
S02572,8,1,1,83.22,60.28,34.0,0.0,0,0
S02573,6,0,1,58.44,50.19,26.0,1.0,0,0
S02574,4,0,0,86.5,61.86,30.0,1.0,1,1
S02575,7,0,1,82.12,60.38,29.0,6.0,0,0
S02576,3,1,1,60.0,98.55644967301087,11.0,2.0,0,0
S02577,3,1,0,79.96,42.72,6.0,1.0,1,0
S02578,4,0,1,88.35,55.51,26.0,3.0,0,0
S02579,8,0,1,73.18,18.48,8.0,1.0,0,0
S02580,5,0,1,59.66,30.62,19.0,0.0,0,0
S02581,4,0,1,74.67,41.03,34.0,0.0,3,0
S02582,4,1,0,80.29,41.01,20.0,0.0,0,0
S02583,3,0,1,59.55,28.78,13.0,0.0,0,0
S02584,6,1,1,56.89,,,4.0,0,0
S02585,3,1,1,79.82,40.58,26.0,5.0,0,0
S02586,5,0,0,84.35,24.25,27.0,0.0,0,0
S02587,3,0,0,100.0,55.21,24.0,3.0,0,0
S02588,3,1,1,81.99,46.67,33.0,2.0,0,0
S02589,8,1,1,53.86,45.24,38.0,7.0,1,0
S02590,3,0,1,100.0,49.23,42.0,1.0,0,0
S02591,1,0,1,87.82,53.07,27.0,0.0,0,0
S02592,4,1,1,41.92,13.74,11.0,4.0,2,0
S02593,5,1,1,56.55,12.37,13.0,2.0,1,0
S02594,1,1,1,64.63,29.91,15.0,4.0,2,1
S02595,3,1,0,84.57,33.84,35.0,0.0,0,0
S02596,2,1,1,36.31,16.82,18.0,4.0,2,1
S02597,5,0,1,70.21,35.14,12.0,0.0,0,1
S02598,6,1,0,83.72,34.76,30.0,3.0,1,0
S02599,8,0,1,29.49,22.8,16.0,3.0,2,0
S02600,4,1,1,83.2,31.46,24.0,1.0,0,0
S02601,7,1,1,85.0,36.79,25.0,10.0,0,0
S02602,2,1,1,59.3,24.45,23.0,10.0,2,0
S02603,7,0,1,54.7,38.88,22.0,4.0,1,0
S02604,5,1,1,59.07,35.97,21.0,3.0,1,0
S02605,7,1,1,31.92,12.8,10.0,5.0,2,1
S02606,7,1,1,67.11,17.05,24.0,9.0,0,0
S02607,5,1,0,75.29,39.71,,3.0,2,0
S02608,3,0,1,53.71,12.78,7.0,6.0,0,0
S02609,5,0,1,86.58,29.24,15.0,0.0,1,0
S02610,7,1,1,73.54,49.37,28.0,5.0,0,0
S02611,8,1,1,75.9,,25.0,9.0,2,1
S02612,8,1,1,3.6645463666324174,96.20834026207034,24.0,4.0,0,0
S02613,2,1,1,83.15,33.89,20.0,5.0,1,0
S02614,5,0,1,91.36,60.21,30.0,0.0,0,0
S02615,1,0,1,65.89,41.97,21.0,0.0,2,0
S02616,6,1,1,83.42,61.74,37.0,4.0,0,0
S02617,8,0,0,83.58,97.88448897217823,33.0,7.0,0,0
S02618,1,1,1,78.27,25.75,19.0,4.0,1,0
S02619,6,1,0,97.16,76.49,36.0,5.0,0,0
S02620,8,1,1,61.1,6.12,13.0,4.0,2,0
S02621,7,0,1,65.68,20.24,0.0,2.0,0,0
S02622,4,1,1,60.35,35.6,32.0,4.0,0,0
S02623,1,0,0,82.88,,23.0,2.0,0,0
S02624,8,0,1,67.91,36.42,,1.0,0,0
S02625,8,0,0,61.56,40.46,13.0,0.0,0,0
S02626,5,0,1,96.95,52.4,25.0,0.0,0,0
S02627,8,1,1,99.14,37.44,28.0,2.0,0,0
S02628,1,1,0,67.07,34.89,23.0,4.0,1,0
S02629,5,0,0,51.49,37.68,16.0,0.0,0,0
S02630,1,1,0,99.95,49.84,36.0,4.0,0,0
S02631,8,0,1,79.06,38.08,21.0,2.0,0,0
S02632,6,1,0,78.31,48.27,25.0,5.0,0,0
S02633,8,1,1,73.58,45.05,16.0,4.0,0,0
S02634,5,1,0,60.0,45.38,30.0,5.0,1,0
S02635,1,0,0,65.8,27.65,10.0,2.0,0,0
S02636,1,0,1,,26.13,20.0,1.0,0,0
S02637,3,0,1,65.29,37.16,17.0,0.0,1,0
S02638,6,1,1,78.49,96.44529503340097,44.0,1.0,0,0
S02639,2,1,0,72.2,41.89,29.0,2.0,0,0
S02640,7,0,0,56.15,18.9,10.0,0.0,1,0
S02641,2,0,1,96.32,55.5,38.0,6.0,0,0
S02642,4,1,0,80.91,59.64,30.0,0.0,1,0
S02643,2,0,1,76.96,46.42,26.0,3.0,0,0
S02644,4,1,0,80.33,58.37,31.0,3.0,0,0
S02645,4,1,1,45.11,16.88,,4.0,1,1
S02646,1,0,1,64.6,39.29,21.0,3.0,0,0
S02647,5,0,1,49.09,9.69,2.0,5.0,0,1
S02648,7,0,1,73.87,44.63,35.0,0.0,0,0
S02649,8,0,1,76.89,46.18,21.0,0.0,1,0
S02650,3,1,0,74.12,16.47,13.0,5.0,0,0
S02651,8,1,1,89.68,46.79,25.0,5.0,0,0
S02652,8,0,1,49.54,30.14,11.0,0.0,2,1
S02653,8,0,1,60.01,25.23,12.0,1.0,1,0
S02654,3,0,0,78.22,54.76,31.0,2.0,0,0
S02655,7,0,1,75.96,45.17,32.0,2.0,0,0
S02656,5,1,1,52.27,6.57,0.0,4.0,0,0
S02657,1,1,1,89.95,51.38,25.0,2.0,0,0
S02658,3,1,1,95.15,52.04,27.0,2.0,0,0
S02659,6,0,1,78.38,97.19102800333933,23.0,4.0,0,1
S02660,2,1,1,49.36,33.07,28.0,5.0,1,1
S02661,4,0,1,74.4,45.45,17.0,0.0,1,0
S02662,7,1,1,77.11,49.03,37.0,5.0,1,0
S02663,2,1,1,,43.02,20.0,0.0,1,0
S02664,4,1,1,92.21,72.5,42.0,6.0,0,0
S02665,2,0,1,70.26,44.71,19.0,4.0,0,0
S02666,5,0,1,100.0,54.41,29.0,5.0,0,0
S02667,2,1,1,83.75,45.88,26.0,3.0,0,0
S02668,8,0,1,76.14,44.46,34.0,0.0,0,0
S02669,1,1,1,85.81,49.28,29.0,2.0,0,0
S02670,8,0,1,94.96,55.05,32.0,0.0,0,0
S02671,7,1,1,85.49,43.17,32.0,5.0,0,0
S02672,7,0,1,,,15.0,0.0,0,0
S02673,7,1,1,62.1,26.88,22.0,3.0,0,0
S02674,2,0,1,55.17,34.83,11.0,1.0,1,0
S02675,8,0,1,35.39,26.82,21.0,4.0,1,0
S02676,5,0,1,74.61,42.97,27.0,1.0,1,0
S02677,8,0,0,,32.74,26.0,0.0,0,0
S02678,8,1,1,66.99,34.7,4.0,7.0,0,0
S02679,5,1,1,87.43,45.39,34.0,1.0,0,0
S02680,3,1,1,70.32,31.03,20.0,4.0,0,0
S02681,1,1,0,100.0,57.69,21.0,6.0,0,0
S02682,1,1,1,63.4,31.25,20.0,4.0,1,0
S02683,4,0,1,57.44,28.06,5.0,2.0,1,0
S02684,7,1,0,53.14,26.36,21.0,6.0,0,0
S02685,5,0,1,82.84,49.65,,0.0,0,0
S02686,4,1,1,89.27,42.19,14.0,5.0,0,0
S02687,2,0,1,63.08,45.01,19.0,1.0,0,0
S02688,5,1,1,56.04,33.58,15.0,4.0,1,0
S02689,6,0,0,94.95,95.29754694773479,57.0,2.0,0,0
S02690,8,0,1,50.24,35.89,22.0,1.0,1,0
S02691,6,0,1,87.15,61.48,33.0,2.0,0,0
S02692,5,0,1,63.44,59.59,36.0,6.0,1,0
S02693,8,0,0,77.96,51.04,29.0,,0,0
S02694,4,0,1,88.15,36.6,21.0,2.0,2,0
S02695,8,0,1,79.14,49.02,29.0,0.0,0,0
S02696,3,1,0,67.57,55.62,31.0,5.0,0,0
S02697,2,0,1,92.94,37.43,26.0,2.0,0,0
S02698,4,1,0,76.34,62.64,31.0,2.0,0,0
S02699,2,0,1,100.0,54.07,14.0,2.0,0,0
S02700,1,1,1,46.42,34.23,25.0,6.0,2,1
S02701,8,0,1,46.2,25.6,20.0,2.0,0,0
S02702,7,0,0,86.91,32.96,7.0,2.0,0,0
S02703,2,1,1,71.52,51.27,25.0,5.0,0,0
S02704,7,1,1,83.89,26.07,11.0,5.0,0,0
S02705,1,0,0,,50.22,12.0,1.0,1,1
S02706,3,0,1,72.81,52.28,28.0,1.0,0,0
S02707,6,0,1,78.86,48.94,24.0,4.0,0,0
S02708,3,0,1,63.84,95.46699525289233,30.0,4.0,0,0
S02709,6,0,0,75.48,35.36,24.0,2.0,0,0
S02710,7,1,1,51.58,30.22,15.0,3.0,1,0
S02711,1,0,0,77.92,33.11,33.0,0.0,1,0
S02712,1,1,1,93.68,40.91,28.0,0.0,0,0
S02713,8,0,0,,13.5,16.0,3.0,2,1
S02714,5,0,1,52.53,29.8,16.0,3.0,0,0
S02715,5,0,1,89.85,96.70148163187707,28.0,0.0,1,0
S02716,4,0,1,,31.48,25.0,1.0,1,0
S02717,4,0,1,84.61,47.01,22.0,1.0,0,0
S02718,6,1,1,72.83,49.59,16.0,3.0,0,0
S02719,5,1,1,65.73,17.16,12.0,4.0,0,0
S02720,2,0,1,94.0,58.34,13.0,0.0,0,0
S02721,6,0,1,85.92,54.95,39.0,0.0,2,1
S02722,6,1,1,76.2,34.31,17.0,4.0,0,0
S02723,1,0,1,39.71,22.96,9.0,1.0,0,0
S02724,4,0,1,82.68,56.61,39.0,0.0,0,0
S02725,7,1,1,55.94,,16.0,1.0,2,0
S02726,5,0,1,68.68,38.18,25.0,4.0,0,0
S02727,2,0,1,72.11,21.47,11.0,2.0,1,1
S02728,1,0,0,100.0,48.28,44.0,3.0,0,0
S02729,5,1,0,68.2,44.4,20.0,,0,0
S02730,4,0,1,50.66,28.85,7.0,4.0,0,0
S02731,8,1,1,94.04,66.7,22.0,11.0,0,0
S02732,5,0,1,82.89,,40.0,2.0,0,0
S02733,8,0,1,83.44,49.02,22.0,0.0,1,0
S02734,2,0,1,94.33,57.41,22.0,1.0,0,0
S02735,4,1,0,97.85,56.25,28.0,1.0,0,0
S02736,2,0,0,58.62,30.78,,3.0,0,0
S02737,5,1,1,51.14,25.4,16.0,0.0,0,0
S02738,2,0,1,84.64,46.29,31.0,1.0,0,0
S02739,4,0,1,68.06,41.26,23.0,3.0,2,0
S02740,3,0,1,69.42,53.26,27.0,1.0,0,0
S02741,2,0,1,55.17,16.54,14.0,1.0,2,0
S02742,1,0,1,80.76,49.58,42.0,1.0,0,0
S02743,5,1,1,78.03,56.79,21.0,,0,0
S02744,8,1,0,69.67,30.97,32.0,1.0,1,0
S02745,2,1,1,51.17,29.93,10.0,6.0,1,0
S02746,4,1,1,90.14,18.04,18.0,0.0,0,0
S02747,2,0,0,,30.54,10.0,3.0,1,0
S02748,7,1,1,88.77,41.88,31.0,3.0,0,0
S02749,4,0,1,40.45,37.45,20.0,1.0,0,1
S02750,8,1,1,72.85,24.48,14.0,1.0,1,0
S02751,2,1,1,61.25,19.4,12.0,1.0,1,0
S02752,1,0,1,72.54,95.58510223144175,26.0,2.0,0,0
S02753,5,1,0,86.15,42.65,27.0,8.0,0,0
S02754,6,1,1,77.55,36.68,,4.0,0,0
S02755,8,0,1,72.27,28.98,12.0,1.0,0,0
S02756,7,1,1,72.19,44.2,25.0,2.0,0,0
S02757,8,0,1,48.6,17.96,19.0,1.0,1,0
S02758,6,0,0,58.4,38.27,21.0,2.0,0,0
S02759,3,0,1,88.82,42.38,29.0,1.0,0,0
S02760,4,1,1,64.42,10.22,11.0,3.0,1,0
S02761,2,0,1,89.11,49.5,31.0,2.0,0,0
S02762,4,1,1,84.4,52.76,29.0,3.0,0,0
S02763,3,0,0,85.19,32.97,17.0,1.0,0,0
S02764,1,0,1,76.99,42.62,22.0,0.0,1,0
S02765,2,1,1,65.46,32.81,23.0,2.0,1,0
S02766,5,0,1,69.73,32.52,21.0,0.0,0,0
S02767,3,1,1,81.61,43.61,10.0,6.0,1,0
S02768,8,0,1,40.12,25.43,6.0,4.0,1,1
S02769,4,1,1,90.66,36.19,23.0,6.0,0,0
S02770,8,1,1,64.5,27.9,24.0,3.0,2,0
S02771,6,0,0,70.71,56.83,43.0,1.0,0,0
S02772,1,0,1,70.84,29.09,23.0,5.0,1,0
S02773,2,0,1,71.4,25.9,13.0,1.0,2,0
S02774,6,1,1,52.3,24.92,14.0,0.0,0,0
S02775,5,1,0,74.28,35.13,23.0,6.0,0,0
S02776,3,0,1,80.92,43.08,32.0,0.0,0,0
S02777,5,0,1,41.33,24.25,21.0,1.0,1,1
S02778,8,1,1,52.49,32.03,27.0,5.0,0,0
S02779,4,0,1,85.44,52.21,32.0,3.0,1,0
S02780,1,1,1,82.65,46.87,26.0,5.0,0,0
S02781,3,1,1,76.48,65.81,36.0,3.0,1,0
S02782,8,0,0,61.77,38.87,16.0,1.0,2,0
S02783,7,0,1,82.73,45.8,27.0,0.0,0,0
S02784,7,0,0,53.96,44.97,14.0,2.0,1,0
S02785,8,0,1,69.94,21.55,5.0,0.0,1,0
S02786,1,1,1,52.4,53.17,26.0,7.0,0,0
S02787,3,1,1,69.57,66.87,27.0,0.0,1,0
S02788,1,1,1,56.54,31.24,0.0,3.0,2,0
S02789,1,0,0,83.34,49.28,35.0,3.0,0,0
S02790,7,0,1,78.5,52.08,22.0,7.0,0,0
S02791,8,1,0,63.44,51.09,,6.0,2,0
S02792,2,0,1,88.35,40.4,29.0,1.0,2,0
S02793,6,0,1,57.66,96.51881185764573,6.0,1.0,1,0
S02794,5,0,1,71.47,37.29,22.0,,0,0
S02795,1,1,1,62.78,22.93,12.0,3.0,0,0
S02796,8,1,1,83.14,44.99,17.0,1.0,0,0
S02797,7,0,0,81.65,50.05,,0.0,0,0
S02798,5,1,1,91.53,39.68,33.0,2.0,0,0
S02799,6,0,1,73.24,60.83,35.0,0.0,1,0
S02800,4,0,1,27.61,95.27460066617637,3.0,1.0,1,1
S02801,7,0,1,65.54,40.56,12.0,5.0,1,0
S02802,4,1,0,95.48,65.5,36.0,7.0,0,0
S02803,8,0,1,67.13,26.95,14.0,,0,0
S02804,1,0,1,43.24,44.16,,2.0,0,0
S02805,2,0,1,78.74,67.06,29.0,2.0,1,0
S02806,8,1,0,79.86,34.4,24.0,4.0,2,0
S02807,3,1,1,61.09,32.46,15.0,6.0,3,0
S02808,3,0,0,68.3,34.47,10.0,3.0,1,0
S02809,7,1,1,59.29,30.01,25.0,2.0,2,0
S02810,2,0,0,79.84,39.35,22.0,3.0,0,1
S02811,5,0,0,72.85,67.32,28.0,,0,0
S02812,3,1,0,54.51,27.16,20.0,1.0,1,0
S02813,2,1,1,71.86,63.85,31.0,6.0,0,0
S02814,8,0,1,61.0,45.34,17.0,0.0,0,0
S02815,2,1,0,93.92,56.39,28.0,3.0,0,0
S02816,1,0,1,85.41,,,0.0,0,0
S02817,6,1,1,70.17,46.04,17.0,6.0,1,0
S02818,7,1,1,,48.61,26.0,4.0,0,0
S02819,2,1,1,87.21,56.03,21.0,11.0,0,0
S02820,6,0,1,,35.15,24.0,0.0,0,0
S02821,5,1,1,2.3127717479107397,98.18793809295501,38.0,4.0,0,0
S02822,7,1,1,94.16,37.63,27.0,0.0,0,0
S02823,2,0,1,64.64,38.16,9.0,4.0,1,0
S02824,8,0,0,,46.79,28.0,0.0,0,0
S02825,5,1,1,92.33,31.54,18.0,3.0,2,0
S02826,7,0,0,75.73,53.74,,0.0,0,0
S02827,3,1,1,65.34,34.42,21.0,3.0,0,0
S02828,8,0,1,75.54,56.15,18.0,0.0,0,1
S02829,6,1,1,68.33,95.1391237102247,17.0,6.0,0,0
S02830,2,0,1,60.11,42.91,9.0,1.0,1,0
S02831,8,1,1,79.98,48.16,33.0,2.0,1,0
S02832,7,1,1,56.65,42.22,,7.0,0,0
S02833,3,0,1,66.92,41.32,9.0,3.0,3,0
S02834,5,1,1,67.12,17.07,29.0,3.0,0,0
S02835,4,1,1,51.52,11.78,13.0,5.0,0,0
S02836,5,0,0,81.88,50.53,36.0,6.0,0,0
S02837,8,0,1,68.57,14.48,7.0,1.0,0,0
S02838,8,1,1,91.48,44.48,31.0,0.0,0,0
S02839,2,1,1,68.33,42.69,18.0,4.0,1,1
S02840,8,0,1,65.9,42.87,25.0,5.0,1,0
S02841,4,1,1,58.43,39.67,18.0,8.0,0,0
S02842,6,0,1,72.59,29.97,23.0,4.0,2,0
S02843,7,0,0,72.67,49.52,,5.0,0,0
S02844,4,1,1,83.13,45.07,39.0,4.0,1,0
S02845,4,0,1,73.01,95.93633821987629,21.0,3.0,0,0
S02846,4,0,1,100.0,95.40249091311514,39.0,2.0,0,0
S02847,7,0,0,78.84,68.24,30.0,2.0,0,0
S02848,4,0,1,57.2,52.71,24.0,4.0,0,0
S02849,3,0,1,55.93,34.49,9.0,3.0,2,0
S02850,3,1,1,80.02,44.76,31.0,5.0,0,1
S02851,2,0,1,56.73,34.59,20.0,4.0,0,0
S02852,4,1,1,80.92,44.6,16.0,3.0,0,0
S02853,1,1,1,85.43,41.56,26.0,0.0,0,1
S02854,1,0,1,85.8,64.48,46.0,0.0,0,0
S02855,6,0,1,58.96,39.26,15.0,1.0,1,0
S02856,1,1,1,85.82,54.49,24.0,2.0,0,0
S02857,5,0,1,76.84,34.13,28.0,8.0,0,0
S02858,7,0,1,62.88,32.72,15.0,0.0,1,1
S02859,6,1,1,69.61,49.36,23.0,3.0,0,0
S02860,4,1,1,79.07,50.16,,5.0,1,0
S02861,2,1,0,61.91,34.55,22.0,0.0,0,0
S02862,8,0,0,76.53,42.48,24.0,1.0,0,1
S02863,7,0,1,93.68,,46.0,3.0,0,0
S02864,5,0,1,86.46,54.86,28.0,3.0,0,0
S02865,1,1,0,73.23,23.73,21.0,1.0,0,0
S02866,1,0,1,75.51,36.91,32.0,0.0,0,0
S02867,3,0,1,63.93,24.11,8.0,1.0,0,0
S02868,2,0,1,64.35,48.06,33.0,5.0,0,0
S02869,7,1,1,48.94,37.37,6.0,0.0,1,1
S02870,2,1,1,75.77,50.76,33.0,4.0,0,0
S02871,3,0,0,82.24,40.28,38.0,0.0,0,0
S02872,8,0,0,70.94,35.42,18.0,6.0,0,0
S02873,7,0,1,58.84,21.36,14.0,1.0,0,0
S02874,2,0,1,72.99,37.79,22.0,6.0,1,0
S02875,4,0,1,92.13,45.24,35.0,4.0,0,0
S02876,5,0,1,85.47,40.13,19.0,4.0,1,0
S02877,6,1,1,71.56,95.16259135552478,21.0,3.0,1,0
S02878,8,1,0,100.0,75.58,30.0,3.0,0,0
S02879,7,1,1,100.0,55.66,23.0,6.0,0,0
S02880,8,1,1,64.8,22.81,11.0,2.0,0,0
S02881,1,0,1,68.31,38.0,22.0,6.0,1,0
S02882,2,0,1,82.4,64.15,27.0,3.0,0,0
S02883,5,0,1,,37.57,11.0,0.0,1,0
S02884,1,1,1,84.74,46.36,28.0,3.0,1,0
S02885,3,0,1,73.52,32.9,18.0,1.0,1,1
S02886,2,0,1,77.57,51.91,35.0,4.0,0,0
S02887,8,0,0,63.37,29.22,18.0,6.0,1,0
S02888,1,0,1,60.18,49.26,27.0,2.0,1,0
S02889,2,1,0,42.22,42.45,0.0,3.0,1,1
S02890,2,1,1,94.27,56.22,33.0,2.0,1,0
S02891,2,0,1,86.12,97.80903622920965,32.0,0.0,0,0
S02892,5,1,1,82.1,33.67,25.0,4.0,0,0
S02893,3,0,0,77.22,56.6,20.0,0.0,0,0
S02894,8,0,1,37.44,25.16,9.0,4.0,2,1
S02895,3,0,1,60.73,19.23,24.0,3.0,0,0
S02896,5,1,0,68.16,36.54,,7.0,0,0
S02897,6,1,0,55.78,33.39,22.0,1.0,0,0
S02898,6,0,1,46.6,28.3,16.0,3.0,1,0
S02899,7,1,1,57.34,26.61,15.0,,1,0
S02900,2,0,1,72.74,40.93,21.0,1.0,0,0
S02901,5,0,1,72.74,30.1,23.0,2.0,1,0
S02902,7,1,1,85.61,55.99,41.0,6.0,0,0
S02903,7,1,0,100.0,65.89,35.0,7.0,0,0
S02904,5,1,1,82.29,40.79,19.0,1.0,0,0
S02905,6,1,1,69.37,29.92,18.0,1.0,0,0
S02906,7,0,1,99.0,65.65,23.0,1.0,0,0
S02907,5,1,1,48.27,30.98,0.0,6.0,1,0
S02908,8,1,1,,7.23,2.0,3.0,1,1
S02909,2,0,1,58.7,29.14,19.0,2.0,2,1
S02910,3,0,0,84.18,52.81,37.0,3.0,0,0
S02911,1,1,1,74.53,48.53,31.0,3.0,0,0
S02912,1,0,1,55.08,32.12,7.0,6.0,1,0
S02913,4,0,1,61.09,27.76,12.0,1.0,0,0
S02914,2,1,0,53.38,16.2,8.0,5.0,1,1
S02915,4,1,1,53.38,24.37,0.0,4.0,3,0
S02916,4,1,1,95.27,45.57,29.0,4.0,0,0
S02917,5,1,1,69.85,48.1,28.0,3.0,0,0
S02918,8,0,1,98.54,60.21,30.0,1.0,0,0
S02919,7,1,1,58.65,45.15,7.0,5.0,1,0
S02920,4,0,1,,54.41,18.0,3.0,0,0
S02921,3,1,1,75.41,47.86,21.0,0.0,1,0
S02922,7,0,0,85.2,47.29,33.0,2.0,1,0
S02923,1,1,0,75.82,33.36,22.0,4.0,1,0
S02924,5,1,1,86.78,62.32,33.0,4.0,0,1
S02925,4,1,0,80.31,49.09,25.0,5.0,0,0
S02926,2,0,1,55.63,23.71,18.0,9.0,0,0
S02927,5,0,1,82.99,44.59,19.0,1.0,0,0
S02928,3,0,0,70.45,98.97544833323565,59.0,2.0,0,0
S02929,2,0,1,60.35,25.41,8.0,2.0,0,0
S02930,6,1,1,82.41,50.2,31.0,6.0,0,0
S02931,2,0,1,85.82,40.87,25.0,5.0,0,0
S02932,6,1,1,,14.26,0.0,3.0,1,0
S02933,2,0,1,66.74,57.68,24.0,3.0,0,0
S02934,4,0,0,51.19,30.26,23.0,1.0,1,0
S02935,7,1,1,44.93,27.31,6.0,4.0,1,0
S02936,2,0,1,68.37,24.6,,3.0,1,0
S02937,7,0,1,83.88,32.89,25.0,2.0,1,0
S02938,6,0,1,63.4,17.45,2.0,5.0,0,0
S02939,8,0,1,93.42,51.22,46.0,1.0,0,0
S02940,2,1,1,68.92,,20.0,6.0,1,0
S02941,6,0,1,,29.92,23.0,1.0,1,0
S02942,8,0,1,67.66,43.14,16.0,0.0,0,0
S02943,7,1,1,86.72,39.95,25.0,5.0,0,0
S02944,2,0,1,57.62,11.01,19.0,2.0,1,0
S02945,7,1,1,70.07,35.86,13.0,3.0,0,0
S02946,1,0,0,63.79,37.28,33.0,1.0,1,0
S02947,5,1,1,63.58,97.37062546107684,26.0,4.0,2,0
S02948,4,0,1,72.53,97.19918275645797,27.0,2.0,1,0
S02949,5,0,1,70.3,,21.0,4.0,1,0
S02950,5,1,0,87.78,43.65,,2.0,0,0
S02951,1,1,0,71.84,38.25,31.0,0.0,0,0
S02952,5,1,1,80.33,53.1,30.0,1.0,0,0
S02953,8,1,1,74.59,27.45,20.0,1.0,0,0
S02954,4,0,1,93.06,58.99,21.0,2.0,0,0
S02955,3,1,0,67.46,27.15,8.0,2.0,1,0
S02956,8,1,1,67.51,21.96,21.0,3.0,1,0
S02957,1,0,1,83.18,50.46,24.0,2.0,1,0
S02958,4,0,0,67.26,39.78,30.0,2.0,1,0
S02959,5,0,1,79.48,36.24,33.0,5.0,0,0
S02960,4,1,1,100.0,60.57,33.0,0.0,0,0
S02961,8,0,1,57.32,25.93,16.0,,1,0
S02962,4,0,0,94.98,,21.0,3.0,0,0
S02963,8,1,1,64.62,38.48,28.0,4.0,0,0
S02964,1,1,0,92.07,55.86,29.0,5.0,0,0
S02965,6,0,1,82.29,45.51,31.0,1.0,1,0
S02966,5,1,1,81.0,34.73,35.0,2.0,0,0
S02967,2,0,0,69.74,45.02,17.0,5.0,0,0
S02968,2,1,1,68.24,97.00024010803571,14.0,0.0,1,0
S02969,6,0,1,,23.37,38.0,1.0,2,0
S02970,6,0,1,72.09,38.29,27.0,0.0,0,0
S02971,5,1,0,69.24,30.33,19.0,2.0,0,0
S02972,1,0,1,74.87,55.44,33.0,1.0,1,0
S02973,5,0,1,50.84,19.72,12.0,2.0,1,0
S02974,8,0,0,72.34,40.26,25.0,2.0,0,0
S02975,1,1,0,90.94,54.31,25.0,3.0,0,0
S02976,4,1,0,86.16,48.48,27.0,3.0,0,0
S02977,4,1,1,72.35,49.07,,3.0,0,1
S02978,8,1,0,100.0,63.53,26.0,5.0,0,0
S02979,3,1,0,63.34,26.48,21.0,3.0,0,0
S02980,4,0,1,70.7,40.41,17.0,0.0,2,0
S02981,6,0,0,50.24,45.84,,7.0,1,0
S02982,1,1,1,65.95,26.83,18.0,4.0,0,0
S02983,7,1,0,98.82,37.02,18.0,4.0,0,0
S02984,7,1,1,66.52,45.97,25.0,2.0,1,0
S02985,6,1,1,49.08,21.58,19.0,7.0,0,0
S02986,6,0,1,85.08,76.4,45.0,6.0,0,0
S02987,6,1,1,77.84,40.18,25.0,,0,0
S02988,7,1,1,84.46,38.62,28.0,1.0,1,0
S02989,8,1,1,67.54,34.21,25.0,1.0,0,0
S02990,4,1,0,56.89,49.57,25.0,4.0,0,0
S02991,4,1,1,69.25,29.42,29.0,8.0,2,0
S02992,6,1,1,80.32,42.65,28.0,3.0,1,0
S02993,2,0,1,70.92,99.92261815608511,22.0,0.0,0,0
S02994,7,1,1,77.82,21.02,31.0,4.0,0,0
S02995,7,0,1,1.8509561319142604,99.93222686473464,19.0,0.0,1,0
S02996,6,0,1,78.38,36.44,14.0,0.0,0,0
S02997,3,0,1,71.95,25.1,10.0,1.0,0,0
S02998,3,0,1,61.41,39.8,16.0,7.0,2,0
S02999,4,0,0,74.1,49.58,,1.0,0,0
S03000,6,1,1,66.2,47.88,40.0,2.0,1,0
S03001,7,1,1,81.26,33.4,25.0,2.0,0,0
S03002,6,1,0,85.1,39.0,28.0,1.0,0,0
S03003,8,0,0,79.52,53.56,22.0,3.0,0,0
S03004,8,0,1,47.48,51.69,,2.0,2,0
S03005,6,1,0,57.53,41.78,19.0,5.0,2,0
S03006,3,1,1,62.45,36.64,14.0,8.0,0,0
S03007,5,0,0,60.06,19.25,10.0,1.0,3,0
S03008,4,1,1,63.86,34.5,16.0,3.0,1,0
S03009,6,1,1,85.88,31.77,21.0,1.0,0,0
S03010,7,1,1,82.48,50.6,,4.0,0,0
S03011,3,1,1,65.64,33.0,21.0,0.0,1,0
S03012,5,1,0,80.88,31.5,22.0,4.0,0,0
S03013,1,1,1,76.93,44.22,36.0,4.0,1,0
S03014,6,0,1,71.51,48.52,32.0,6.0,0,0
S03015,4,0,1,89.22,51.15,27.0,0.0,0,0
S03016,4,0,1,62.08,30.82,11.0,0.0,1,1
S03017,5,1,0,72.79,96.98542598500883,22.0,6.0,0,0
S03018,2,1,1,56.24,19.55,,4.0,0,0
S03019,5,0,1,56.96,21.07,17.0,2.0,0,1
S03020,6,1,1,51.59,17.7,12.0,8.0,0,1
S03021,3,0,0,57.21,13.97,,1.0,0,0
S03022,2,0,0,73.25,40.66,23.0,,0,0
S03023,4,1,1,67.46,21.05,18.0,2.0,0,1
S03024,2,0,1,67.95,38.88,19.0,1.0,1,0
S03025,3,0,0,67.51,,22.0,4.0,0,0
S03026,6,0,0,98.59,62.16,31.0,3.0,0,0
S03027,1,0,1,54.94,32.97,17.0,4.0,1,0
S03028,6,1,1,53.34,12.6,,6.0,2,0
S03029,2,1,1,,38.78,21.0,5.0,0,0
S03030,8,1,1,70.92,35.16,16.0,3.0,2,0
S03031,6,1,1,79.72,51.16,16.0,3.0,1,0
S03032,3,0,0,81.28,40.65,19.0,2.0,0,0
S03033,5,1,1,86.17,28.68,22.0,2.0,0,1
S03034,1,0,0,70.38,99.30699186593098,56.0,5.0,0,0
S03035,1,0,1,66.06,27.92,7.0,6.0,0,0
S03036,8,1,1,,50.73,35.0,6.0,0,0
S03037,7,0,1,30.24,26.28,18.0,2.0,2,1
S03038,2,0,1,72.94,98.95119107965525,,0.0,1,0
S03039,3,0,0,78.45,46.61,,4.0,0,0
S03040,2,1,1,100.0,39.23,19.0,3.0,0,0
S03041,4,0,1,47.09,29.82,15.0,1.0,1,0
S03042,3,0,0,65.7,28.96,7.0,0.0,0,0
S03043,3,1,1,51.64,19.75,14.0,6.0,1,0
S03044,5,0,1,45.03,35.37,6.0,4.0,0,0
S03045,2,1,0,68.93,29.87,3.0,3.0,0,0
S03046,8,0,1,84.5,45.24,39.0,0.0,0,0
S03047,6,1,1,90.09,44.22,19.0,5.0,1,0
S03048,7,1,1,64.02,36.26,,0.0,1,0
S03049,2,0,1,82.0,61.99,25.0,1.0,0,0
S03050,6,1,1,69.03,,18.0,2.0,0,0
S03051,7,0,0,80.35,40.12,,4.0,0,0
S03052,2,1,1,89.32,53.84,23.0,6.0,0,0
S03053,7,1,0,69.09,41.09,24.0,1.0,0,0
S03054,3,1,1,88.15,,31.0,6.0,0,0
S03055,7,1,1,53.8,10.59,5.0,6.0,1,0
S03056,4,1,1,81.85,38.8,28.0,0.0,0,0
S03057,7,1,1,87.51,97.23993402200813,20.0,7.0,0,0
S03058,2,0,1,85.95,32.45,18.0,2.0,0,0
S03059,4,1,0,54.22,35.2,18.0,2.0,0,0
S03060,3,1,0,68.91,46.0,18.0,4.0,1,0
S03061,2,1,1,76.53,31.15,27.0,6.0,0,0
S03062,3,0,1,78.65,,28.0,5.0,1,0
S03063,4,0,0,73.74,47.48,12.0,1.0,0,0
S03064,2,1,1,93.44,64.15,36.0,5.0,0,0
S03065,6,1,1,52.57,26.84,18.0,5.0,1,0
S03066,5,0,1,68.4,30.52,16.0,5.0,2,1
S03067,7,0,1,46.68,39.84,12.0,,0,0
S03068,6,0,1,81.32,62.26,32.0,0.0,0,0
S03069,2,0,0,80.32,58.64,23.0,2.0,0,0
S03070,1,1,1,100.0,62.35,49.0,0.0,0,0
S03071,4,0,1,87.4,52.74,40.0,3.0,0,0
S03072,4,0,0,76.97,32.21,25.0,2.0,1,0
S03073,2,0,1,75.82,43.92,22.0,0.0,0,0
S03074,7,0,1,67.25,32.12,19.0,0.0,0,0
S03075,5,1,1,73.96,38.61,18.0,0.0,0,0
S03076,6,0,0,76.14,19.88,25.0,,2,0
S03077,1,0,1,42.53,98.08423054110682,59.0,2.0,0,1
S03078,7,0,1,74.95,49.69,13.0,6.0,1,0
S03079,2,1,1,73.52,44.96,28.0,4.0,1,0
S03080,4,1,0,98.31,31.32,39.0,6.0,0,0
S03081,4,0,0,70.02,47.83,26.0,5.0,0,0
S03082,7,1,1,60.52,45.25,17.0,4.0,1,0
S03083,3,0,0,76.03,29.17,28.0,0.0,0,0
S03084,2,1,1,73.12,48.05,33.0,3.0,0,0
S03085,3,0,0,70.04,35.5,21.0,4.0,0,0
S03086,3,1,1,52.82,96.80049972769834,16.0,7.0,0,0
S03087,2,1,1,69.66,54.35,39.0,2.0,0,0
S03088,2,0,0,63.31,34.65,22.0,3.0,0,1
S03089,2,0,1,68.75,34.69,13.0,6.0,0,0
S03090,4,0,1,82.98,67.71,33.0,1.0,0,0
S03091,3,0,1,61.88,96.28569140776865,22.0,5.0,0,0
S03092,4,0,1,68.68,43.5,16.0,2.0,2,0
S03093,6,0,1,80.12,43.57,17.0,2.0,1,0
S03094,2,1,1,67.96,33.2,23.0,1.0,2,0
S03095,8,0,1,100.0,55.54,32.0,3.0,0,0
S03096,7,1,1,75.73,38.26,14.0,1.0,0,0
S03097,2,0,1,53.37,30.65,15.0,0.0,1,1
S03098,3,0,1,59.41,10.83,17.0,0.0,0,0
S03099,2,0,0,57.9,25.99,17.0,2.0,1,0
S03100,3,1,1,59.62,32.74,22.0,1.0,0,0
S03101,3,0,1,80.05,34.33,11.0,2.0,1,0
S03102,2,0,1,55.4,30.19,8.0,7.0,0,0
S03103,1,1,1,67.03,53.59,17.0,1.0,1,0
S03104,4,1,1,89.14,61.4,39.0,2.0,0,0
S03105,6,1,1,64.2,50.22,39.0,8.0,3,0
S03106,3,0,1,82.07,,26.0,2.0,0,0
S03107,7,0,1,46.76,40.16,14.0,2.0,0,0
S03108,3,1,1,66.44,56.26,1.0,3.0,0,0
S03109,8,1,1,58.71,39.36,25.0,4.0,1,1
S03110,2,1,0,76.5,47.71,28.0,3.0,0,0
S03111,5,0,1,56.48,98.03042580856192,19.0,0.0,1,0
S03112,7,0,0,100.0,55.84,23.0,1.0,0,0
S03113,1,1,1,47.41,97.09130175463757,29.0,4.0,0,1
S03114,8,1,1,89.04,57.6,41.0,3.0,0,0
S03115,3,0,1,85.17,42.41,30.0,1.0,0,0
S03116,4,1,1,76.65,57.26,32.0,4.0,2,0
S03117,6,1,1,72.82,72.91,23.0,7.0,1,0
S03118,6,0,1,99.82,63.24,39.0,4.0,0,0
S03119,1,0,1,100.0,60.24,22.0,1.0,0,0
S03120,7,1,1,68.89,42.0,3.0,4.0,0,0
S03121,5,0,1,74.37,26.41,13.0,1.0,1,0
S03122,8,1,1,63.71,40.48,13.0,1.0,1,0
S03123,4,1,1,54.46,32.14,11.0,2.0,0,0
S03124,5,0,1,78.95,31.65,29.0,5.0,0,0
S03125,4,1,1,75.74,97.02869288755572,56.0,2.0,0,0
S03126,8,0,1,47.85,0.0,13.0,2.0,1,1
S03127,7,0,1,78.84,22.14,15.0,0.0,0,0
S03128,8,1,1,76.25,25.04,14.0,4.0,1,0
S03129,5,1,0,62.98,20.88,20.0,,0,1
S03130,7,0,1,62.0,46.18,14.0,0.0,0,0
S03131,3,1,1,78.36,32.04,25.0,8.0,0,0
S03132,4,1,1,96.13,58.87,35.0,2.0,0,0
S03133,7,1,1,2.223276901278043,99.53364952247081,38.0,0.0,1,0
S03134,1,1,1,83.71,45.21,26.0,6.0,0,0
S03135,6,0,0,59.52,35.19,32.0,3.0,1,0
S03136,1,0,1,65.79,30.71,23.0,0.0,1,0
S03137,5,1,1,81.12,55.49,31.0,3.0,0,0
S03138,4,0,0,51.62,8.01,24.0,4.0,0,0
S03139,4,1,1,75.11,54.84,29.0,6.0,0,0
S03140,4,0,1,79.4,36.92,19.0,1.0,0,0
S03141,4,0,1,71.42,46.24,31.0,1.0,0,0
S03142,4,0,1,76.79,47.95,21.0,0.0,0,0
S03143,4,0,0,72.87,54.71,25.0,2.0,0,0
S03144,5,0,1,62.67,97.2637321932485,59.0,0.0,2,0
S03145,7,1,0,54.33,29.94,25.0,2.0,1,1
S03146,5,1,1,70.65,25.02,25.0,2.0,0,0
S03147,6,0,0,91.57,49.46,18.0,2.0,0,0
S03148,7,0,0,87.37,77.81,45.0,1.0,0,0
S03149,8,1,0,66.82,34.9,27.0,3.0,0,0
S03150,1,0,0,66.51,32.19,16.0,1.0,0,0
S03151,6,0,1,65.4,36.44,11.0,5.0,0,0
S03152,2,0,1,65.41,39.28,,5.0,1,0
S03153,2,1,1,76.32,46.58,16.0,2.0,0,0
S03154,7,1,1,87.86,52.19,35.0,2.0,0,0
S03155,1,1,1,100.0,70.31,41.0,1.0,0,0
S03156,7,1,1,59.55,25.69,13.0,3.0,0,0
S03157,7,1,1,81.77,43.67,20.0,4.0,0,1
S03158,8,0,1,80.14,33.5,22.0,1.0,0,0
S03159,6,0,0,67.05,26.86,13.0,4.0,0,0
S03160,7,0,1,56.61,33.29,19.0,0.0,2,0
S03161,1,0,0,76.13,43.98,,3.0,0,0
S03162,8,1,1,100.0,68.82,38.0,5.0,0,0
S03163,2,0,0,76.04,42.27,17.0,4.0,0,0
S03164,3,0,1,60.19,35.39,25.0,3.0,0,0
S03165,2,0,1,69.64,30.14,14.0,2.0,0,0
S03166,4,1,1,54.9,34.98,23.0,4.0,1,0
S03167,6,1,0,72.28,43.78,11.0,4.0,0,0
S03168,3,1,1,82.25,45.63,39.0,2.0,0,0
S03169,7,0,0,61.61,59.84,15.0,1.0,1,0
S03170,5,0,0,23.17,0.69,10.0,3.0,1,1
S03171,6,1,1,76.15,36.88,29.0,5.0,0,0
S03172,8,1,1,64.48,26.17,10.0,3.0,0,0
S03173,4,1,0,60.74,46.16,25.0,1.0,0,0
S03174,3,0,0,60.61,45.84,14.0,1.0,0,0
S03175,8,0,1,78.0,38.87,22.0,6.0,2,0
S03176,5,1,1,65.88,25.16,15.0,5.0,1,0
S03177,5,1,1,85.96,45.31,40.0,4.0,0,0
S03178,3,1,1,86.29,53.07,18.0,1.0,0,0
S03179,2,0,0,,26.92,24.0,1.0,2,0
S03180,2,0,0,64.19,36.16,15.0,6.0,0,0
S03181,2,0,1,73.92,49.46,32.0,2.0,0,0
S03182,2,1,1,69.82,51.41,40.0,1.0,1,0
S03183,6,0,1,45.71,14.42,8.0,4.0,1,1
S03184,1,0,0,100.0,44.47,34.0,0.0,0,0
S03185,6,0,1,82.72,44.61,23.0,2.0,1,0
S03186,8,1,1,65.05,46.22,28.0,0.0,0,0
S03187,7,0,1,43.25,18.58,10.0,4.0,0,1
S03188,4,0,1,,48.59,29.0,6.0,0,0
S03189,1,1,1,63.18,31.81,16.0,0.0,0,0
S03190,7,1,0,71.09,54.45,40.0,5.0,0,0
S03191,1,1,0,39.54,5.35,0.0,4.0,1,0
S03192,6,1,1,64.92,35.24,23.0,2.0,1,0
S03193,6,0,1,65.83,53.38,20.0,5.0,1,0
S03194,2,1,1,69.12,32.27,21.0,,1,0
S03195,6,1,1,68.46,42.48,23.0,8.0,0,0
S03196,2,0,1,72.78,40.35,23.0,3.0,0,0
S03197,2,1,1,94.82,48.85,32.0,4.0,0,0
S03198,7,0,1,64.27,45.52,23.0,1.0,0,0
S03199,8,0,0,58.33,32.07,31.0,7.0,0,0
S03200,3,0,1,46.09,29.32,0.0,0.0,0,0
S03201,8,0,0,64.33,49.87,34.0,5.0,0,0
S03202,8,1,1,50.98,24.11,35.0,4.0,1,0
S03203,7,0,1,86.4,49.59,14.0,4.0,0,0
S03204,2,1,1,70.56,40.29,22.0,0.0,1,0
S03205,3,0,1,2.8991549181434317,98.81599699235767,38.0,6.0,0,0
S03206,6,0,1,93.99,51.24,38.0,4.0,0,0
S03207,8,0,0,59.02,30.92,31.0,5.0,0,0
S03208,7,0,0,66.79,42.2,24.0,5.0,0,0
S03209,4,1,1,91.98,62.56,13.0,3.0,0,0
S03210,2,1,1,74.84,46.74,34.0,4.0,0,0
S03211,8,0,1,79.82,41.5,30.0,0.0,1,0
S03212,3,1,1,87.49,54.79,40.0,0.0,0,0
S03213,3,1,1,85.45,40.51,15.0,4.0,0,0
S03214,8,1,1,78.16,44.24,15.0,5.0,0,0
S03215,5,0,0,92.95,47.8,30.0,3.0,1,0
S03216,3,0,0,70.98,15.78,33.0,4.0,0,1
S03217,1,1,1,79.79,51.85,38.0,6.0,0,0
S03218,4,1,1,69.35,,16.0,5.0,2,0
S03219,8,0,1,87.31,36.42,25.0,5.0,1,0
S03220,4,1,1,61.49,42.94,42.0,6.0,1,0
S03221,6,0,1,46.76,35.49,9.0,1.0,1,0
S03222,3,1,1,81.82,39.53,31.0,5.0,0,0
S03223,7,0,1,56.7,27.93,13.0,0.0,0,0
S03224,7,1,0,55.21,27.71,20.0,4.0,1,0
S03225,5,0,1,90.97,33.55,22.0,0.0,1,0
S03226,7,0,0,86.49,47.66,21.0,1.0,0,0
S03227,5,1,1,66.86,35.11,18.0,4.0,1,0
S03228,4,0,1,26.32,34.14,2.0,0.0,2,1
S03229,6,1,1,80.0,50.56,23.0,7.0,0,0
S03230,7,1,1,81.94,55.95,30.0,0.0,0,0
S03231,7,0,1,79.75,43.54,40.0,6.0,0,0
S03232,2,0,1,79.06,49.05,,2.0,0,0
S03233,6,1,0,69.28,40.25,14.0,7.0,1,0
S03234,1,1,1,65.84,12.15,20.0,2.0,1,0
S03235,5,1,1,55.41,38.47,10.0,2.0,0,0
S03236,5,0,1,61.54,26.5,6.0,0.0,0,0
S03237,3,1,1,76.82,38.22,,6.0,1,0
S03238,8,0,1,4.125279468751555,95.1891804962615,,3.0,0,0
S03239,8,1,1,83.85,41.33,28.0,0.0,0,0
S03240,1,0,1,50.9,23.75,0.0,,0,0
S03241,2,0,1,47.11,19.37,9.0,3.0,1,1
S03242,2,1,1,66.3,48.18,9.0,5.0,0,0
S03243,8,1,1,56.7,48.39,17.0,3.0,1,0
S03244,5,0,1,74.79,,24.0,2.0,0,0
S03245,6,1,1,52.35,34.66,16.0,7.0,0,0
S03246,7,0,0,,64.3,23.0,0.0,0,0
S03247,7,0,1,,98.31517107258503,,5.0,0,0
S03248,1,0,1,95.89,51.11,29.0,2.0,0,0
S03249,2,0,0,79.86,52.01,28.0,3.0,0,0
S03250,4,0,1,56.17,27.94,12.0,2.0,1,1
S03251,3,0,1,100.0,55.18,25.0,1.0,0,0
S03252,6,0,1,75.98,35.57,17.0,1.0,0,0
S03253,2,1,1,74.49,28.95,18.0,9.0,0,0
S03254,3,1,1,71.02,27.29,18.0,6.0,0,1
S03255,2,1,0,,51.5,16.0,3.0,0,0
S03256,2,0,1,79.88,46.89,22.0,0.0,1,0
S03257,2,1,1,59.03,46.72,28.0,3.0,0,0
S03258,2,0,1,68.8,28.03,19.0,4.0,1,0
S03259,5,1,1,73.74,40.68,13.0,5.0,0,0
S03260,4,1,1,,41.92,7.0,5.0,0,0
S03261,4,0,1,81.0,45.97,40.0,0.0,0,0
S03262,4,0,1,74.47,40.99,,0.0,1,0
S03263,6,1,1,63.75,51.17,22.0,2.0,1,0
S03264,7,1,1,,37.18,28.0,3.0,0,0
S03265,5,1,1,54.13,38.85,,5.0,0,0
S03266,6,1,1,80.89,36.6,25.0,3.0,0,0
S03267,6,1,1,1.2990717902351774,98.78941264802214,9.0,0.0,1,0
S03268,6,0,1,,42.43,37.0,1.0,0,0
S03269,2,1,1,75.57,38.74,,5.0,0,0
S03270,8,0,1,72.06,43.16,19.0,5.0,2,0
S03271,2,0,1,71.92,68.36,23.0,0.0,0,0
S03272,4,0,0,58.43,95.98959844793985,18.0,3.0,0,1
S03273,6,1,1,76.03,,28.0,4.0,0,0
S03274,4,1,1,67.31,98.83613921641563,24.0,,0,0
S03275,2,0,1,70.7,96.18623619872473,17.0,6.0,1,0
S03276,8,0,1,89.37,51.39,29.0,4.0,0,0
S03277,1,0,1,79.58,67.96,29.0,4.0,0,0
S03278,2,1,1,63.44,45.79,14.0,7.0,0,0
S03279,8,1,1,69.77,66.89,33.0,0.0,0,0
S03280,6,0,1,95.99,48.5,31.0,2.0,0,0
S03281,1,0,1,67.39,53.39,34.0,6.0,1,0
S03282,7,1,1,72.6,35.87,11.0,2.0,0,0
S03283,8,0,0,81.96,47.95,31.0,2.0,0,0
S03284,1,0,1,75.23,38.77,16.0,3.0,0,0
S03285,4,0,1,66.41,42.06,15.0,0.0,0,0
S03286,4,0,1,60.85,38.55,26.0,5.0,1,0
S03287,2,0,1,71.85,31.61,21.0,4.0,1,0
S03288,2,1,0,81.87,95.22420402488918,47.0,2.0,1,0
S03289,2,0,1,91.81,42.96,34.0,4.0,0,0
S03290,2,0,0,50.02,25.32,9.0,1.0,0,0
S03291,4,1,1,98.44,64.47,36.0,1.0,0,0
S03292,4,1,1,67.67,48.44,19.0,5.0,0,0
S03293,2,0,0,85.87,56.96,34.0,2.0,0,0
S03294,3,0,1,60.94,,16.0,0.0,2,0
S03295,2,1,0,47.84,39.92,17.0,5.0,1,0
S03296,7,0,0,52.31,16.16,17.0,1.0,1,1
S03297,2,1,1,67.04,43.29,21.0,2.0,0,0
S03298,8,0,1,79.86,54.03,34.0,4.0,0,0
S03299,5,0,0,72.47,21.93,8.0,5.0,1,0
S03300,7,0,1,68.25,20.25,22.0,0.0,0,0
S03301,6,1,1,88.77,47.02,23.0,4.0,0,0
S03302,3,0,1,72.03,,12.0,0.0,0,0
S03303,5,0,1,76.2,26.04,17.0,3.0,0,0
S03304,3,0,1,100.0,48.03,28.0,1.0,0,0
S03305,1,1,1,71.88,38.67,,0.0,0,0
S03306,3,0,1,61.56,45.92,21.0,3.0,0,0
S03307,3,1,1,79.21,50.95,29.0,3.0,0,0
S03308,2,1,1,83.01,49.28,23.0,4.0,1,0
S03309,1,0,1,76.51,46.77,37.0,5.0,2,0
S03310,8,1,1,74.35,55.18,20.0,1.0,0,0
S03311,5,1,1,94.23,49.59,15.0,5.0,0,0
S03312,4,0,1,92.36,45.29,27.0,2.0,0,0
S03313,8,0,1,70.24,,22.0,3.0,0,0
S03314,2,0,1,62.35,23.85,0.0,0.0,0,0
S03315,4,0,1,78.44,45.81,34.0,0.0,1,0
S03316,7,0,1,62.26,17.11,18.0,1.0,0,0
S03317,6,1,1,85.28,37.96,18.0,6.0,0,0
S03318,4,1,0,78.36,44.71,,10.0,0,1
S03319,3,0,1,100.0,51.84,39.0,1.0,0,0
S03320,1,0,1,94.1,57.46,37.0,3.0,0,0
S03321,1,0,0,55.82,16.88,11.0,2.0,1,0
S03322,2,0,1,64.22,8.98,9.0,1.0,0,0
S03323,7,0,0,43.29,20.93,13.0,,2,1
S03324,6,1,1,39.93,24.61,13.0,3.0,1,1
S03325,4,1,1,73.71,38.36,,5.0,2,0
S03326,7,0,1,54.11,17.25,11.0,4.0,1,0
S03327,2,1,1,96.62,60.09,30.0,3.0,0,0
S03328,2,1,1,89.37,49.97,29.0,3.0,0,0
S03329,4,1,1,,48.14,29.0,4.0,2,0
S03330,8,0,1,67.08,61.35,31.0,1.0,0,0
S03331,5,0,1,94.28,63.89,43.0,4.0,0,0
S03332,7,1,0,97.72,64.85,42.0,0.0,0,0
S03333,2,0,1,58.01,32.06,32.0,1.0,1,0
S03334,7,1,0,56.08,34.72,25.0,4.0,1,0
S03335,1,0,1,67.48,22.65,16.0,,0,0
S03336,2,1,1,78.47,39.99,37.0,2.0,0,0
S03337,5,1,1,64.29,33.14,9.0,2.0,1,1
S03338,1,0,1,78.78,50.51,44.0,4.0,0,0
S03339,7,0,0,100.0,46.64,25.0,3.0,0,0
S03340,7,1,1,50.91,32.62,22.0,8.0,0,0
S03341,5,0,1,65.31,36.6,32.0,5.0,0,0
S03342,3,1,1,51.2,,19.0,3.0,1,0
S03343,1,1,1,59.45,27.19,1.0,8.0,0,0
S03344,5,0,1,67.58,98.93102830729342,13.0,0.0,0,0
S03345,5,1,1,61.09,25.5,,5.0,0,0
S03346,7,0,1,79.8,59.42,30.0,1.0,0,0
S03347,5,1,1,74.26,60.1,22.0,5.0,1,0
S03348,2,0,1,76.49,43.09,25.0,0.0,0,0
S03349,1,0,1,67.4,29.79,9.0,0.0,0,0
S03350,7,0,1,68.78,99.94491743507879,35.0,4.0,2,0
S03351,2,1,1,66.74,28.76,18.0,4.0,0,0
S03352,8,1,1,68.27,52.41,27.0,0.0,1,0
S03353,1,1,1,78.29,58.77,,1.0,1,0
S03354,6,0,1,43.15,14.1,3.0,4.0,1,0
S03355,8,0,1,76.32,39.73,25.0,7.0,1,0
S03356,4,1,1,58.97,99.23346232398846,20.0,8.0,1,0
S03357,1,1,1,66.92,48.05,19.0,1.0,2,0
S03358,8,0,1,48.58,97.25347193212788,21.0,4.0,0,0
S03359,2,1,1,66.62,39.84,15.0,4.0,1,0
S03360,5,0,1,3.428985025679994,99.25577546295476,24.0,1.0,0,0
S03361,8,0,1,78.86,44.64,22.0,0.0,1,0
S03362,6,1,1,54.21,,35.0,2.0,0,0
S03363,1,0,1,78.13,48.75,19.0,,0,0
S03364,7,0,1,89.1,56.47,,4.0,0,0
S03365,2,1,1,64.59,40.86,34.0,2.0,2,0
S03366,6,1,1,72.01,59.99,15.0,5.0,0,0
S03367,5,0,0,40.97,6.64,12.0,5.0,0,1
S03368,3,1,1,58.54,37.37,10.0,6.0,0,0
S03369,4,0,1,76.06,29.69,8.0,1.0,2,0
S03370,1,0,1,86.33,28.67,21.0,0.0,0,0
S03371,8,0,1,63.01,12.4,15.0,3.0,0,1
S03372,2,0,1,100.0,52.19,28.0,0.0,1,0
S03373,3,0,0,76.71,62.23,22.0,3.0,0,0
S03374,5,0,1,,47.58,16.0,3.0,1,0
S03375,6,1,1,91.31,41.03,20.0,4.0,0,0
S03376,5,1,1,53.21,24.38,18.0,0.0,1,0
S03377,5,1,1,76.93,43.94,34.0,2.0,1,0
S03378,5,1,1,58.06,96.20922934838272,28.0,,1,0
S03379,7,0,0,51.64,96.71108466582365,13.0,3.0,0,0
S03380,4,0,0,86.43,61.73,35.0,2.0,0,0
S03381,7,0,1,68.1,,16.0,2.0,0,0
S03382,7,1,1,97.89,56.36,29.0,3.0,0,0
S03383,8,0,1,56.73,,20.0,2.0,1,0
S03384,8,0,1,48.61,5.78,11.0,,0,1
S03385,7,0,1,64.81,99.03535063695668,10.0,3.0,3,1
S03386,2,0,1,100.0,47.45,39.0,0.0,0,0
S03387,7,1,0,84.51,27.29,20.0,5.0,0,0
S03388,6,1,1,80.31,52.36,21.0,2.0,0,0
S03389,3,0,0,80.8,47.09,34.0,3.0,0,0
S03390,6,1,0,64.73,29.45,24.0,4.0,0,0
S03391,3,1,1,100.0,44.21,34.0,2.0,0,0
S03392,5,0,1,78.87,45.47,13.0,5.0,1,0
S03393,7,0,1,77.46,97.67852721445274,15.0,6.0,0,0
S03394,2,1,0,86.77,35.45,31.0,3.0,0,0
S03395,3,0,1,52.9,27.18,21.0,3.0,1,0
S03396,7,0,0,58.81,52.34,20.0,2.0,1,0
S03397,4,0,1,68.32,46.15,17.0,5.0,0,0
S03398,8,1,1,86.87,47.35,24.0,2.0,0,0
S03399,1,1,0,52.53,33.29,17.0,7.0,0,0
S03400,6,1,1,70.99,29.96,12.0,4.0,0,0
S03401,7,0,1,68.87,35.86,22.0,0.0,0,0
S03402,8,0,1,48.38,9.51,,1.0,0,1
S03403,2,1,1,64.37,24.42,11.0,9.0,0,0
S03404,8,1,1,80.13,50.46,27.0,3.0,1,0
S03405,4,1,1,49.75,43.7,19.0,0.0,1,0
S03406,3,1,1,93.17,57.27,33.0,8.0,0,0
S03407,3,0,1,79.02,49.36,16.0,0.0,0,1
S03408,6,1,1,77.19,14.83,9.0,3.0,0,0
S03409,6,1,1,72.12,44.67,22.0,6.0,0,0
S03410,4,1,1,55.62,26.13,1.0,5.0,0,0
S03411,1,1,0,62.25,30.16,26.0,8.0,1,0
S03412,8,0,1,77.43,38.33,16.0,2.0,0,0
S03413,2,1,0,62.23,56.73,37.0,6.0,1,0
S03414,1,0,1,74.83,42.19,16.0,2.0,0,0
S03415,5,0,1,58.52,30.63,21.0,5.0,1,0
S03416,4,1,1,78.77,59.37,19.0,5.0,1,0
S03417,5,1,1,79.89,44.21,24.0,5.0,0,0
S03418,8,1,1,47.58,41.7,15.0,6.0,0,0
S03419,1,0,0,73.01,40.33,30.0,4.0,1,0
S03420,3,0,1,49.17,31.05,22.0,3.0,0,1
S03421,5,0,0,44.08,41.47,18.0,3.0,1,0
S03422,7,1,1,63.09,29.46,28.0,3.0,0,0
S03423,5,1,1,100.0,77.69,28.0,6.0,0,0
S03424,4,1,1,83.63,41.97,32.0,5.0,0,0
S03425,5,0,1,,57.38,27.0,4.0,0,0
S03426,8,1,1,81.13,54.83,34.0,5.0,0,0
S03427,4,1,0,75.08,30.81,24.0,12.0,1,0
S03428,8,0,0,85.43,34.89,32.0,2.0,0,0
S03429,7,1,1,62.41,22.68,21.0,8.0,0,1
S03430,3,1,1,79.06,,31.0,6.0,2,0
S03431,2,0,1,89.66,53.74,22.0,3.0,0,0
S03432,7,0,1,82.49,37.18,14.0,1.0,0,0
S03433,2,1,1,90.64,49.33,37.0,3.0,0,0
S03434,3,1,1,74.74,40.49,34.0,2.0,0,0
S03435,2,1,0,97.38,52.38,31.0,1.0,0,0
S03436,5,1,1,68.88,38.11,28.0,1.0,1,0
S03437,3,0,1,100.0,44.91,19.0,4.0,0,0
S03438,6,1,0,80.6,32.51,21.0,2.0,0,0
S03439,8,1,1,66.24,28.73,21.0,4.0,0,0
S03440,7,0,1,54.31,31.03,2.0,2.0,1,0
S03441,8,1,0,59.88,97.31498240002047,6.0,5.0,1,0
S03442,1,0,1,57.61,40.68,19.0,2.0,0,0
S03443,4,0,1,70.67,37.92,17.0,0.0,0,0
S03444,2,0,1,52.89,46.79,13.0,0.0,1,0
S03445,8,1,0,91.39,51.1,26.0,4.0,0,0
S03446,6,0,1,73.66,41.77,,0.0,0,0
S03447,3,0,1,73.05,29.16,21.0,4.0,0,0
S03448,5,1,1,54.52,16.05,16.0,6.0,1,0
S03449,5,0,1,60.46,50.21,14.0,0.0,0,0
S03450,4,1,1,38.69,27.62,6.0,8.0,2,0
S03451,4,1,1,96.27,40.61,30.0,5.0,0,0
S03452,1,0,0,50.73,37.27,21.0,1.0,1,1
S03453,4,0,1,51.87,35.17,,2.0,0,0
S03454,3,1,0,93.2,60.88,15.0,6.0,0,0
S03455,7,0,0,77.81,30.05,15.0,3.0,0,0
S03456,7,0,0,73.81,43.49,31.0,7.0,1,1
S03457,7,1,1,77.1,97.8205887371015,19.0,0.0,0,0
S03458,1,1,1,86.31,50.21,27.0,6.0,0,0
S03459,7,1,0,,44.46,38.0,0.0,0,0
S03460,4,1,1,48.85,36.19,19.0,3.0,0,0
S03461,4,1,1,83.0,23.79,9.0,5.0,0,0
S03462,8,1,1,78.34,51.05,36.0,4.0,1,0
S03463,7,1,1,89.57,36.85,30.0,4.0,0,0
S03464,1,1,1,53.26,42.49,19.0,2.0,1,0
S03465,3,1,0,61.06,32.3,21.0,1.0,0,0
S03466,6,0,1,77.88,45.52,32.0,4.0,0,0
S03467,5,0,1,57.83,39.92,17.0,0.0,1,1
S03468,3,0,1,36.71,16.76,0.0,5.0,1,1
S03469,5,0,0,74.96,43.04,,0.0,0,0
S03470,7,0,1,85.43,36.19,16.0,3.0,0,0
S03471,2,0,1,70.07,43.97,36.0,0.0,0,0
S03472,6,1,1,80.22,33.4,22.0,4.0,2,0
S03473,6,0,0,78.05,33.17,24.0,1.0,0,0
S03474,8,0,1,72.16,40.8,17.0,1.0,0,0
S03475,3,0,1,74.04,29.23,26.0,3.0,0,0
S03476,2,0,1,92.24,51.25,33.0,3.0,0,0
S03477,5,1,0,57.54,31.33,12.0,1.0,1,1
S03478,5,0,1,83.6,51.88,30.0,3.0,0,0
S03479,4,0,1,54.29,7.2,17.0,3.0,1,1
S03480,7,1,1,60.08,25.89,17.0,2.0,0,0
S03481,7,0,1,89.94,55.68,23.0,2.0,0,0
S03482,2,0,1,53.85,44.33,34.0,2.0,1,0
S03483,7,1,1,68.38,43.28,31.0,5.0,1,0
S03484,2,1,1,100.0,53.75,38.0,5.0,0,0
S03485,4,1,0,87.38,51.51,37.0,5.0,0,0
S03486,1,1,1,60.94,38.68,21.0,6.0,1,0
S03487,3,1,0,63.51,30.19,17.0,8.0,1,0
S03488,8,0,1,69.45,,0.0,3.0,1,0
S03489,4,1,1,91.68,56.16,20.0,4.0,0,0
S03490,6,1,1,56.98,36.38,34.0,0.0,1,0
S03491,1,0,1,,41.05,26.0,2.0,1,0
S03492,6,1,0,82.7,41.86,28.0,9.0,2,0
S03493,3,0,1,46.78,95.70107989430669,1.0,2.0,1,1
S03494,6,1,0,58.33,40.74,23.0,5.0,1,0
S03495,8,1,1,70.72,57.69,20.0,1.0,0,0
S03496,5,0,1,71.49,40.46,28.0,3.0,0,0
S03497,1,0,1,51.53,47.42,6.0,2.0,1,0
S03498,4,1,1,77.31,35.49,20.0,8.0,0,0
S03499,1,1,0,80.31,58.7,32.0,1.0,0,0
S03500,4,0,1,62.06,52.21,34.0,1.0,0,0
S03501,1,0,1,96.91,64.28,26.0,2.0,0,0
S03502,6,1,0,,,16.0,3.0,1,0
S03503,3,0,1,56.93,40.45,25.0,5.0,2,1
S03504,2,1,1,96.31,,,7.0,0,0
S03505,1,1,1,,29.19,10.0,3.0,0,0
S03506,8,0,1,74.68,42.18,26.0,0.0,0,0
S03507,7,1,1,64.7,30.13,36.0,3.0,3,0
S03508,7,0,1,81.36,41.35,19.0,0.0,0,0
S03509,1,1,1,64.78,30.32,17.0,6.0,1,0
S03510,3,1,0,65.69,34.51,21.0,4.0,0,0
S03511,8,0,1,69.6,24.71,18.0,1.0,1,1
S03512,5,0,1,64.47,25.77,6.0,3.0,0,0
S03513,2,0,0,88.08,55.59,35.0,3.0,0,0
S03514,2,1,1,53.13,20.81,17.0,0.0,1,0
S03515,3,0,1,71.44,44.32,,0.0,0,0
S03516,8,1,1,73.34,41.49,22.0,0.0,0,0
S03517,2,1,1,70.13,41.63,34.0,1.0,0,0
S03518,8,0,0,86.52,52.42,24.0,3.0,1,0
S03519,6,1,1,49.44,32.48,6.0,3.0,2,1
S03520,8,0,1,80.52,47.28,39.0,3.0,0,0
S03521,7,1,1,53.33,14.35,0.0,5.0,0,0
S03522,3,0,1,64.37,40.98,18.0,3.0,0,0
S03523,7,1,0,51.78,96.38683461356855,15.0,3.0,0,0
S03524,2,0,1,67.02,24.79,20.0,2.0,0,0
S03525,3,0,1,63.33,,7.0,4.0,0,0
S03526,2,1,1,96.57,44.34,22.0,7.0,0,0
S03527,2,1,1,75.62,95.83961019981717,,3.0,0,0
S03528,1,1,1,78.6,36.2,36.0,4.0,2,0
S03529,2,1,1,55.39,31.07,13.0,6.0,1,0
S03530,1,0,1,83.1,42.81,,3.0,1,0
S03531,4,1,0,96.57,55.23,,3.0,0,0
S03532,1,0,0,85.05,34.16,35.0,3.0,0,0
S03533,1,0,1,52.32,19.46,23.0,3.0,0,1
S03534,8,1,0,65.04,96.94890013263115,0.0,2.0,0,0
S03535,1,1,1,73.63,30.48,4.0,8.0,0,0
S03536,1,0,1,63.34,23.83,20.0,0.0,0,0
S03537,1,0,1,,61.53,35.0,0.0,1,0
S03538,2,1,0,64.77,28.83,16.0,4.0,0,0
S03539,5,0,1,71.35,32.43,22.0,1.0,0,0
S03540,7,0,1,63.0,50.24,17.0,4.0,0,0
S03541,6,0,1,75.48,37.59,24.0,2.0,0,0
S03542,5,0,1,,28.65,23.0,0.0,0,0
S03543,1,0,1,73.72,37.55,23.0,0.0,1,0
S03544,7,1,1,,,16.0,4.0,1,0
S03545,1,0,0,55.89,4.09,11.0,5.0,0,0
S03546,6,0,1,90.13,49.61,14.0,3.0,0,0
S03547,4,1,1,69.84,50.39,20.0,5.0,0,0
S03548,8,1,0,69.2,45.09,28.0,0.0,0,0
S03549,3,1,1,36.92,16.4,7.0,4.0,1,0
S03550,6,1,1,70.09,32.84,19.0,3.0,0,0
S03551,4,1,1,,39.27,30.0,3.0,0,0
S03552,5,1,1,44.61,36.77,21.0,6.0,0,1
S03553,8,1,1,86.84,34.62,42.0,4.0,0,0
S03554,6,1,1,63.97,44.12,38.0,6.0,1,0
S03555,4,1,0,100.0,66.8,33.0,2.0,1,0
S03556,4,0,0,93.22,34.24,21.0,0.0,0,0
S03557,6,1,1,61.2,40.48,14.0,2.0,0,0
S03558,3,1,1,92.54,97.60759995529338,34.0,3.0,0,0
S03559,2,0,1,96.16,53.99,43.0,5.0,0,0
S03560,4,1,1,63.61,17.22,11.0,5.0,0,0
S03561,1,0,1,56.51,25.72,19.0,2.0,0,0
S03562,2,0,1,39.67,21.21,4.0,0.0,0,1
S03563,4,1,1,77.71,67.28,23.0,1.0,1,0
S03564,7,0,1,57.4,23.04,16.0,0.0,2,1
S03565,7,0,1,78.16,37.84,28.0,5.0,0,0
S03566,3,0,1,63.48,42.14,,1.0,0,0
S03567,4,1,1,60.3,36.29,22.0,3.0,0,0
S03568,2,0,1,63.58,33.18,16.0,3.0,1,0
S03569,7,1,0,52.5,9.75,11.0,5.0,1,0
S03570,2,1,1,,22.09,18.0,6.0,1,0
S03571,7,1,1,60.95,37.92,11.0,3.0,0,0
S03572,7,1,1,71.79,53.02,23.0,5.0,2,0
S03573,6,1,1,73.56,18.07,4.0,0.0,1,0
S03574,3,0,1,55.93,96.15618972617756,15.0,5.0,0,0
S03575,8,1,1,88.51,,27.0,7.0,0,0
S03576,6,0,1,69.61,36.43,12.0,,1,1
S03577,6,0,1,94.54,47.92,27.0,0.0,0,0
S03578,7,0,1,75.62,50.21,33.0,4.0,0,0
S03579,8,1,0,73.04,31.55,32.0,2.0,0,0
S03580,1,0,1,64.64,,16.0,3.0,0,0
S03581,8,1,1,81.22,44.25,30.0,3.0,0,0
S03582,7,0,1,72.5,26.67,11.0,3.0,1,0
S03583,2,0,1,84.88,41.74,25.0,0.0,0,0
S03584,3,0,0,96.07,62.15,33.0,0.0,0,0
S03585,7,1,1,61.1,39.15,31.0,0.0,1,0
S03586,2,0,1,81.2,53.1,35.0,2.0,1,0
S03587,4,0,1,80.78,52.58,27.0,0.0,0,0
S03588,6,0,1,78.87,33.19,18.0,8.0,0,0
S03589,6,0,1,65.5,35.24,31.0,0.0,1,0
S03590,8,1,1,65.81,60.56,17.0,,0,0
S03591,1,0,1,63.24,23.24,23.0,,0,0
S03592,3,0,1,62.94,12.68,18.0,2.0,0,0
S03593,8,1,1,59.4,32.72,34.0,7.0,1,0
S03594,5,0,1,70.43,33.35,17.0,,1,0
S03595,2,0,1,60.63,44.42,26.0,4.0,0,0
S03596,3,1,1,78.53,36.58,24.0,5.0,0,0
S03597,3,1,1,72.85,50.15,27.0,5.0,0,0
S03598,5,1,1,74.54,42.79,36.0,0.0,0,0
S03599,3,0,1,67.9,34.58,5.0,3.0,1,0
S03600,5,0,1,73.03,98.85488635923372,55.0,2.0,1,0
S03601,4,0,0,68.29,27.83,14.0,1.0,1,0
S03602,5,0,1,83.69,56.75,30.0,2.0,0,0
S03603,2,0,1,65.36,27.36,26.0,4.0,1,0
S03604,5,1,1,77.63,42.01,21.0,4.0,0,0
S03605,8,1,1,52.4,28.16,11.0,4.0,3,1
S03606,2,0,1,82.68,48.18,28.0,6.0,0,0
S03607,3,0,0,63.61,32.18,9.0,3.0,0,0
S03608,6,1,1,58.32,35.13,,6.0,1,1
S03609,5,0,0,54.92,0.0,10.0,4.0,0,0
S03610,6,0,0,53.73,34.04,22.0,0.0,2,0
S03611,5,0,1,64.78,13.55,9.0,3.0,1,0
S03612,6,1,1,94.48,44.59,26.0,2.0,0,0
S03613,5,1,1,62.35,39.25,13.0,7.0,0,0
S03614,1,0,0,38.86,,8.0,,1,1
S03615,7,0,1,77.48,62.89,35.0,3.0,2,0
S03616,4,1,1,55.29,37.25,23.0,2.0,0,0
S03617,1,1,1,,37.08,23.0,3.0,0,0
S03618,4,1,1,65.68,20.9,16.0,0.0,1,0
S03619,4,0,1,67.89,52.75,28.0,1.0,1,1
S03620,1,1,0,89.96,34.83,20.0,2.0,0,0
S03621,8,1,1,81.27,33.41,26.0,3.0,0,0
S03622,2,1,0,53.3,27.05,,3.0,0,0
S03623,3,0,1,55.51,41.28,15.0,0.0,2,0
S03624,4,1,1,45.25,27.89,19.0,2.0,1,1
S03625,7,0,1,100.0,49.95,27.0,1.0,0,0
S03626,6,0,1,59.06,28.72,26.0,1.0,0,0
S03627,7,0,1,89.55,62.23,46.0,0.0,0,0
S03628,2,1,1,64.02,19.28,24.0,1.0,2,0
S03629,7,0,1,55.8,15.67,16.0,4.0,0,0
S03630,7,1,0,72.32,36.49,32.0,2.0,0,0
S03631,4,0,1,67.1,24.69,12.0,1.0,0,0
S03632,5,0,1,84.03,46.78,39.0,7.0,1,0
S03633,1,0,1,84.22,53.38,21.0,2.0,0,0
S03634,7,1,1,63.15,56.36,37.0,5.0,0,0
S03635,8,0,0,,15.0,9.0,2.0,3,1
S03636,4,0,0,54.04,29.01,21.0,0.0,1,0
S03637,5,0,0,37.76,6.98,0.0,1.0,2,1
S03638,4,0,0,67.88,30.31,19.0,0.0,2,1
S03639,1,0,1,71.82,40.64,14.0,1.0,0,0
S03640,5,0,0,54.86,35.33,5.0,2.0,2,0
S03641,6,0,1,53.05,45.75,25.0,4.0,1,0
S03642,8,1,1,71.76,35.24,13.0,1.0,0,0
S03643,8,0,1,,12.85,13.0,6.0,1,1
S03644,4,0,1,68.81,20.53,14.0,,0,0
S03645,8,0,1,66.49,24.0,30.0,2.0,0,0
S03646,5,0,1,75.73,56.09,32.0,4.0,0,0
S03647,6,1,1,63.52,33.68,30.0,5.0,0,0
S03648,5,0,0,64.67,33.28,13.0,0.0,1,0
S03649,8,0,1,43.77,43.77,,5.0,0,0
S03650,6,1,1,71.25,25.35,16.0,5.0,1,0
S03651,1,0,1,73.33,34.38,17.0,3.0,0,0
S03652,1,1,0,69.33,36.1,16.0,4.0,1,0
S03653,4,1,0,100.0,38.59,27.0,2.0,0,0
S03654,5,0,1,74.44,49.03,23.0,3.0,1,0
S03655,6,0,0,69.65,47.0,15.0,0.0,0,0
S03656,4,0,1,79.49,51.74,27.0,0.0,0,0
S03657,5,0,0,100.0,,12.0,3.0,0,0
S03658,8,0,1,75.79,43.95,26.0,1.0,0,0
S03659,3,1,1,38.65,19.72,2.0,1.0,2,0
S03660,4,0,1,78.48,52.64,19.0,0.0,0,0
S03661,5,0,1,58.81,40.62,13.0,1.0,0,0
S03662,4,0,1,43.16,31.1,20.0,3.0,1,1
S03663,8,1,1,97.46,48.15,36.0,8.0,0,0
S03664,8,1,1,94.22,25.93,29.0,3.0,0,0
S03665,5,0,1,58.42,42.56,12.0,3.0,1,0
S03666,4,1,1,58.52,52.0,24.0,3.0,0,0
S03667,5,0,1,74.4,96.49121092181257,,0.0,1,0
S03668,2,1,0,58.72,43.24,17.0,8.0,1,0
S03669,4,1,1,69.97,10.76,9.0,4.0,0,0
S03670,2,1,1,61.3,37.99,13.0,4.0,2,0
S03671,2,0,0,65.99,42.78,25.0,3.0,0,1
S03672,1,0,1,50.93,19.25,11.0,2.0,2,0
S03673,5,1,1,84.4,,20.0,7.0,0,0
S03674,1,0,1,90.06,44.33,22.0,,0,0
S03675,6,0,0,70.5,48.96,23.0,0.0,0,0
S03676,4,1,1,71.46,52.2,10.0,0.0,0,0
S03677,3,1,1,81.44,44.34,26.0,5.0,0,0
S03678,7,1,1,72.03,49.09,23.0,3.0,0,0
S03679,5,1,0,97.94,52.7,28.0,7.0,0,0
S03680,6,1,1,52.25,27.61,7.0,4.0,0,0
S03681,6,0,0,84.91,41.71,35.0,3.0,0,0
S03682,1,1,1,70.29,34.91,11.0,8.0,1,0
S03683,2,1,1,55.18,32.77,18.0,3.0,0,0
S03684,5,1,1,100.0,60.12,,6.0,0,0
S03685,8,0,0,100.0,68.56,34.0,1.0,0,0
S03686,2,0,1,68.88,45.82,31.0,3.0,1,0
S03687,1,1,1,78.67,29.16,16.0,7.0,0,0
S03688,8,0,1,64.93,38.33,14.0,6.0,2,0
S03689,8,0,1,67.35,29.5,17.0,5.0,0,0
S03690,2,1,1,55.01,45.32,43.0,8.0,0,0
S03691,4,0,1,52.8,32.41,20.0,4.0,0,0
S03692,6,0,1,99.66,65.94,38.0,2.0,0,0
S03693,2,0,1,71.42,44.01,27.0,0.0,0,0
S03694,3,0,1,72.76,46.61,23.0,1.0,2,0
S03695,4,1,1,59.84,38.38,26.0,4.0,0,0
S03696,6,0,0,74.85,56.93,,5.0,0,0
S03697,3,0,1,,24.9,17.0,5.0,1,0
S03698,4,0,1,60.39,96.0657753505247,22.0,0.0,0,0
S03699,3,0,1,54.0,39.8,24.0,0.0,0,0
S03700,7,0,1,91.39,42.27,20.0,1.0,0,0
S03701,2,0,1,47.22,29.39,5.0,3.0,0,1
S03702,2,0,1,54.31,13.62,8.0,4.0,0,0
S03703,2,0,0,41.29,26.19,16.0,3.0,0,1
S03704,8,0,1,58.65,39.21,22.0,2.0,0,0
S03705,8,0,1,65.11,21.07,12.0,0.0,1,0
S03706,5,0,1,86.67,60.21,43.0,4.0,0,0
S03707,2,0,1,68.67,20.02,24.0,0.0,0,0
S03708,7,0,1,65.84,37.32,21.0,1.0,0,0
S03709,4,0,0,76.5,53.6,22.0,2.0,0,0
S03710,7,0,0,65.36,31.21,27.0,0.0,2,0
S03711,3,1,1,100.0,57.45,36.0,2.0,0,0
S03712,8,0,1,63.13,33.98,34.0,4.0,1,0
S03713,7,1,1,,45.85,15.0,5.0,2,0
S03714,2,1,1,84.4,49.48,15.0,2.0,0,0
S03715,6,0,1,62.7,97.68542599634323,13.0,3.0,0,0
S03716,3,0,0,74.48,51.43,28.0,4.0,1,0
S03717,3,0,1,64.49,,16.0,5.0,1,0
S03718,3,0,1,76.11,46.58,34.0,2.0,0,0
S03719,6,0,1,73.51,27.93,20.0,2.0,0,0
S03720,3,0,1,69.9,33.95,30.0,2.0,0,0
S03721,6,1,0,54.67,25.08,10.0,6.0,2,0
S03722,5,0,0,,72.97,42.0,3.0,1,0
S03723,7,1,0,80.8,42.31,37.0,6.0,0,0
S03724,8,1,0,48.17,27.04,9.0,3.0,0,0
S03725,1,0,1,65.69,29.66,24.0,0.0,0,1
S03726,8,1,1,,15.54,16.0,1.0,2,0
S03727,1,1,1,83.43,62.74,31.0,0.0,2,0
S03728,5,0,1,,56.67,33.0,1.0,1,0
S03729,3,0,1,72.06,36.1,30.0,4.0,1,0
S03730,6,0,1,59.36,31.5,22.0,3.0,0,0
S03731,6,0,0,67.27,41.73,26.0,4.0,0,0
S03732,7,0,1,83.81,32.07,17.0,0.0,0,0
S03733,4,0,0,87.84,54.29,28.0,5.0,0,0
S03734,8,0,0,84.7,26.96,18.0,3.0,0,0
S03735,3,1,0,48.72,21.29,14.0,7.0,0,1
S03736,2,0,1,69.21,39.21,30.0,5.0,0,0
S03737,4,0,1,75.8,46.89,24.0,1.0,1,0
S03738,5,0,1,60.98,36.98,0.0,3.0,1,0
S03739,6,1,1,47.11,10.81,,0.0,0,1
S03740,7,1,1,52.7,29.59,20.0,3.0,0,0
S03741,2,0,1,94.5,56.43,26.0,1.0,0,0
S03742,3,1,1,54.13,31.67,22.0,1.0,0,0
S03743,8,0,1,,33.44,,0.0,0,0
S03744,4,1,0,69.65,48.24,25.0,0.0,1,0
S03745,2,1,1,69.69,21.51,25.0,5.0,2,0
S03746,8,0,0,67.2,37.94,,2.0,0,1
S03747,4,1,1,83.84,44.35,21.0,6.0,1,0
S03748,8,1,1,72.53,97.68552313981458,29.0,5.0,0,0
S03749,8,1,1,62.62,32.43,31.0,0.0,2,0
S03750,8,0,1,72.77,40.23,5.0,2.0,1,0
S03751,5,1,1,52.84,31.79,16.0,2.0,1,0
S03752,7,0,0,79.14,3.65,11.0,1.0,0,0
S03753,8,1,0,61.79,36.57,12.0,2.0,1,1
S03754,3,1,1,62.65,29.83,13.0,2.0,3,1
S03755,1,0,1,79.7,52.99,25.0,0.0,1,0
S03756,3,0,1,65.89,51.03,23.0,3.0,2,0
S03757,6,0,1,66.73,41.32,28.0,3.0,2,0
S03758,5,0,1,89.51,43.53,31.0,2.0,0,0
S03759,1,0,1,57.4,43.45,23.0,5.0,0,0
S03760,5,0,1,79.48,96.0462771652048,16.0,1.0,0,0
S03761,2,1,1,86.24,55.73,36.0,4.0,0,0
S03762,5,0,1,89.5,36.24,2.0,1.0,0,0
S03763,5,0,1,100.0,71.92,45.0,0.0,0,0
S03764,6,1,1,62.37,31.37,30.0,2.0,0,0
S03765,4,0,1,58.98,36.58,24.0,3.0,0,0
S03766,4,0,1,84.26,51.75,45.0,1.0,0,0
S03767,6,1,1,86.1,46.65,13.0,5.0,0,0
S03768,6,1,0,60.14,33.99,24.0,9.0,2,0
S03769,7,1,1,79.27,42.98,26.0,1.0,1,0
S03770,3,0,0,100.0,62.68,34.0,3.0,0,0
S03771,4,0,1,73.57,50.26,,4.0,0,1
S03772,3,1,1,85.85,56.25,31.0,2.0,0,0
S03773,5,1,1,95.65,63.46,34.0,8.0,0,0
S03774,2,1,1,100.0,63.99,27.0,4.0,0,0
S03775,4,1,1,75.69,38.72,23.0,7.0,0,0
S03776,2,0,1,90.8,47.89,19.0,4.0,0,0
S03777,5,0,1,60.17,30.5,15.0,0.0,1,0
S03778,7,1,1,72.37,44.05,30.0,3.0,0,0
S03779,8,1,1,65.3,36.52,28.0,1.0,1,0
S03780,4,0,1,,24.88,18.0,6.0,2,1
S03781,1,1,1,47.95,26.9,21.0,0.0,1,0
S03782,2,0,0,78.45,40.58,33.0,4.0,0,0
S03783,1,1,1,78.75,16.93,20.0,5.0,0,0
S03784,7,0,1,56.38,32.9,20.0,,0,0
S03785,8,1,1,95.36,73.7,40.0,3.0,0,0
S03786,5,0,1,55.35,29.87,5.0,4.0,1,0
S03787,2,1,1,75.86,35.35,13.0,2.0,0,0
S03788,1,1,1,65.77,17.54,9.0,0.0,0,0
S03789,8,0,0,73.6,25.24,9.0,2.0,2,0
S03790,3,1,0,85.48,25.45,19.0,0.0,0,0
S03791,1,1,1,83.36,48.36,22.0,8.0,0,0
S03792,2,1,0,82.62,44.03,38.0,4.0,0,0
S03793,3,0,1,80.7,54.43,22.0,3.0,0,0
S03794,6,1,0,52.91,0.0,3.0,5.0,1,0
S03795,8,1,1,89.02,45.17,30.0,5.0,0,0
S03796,3,1,0,56.1,39.82,15.0,1.0,0,0
S03797,6,0,1,70.41,23.0,16.0,0.0,1,1
S03798,1,1,1,66.73,,16.0,5.0,1,0
S03799,1,0,0,77.25,41.31,33.0,7.0,1,0
S03800,1,0,1,64.73,18.76,9.0,0.0,2,0
S03801,8,0,1,69.62,27.36,8.0,2.0,0,0
S03802,5,0,1,96.28,33.01,35.0,6.0,1,0
S03803,7,0,1,52.57,37.94,11.0,2.0,0,1
S03804,1,0,1,71.96,53.76,35.0,0.0,0,0
S03805,1,1,1,55.29,23.64,15.0,1.0,0,0
S03806,7,0,1,82.12,26.36,25.0,4.0,0,0
S03807,1,0,0,61.1,96.15969813509423,25.0,0.0,1,0
S03808,2,1,1,72.58,40.34,,1.0,2,0
S03809,5,1,0,52.13,37.04,18.0,3.0,0,0
S03810,5,1,1,91.37,42.65,26.0,3.0,0,0
S03811,2,1,1,73.09,48.67,31.0,3.0,0,0
S03812,4,1,1,74.07,22.69,18.0,4.0,0,0
S03813,6,1,0,84.44,46.26,28.0,3.0,0,0
S03814,4,1,1,53.23,14.26,13.0,5.0,0,0
S03815,4,1,1,62.77,39.1,22.0,0.0,0,0
S03816,1,0,0,74.55,35.28,21.0,6.0,1,0
S03817,4,1,1,45.57,22.4,15.0,6.0,0,0
S03818,7,1,1,47.18,32.08,28.0,3.0,1,0
S03819,6,1,1,59.68,13.33,16.0,0.0,0,0
S03820,8,1,0,54.89,31.07,19.0,4.0,1,0
S03821,2,0,1,66.84,57.12,39.0,1.0,0,0
S03822,1,0,1,79.84,46.49,28.0,1.0,0,0
S03823,5,1,0,,46.99,7.0,5.0,0,0
S03824,2,1,1,99.14,48.87,27.0,3.0,0,0
S03825,5,1,1,71.66,37.39,13.0,4.0,0,0
S03826,8,1,1,74.32,48.63,31.0,2.0,0,0
S03827,3,1,1,71.63,45.82,22.0,3.0,0,0
S03828,5,1,1,76.8,56.46,33.0,3.0,0,0
S03829,6,0,1,77.98,31.66,29.0,6.0,0,0
S03830,2,1,1,85.83,42.49,32.0,2.0,0,0
S03831,8,0,0,85.77,48.15,18.0,0.0,0,0
S03832,2,1,0,79.79,50.07,29.0,0.0,0,0
S03833,7,0,0,94.65,58.58,42.0,3.0,0,0
S03834,6,1,1,72.4,60.62,11.0,2.0,1,0
S03835,2,0,1,62.83,34.57,17.0,1.0,0,0
S03836,6,0,1,65.28,40.51,23.0,1.0,0,0
S03837,2,1,1,70.41,26.14,23.0,4.0,0,0
S03838,5,1,1,55.75,45.72,28.0,3.0,1,0
S03839,8,0,1,62.8,38.54,25.0,3.0,0,0
S03840,8,1,1,54.9,32.58,20.0,2.0,2,0
S03841,7,0,1,77.16,65.35,,6.0,1,0
S03842,4,0,1,77.31,44.23,30.0,0.0,0,0
S03843,5,0,1,45.47,35.84,13.0,2.0,1,0
S03844,3,1,1,62.19,43.89,16.0,0.0,0,0
S03845,8,1,1,99.38,57.82,40.0,4.0,0,0
S03846,4,1,1,81.45,28.22,20.0,5.0,0,0
S03847,7,1,0,78.82,37.15,24.0,2.0,2,0
S03848,3,1,0,62.04,40.89,10.0,5.0,1,0
S03849,6,1,0,,41.61,30.0,4.0,1,0
S03850,2,1,1,71.78,32.21,32.0,4.0,0,0
S03851,6,0,1,,30.93,11.0,7.0,1,0
S03852,1,0,1,64.59,24.57,19.0,4.0,1,0
S03853,1,0,1,64.93,24.62,16.0,5.0,0,0
S03854,3,1,1,,21.24,23.0,4.0,3,1
S03855,4,0,0,52.15,44.14,27.0,4.0,1,0
S03856,6,0,1,69.01,49.15,18.0,0.0,0,0
S03857,3,1,1,59.28,10.08,0.0,4.0,1,0
S03858,1,1,0,,44.05,30.0,0.0,0,0
S03859,3,0,1,47.92,31.22,14.0,0.0,0,1
S03860,4,0,0,84.02,40.14,27.0,2.0,0,0
S03861,5,0,1,100.0,51.91,40.0,0.0,0,0
S03862,6,0,1,87.41,63.86,25.0,2.0,0,0
S03863,2,1,0,88.96,34.43,23.0,4.0,0,0
S03864,5,1,0,81.39,50.04,23.0,0.0,1,0
S03865,6,0,1,75.98,48.8,,4.0,0,0
S03866,7,0,1,73.3,68.21,30.0,0.0,0,0
S03867,5,0,1,58.28,50.07,31.0,2.0,2,0
S03868,7,0,1,82.35,31.68,,0.0,0,0
S03869,2,0,1,81.46,32.74,25.0,2.0,0,0
S03870,6,1,1,65.05,32.54,27.0,5.0,1,0
S03871,1,0,1,79.89,41.19,17.0,3.0,0,0
S03872,1,1,1,61.59,22.14,30.0,4.0,1,0
S03873,7,0,1,62.55,38.98,21.0,0.0,1,0
S03874,4,1,1,83.63,48.5,25.0,4.0,0,0
S03875,5,0,1,78.46,35.46,17.0,0.0,1,0
S03876,5,0,1,68.52,52.01,26.0,1.0,0,0
S03877,6,1,1,66.79,41.51,18.0,3.0,0,0
S03878,2,1,1,74.62,53.22,23.0,,0,0
S03879,2,0,1,44.47,43.93,0.0,2.0,0,0
S03880,1,0,1,60.63,22.64,15.0,3.0,0,1
S03881,7,1,1,1.610991234360489,96.99403489021525,11.0,5.0,0,0
S03882,2,1,1,72.18,36.07,26.0,0.0,0,0
S03883,5,1,1,88.33,55.44,,8.0,0,0
S03884,4,0,1,79.16,29.63,4.0,1.0,0,0
S03885,2,0,1,64.33,30.07,,3.0,1,0
S03886,4,0,1,61.4,,7.0,5.0,1,0
S03887,1,0,1,60.69,34.48,10.0,3.0,0,0
S03888,2,1,1,100.0,77.61,41.0,2.0,0,0
S03889,2,1,1,,98.59726027431289,9.0,2.0,0,0
S03890,7,0,0,75.0,22.66,26.0,2.0,0,0
S03891,5,1,1,3.7388448208788865,97.17596363303524,7.0,2.0,1,0
S03892,8,1,1,54.29,97.67390784362196,57.0,,1,0
S03893,4,1,0,71.34,61.38,14.0,3.0,3,0
S03894,2,0,1,64.53,96.52738658172912,22.0,3.0,1,0
S03895,5,0,0,,41.83,27.0,1.0,0,0
S03896,8,0,1,73.8,40.08,9.0,4.0,0,0
S03897,5,0,1,81.01,41.21,35.0,2.0,0,0
S03898,1,0,0,43.96,11.93,3.0,0.0,1,0
S03899,3,0,0,55.42,41.26,20.0,0.0,0,0
S03900,8,0,1,,20.55,12.0,4.0,1,0
S03901,5,0,1,62.29,22.34,15.0,1.0,0,0
S03902,8,1,1,67.35,17.68,11.0,3.0,0,0
S03903,5,1,1,73.64,31.68,19.0,3.0,1,0
S03904,1,0,0,60.83,29.36,17.0,3.0,0,0
S03905,7,1,1,,34.32,14.0,1.0,1,0
S03906,7,0,0,80.16,43.82,28.0,1.0,0,0
S03907,6,0,1,72.98,49.8,,3.0,0,0
S03908,8,1,1,82.81,55.41,48.0,3.0,1,0
S03909,2,0,1,39.41,16.68,,,2,1
S03910,8,0,1,63.21,27.93,29.0,1.0,0,0
S03911,2,0,1,85.38,36.92,13.0,2.0,0,0
S03912,8,0,1,59.03,43.84,2.0,0.0,1,0
S03913,2,1,0,57.0,32.89,15.0,6.0,1,0
S03914,5,0,0,70.11,63.11,36.0,4.0,1,0
S03915,7,0,1,71.74,28.91,42.0,4.0,0,0
S03916,1,0,1,63.98,23.13,14.0,3.0,0,0
S03917,1,0,1,99.65,35.62,28.0,5.0,0,0
S03918,7,0,1,76.3,43.2,28.0,1.0,1,0
S03919,1,1,1,58.46,36.0,16.0,7.0,1,0
S03920,5,1,1,50.41,35.94,13.0,5.0,0,0
S03921,8,0,0,78.08,53.63,30.0,1.0,0,0
S03922,5,1,1,58.1,52.3,39.0,5.0,1,0
S03923,4,0,0,100.0,59.2,43.0,4.0,0,0
S03924,4,0,1,78.42,45.76,40.0,4.0,0,0
S03925,6,0,1,80.4,28.33,11.0,2.0,1,0
S03926,5,0,1,75.73,61.87,32.0,0.0,0,0
S03927,5,1,0,88.82,53.84,21.0,2.0,0,0
S03928,2,1,1,36.07,22.04,23.0,4.0,1,0
S03929,6,0,1,53.95,35.6,27.0,3.0,1,0
S03930,6,0,1,87.51,61.74,,3.0,0,0
S03931,6,1,0,94.51,43.29,25.0,1.0,0,0
S03932,1,0,1,53.47,30.05,,1.0,1,0
S03933,6,0,1,44.72,20.48,9.0,0.0,0,0
S03934,6,1,1,74.51,57.02,29.0,1.0,0,0
S03935,2,1,1,79.28,42.62,28.0,0.0,0,0
S03936,7,1,1,74.21,54.12,35.0,6.0,1,0
S03937,5,0,1,71.11,36.08,35.0,1.0,0,0
S03938,4,0,0,44.22,9.7,,1.0,0,1
S03939,6,0,1,66.37,26.31,24.0,1.0,1,0
S03940,5,1,0,68.61,49.73,25.0,10.0,2,0
S03941,5,0,1,63.78,41.48,19.0,3.0,0,0
S03942,3,0,1,43.22,40.63,20.0,1.0,2,0
S03943,8,0,1,80.77,53.64,30.0,1.0,0,0
S03944,8,1,1,84.99,46.31,22.0,4.0,1,0
S03945,2,1,1,60.08,29.78,17.0,0.0,0,0
S03946,6,1,0,69.21,47.46,19.0,5.0,2,0
S03947,1,0,1,64.55,39.07,14.0,3.0,0,0
S03948,3,1,1,64.69,27.38,,6.0,0,0
S03949,8,0,1,79.4,33.63,15.0,2.0,1,0
S03950,2,0,0,79.76,48.05,,1.0,1,0
S03951,4,0,0,88.12,54.9,39.0,4.0,0,0
S03952,2,0,1,87.81,57.56,29.0,3.0,1,0
S03953,6,0,0,69.42,49.05,29.0,5.0,1,0
S03954,4,1,1,100.0,49.36,34.0,2.0,0,0
S03955,5,0,1,95.25,38.8,23.0,1.0,0,0
S03956,8,0,0,62.13,25.88,,4.0,1,0
S03957,5,1,1,73.9,31.55,,2.0,0,0
S03958,6,1,1,42.21,40.97,12.0,0.0,1,0
S03959,1,0,1,72.41,34.88,16.0,0.0,0,0
S03960,2,1,1,97.11,96.18235862983046,44.0,5.0,0,0
S03961,8,0,1,100.0,59.57,34.0,4.0,0,0
S03962,7,0,1,70.18,49.24,42.0,1.0,1,0
S03963,6,1,1,,31.14,25.0,0.0,0,0
S03964,4,1,1,81.08,35.54,20.0,0.0,1,0
S03965,2,0,1,100.0,47.0,19.0,0.0,0,0
S03966,7,0,0,57.26,51.65,26.0,2.0,0,0
S03967,7,0,1,100.0,65.03,26.0,2.0,0,0
S03968,2,0,1,67.24,23.97,17.0,3.0,0,0
S03969,5,1,1,54.45,48.17,26.0,7.0,1,0
S03970,5,0,1,67.27,58.85,29.0,0.0,2,1
S03971,4,1,1,59.86,34.89,13.0,5.0,2,0
S03972,8,0,1,,35.79,21.0,0.0,0,0
S03973,1,1,1,47.21,19.56,0.0,7.0,1,1
S03974,3,0,1,74.12,48.85,7.0,4.0,0,0
S03975,1,0,1,81.96,37.49,32.0,1.0,1,0
S03976,6,0,1,94.24,98.40336668614351,37.0,2.0,0,0
S03977,6,0,1,82.21,51.42,29.0,2.0,0,0
S03978,8,1,0,93.32,49.83,32.0,6.0,0,0
S03979,5,1,1,62.91,15.31,14.0,2.0,1,0
S03980,2,1,1,77.91,37.61,36.0,,1,0
S03981,4,0,1,38.56,1.73,0.0,1.0,2,1
S03982,1,1,1,70.29,96.47735237040177,18.0,0.0,0,0
S03983,6,1,1,77.8,62.14,26.0,5.0,0,0
S03984,6,1,1,79.16,58.01,25.0,3.0,1,0
S03985,7,1,0,48.39,26.72,14.0,8.0,1,0
S03986,3,1,1,66.15,40.94,16.0,7.0,0,0
S03987,3,0,1,68.24,41.56,25.0,3.0,0,0
S03988,1,1,1,65.56,29.31,10.0,6.0,0,0
S03989,4,0,1,82.88,46.03,25.0,2.0,0,0
S03990,4,0,1,68.75,36.78,25.0,7.0,1,0
S03991,7,1,1,73.49,26.68,20.0,2.0,0,0
S03992,7,0,1,64.66,36.16,20.0,2.0,0,0
S03993,2,0,1,87.97,42.19,30.0,,1,0
S03994,3,0,0,89.09,37.46,14.0,0.0,0,0
S03995,5,0,1,67.37,35.05,7.0,1.0,0,0
S03996,3,1,0,100.0,41.07,34.0,5.0,0,0
S03997,1,1,1,60.5,19.58,13.0,4.0,0,0
S03998,7,0,1,87.11,46.24,23.0,3.0,0,0
S03999,6,1,1,57.73,22.23,22.0,3.0,0,0
S04000,5,1,1,83.6,36.5,19.0,8.0,0,0
S04001,3,1,1,82.43,45.01,,4.0,0,0
S04002,7,0,0,56.82,34.92,30.0,1.0,0,0
S04003,1,0,0,70.04,35.96,31.0,5.0,0,0
S04004,4,0,1,100.0,68.83,42.0,6.0,0,0
S04005,7,0,1,59.79,97.7452720572188,9.0,4.0,0,1
S04006,8,1,1,78.03,28.62,24.0,2.0,1,1
S04007,3,0,0,77.03,24.02,14.0,2.0,0,0
S04008,6,0,1,71.37,32.72,22.0,0.0,0,0
S04009,2,1,1,46.03,7.66,10.0,3.0,0,1
S04010,1,0,1,84.43,61.17,18.0,0.0,0,0
S04011,3,0,1,72.17,16.36,27.0,2.0,1,0
S04012,8,1,1,,52.54,26.0,4.0,0,0
S04013,6,1,1,75.48,44.57,37.0,5.0,0,0
S04014,4,0,1,72.97,41.26,23.0,0.0,0,0
S04015,3,1,1,77.59,27.28,4.0,6.0,0,0
S04016,2,1,1,57.19,22.02,3.0,4.0,0,0
S04017,3,1,1,95.37,52.17,48.0,7.0,0,0
S04018,2,0,1,66.37,47.35,18.0,2.0,0,0
S04019,2,1,1,66.56,24.42,22.0,3.0,3,0
S04020,6,1,1,91.38,49.42,29.0,4.0,0,0
S04021,2,0,0,75.71,71.65,35.0,0.0,1,0
S04022,1,1,1,68.45,38.21,,5.0,2,0
S04023,5,1,1,78.21,36.39,35.0,4.0,2,0
S04024,3,0,1,81.39,63.29,36.0,1.0,1,0
S04025,4,1,0,70.22,99.56649472477156,22.0,7.0,1,0
S04026,2,0,1,85.83,45.27,31.0,5.0,0,0
S04027,2,1,1,52.94,35.63,,1.0,0,0
S04028,4,1,1,75.93,48.58,10.0,7.0,1,0
S04029,6,0,1,84.0,41.71,31.0,2.0,0,0
S04030,4,0,0,81.33,41.88,28.0,0.0,0,0
S04031,5,0,1,38.38,16.3,12.0,2.0,0,0
S04032,5,1,1,70.1,46.63,26.0,6.0,1,0
S04033,3,0,1,,35.83,11.0,0.0,0,0
S04034,3,1,0,91.29,63.37,41.0,7.0,1,0
S04035,4,0,0,66.14,26.76,20.0,1.0,1,0
S04036,1,0,1,89.62,,33.0,2.0,0,0
S04037,6,1,1,53.74,20.21,14.0,0.0,0,0
S04038,5,1,1,77.86,99.81196142484939,33.0,3.0,0,0
S04039,3,0,1,72.12,38.54,23.0,2.0,0,0
S04040,3,0,1,100.0,45.45,32.0,3.0,0,0
S04041,3,0,1,89.67,57.3,38.0,4.0,0,0
S04042,6,0,1,88.71,43.73,15.0,0.0,0,0
S04043,7,0,1,100.0,62.02,30.0,5.0,0,0
S04044,1,1,1,76.26,39.63,19.0,1.0,1,0
S04045,4,0,1,70.51,43.03,25.0,6.0,0,0
S04046,1,0,0,68.8,57.59,24.0,1.0,0,0
S04047,4,0,1,76.92,40.92,24.0,0.0,0,0
S04048,2,0,1,30.45,0.0,2.0,1.0,1,1
S04049,3,1,1,72.03,49.13,22.0,0.0,1,0
S04050,4,0,1,75.4,51.83,26.0,4.0,1,0
S04051,3,0,1,69.66,23.83,20.0,2.0,0,0
S04052,4,1,1,49.04,18.87,23.0,4.0,0,0
S04053,7,1,1,69.75,36.35,27.0,4.0,2,1
S04054,7,1,1,48.99,17.34,14.0,2.0,0,0
S04055,1,1,1,98.61,42.42,13.0,3.0,0,0
S04056,4,1,1,68.14,33.74,19.0,5.0,1,0
S04057,7,1,1,41.06,23.44,16.0,0.0,1,1
S04058,5,1,1,68.9,49.77,19.0,0.0,0,0
S04059,2,0,1,85.43,70.12,30.0,0.0,0,0
S04060,5,1,1,74.64,28.3,22.0,0.0,1,0
S04061,2,1,1,58.29,33.91,19.0,4.0,0,0
S04062,1,1,0,61.83,50.69,30.0,7.0,1,0
S04063,6,0,1,67.7,52.93,27.0,0.0,0,0
S04064,5,1,0,65.41,98.41140207409686,10.0,4.0,0,0
S04065,7,0,1,53.11,22.26,2.0,0.0,0,1
S04066,3,1,1,70.99,50.57,26.0,2.0,0,0
S04067,7,0,1,51.99,24.92,25.0,4.0,0,0
S04068,4,1,1,86.24,99.29441650334653,,7.0,0,0
S04069,6,1,0,88.07,58.06,27.0,6.0,1,0
S04070,1,0,1,56.95,36.07,36.0,2.0,1,1
S04071,1,0,1,61.25,38.56,16.0,0.0,1,0
S04072,7,0,0,65.65,97.90166208279155,40.0,4.0,0,0
S04073,7,1,0,71.53,38.83,16.0,2.0,0,0
S04074,8,1,0,75.85,36.41,19.0,5.0,0,0
S04075,3,1,1,78.95,47.68,19.0,1.0,0,1
S04076,1,0,1,78.6,43.29,15.0,2.0,0,0
S04077,8,1,1,95.31,,17.0,4.0,0,0
S04078,5,1,1,72.91,40.65,21.0,4.0,1,0
S04079,2,0,1,52.46,37.37,17.0,2.0,1,1
S04080,7,0,1,47.86,99.07398051054922,8.0,2.0,1,1
S04081,8,0,1,96.54,43.31,27.0,3.0,0,0
S04082,3,0,1,79.64,58.56,37.0,0.0,0,0
S04083,7,0,1,75.1,43.52,31.0,3.0,0,0
S04084,7,0,1,78.74,39.87,23.0,0.0,0,0
S04085,5,0,0,74.4,27.0,27.0,2.0,0,1
S04086,6,0,1,78.5,50.97,12.0,0.0,1,0
S04087,3,0,1,66.41,43.56,23.0,3.0,1,0
S04088,8,1,1,87.83,,28.0,1.0,0,0
S04089,8,0,1,64.13,40.5,17.0,0.0,0,1
S04090,8,0,1,58.45,43.57,18.0,0.0,0,0
S04091,6,1,0,46.64,33.53,12.0,3.0,1,1
S04092,1,0,1,68.43,29.5,11.0,2.0,0,0
S04093,3,0,1,91.01,48.43,,2.0,2,0
S04094,4,0,1,65.14,34.49,28.0,0.0,1,0
S04095,8,0,1,51.32,99.54858595809993,12.0,5.0,2,0
S04096,5,1,1,76.27,22.6,,3.0,1,0
S04097,5,0,1,62.23,,0.0,3.0,0,0
S04098,2,0,1,95.22,64.87,47.0,1.0,0,0
S04099,7,1,1,88.12,95.61268763519725,27.0,4.0,0,0
S04100,3,1,1,52.94,23.27,22.0,0.0,1,0
S04101,1,0,1,69.39,36.36,14.0,0.0,0,0
S04102,8,0,1,60.67,26.45,16.0,1.0,1,0
S04103,2,0,1,54.59,10.78,14.0,3.0,1,0
S04104,1,1,1,71.16,46.53,24.0,7.0,0,0
S04105,1,1,1,84.27,60.38,28.0,0.0,0,0
S04106,4,1,1,70.77,59.64,15.0,4.0,1,0
S04107,1,0,1,64.26,34.7,12.0,1.0,2,0
S04108,7,0,1,38.91,16.44,10.0,0.0,1,1
S04109,5,1,0,62.01,36.37,5.0,3.0,1,1
S04110,3,0,1,80.28,34.56,19.0,5.0,0,0
S04111,1,1,1,51.87,21.88,14.0,1.0,2,0
S04112,4,0,1,91.24,52.29,33.0,1.0,1,0
S04113,2,0,1,63.25,31.62,31.0,2.0,1,0
S04114,8,0,1,74.91,31.18,20.0,1.0,0,0
S04115,3,0,1,66.01,52.17,21.0,5.0,0,0
S04116,4,1,1,54.36,13.49,1.0,0.0,2,0
S04117,1,0,1,78.6,50.71,27.0,3.0,0,0
S04118,2,1,1,63.03,22.85,12.0,2.0,0,0
S04119,2,1,1,59.5,29.81,15.0,4.0,1,0
S04120,1,1,1,36.36,24.62,13.0,4.0,2,1
S04121,6,1,1,91.54,54.77,34.0,3.0,0,0
S04122,8,1,1,72.09,25.97,11.0,5.0,1,0
S04123,8,1,0,88.6,61.87,35.0,3.0,0,0
S04124,3,0,1,81.3,46.26,25.0,3.0,0,0
S04125,7,1,1,88.6,37.9,39.0,3.0,1,0
S04126,5,1,0,63.54,50.04,31.0,1.0,0,0
S04127,1,0,1,51.41,35.31,28.0,2.0,1,0
S04128,1,1,1,83.44,39.27,15.0,3.0,0,0
S04129,5,0,1,73.95,45.17,26.0,2.0,0,0
S04130,4,1,1,65.0,12.68,7.0,2.0,1,0
S04131,1,0,1,83.14,43.64,37.0,4.0,1,0
S04132,8,1,0,76.62,50.43,36.0,,1,0
S04133,6,0,1,81.58,39.65,34.0,1.0,1,0
S04134,5,1,1,56.66,36.66,14.0,5.0,1,0
S04135,8,0,1,86.66,37.89,32.0,5.0,0,0
S04136,8,1,0,71.93,36.16,18.0,5.0,1,0
S04137,8,0,0,88.27,62.98,28.0,3.0,0,0
S04138,3,1,0,86.52,39.42,27.0,5.0,0,0
S04139,8,0,1,82.29,38.04,10.0,0.0,0,0
S04140,5,0,1,70.33,26.47,15.0,3.0,0,0
S04141,6,0,1,82.64,39.6,44.0,2.0,0,0
S04142,7,1,0,88.66,55.61,28.0,4.0,0,0
S04143,2,0,1,81.1,45.43,27.0,4.0,0,0
S04144,4,1,0,75.04,42.23,23.0,4.0,0,0
S04145,2,0,1,82.68,47.54,23.0,7.0,0,0
S04146,3,1,0,64.11,27.3,20.0,8.0,0,0
S04147,4,0,1,94.71,39.29,27.0,0.0,0,0
S04148,7,0,0,46.77,20.55,0.0,1.0,1,1
S04149,7,0,1,72.52,58.31,29.0,5.0,3,0
S04150,4,0,1,65.91,46.05,33.0,2.0,1,0
S04151,3,0,1,62.39,15.81,10.0,4.0,1,0
S04152,5,0,0,76.58,70.52,21.0,0.0,0,0
S04153,8,0,1,55.12,23.69,28.0,1.0,1,0
S04154,8,1,1,100.0,34.68,26.0,3.0,0,0
S04155,2,0,0,51.72,47.29,18.0,5.0,0,1
S04156,2,1,0,57.73,40.96,52.0,5.0,0,0
S04157,6,0,1,56.31,28.57,22.0,3.0,1,0
S04158,3,0,0,74.98,53.59,24.0,1.0,0,0
S04159,2,0,1,,69.07,35.0,,0,0
S04160,1,0,1,79.89,45.64,31.0,1.0,0,0
S04161,4,0,1,94.09,57.55,25.0,3.0,0,0
S04162,4,1,0,59.59,43.96,4.0,2.0,0,0
S04163,5,1,1,81.88,36.44,31.0,1.0,0,0
S04164,2,1,1,67.45,43.38,27.0,2.0,0,0
S04165,6,0,1,75.42,36.82,21.0,0.0,0,0
S04166,6,0,1,88.63,99.98609123505983,42.0,0.0,0,0
S04167,4,1,0,46.62,40.45,25.0,1.0,1,1
S04168,2,0,1,100.0,71.46,39.0,0.0,0,0
S04169,5,0,0,,43.83,19.0,5.0,0,0
S04170,6,0,1,47.9,24.92,0.0,3.0,1,1
S04171,3,0,0,61.61,30.39,17.0,6.0,0,0
S04172,3,1,1,73.53,36.62,8.0,2.0,0,0
S04173,5,0,1,61.6,30.24,0.0,0.0,0,0
S04174,3,0,1,41.28,48.46,17.0,0.0,1,0
S04175,4,1,0,73.45,29.24,32.0,0.0,1,0
S04176,3,1,1,61.17,19.88,3.0,6.0,0,0
S04177,3,0,1,81.77,42.79,24.0,4.0,1,0
S04178,6,0,1,55.97,35.68,,3.0,0,0
S04179,4,1,1,100.0,69.88,30.0,3.0,0,0
S04180,4,0,1,79.7,49.11,14.0,1.0,0,0
S04181,6,0,1,,44.06,34.0,4.0,0,0
S04182,3,0,1,81.35,46.48,15.0,4.0,0,0
S04183,1,0,1,44.68,16.73,0.0,4.0,0,1
S04184,7,1,1,64.55,32.87,9.0,7.0,2,0
S04185,1,1,0,98.75,67.83,36.0,3.0,0,0
S04186,5,1,1,67.2,9.8,19.0,5.0,0,0
S04187,3,1,0,71.06,33.73,16.0,,0,0
S04188,2,1,0,,28.24,24.0,3.0,1,0
S04189,1,1,1,93.97,45.27,33.0,3.0,1,0
S04190,8,1,1,68.33,22.71,3.0,1.0,0,1
S04191,4,0,0,53.22,12.58,20.0,2.0,3,0
S04192,3,0,1,100.0,73.83,42.0,3.0,0,0
S04193,6,0,1,51.37,53.08,14.0,1.0,1,0
S04194,1,0,0,70.54,40.14,20.0,3.0,1,0
S04195,5,0,0,59.37,56.42,33.0,3.0,2,0
S04196,4,0,1,61.48,,13.0,3.0,0,0
S04197,5,1,1,56.1,43.27,15.0,0.0,1,0
S04198,1,0,1,63.9,31.94,22.0,4.0,0,0
S04199,8,0,1,86.76,42.99,28.0,0.0,1,0
S04200,2,0,1,43.47,24.03,10.0,3.0,3,1
S04201,6,0,1,90.91,69.53,30.0,3.0,0,0
S04202,6,1,1,88.33,67.42,41.0,2.0,1,1
S04203,3,0,1,79.64,62.57,32.0,1.0,0,0
S04204,2,0,1,73.89,26.8,23.0,1.0,0,0
S04205,3,0,1,76.15,28.0,17.0,5.0,0,0
S04206,7,1,0,93.35,44.5,24.0,2.0,0,0
S04207,8,1,1,45.81,43.68,21.0,7.0,1,0
S04208,8,0,0,82.91,97.96481922441801,14.0,0.0,0,0
S04209,2,0,1,60.81,25.5,38.0,5.0,0,0
S04210,5,1,0,84.39,44.5,27.0,0.0,2,0
S04211,2,1,1,62.8,22.44,8.0,1.0,1,0
S04212,6,0,1,82.6,45.7,28.0,4.0,0,0
S04213,4,0,0,48.77,46.24,8.0,6.0,1,0
S04214,6,0,1,46.61,21.74,,5.0,1,1
S04215,6,0,1,70.3,29.16,10.0,1.0,1,0
S04216,8,1,0,1.4939362835200982,97.54939473012054,28.0,,0,0
S04217,4,1,0,80.04,95.39023057614882,8.0,4.0,0,0
S04218,3,1,1,79.94,40.75,20.0,3.0,0,0
S04219,5,1,0,84.9,35.39,20.0,2.0,1,0
S04220,2,0,1,66.05,40.93,16.0,0.0,0,0
S04221,1,1,1,81.16,38.84,20.0,1.0,0,0
S04222,5,0,1,63.3,33.24,20.0,4.0,0,0
S04223,7,0,1,,30.67,28.0,3.0,1,0
S04224,5,1,1,69.15,20.38,24.0,3.0,1,0
S04225,7,0,1,63.82,48.61,30.0,4.0,1,0
S04226,2,1,1,71.01,41.44,18.0,7.0,0,0
S04227,4,1,1,68.18,42.31,24.0,5.0,1,0
S04228,5,1,1,61.39,34.11,22.0,0.0,1,0
S04229,3,1,1,69.89,37.78,31.0,4.0,0,0
S04230,1,0,1,74.33,39.17,17.0,0.0,0,0
S04231,1,0,1,55.5,40.47,23.0,4.0,0,0
S04232,8,1,1,78.26,44.15,18.0,2.0,0,0
S04233,5,1,1,64.59,26.24,15.0,4.0,1,1
S04234,3,1,0,74.97,50.11,21.0,7.0,0,0
S04235,3,0,0,62.02,99.001202705743,22.0,0.0,2,0
S04236,1,0,1,87.76,44.93,19.0,2.0,0,0
S04237,8,0,1,86.34,39.0,20.0,1.0,0,0
S04238,1,1,1,56.26,23.88,12.0,3.0,3,0
S04239,7,1,1,79.87,47.01,26.0,1.0,0,0
S04240,2,1,1,93.69,35.62,23.0,7.0,0,0
S04241,3,0,1,,28.48,19.0,5.0,2,0
S04242,3,0,0,58.97,25.73,15.0,1.0,0,0
S04243,7,0,1,83.03,47.14,32.0,3.0,0,0
S04244,1,0,1,52.39,31.71,16.0,2.0,0,0
S04245,3,0,1,60.34,26.17,32.0,4.0,2,0
S04246,3,1,1,56.78,48.56,18.0,4.0,0,0
S04247,3,0,1,83.21,41.44,17.0,6.0,0,0
S04248,2,0,1,61.61,38.87,17.0,8.0,0,0
S04249,8,1,1,67.73,47.0,21.0,4.0,1,0
S04250,4,1,1,,48.11,11.0,6.0,0,0
S04251,4,0,1,,57.82,41.0,3.0,0,0
S04252,4,0,1,59.11,22.12,15.0,1.0,0,0
S04253,8,1,1,50.89,12.78,10.0,3.0,1,0
S04254,3,1,1,50.3,95.57566479490289,57.0,2.0,1,1
S04255,3,1,1,82.4,38.97,19.0,3.0,0,0
S04256,3,0,1,,66.78,34.0,2.0,0,0
S04257,3,0,1,90.73,46.64,35.0,5.0,0,0
S04258,1,1,1,53.09,19.69,17.0,4.0,0,0
S04259,5,0,0,68.53,29.78,26.0,4.0,1,1
S04260,1,0,1,100.0,,29.0,2.0,0,0
S04261,2,1,1,67.47,47.54,,4.0,1,0
S04262,2,0,1,63.55,23.81,17.0,4.0,1,0
S04263,3,1,1,71.68,34.36,18.0,0.0,0,0
S04264,7,1,1,79.95,32.6,9.0,0.0,0,0
S04265,5,0,1,79.7,22.87,17.0,3.0,1,0
S04266,8,1,0,62.78,97.87528350449415,,6.0,1,0
S04267,3,0,0,63.22,37.5,11.0,3.0,0,0
S04268,8,1,1,,43.3,31.0,5.0,0,0
S04269,1,1,1,61.05,33.39,23.0,1.0,1,0
S04270,5,1,1,53.48,28.98,23.0,0.0,1,1
S04271,7,0,1,99.12,53.55,36.0,6.0,0,0
S04272,5,1,1,65.9,,29.0,,0,0
S04273,8,1,1,66.75,51.59,21.0,8.0,0,0
S04274,3,1,1,67.21,39.74,33.0,3.0,1,0
S04275,1,1,1,70.79,26.73,12.0,6.0,0,0
S04276,7,0,1,78.52,34.37,24.0,0.0,1,0
S04277,1,1,1,65.02,50.85,12.0,3.0,1,0
S04278,7,0,1,89.09,99.92058492274018,39.0,,0,0
S04279,6,0,1,80.97,46.5,29.0,2.0,0,0
S04280,7,1,1,69.14,44.37,31.0,4.0,0,0
S04281,4,1,1,62.01,26.35,8.0,5.0,1,0
S04282,8,1,1,88.27,35.7,23.0,2.0,1,0
S04283,2,0,1,69.57,31.12,7.0,0.0,0,0
S04284,4,0,1,53.36,16.18,19.0,2.0,1,0
S04285,1,0,1,87.32,39.38,25.0,6.0,0,0
S04286,7,0,0,61.11,32.01,25.0,1.0,1,0
S04287,6,1,1,85.03,58.23,27.0,4.0,0,0
S04288,7,1,1,34.29,14.37,0.0,4.0,0,1
S04289,7,0,1,66.47,20.32,7.0,4.0,1,1
S04290,3,0,1,89.4,61.21,29.0,1.0,0,0
S04291,1,0,1,72.08,40.58,,0.0,0,0
S04292,8,1,0,80.97,26.45,8.0,7.0,0,0
S04293,4,1,1,58.47,38.13,17.0,2.0,0,0
S04294,1,0,1,77.22,97.3083919631284,16.0,1.0,0,0
S04295,8,0,1,72.06,13.53,14.0,0.0,1,0
S04296,8,0,1,75.65,40.84,18.0,1.0,0,0
S04297,4,0,1,100.0,49.63,33.0,3.0,0,0
S04298,7,1,1,91.57,40.37,24.0,2.0,0,0
S04299,1,1,1,83.88,35.86,11.0,5.0,2,0
S04300,1,0,0,84.07,29.32,28.0,3.0,0,0
S04301,3,1,1,58.36,28.45,15.0,3.0,1,0
S04302,6,0,0,64.93,34.67,12.0,6.0,0,1
S04303,2,0,0,49.01,17.27,12.0,4.0,1,1
S04304,1,1,0,52.96,24.72,13.0,3.0,0,0
S04305,6,0,0,2.521125040200737,96.31404977044096,18.0,2.0,1,0
S04306,7,0,1,71.56,43.3,20.0,2.0,0,0
S04307,6,1,1,53.62,36.1,17.0,7.0,1,0
S04308,7,1,1,71.41,33.35,22.0,6.0,0,0
S04309,7,0,1,69.69,39.12,28.0,2.0,2,0
S04310,5,1,1,54.99,21.09,29.0,5.0,0,0
S04311,5,0,1,94.88,46.89,31.0,2.0,0,0
S04312,7,1,0,52.13,39.01,10.0,3.0,0,0
S04313,3,0,0,88.76,34.15,,2.0,0,0
S04314,1,1,1,38.19,34.47,15.0,,2,1
S04315,7,0,1,69.87,23.67,14.0,6.0,1,0
S04316,3,1,1,54.04,46.1,35.0,8.0,0,0
S04317,8,1,1,62.18,47.72,41.0,2.0,0,0
S04318,4,0,1,99.15,71.23,30.0,4.0,0,0
S04319,7,1,1,66.8,5.85,7.0,5.0,0,0
S04320,1,0,1,55.43,25.16,22.0,4.0,0,0
S04321,6,1,1,79.31,69.37,42.0,0.0,0,0
S04322,4,0,1,66.66,32.65,10.0,3.0,0,0
S04323,4,0,1,74.26,54.15,38.0,0.0,0,0
S04324,3,1,1,58.28,16.34,3.0,1.0,1,0
S04325,8,0,0,59.02,15.83,6.0,0.0,0,0
S04326,4,0,1,60.18,46.6,21.0,1.0,0,0
S04327,7,0,0,83.98,50.49,35.0,8.0,0,0
S04328,4,0,1,68.6,70.38,21.0,1.0,2,0
S04329,1,0,1,56.28,33.99,20.0,0.0,0,0
S04330,8,1,0,74.43,53.58,32.0,3.0,1,0
S04331,2,1,1,73.19,56.33,33.0,4.0,0,0
S04332,3,0,1,80.6,47.67,21.0,0.0,0,0
S04333,7,0,1,64.77,40.53,13.0,2.0,1,0
S04334,8,1,1,70.84,56.53,30.0,3.0,1,0
S04335,8,1,0,78.33,45.01,28.0,5.0,0,0
S04336,4,1,1,56.86,28.08,22.0,3.0,0,0
S04337,7,0,0,85.29,54.96,22.0,4.0,0,0
S04338,3,0,0,72.25,59.17,28.0,3.0,0,0
S04339,6,1,0,55.48,19.06,8.0,5.0,2,1
S04340,5,0,1,55.37,48.09,18.0,6.0,1,0
S04341,1,0,1,70.51,28.16,23.0,4.0,0,0
S04342,4,0,1,63.75,36.06,20.0,2.0,1,0
S04343,4,1,1,2.879706420373561,98.44022769837594,,7.0,0,0
S04344,3,0,0,67.7,15.05,13.0,2.0,0,0
S04345,3,1,1,76.55,42.84,29.0,7.0,0,0
S04346,5,1,1,59.27,37.7,18.0,1.0,0,0
S04347,1,0,0,71.66,35.56,16.0,3.0,0,0
S04348,2,1,1,91.73,64.91,19.0,3.0,0,0
S04349,7,1,0,69.78,34.27,37.0,3.0,0,0
S04350,3,0,0,63.71,34.95,19.0,2.0,0,0
S04351,5,1,1,59.04,23.84,15.0,9.0,0,0
S04352,5,0,1,71.72,30.89,13.0,3.0,1,0
S04353,5,0,1,93.14,50.31,39.0,1.0,0,0
S04354,4,1,1,51.55,27.95,23.0,5.0,0,0
S04355,4,1,0,,41.51,29.0,3.0,0,0
S04356,7,0,1,46.29,12.31,13.0,0.0,1,1
S04357,8,1,1,65.84,49.64,26.0,5.0,1,0
S04358,3,1,1,75.94,51.03,17.0,5.0,0,0
S04359,6,1,0,48.29,28.59,16.0,5.0,1,0
S04360,8,0,1,65.33,34.22,20.0,2.0,0,0
S04361,1,0,0,76.36,40.78,26.0,4.0,0,0
S04362,7,0,0,73.97,43.62,9.0,4.0,1,0
S04363,4,1,1,77.08,40.2,39.0,4.0,0,0
S04364,8,0,1,57.38,95.10029284374198,57.0,0.0,1,1
S04365,5,1,1,76.35,34.3,,6.0,1,0
S04366,7,0,0,63.0,32.68,24.0,3.0,1,0
S04367,2,1,1,82.71,38.76,14.0,5.0,0,0
S04368,2,1,0,37.34,21.96,11.0,2.0,0,1
S04369,8,1,0,67.66,14.18,3.0,1.0,2,1
S04370,5,1,1,73.48,30.32,21.0,0.0,2,0
S04371,5,1,1,92.24,43.6,26.0,3.0,1,0
S04372,2,0,0,73.3,48.02,32.0,6.0,1,0
S04373,2,1,1,74.82,30.06,37.0,0.0,1,0
S04374,7,1,1,,59.24,38.0,5.0,0,0
S04375,3,1,1,90.8,97.212555536375,38.0,4.0,0,0
S04376,5,0,1,66.27,28.84,21.0,3.0,0,0
S04377,3,1,1,50.95,29.44,18.0,2.0,0,0
S04378,3,0,0,48.08,37.63,17.0,2.0,1,0
S04379,2,0,1,81.96,40.38,17.0,,0,0
S04380,8,0,0,75.35,43.64,33.0,1.0,0,0
S04381,8,0,1,68.15,49.69,27.0,6.0,1,0
S04382,1,0,0,63.21,50.19,25.0,0.0,0,0
S04383,3,0,1,74.71,26.74,5.0,0.0,0,0
S04384,5,1,1,75.15,37.48,27.0,3.0,0,0
S04385,4,0,1,79.2,52.8,33.0,3.0,0,0
S04386,6,0,0,55.37,23.79,16.0,3.0,0,0
S04387,3,1,1,45.54,12.5,9.0,0.0,1,0
S04388,1,1,1,58.3,20.83,7.0,0.0,1,0
S04389,3,0,1,51.73,12.54,4.0,0.0,1,0
S04390,5,0,1,50.96,15.38,16.0,2.0,0,0
S04391,2,1,1,95.55,68.74,29.0,5.0,0,0
S04392,7,1,1,37.99,6.12,8.0,4.0,2,1
S04393,1,1,1,79.05,,37.0,,0,0
S04394,1,0,1,85.6,24.0,17.0,3.0,0,0
S04395,5,1,1,86.81,62.98,25.0,2.0,0,0
S04396,5,1,1,76.16,49.51,37.0,3.0,0,0
S04397,3,1,1,91.8,65.26,27.0,4.0,0,0
S04398,3,1,1,98.75,47.99,33.0,,0,0
S04399,1,1,0,67.47,60.41,19.0,5.0,0,0
S04400,6,1,1,78.71,34.75,30.0,4.0,0,0
S04401,4,1,1,91.14,48.52,13.0,8.0,0,0
S04402,1,1,0,59.07,6.99,16.0,9.0,0,0
S04403,4,0,1,68.33,33.72,22.0,1.0,0,0
S04404,8,0,1,62.61,29.85,11.0,2.0,1,0
S04405,3,1,1,78.91,45.57,28.0,1.0,0,0
S04406,8,1,0,43.53,21.55,18.0,4.0,3,1
S04407,3,0,0,93.55,58.48,34.0,0.0,0,0
S04408,2,0,1,80.01,46.75,40.0,5.0,0,0
S04409,3,1,1,80.85,57.8,22.0,2.0,0,0
S04410,3,1,0,36.55,26.38,14.0,11.0,1,1
S04411,1,0,0,56.4,95.29494088096928,58.0,5.0,1,0
S04412,5,0,1,94.36,56.26,29.0,2.0,0,0
S04413,3,0,1,69.34,42.66,31.0,2.0,1,0
S04414,6,1,1,46.14,2.75,15.0,3.0,1,1
S04415,4,1,1,75.32,52.33,,0.0,0,0
S04416,4,1,1,,38.71,32.0,5.0,0,0
S04417,4,0,1,79.97,43.6,21.0,0.0,0,0
S04418,2,1,1,69.74,41.23,19.0,4.0,0,0
S04419,6,0,1,89.03,49.28,27.0,3.0,0,0
S04420,1,1,0,61.47,44.91,25.0,2.0,0,0
S04421,6,0,0,80.1,57.74,34.0,2.0,0,0
S04422,8,0,0,74.03,42.5,22.0,2.0,0,0
S04423,7,1,0,70.0,28.44,20.0,2.0,1,0
S04424,4,0,0,66.32,29.53,4.0,1.0,0,0
S04425,3,1,1,66.85,45.98,15.0,8.0,0,0
S04426,7,1,1,72.48,35.18,15.0,3.0,0,0
S04427,3,0,0,67.61,23.9,23.0,3.0,1,1
S04428,4,0,1,,,26.0,0.0,0,0
S04429,7,1,1,63.96,26.94,12.0,1.0,1,1
S04430,8,1,0,95.52,63.0,32.0,3.0,0,0
S04431,8,0,1,63.29,29.31,19.0,2.0,0,0
S04432,1,0,0,85.8,42.93,7.0,2.0,0,0
S04433,8,1,1,86.45,49.93,36.0,1.0,0,0
S04434,1,0,1,74.49,39.07,31.0,5.0,0,0
S04435,5,1,0,73.15,44.65,21.0,6.0,0,0
S04436,8,1,1,61.07,26.99,,5.0,1,0
S04437,6,0,1,64.24,16.78,17.0,0.0,1,0
S04438,8,1,1,75.3,42.81,11.0,5.0,0,0
S04439,3,0,1,71.32,42.21,39.0,6.0,0,0
S04440,3,0,1,89.75,97.14300260550421,35.0,0.0,1,0
S04441,3,1,1,65.18,42.01,27.0,3.0,1,0
S04442,3,1,1,66.09,42.23,18.0,8.0,1,0
S04443,6,1,1,47.03,38.8,22.0,1.0,0,0
S04444,4,0,1,81.65,45.02,15.0,3.0,0,0
S04445,6,1,1,80.3,49.81,23.0,2.0,0,0
S04446,4,0,1,86.66,60.76,,4.0,0,0
S04447,3,0,1,87.5,41.09,23.0,3.0,0,0
S04448,2,0,1,83.83,44.34,34.0,0.0,1,0
S04449,5,0,0,84.47,54.24,,2.0,0,0
S04450,8,0,0,81.15,28.91,27.0,0.0,0,0
S04451,7,1,0,83.46,31.19,21.0,2.0,0,0
S04452,3,0,1,44.37,,16.0,4.0,0,0
S04453,4,1,1,55.5,49.27,32.0,2.0,2,0
S04454,6,1,1,53.05,40.56,17.0,6.0,1,0
S04455,5,0,1,91.05,61.66,34.0,2.0,0,0
S04456,1,0,0,60.26,36.55,24.0,1.0,0,0
S04457,5,0,1,62.66,25.53,10.0,1.0,0,0
S04458,1,0,0,72.1,37.05,21.0,4.0,2,0
S04459,1,1,1,,32.14,14.0,4.0,0,0
S04460,6,1,1,77.71,41.53,7.0,1.0,0,0
S04461,1,1,1,40.04,13.38,,2.0,0,1
S04462,3,0,0,54.34,33.37,9.0,1.0,0,0
S04463,5,0,1,74.98,55.28,29.0,0.0,2,0
S04464,6,0,1,53.38,34.5,10.0,4.0,1,0
S04465,4,1,1,91.49,44.71,46.0,5.0,1,0
S04466,1,0,0,72.69,46.48,20.0,3.0,0,0
S04467,7,0,1,88.98,56.81,44.0,0.0,0,0
S04468,8,1,0,77.37,58.05,,6.0,2,0
S04469,8,1,1,71.82,38.45,22.0,3.0,0,0
S04470,6,0,1,57.05,48.84,30.0,0.0,0,0
S04471,4,1,1,85.94,59.01,20.0,5.0,0,0
S04472,8,0,1,78.62,52.06,25.0,0.0,0,0
S04473,4,0,1,100.0,53.01,37.0,2.0,0,0
S04474,2,0,1,84.43,53.6,30.0,0.0,0,0
S04475,7,0,1,66.04,28.86,21.0,3.0,1,0
S04476,3,1,0,76.34,36.43,23.0,9.0,0,0
S04477,8,0,1,78.33,58.46,31.0,0.0,0,0
S04478,3,1,1,89.44,51.25,30.0,0.0,0,0
S04479,7,0,1,91.83,53.84,37.0,3.0,0,0
S04480,5,1,1,69.57,56.85,,8.0,1,0
S04481,4,1,0,53.77,46.04,,3.0,0,0
S04482,3,0,1,44.19,17.41,21.0,1.0,2,1
S04483,7,1,0,54.91,30.07,14.0,5.0,0,0
S04484,1,1,0,63.12,35.34,28.0,2.0,1,1
S04485,4,1,1,94.57,49.93,29.0,1.0,0,0
S04486,3,0,0,94.79,57.92,19.0,1.0,0,0
S04487,5,1,1,86.4,53.88,25.0,1.0,0,0
S04488,3,0,1,90.46,31.85,23.0,1.0,0,0
S04489,6,1,1,61.39,46.84,22.0,6.0,0,0
S04490,4,1,0,49.27,21.15,12.0,7.0,2,0
S04491,2,0,1,56.9,36.16,18.0,7.0,0,0
S04492,2,1,0,41.48,33.5,20.0,4.0,0,0
S04493,6,1,1,55.29,43.67,28.0,9.0,1,0
S04494,3,1,1,64.41,31.14,22.0,2.0,0,0
S04495,3,0,0,74.5,50.25,32.0,5.0,0,0
S04496,6,0,1,74.03,49.22,22.0,2.0,0,0
S04497,3,0,1,61.66,26.39,6.0,1.0,1,0
S04498,4,0,0,80.53,35.69,16.0,2.0,0,1
S04499,2,1,1,,23.27,17.0,4.0,1,0
S04500,3,0,0,72.15,61.44,29.0,2.0,0,0
S04501,6,1,0,55.35,17.7,15.0,2.0,0,0
S04502,5,1,1,88.33,45.1,,0.0,0,0
S04503,8,1,1,72.31,49.81,37.0,0.0,0,0
S04504,7,0,0,82.18,32.49,19.0,3.0,0,0
S04505,1,1,0,53.76,56.05,33.0,8.0,0,0
S04506,4,1,1,74.62,22.75,10.0,1.0,1,0
S04507,3,1,1,80.59,54.15,40.0,6.0,0,0
S04508,5,0,1,41.34,31.32,11.0,1.0,1,0
S04509,3,1,1,4.437895575749856,97.29175106269753,27.0,2.0,0,0
S04510,8,0,1,53.26,21.33,16.0,3.0,0,0
S04511,3,1,1,75.16,39.81,17.0,5.0,1,0
S04512,5,0,1,98.82,55.02,44.0,,0,0
S04513,1,0,1,86.32,49.78,,3.0,0,0
S04514,8,1,0,49.65,,10.0,1.0,0,1
S04515,8,0,1,69.33,33.85,10.0,0.0,0,0
S04516,7,1,1,90.5,54.55,23.0,5.0,1,0
S04517,3,1,1,59.75,21.2,12.0,1.0,1,0
S04518,1,0,1,66.6,33.72,14.0,4.0,0,0
S04519,6,0,0,66.18,33.71,19.0,0.0,2,1
S04520,4,0,1,80.55,31.68,17.0,0.0,1,0
S04521,8,1,1,48.95,41.22,27.0,3.0,1,1
S04522,6,1,0,81.39,28.51,25.0,1.0,0,0
S04523,5,0,1,62.66,22.51,22.0,0.0,0,1
S04524,8,0,1,71.83,50.07,29.0,,1,0
S04525,7,0,0,68.63,99.72666793417201,,1.0,0,0
S04526,4,1,1,81.0,66.04,33.0,0.0,0,0
S04527,1,0,1,71.68,24.01,20.0,3.0,1,0
S04528,1,0,1,93.61,63.64,22.0,1.0,0,0
S04529,4,1,1,86.84,58.86,30.0,0.0,0,0
S04530,5,0,1,60.07,21.57,27.0,4.0,0,0
S04531,1,0,1,92.48,52.85,31.0,4.0,0,0
S04532,2,1,0,76.79,29.05,25.0,4.0,0,0
S04533,6,1,1,74.55,34.07,25.0,3.0,2,0
S04534,7,0,1,84.72,35.19,12.0,2.0,1,0
S04535,1,1,0,56.38,,18.0,3.0,0,1
S04536,5,0,0,51.31,23.85,21.0,3.0,1,0
S04537,1,1,0,72.37,37.5,22.0,6.0,0,0
S04538,6,0,1,62.91,36.78,28.0,5.0,1,0
S04539,7,1,1,100.0,46.8,42.0,5.0,1,0
S04540,7,0,1,60.54,26.29,14.0,0.0,0,0
S04541,5,1,1,72.6,43.81,26.0,3.0,0,0
S04542,6,1,1,,49.16,24.0,5.0,0,0
S04543,8,0,1,90.47,67.72,13.0,4.0,0,0
S04544,5,0,1,57.08,97.88871035840275,16.0,3.0,1,0
S04545,4,1,1,47.82,12.34,5.0,5.0,1,0
S04546,7,0,0,92.92,47.26,31.0,3.0,0,0
S04547,5,1,1,73.21,46.96,28.0,0.0,0,0
S04548,7,1,1,84.15,58.83,25.0,2.0,0,0
S04549,5,0,1,84.85,61.35,20.0,0.0,0,0
S04550,7,0,1,87.45,32.67,30.0,2.0,1,0
S04551,1,1,1,66.33,56.42,40.0,3.0,0,0
S04552,1,0,1,,13.0,2.0,2.0,1,0
S04553,1,1,1,42.06,20.99,14.0,7.0,1,1
S04554,5,0,1,57.08,97.85740500211305,13.0,0.0,2,0
S04555,6,0,1,72.93,,19.0,0.0,2,0
S04556,2,0,1,61.48,28.79,18.0,4.0,0,0
S04557,2,0,1,54.89,48.16,14.0,1.0,0,0
S04558,7,1,0,72.76,59.23,28.0,3.0,1,0
S04559,7,0,0,92.14,55.44,,5.0,0,0
S04560,6,1,1,71.16,12.44,5.0,1.0,0,0
S04561,4,1,1,55.01,19.05,,0.0,0,1
S04562,4,0,0,91.09,56.72,38.0,1.0,0,0
S04563,1,0,1,60.39,35.31,13.0,2.0,0,0
S04564,2,1,1,94.19,55.77,31.0,0.0,0,0
S04565,8,1,1,68.05,96.53610241935368,55.0,5.0,1,0
S04566,3,1,1,73.55,44.32,31.0,1.0,0,0
S04567,6,0,0,95.41,69.48,42.0,5.0,0,0
S04568,6,1,1,51.73,28.06,18.0,5.0,1,1
S04569,3,0,0,56.25,24.86,23.0,0.0,0,0
S04570,2,1,0,67.1,43.67,32.0,6.0,0,0
S04571,6,0,0,69.9,42.22,19.0,0.0,0,0
S04572,1,1,1,100.0,54.39,36.0,2.0,0,0
S04573,4,0,0,58.68,26.53,0.0,0.0,0,0
S04574,8,1,1,52.44,20.65,3.0,3.0,1,0
S04575,6,0,0,57.96,19.23,21.0,5.0,1,1
S04576,7,1,1,75.48,41.4,29.0,6.0,0,0
S04577,1,0,1,79.38,,22.0,2.0,1,0
S04578,2,1,1,61.39,27.64,14.0,6.0,0,0
S04579,3,0,1,72.32,,20.0,1.0,0,0
S04580,3,0,1,100.0,38.29,34.0,7.0,0,0
S04581,2,1,1,72.53,35.24,4.0,8.0,1,0
S04582,8,0,1,,50.66,28.0,0.0,0,0
S04583,2,0,1,100.0,98.99079191148296,56.0,2.0,0,0
S04584,6,1,1,61.53,34.6,21.0,4.0,0,0
S04585,5,1,1,60.55,10.57,17.0,3.0,1,0
S04586,5,1,1,64.95,31.01,9.0,0.0,0,0
S04587,2,0,1,64.08,26.69,11.0,3.0,0,0
S04588,3,0,1,44.68,33.92,25.0,3.0,1,0
S04589,5,1,1,74.07,44.4,18.0,3.0,0,0
S04590,3,0,1,75.25,43.07,30.0,1.0,0,0
S04591,6,1,1,69.21,22.59,13.0,4.0,0,0
S04592,1,0,0,75.71,28.68,24.0,9.0,0,0
S04593,1,1,1,75.87,28.98,20.0,5.0,0,0
S04594,6,1,1,52.26,30.43,13.0,3.0,0,0
S04595,5,0,1,76.33,43.83,21.0,2.0,1,0
S04596,1,0,0,80.38,28.13,37.0,2.0,0,0
S04597,8,0,1,48.04,51.89,29.0,2.0,3,0
S04598,1,0,1,93.95,56.54,32.0,0.0,0,0
S04599,8,1,1,53.46,22.41,12.0,7.0,0,0
S04600,6,0,1,54.93,17.42,6.0,3.0,0,0
S04601,8,0,1,75.03,31.58,,1.0,0,0
S04602,8,0,0,80.02,62.39,37.0,3.0,0,0
S04603,3,1,0,83.67,48.97,15.0,5.0,0,0
S04604,7,0,1,80.41,42.1,22.0,0.0,0,0
S04605,2,0,1,64.2,46.25,21.0,11.0,1,0
S04606,4,1,1,73.63,38.22,2.0,3.0,1,0
S04607,2,0,0,67.25,30.41,11.0,3.0,1,1
S04608,4,0,0,74.61,47.29,13.0,4.0,0,0
S04609,7,1,1,73.03,50.5,17.0,3.0,0,0
S04610,4,0,1,64.43,48.47,22.0,1.0,0,0
S04611,1,1,1,66.79,46.77,29.0,4.0,0,0
S04612,3,1,0,44.22,26.37,7.0,1.0,2,1
S04613,7,1,1,84.45,36.58,23.0,3.0,0,0
S04614,5,0,1,76.46,22.67,23.0,3.0,1,0
S04615,5,0,1,37.4,19.61,4.0,4.0,0,0
S04616,4,0,1,83.9,46.21,30.0,0.0,0,0
S04617,3,0,0,71.2,37.58,26.0,1.0,0,0
S04618,5,0,1,57.95,9.24,0.0,0.0,1,1
S04619,6,1,1,56.62,41.06,22.0,6.0,1,0
S04620,8,1,1,,32.82,20.0,5.0,2,0
S04621,5,0,1,58.03,22.36,19.0,0.0,0,0
S04622,8,1,1,60.04,31.18,28.0,1.0,1,0
S04623,7,1,0,97.51,98.75469638724165,17.0,2.0,0,0
S04624,1,1,1,77.57,34.82,14.0,5.0,0,0
S04625,4,1,1,100.0,55.85,32.0,0.0,0,0
S04626,4,1,1,75.39,37.43,5.0,6.0,1,0
S04627,1,0,1,80.69,25.97,24.0,3.0,0,0
S04628,2,0,0,58.79,36.87,24.0,6.0,0,0
S04629,7,1,1,,24.77,25.0,5.0,0,0
S04630,3,1,0,70.77,35.52,23.0,6.0,0,0
S04631,2,1,1,81.3,48.66,24.0,3.0,0,0
S04632,3,1,0,71.26,35.67,19.0,0.0,0,0
S04633,3,0,1,77.27,20.27,20.0,1.0,0,0
S04634,2,0,1,76.73,38.92,26.0,0.0,0,0
S04635,1,1,1,67.46,46.58,8.0,3.0,1,0
S04636,7,0,0,65.91,52.63,32.0,,1,0
S04637,7,1,1,61.97,55.69,13.0,6.0,1,0
S04638,4,1,0,88.23,52.44,33.0,6.0,0,0
S04639,5,1,1,67.46,30.21,21.0,5.0,0,0
S04640,8,0,1,76.93,34.21,15.0,3.0,0,0
S04641,7,1,1,69.65,45.44,32.0,4.0,0,0
S04642,1,0,1,87.94,50.63,,2.0,0,0
S04643,8,1,1,42.18,23.88,0.0,6.0,2,1
S04644,1,0,1,,47.51,23.0,0.0,0,0
S04645,1,1,1,53.18,15.35,,4.0,2,0
S04646,4,0,1,77.86,43.81,8.0,3.0,1,0
S04647,6,0,0,69.8,32.05,5.0,2.0,1,0
S04648,1,0,1,49.82,39.73,8.0,3.0,2,1
S04649,3,0,1,77.06,47.94,14.0,5.0,0,0
S04650,3,0,1,75.36,48.76,15.0,6.0,0,0
S04651,4,1,1,68.53,32.13,11.0,2.0,0,0
S04652,8,1,1,70.43,25.55,21.0,3.0,3,0
S04653,3,0,1,74.42,50.93,16.0,1.0,0,0
S04654,2,1,0,89.67,62.39,38.0,3.0,1,0
S04655,1,1,1,67.29,54.89,22.0,8.0,0,0
S04656,2,1,1,87.2,47.14,34.0,5.0,1,0
S04657,2,0,1,71.44,99.75710303112285,9.0,1.0,0,0
S04658,5,0,1,91.44,49.17,24.0,3.0,0,0
S04659,4,1,1,,32.03,22.0,3.0,0,0
S04660,4,0,1,62.01,19.4,22.0,4.0,1,0
S04661,7,0,1,55.53,24.47,11.0,2.0,0,0
S04662,5,1,0,71.49,29.75,18.0,4.0,0,0
S04663,2,0,1,60.1,44.18,15.0,6.0,1,0
S04664,4,1,1,93.07,54.87,28.0,2.0,0,0
S04665,3,0,1,58.93,36.23,35.0,2.0,1,1
S04666,7,1,1,61.65,47.19,21.0,0.0,0,0
S04667,3,1,0,80.72,54.37,26.0,4.0,0,0
S04668,2,1,1,89.79,47.18,19.0,3.0,0,0
S04669,6,1,1,82.97,41.31,16.0,3.0,1,0
S04670,4,1,1,87.88,38.82,26.0,4.0,0,0
S04671,1,0,1,70.8,46.17,31.0,2.0,0,0
S04672,6,1,1,71.01,37.11,20.0,4.0,1,0
S04673,2,1,0,100.0,67.64,31.0,6.0,0,0
S04674,7,0,1,97.35,96.87334460173555,26.0,1.0,0,0
S04675,7,0,1,82.71,36.21,12.0,5.0,0,0
S04676,3,0,1,88.6,64.75,32.0,3.0,1,0
S04677,5,1,1,84.88,41.07,25.0,0.0,0,0
S04678,5,1,1,53.91,27.12,19.0,6.0,0,0
S04679,6,0,1,71.41,41.53,23.0,2.0,1,0
S04680,1,0,1,94.45,56.04,23.0,0.0,0,0
S04681,3,1,1,82.81,51.74,28.0,5.0,1,0
S04682,2,0,0,71.05,53.13,12.0,4.0,0,0
S04683,6,1,1,94.63,60.21,32.0,0.0,0,0
S04684,1,0,1,77.54,25.5,24.0,3.0,0,0
S04685,5,0,1,83.33,55.47,39.0,1.0,0,0
S04686,6,0,1,77.62,41.44,18.0,1.0,1,0
S04687,8,1,1,80.12,31.24,15.0,0.0,2,0
S04688,3,1,1,,42.11,22.0,4.0,0,0
S04689,1,0,1,91.5,40.97,34.0,0.0,0,0
S04690,6,0,1,93.45,44.6,8.0,2.0,0,0
S04691,1,0,1,65.23,38.85,27.0,4.0,0,0
S04692,1,0,0,77.33,33.08,23.0,0.0,0,0
S04693,8,1,1,91.07,41.96,20.0,3.0,0,0
S04694,7,0,1,70.03,49.9,19.0,1.0,1,0
S04695,6,0,1,52.37,26.85,9.0,5.0,0,0
S04696,7,0,1,58.37,24.65,8.0,1.0,0,0
S04697,1,0,1,59.41,97.12855595583552,2.0,0.0,0,0
S04698,1,0,1,65.13,45.38,26.0,2.0,0,0
S04699,3,0,1,60.81,39.85,14.0,1.0,1,1
S04700,1,0,1,87.44,55.09,25.0,5.0,1,0
S04701,8,0,1,67.85,47.87,28.0,3.0,0,0
S04702,1,0,1,90.92,62.15,30.0,1.0,0,0
S04703,5,1,1,55.05,20.97,4.0,6.0,1,0
S04704,7,0,1,66.7,32.72,26.0,3.0,0,0
S04705,6,0,1,73.56,50.79,35.0,2.0,1,0
S04706,2,0,1,,50.61,31.0,0.0,0,0
S04707,4,1,1,89.15,44.51,22.0,4.0,1,0
S04708,5,1,0,63.93,30.42,8.0,6.0,0,0
S04709,7,1,1,86.9,65.51,21.0,5.0,0,0
S04710,4,1,0,46.77,29.49,,5.0,0,1
S04711,3,1,1,85.07,61.28,39.0,7.0,0,0
S04712,7,0,1,51.88,11.16,9.0,0.0,1,1
S04713,8,1,1,78.7,53.61,20.0,4.0,0,0
S04714,4,1,1,88.94,54.93,37.0,5.0,0,0
S04715,1,0,1,85.31,47.88,24.0,3.0,1,0
S04716,5,0,1,47.41,30.33,27.0,0.0,2,1
S04717,8,0,0,65.29,23.89,19.0,2.0,0,0
S04718,8,0,0,82.75,35.78,36.0,2.0,0,0
S04719,4,1,0,82.32,39.65,29.0,3.0,0,0
S04720,2,0,1,76.14,80.74,30.0,1.0,0,0
S04721,5,1,1,,35.52,9.0,1.0,1,0
S04722,7,1,0,89.97,51.64,,4.0,0,0
S04723,8,0,1,92.64,57.63,33.0,4.0,0,0
S04724,1,0,1,74.46,59.96,30.0,2.0,0,0
S04725,3,1,1,75.43,46.52,28.0,5.0,0,0
S04726,4,1,1,79.55,18.42,11.0,8.0,0,0
S04727,1,0,1,93.91,66.43,32.0,1.0,0,0
S04728,8,0,1,75.76,40.49,19.0,5.0,1,0
S04729,1,1,1,69.13,,17.0,3.0,0,0
S04730,6,1,1,77.72,44.89,,0.0,1,0
S04731,8,0,1,,44.67,36.0,5.0,0,0
S04732,6,0,1,72.0,47.4,21.0,0.0,1,0
S04733,7,1,1,45.51,,29.0,7.0,1,0
S04734,3,0,0,,42.32,16.0,3.0,0,0
S04735,7,0,1,89.57,46.94,39.0,1.0,1,0
S04736,4,1,1,87.31,73.79,31.0,3.0,0,0
S04737,1,0,1,86.26,62.32,29.0,0.0,0,0
S04738,3,0,0,71.2,,33.0,4.0,0,0
S04739,3,1,1,74.19,54.81,18.0,1.0,0,0
S04740,5,1,1,89.87,57.1,39.0,6.0,0,0
S04741,3,0,1,85.01,56.9,25.0,2.0,0,0
S04742,4,0,0,94.3,96.55209167061176,25.0,0.0,0,0
S04743,4,1,1,61.91,,8.0,4.0,3,0
S04744,3,1,1,61.82,39.7,,0.0,0,0
S04745,6,1,1,67.01,41.87,30.0,2.0,0,0
S04746,3,1,1,57.85,32.31,14.0,2.0,1,0
S04747,7,1,1,52.18,18.1,20.0,5.0,0,0
S04748,3,1,1,79.03,51.29,26.0,0.0,0,0
S04749,7,1,1,78.01,54.32,22.0,5.0,0,0
S04750,3,0,1,75.69,40.42,31.0,4.0,0,0
S04751,1,1,1,,35.62,19.0,6.0,1,0
S04752,2,1,1,50.04,13.51,0.0,9.0,1,0
S04753,7,0,1,64.8,33.61,22.0,2.0,1,0
S04754,7,0,0,67.6,96.71504939494248,21.0,7.0,0,0
S04755,2,1,1,72.73,33.85,18.0,3.0,1,0
S04756,5,0,1,50.1,34.02,7.0,0.0,1,0
S04757,5,1,1,58.08,15.22,5.0,5.0,0,0
S04758,2,0,1,65.45,32.87,17.0,3.0,0,0
S04759,4,0,1,87.87,53.2,21.0,1.0,0,0
S04760,6,0,1,75.93,50.35,32.0,2.0,1,0
S04761,8,1,1,87.32,57.0,32.0,5.0,0,0
S04762,7,0,1,70.16,42.62,18.0,0.0,0,0
S04763,1,1,1,72.01,44.48,27.0,4.0,1,0
S04764,2,0,0,79.49,32.65,24.0,4.0,1,0
S04765,4,0,1,69.34,38.27,19.0,0.0,0,0
S04766,2,0,0,62.63,28.45,19.0,3.0,0,0
S04767,5,0,1,49.65,99.73955865151966,29.0,4.0,1,0
S04768,1,1,1,63.03,30.89,24.0,4.0,0,0
S04769,1,1,1,84.54,56.57,25.0,4.0,0,0
S04770,1,0,1,90.91,55.61,36.0,2.0,0,0
S04771,3,0,1,60.4,41.73,25.0,1.0,0,0
S04772,7,1,1,45.99,32.59,15.0,1.0,0,0
S04773,2,1,1,85.9,60.83,25.0,4.0,0,0
S04774,8,0,1,73.04,48.43,20.0,1.0,1,0
S04775,3,1,1,51.79,20.94,7.0,7.0,1,0
S04776,1,0,1,25.34,21.18,7.0,0.0,0,0
S04777,3,0,1,57.55,34.04,12.0,1.0,1,0
S04778,6,1,1,65.06,43.83,16.0,4.0,1,0
S04779,1,1,1,54.73,34.33,21.0,3.0,1,0
S04780,1,1,1,82.38,68.94,40.0,6.0,0,0
S04781,7,0,0,59.81,37.3,21.0,2.0,0,0
S04782,5,0,1,72.19,25.39,22.0,4.0,0,0
S04783,3,1,1,100.0,58.03,32.0,5.0,0,0
S04784,7,0,1,73.76,38.22,32.0,5.0,0,0
S04785,7,0,1,70.27,37.62,25.0,2.0,0,0
S04786,3,1,1,70.61,39.84,23.0,5.0,0,0
S04787,5,0,1,82.04,52.85,28.0,2.0,2,0
S04788,1,0,0,80.18,36.31,14.0,5.0,0,0
S04789,3,0,1,56.95,48.89,,3.0,0,0
S04790,5,1,1,65.83,34.67,13.0,3.0,2,0
S04791,2,0,1,61.99,,22.0,0.0,0,0
S04792,8,0,1,67.76,45.6,15.0,4.0,0,1
S04793,8,0,0,99.4,62.19,37.0,6.0,0,0
S04794,3,0,1,81.26,31.75,25.0,1.0,0,0
S04795,4,0,0,70.8,24.78,13.0,3.0,1,0
S04796,2,1,1,90.67,68.05,27.0,7.0,0,0
S04797,5,0,1,74.83,51.43,41.0,3.0,0,0
S04798,1,0,1,47.43,19.48,0.0,3.0,0,0
S04799,4,0,1,96.96,68.92,33.0,0.0,0,0
S04800,5,0,1,69.65,35.26,13.0,2.0,0,0
S04801,5,0,1,38.16,23.23,21.0,4.0,1,0
S04802,5,1,1,48.01,30.34,20.0,3.0,1,1
S04803,2,1,1,88.92,48.08,30.0,0.0,1,0
S04804,7,1,1,48.25,29.88,21.0,1.0,0,0
S04805,6,0,1,92.24,54.93,32.0,2.0,0,0
S04806,7,1,1,73.22,46.03,23.0,1.0,0,0
S04807,4,1,1,82.71,42.32,21.0,,0,0
S04808,8,0,1,68.15,36.74,18.0,2.0,0,1
S04809,4,0,1,79.85,44.27,22.0,4.0,1,0
S04810,7,1,1,76.75,67.46,24.0,5.0,0,0
S04811,2,0,1,71.42,37.48,7.0,1.0,1,1
S04812,2,0,0,56.02,9.86,25.0,6.0,0,1
S04813,5,1,1,77.38,50.13,40.0,4.0,0,0
S04814,5,0,1,44.74,10.33,9.0,0.0,1,1
S04815,6,1,1,85.97,50.21,37.0,1.0,1,0
S04816,3,0,1,74.95,38.7,22.0,6.0,0,0
S04817,7,0,1,78.96,26.25,20.0,0.0,0,0
S04818,3,0,1,32.75,34.29,5.0,1.0,2,1
S04819,5,0,1,55.11,32.43,17.0,1.0,0,0
S04820,8,1,0,,43.51,14.0,4.0,0,0
S04821,5,1,0,82.11,41.97,31.0,3.0,2,0
S04822,6,1,1,57.86,29.66,13.0,3.0,1,0
S04823,8,0,1,100.0,59.57,24.0,3.0,0,0
S04824,8,0,0,68.05,25.86,21.0,5.0,0,0
S04825,4,0,1,56.76,54.51,11.0,0.0,0,0
S04826,4,0,1,,49.78,19.0,1.0,1,0
S04827,2,1,0,57.74,34.06,17.0,7.0,0,0
S04828,5,0,1,54.23,97.82691214420674,5.0,4.0,2,0
S04829,8,0,1,87.16,57.35,,6.0,0,0
S04830,4,0,0,79.7,26.6,32.0,8.0,0,0
S04831,3,1,1,79.74,45.99,20.0,7.0,1,0
S04832,1,0,0,91.15,66.17,29.0,3.0,0,0
S04833,4,1,1,79.3,32.62,30.0,2.0,0,1
S04834,2,1,1,55.99,25.97,18.0,5.0,2,0
S04835,8,1,0,82.63,44.94,41.0,10.0,0,0
S04836,5,0,1,55.1,40.82,14.0,2.0,0,0
S04837,2,0,0,64.83,45.91,29.0,4.0,0,1
S04838,1,0,1,71.31,28.44,11.0,4.0,0,0
S04839,7,1,1,69.79,33.98,12.0,3.0,0,0
S04840,8,1,1,45.13,32.98,26.0,6.0,1,0
S04841,7,1,1,57.49,18.56,14.0,0.0,0,0
S04842,1,0,0,71.66,24.67,,5.0,0,0
S04843,1,0,0,62.84,30.03,19.0,5.0,1,1
S04844,2,1,1,88.89,46.43,39.0,1.0,0,0
S04845,7,0,0,91.46,47.08,23.0,0.0,0,0
S04846,7,1,1,55.19,22.25,16.0,1.0,2,0
S04847,7,1,0,72.9,34.92,8.0,6.0,0,0
S04848,1,0,1,95.74,51.3,27.0,1.0,0,0
S04849,2,0,1,69.99,49.48,30.0,7.0,0,0
S04850,8,0,1,65.9,,14.0,3.0,0,0
S04851,8,0,1,84.9,23.56,17.0,0.0,0,0
S04852,6,1,0,67.89,30.37,15.0,8.0,0,0
S04853,1,0,1,91.06,99.30184846270363,59.0,2.0,0,0
S04854,1,0,0,63.08,50.25,25.0,4.0,0,0
S04855,1,0,1,64.88,49.46,23.0,0.0,1,0
S04856,6,0,1,83.85,62.22,31.0,3.0,1,0
S04857,7,1,1,73.51,42.3,23.0,1.0,0,0
S04858,6,1,1,73.63,49.9,18.0,4.0,0,0
S04859,3,0,0,43.36,39.33,6.0,6.0,1,1
S04860,7,0,1,,47.31,24.0,4.0,0,0
S04861,1,0,1,84.96,57.4,,2.0,0,0
S04862,7,0,1,60.24,35.41,11.0,0.0,0,0
S04863,8,0,0,82.51,23.16,18.0,0.0,0,0
S04864,6,1,0,76.02,33.61,15.0,,0,0
S04865,8,0,0,69.0,15.77,28.0,1.0,0,0
S04866,5,0,1,92.37,50.88,29.0,1.0,1,0
S04867,4,0,0,66.9,30.78,25.0,0.0,1,0
S04868,3,1,1,67.95,19.77,17.0,4.0,0,0
S04869,8,0,0,68.83,45.18,,,1,0
S04870,6,1,1,73.21,32.85,21.0,7.0,1,0
S04871,2,0,1,83.5,,14.0,3.0,1,0
S04872,8,1,1,49.91,35.15,22.0,4.0,0,1
S04873,1,1,0,85.02,32.71,27.0,7.0,0,0
S04874,5,0,1,73.02,46.49,20.0,3.0,0,0
S04875,2,0,1,80.31,46.71,28.0,0.0,0,0
S04876,6,0,1,100.0,55.64,,1.0,0,0
S04877,4,1,0,64.33,29.53,23.0,4.0,0,0
S04878,4,1,1,53.63,37.71,11.0,5.0,0,0
S04879,6,0,1,74.91,41.21,22.0,2.0,0,1
S04880,7,0,1,77.28,49.24,33.0,1.0,0,0
S04881,4,0,1,85.07,46.09,32.0,4.0,0,1
S04882,8,0,1,,20.13,18.0,1.0,0,0
S04883,4,1,1,59.55,33.12,17.0,4.0,2,1
S04884,2,0,1,49.01,25.73,0.0,0.0,0,1
S04885,1,0,1,51.49,22.84,8.0,4.0,0,1
S04886,2,1,1,65.76,27.86,22.0,2.0,0,0
S04887,6,1,1,70.25,31.99,16.0,1.0,0,0
S04888,5,1,1,100.0,56.53,22.0,2.0,0,0
S04889,3,0,1,46.61,35.41,17.0,1.0,0,1
S04890,4,1,1,77.03,57.78,35.0,3.0,1,0
S04891,7,1,1,61.11,40.89,13.0,7.0,1,0
S04892,5,0,1,75.34,35.11,31.0,0.0,0,0
S04893,1,0,0,63.7,42.25,25.0,0.0,0,0
S04894,1,1,1,87.53,99.58311244424851,20.0,5.0,0,0
S04895,4,0,1,87.44,42.61,22.0,0.0,1,0
S04896,4,1,0,70.3,28.2,36.0,4.0,0,0
S04897,7,1,1,93.59,43.88,21.0,7.0,0,0
S04898,5,1,1,83.4,61.99,22.0,6.0,1,0
S04899,7,1,1,92.89,63.59,46.0,3.0,0,0
S04900,5,1,1,71.35,35.62,18.0,4.0,0,0
S04901,3,0,1,86.28,44.77,38.0,7.0,0,0
S04902,6,0,1,60.48,35.68,10.0,2.0,0,0
S04903,5,1,0,58.96,49.52,19.0,5.0,0,0
S04904,6,0,1,100.0,66.53,41.0,3.0,0,0
S04905,2,1,1,55.71,16.86,13.0,5.0,0,0
S04906,6,1,0,65.46,27.1,21.0,3.0,1,0
S04907,3,0,1,43.53,14.9,,2.0,0,0
S04908,7,1,1,59.31,50.38,11.0,2.0,0,0
S04909,7,0,0,57.09,43.01,35.0,7.0,1,0
S04910,5,1,1,61.95,45.51,27.0,2.0,0,0
S04911,8,0,1,76.5,44.83,21.0,2.0,0,0
S04912,5,1,1,80.12,47.89,,4.0,0,0
S04913,1,1,1,56.9,31.37,32.0,0.0,0,0
S04914,5,0,0,60.16,21.61,15.0,5.0,0,0
S04915,7,0,1,88.25,35.72,24.0,2.0,0,0
S04916,1,0,0,97.58,59.37,41.0,7.0,0,0
S04917,1,1,1,90.84,40.5,18.0,2.0,0,0
S04918,3,0,0,2.1006838536720944,99.40613231810427,13.0,5.0,0,1
S04919,7,0,1,89.84,51.98,30.0,3.0,0,0
S04920,5,1,0,99.81,36.95,27.0,9.0,0,0
S04921,8,0,1,46.56,6.88,1.0,1.0,1,1
S04922,7,0,0,88.24,60.95,29.0,2.0,0,0
S04923,5,1,0,75.38,58.22,29.0,3.0,1,0
S04924,6,0,1,67.09,49.85,15.0,2.0,0,0
S04925,3,0,1,,95.91519689234302,14.0,0.0,0,0
S04926,1,1,1,78.65,48.18,35.0,3.0,0,0
S04927,4,1,1,89.36,63.32,33.0,3.0,1,0
S04928,5,0,1,88.59,32.18,,1.0,0,0
S04929,2,1,1,49.4,28.63,22.0,7.0,1,1
S04930,2,0,0,62.27,39.66,21.0,0.0,0,0
S04931,1,0,0,73.4,45.13,37.0,5.0,0,0
S04932,6,1,1,95.58,67.2,36.0,2.0,0,0
S04933,8,0,1,31.09,13.44,0.0,1.0,1,1
S04934,7,0,1,62.84,19.94,14.0,3.0,1,0
S04935,4,1,1,49.08,20.15,9.0,4.0,0,0
S04936,5,0,0,51.46,20.6,18.0,3.0,1,0
S04937,8,0,1,86.79,57.71,25.0,4.0,0,0
S04938,5,0,1,64.02,39.17,11.0,1.0,1,0
S04939,3,1,1,36.99,29.85,15.0,5.0,1,0
S04940,3,1,1,,50.35,30.0,2.0,0,0
S04941,6,1,0,100.0,65.04,32.0,8.0,0,0
S04942,4,0,1,44.9,48.2,14.0,2.0,0,0
S04943,7,1,1,79.99,38.5,18.0,3.0,0,0
S04944,7,1,1,95.52,51.88,27.0,4.0,1,0
S04945,1,0,1,71.26,37.65,18.0,1.0,1,0
S04946,6,0,1,100.0,61.32,,3.0,0,0
S04947,3,1,1,62.1,,21.0,5.0,0,0
S04948,5,0,1,,67.03,28.0,0.0,0,0
S04949,3,1,1,90.15,64.46,26.0,4.0,0,0
S04950,3,0,0,71.51,34.61,7.0,4.0,0,0
S04951,3,0,0,49.69,42.34,27.0,4.0,0,0
S04952,1,1,1,56.97,7.98,0.0,3.0,0,0
S04953,7,1,1,,27.37,13.0,4.0,1,1
S04954,2,0,0,80.91,64.6,26.0,4.0,0,0
S04955,4,1,1,79.11,12.23,23.0,3.0,0,0
S04956,2,0,0,73.19,49.28,23.0,4.0,0,0
S04957,2,1,1,70.16,45.99,16.0,0.0,0,0
S04958,3,0,1,92.36,53.62,35.0,0.0,0,0
S04959,8,0,1,76.47,45.42,14.0,1.0,1,0
S04960,8,0,0,63.68,33.02,22.0,3.0,0,0
S04961,4,0,1,74.21,57.02,18.0,5.0,1,0
S04962,5,0,1,100.0,65.1,29.0,0.0,0,0
S04963,8,0,0,81.33,48.32,23.0,2.0,0,0
S04964,2,1,0,66.15,23.29,19.0,5.0,0,0
S04965,8,0,1,71.33,35.17,26.0,2.0,0,0
S04966,1,0,1,,22.53,25.0,0.0,0,0
S04967,2,0,1,65.68,40.54,28.0,4.0,1,0
S04968,3,1,1,64.36,43.58,28.0,8.0,0,0
S04969,1,0,1,,39.05,25.0,0.0,0,0
S04970,7,0,1,94.79,53.47,36.0,1.0,0,0
S04971,7,1,0,83.86,51.62,43.0,2.0,0,0
S04972,4,0,0,65.86,22.78,9.0,5.0,0,0
S04973,7,1,0,85.04,49.81,36.0,3.0,1,0
S04974,7,0,1,72.13,49.53,35.0,3.0,0,0
S04975,7,1,1,77.17,28.36,28.0,1.0,0,0
S04976,7,0,1,75.8,65.53,39.0,2.0,0,0
S04977,5,1,1,40.35,25.22,25.0,0.0,1,0
S04978,1,1,1,26.29,5.78,3.0,4.0,2,1
S04979,8,0,1,75.4,,22.0,6.0,0,0
S04980,5,0,1,59.21,46.64,22.0,5.0,1,1
S04981,8,0,1,47.41,41.82,9.0,6.0,0,0
S04982,8,0,1,59.67,58.16,40.0,0.0,2,0
S04983,2,1,1,85.87,38.59,34.0,2.0,0,0
S04984,4,1,1,77.37,48.0,25.0,2.0,0,1
S04985,2,1,1,83.58,50.94,15.0,4.0,0,0
S04986,1,1,1,78.8,53.89,27.0,5.0,1,0
S04987,8,1,1,58.22,12.9,8.0,7.0,1,1
S04988,8,1,1,83.65,42.88,33.0,4.0,0,0
S04989,8,0,1,80.79,29.01,6.0,5.0,0,0
S04990,8,0,1,70.24,52.97,33.0,2.0,1,0
S04991,6,0,1,72.88,34.37,19.0,2.0,0,0
S04992,5,0,1,83.89,46.34,13.0,8.0,1,0
S04993,8,0,1,60.76,32.08,18.0,1.0,2,1
S04994,5,0,1,88.32,57.84,28.0,1.0,0,0
S04995,6,0,0,80.48,47.89,25.0,1.0,0,0
S04996,2,0,0,72.03,49.72,33.0,2.0,0,0
S04997,6,0,1,94.97,37.13,34.0,4.0,0,0
S04998,7,0,0,52.59,24.12,22.0,0.0,1,1
S04999,6,0,1,65.1,43.03,18.0,1.0,1,0
S05000,4,0,1,61.77,33.72,22.0,2.0,1,0
S05001,2,1,1,77.37,28.25,14.0,0.0,0,0
S05002,1,1,0,89.74,37.78,31.0,3.0,0,0
S05003,6,0,1,57.25,99.02305319070626,11.0,1.0,0,0
S05004,6,0,1,100.0,66.72,43.0,1.0,0,0
S05005,7,0,1,62.06,55.09,19.0,6.0,1,0
S05006,8,0,1,77.41,29.46,30.0,4.0,0,0
S05007,4,0,1,72.04,46.1,25.0,0.0,0,0
S05008,7,1,1,72.69,97.76369170921518,37.0,6.0,1,0
S05009,6,0,0,60.11,26.28,6.0,5.0,1,1
S05010,3,0,1,,51.61,27.0,1.0,0,0
S05011,7,1,1,59.19,14.08,10.0,5.0,0,0
S05012,1,0,0,45.47,19.66,0.0,4.0,0,0
S05013,5,0,1,55.17,96.01673293897777,8.0,1.0,0,0
S05014,8,0,1,,60.99,40.0,4.0,0,0
S05015,6,1,1,90.76,52.8,29.0,6.0,0,0
S05016,8,0,1,41.89,23.92,10.0,5.0,2,1
S05017,1,1,1,84.21,49.26,33.0,0.0,0,0
S05018,5,1,1,42.27,32.13,13.0,1.0,1,0
S05019,7,0,1,71.59,54.76,27.0,0.0,0,0
S05020,6,1,1,53.88,28.55,18.0,2.0,2,1
S05021,8,0,0,85.36,,32.0,1.0,0,1
S05022,4,0,0,80.32,53.64,,2.0,0,0
S05023,6,0,1,86.69,52.29,36.0,0.0,0,0
S05024,4,1,1,67.57,31.04,11.0,3.0,1,0
S05025,7,0,0,69.13,48.44,21.0,4.0,1,1
S05026,1,0,1,49.51,30.06,23.0,4.0,2,1
S05027,3,1,1,56.54,42.6,16.0,4.0,0,0
S05028,1,0,1,86.23,60.14,24.0,3.0,0,0
S05029,6,1,1,77.51,64.44,43.0,,0,0
S05030,2,1,1,73.57,51.67,34.0,5.0,1,0
S05031,3,1,1,90.93,52.36,,7.0,0,0
S05032,7,1,1,52.5,21.74,8.0,2.0,0,0
S05033,3,1,1,82.8,28.64,10.0,0.0,1,0
S05034,2,0,1,54.31,46.56,22.0,6.0,2,0
S05035,1,1,1,94.17,59.57,41.0,4.0,1,0
S05036,2,1,1,80.17,41.93,29.0,5.0,0,0
S05037,8,1,1,86.47,48.14,14.0,6.0,0,0
S05038,5,1,1,61.48,49.84,20.0,3.0,0,0
S05039,8,0,1,,56.84,29.0,2.0,0,0
S05040,2,0,1,100.0,67.92,34.0,1.0,0,0
S05041,3,0,0,78.46,63.46,40.0,4.0,0,0
S05042,2,0,1,89.63,55.09,35.0,,0,0
S05043,4,1,0,67.47,37.4,25.0,2.0,0,0
S05044,5,1,1,52.97,38.77,15.0,5.0,0,0
S05045,7,0,1,83.94,52.08,30.0,4.0,0,0
S05046,3,0,1,58.21,32.54,12.0,1.0,0,0
S05047,7,1,0,,53.54,34.0,6.0,0,0
S05048,6,0,1,87.72,51.67,27.0,2.0,0,0
S05049,3,1,1,75.53,,17.0,,0,0
S05050,8,1,1,,40.69,30.0,1.0,0,0
S05051,4,0,1,86.84,62.12,10.0,3.0,1,0
S05052,2,0,1,76.12,40.28,20.0,1.0,1,0
S05053,8,1,0,65.93,46.84,25.0,5.0,0,0
S05054,8,0,1,49.28,29.01,24.0,2.0,1,1
S05055,1,1,0,86.38,64.13,31.0,6.0,0,0
S05056,8,0,1,77.5,44.59,19.0,0.0,0,0
S05057,8,0,0,100.0,54.98,32.0,3.0,0,0
S05058,7,0,0,70.56,21.91,24.0,7.0,1,0
S05059,3,1,1,76.53,43.51,37.0,5.0,0,0
S05060,6,1,0,76.88,55.14,32.0,5.0,0,0
S05061,5,1,0,81.76,27.75,33.0,2.0,0,0
S05062,5,0,1,57.5,23.63,18.0,4.0,1,1
S05063,5,1,1,,95.60527862759203,57.0,5.0,1,1
S05064,6,0,1,84.41,19.54,16.0,3.0,1,0
S05065,5,1,1,67.01,38.69,18.0,9.0,0,0
S05066,6,1,1,83.85,36.98,32.0,2.0,0,0
S05067,5,0,1,73.45,42.17,19.0,0.0,2,0
S05068,1,1,1,78.03,56.89,29.0,4.0,0,0
S05069,1,0,1,89.27,44.01,22.0,0.0,0,0
S05070,8,0,1,68.59,35.28,16.0,4.0,0,1
S05071,8,0,1,50.22,26.84,26.0,3.0,0,0
S05072,5,1,0,68.0,43.63,27.0,3.0,3,0
S05073,2,0,1,59.62,31.96,16.0,4.0,1,0
S05074,7,1,1,4.3733752787411655,98.10093934007297,4.0,3.0,2,1
S05075,2,0,1,70.4,38.08,29.0,1.0,0,0
S05076,4,1,0,74.99,58.86,31.0,9.0,0,0
S05077,3,1,1,87.31,64.83,33.0,6.0,1,0
S05078,1,0,1,54.91,30.83,15.0,2.0,0,0
S05079,7,1,1,73.33,9.03,14.0,6.0,1,1
S05080,5,1,1,88.92,58.58,28.0,5.0,0,0
S05081,3,0,1,63.38,27.72,31.0,0.0,2,0
S05082,5,0,1,80.04,35.37,18.0,7.0,0,0
S05083,1,0,1,95.97,96.10233453812413,,0.0,0,0
S05084,4,1,1,44.06,45.33,25.0,4.0,0,0
S05085,5,1,0,76.09,38.46,21.0,4.0,0,0
S05086,3,1,1,89.44,56.12,28.0,2.0,0,0
S05087,7,1,0,66.74,14.62,10.0,1.0,0,1
S05088,2,1,1,92.8,57.08,35.0,0.0,0,0
S05089,2,0,1,81.51,52.83,20.0,0.0,0,0
S05090,5,0,1,98.54,45.51,20.0,1.0,0,0
S05091,8,1,1,80.74,39.85,18.0,3.0,1,0
S05092,4,0,1,99.79,71.58,34.0,1.0,0,0
S05093,1,0,1,76.5,32.53,11.0,,1,0
S05094,8,1,1,51.48,27.03,4.0,4.0,0,0
S05095,4,1,1,62.53,28.55,23.0,0.0,2,0
S05096,2,1,1,87.28,47.75,27.0,3.0,0,0
S05097,5,0,0,86.98,34.75,21.0,2.0,0,0
S05098,3,1,1,67.34,20.42,18.0,4.0,0,0
S05099,8,0,1,99.06,57.86,46.0,1.0,0,0
S05100,3,0,1,66.69,54.06,31.0,2.0,1,0
S05101,5,1,1,78.93,,24.0,2.0,1,0
S05102,5,1,0,78.51,54.57,31.0,8.0,0,0
S05103,2,1,1,52.04,17.61,16.0,5.0,1,0
S05104,4,1,0,70.34,53.36,8.0,8.0,0,0
S05105,1,1,1,100.0,58.13,17.0,6.0,0,0
S05106,6,0,1,58.17,18.46,10.0,0.0,0,1
S05107,7,0,1,81.38,34.42,13.0,6.0,0,0
S05108,8,1,1,54.68,15.54,18.0,2.0,1,0
S05109,3,1,1,58.01,13.22,13.0,0.0,0,0
S05110,3,0,1,50.79,33.28,18.0,4.0,1,0
S05111,5,0,0,86.12,27.41,31.0,3.0,0,1
S05112,6,0,1,58.93,36.34,23.0,4.0,1,0
S05113,8,0,1,91.01,40.05,22.0,2.0,0,0
S05114,1,1,1,,43.01,24.0,4.0,1,0
S05115,2,0,1,73.92,38.21,15.0,3.0,0,0
S05116,3,0,1,78.17,32.01,30.0,2.0,1,0
S05117,3,1,1,47.75,28.03,23.0,7.0,1,1
S05118,4,0,1,75.05,45.82,29.0,1.0,0,0
S05119,7,0,1,77.25,43.08,23.0,0.0,0,0
S05120,1,0,1,89.1,51.12,33.0,1.0,0,0
S05121,7,0,0,57.61,37.81,5.0,2.0,0,0
S05122,5,0,1,59.74,96.01474720717384,4.0,0.0,1,0
S05123,5,0,0,81.89,36.42,,0.0,0,0
S05124,6,0,1,93.19,43.69,41.0,4.0,0,0
S05125,1,0,1,,16.69,9.0,1.0,1,0
S05126,6,0,0,53.47,27.23,16.0,1.0,4,1
S05127,2,0,1,67.25,40.9,24.0,1.0,0,0
S05128,5,1,1,56.8,46.71,12.0,2.0,2,0
S05129,6,0,1,77.97,33.1,22.0,1.0,0,0
S05130,5,0,1,55.8,32.74,21.0,2.0,1,0
S05131,3,1,1,86.59,46.68,29.0,0.0,0,0
S05132,4,0,1,75.19,46.64,24.0,5.0,1,0
S05133,4,0,0,87.06,44.1,20.0,2.0,0,0
S05134,1,1,1,,10.1,9.0,6.0,1,0
S05135,6,1,1,45.63,24.58,10.0,4.0,2,1
S05136,1,0,1,91.39,67.16,27.0,4.0,1,0
S05137,4,1,1,61.21,30.8,14.0,2.0,0,0
S05138,6,1,1,50.0,43.6,14.0,1.0,0,0
S05139,1,0,1,68.96,33.47,14.0,0.0,1,0
S05140,8,0,1,75.64,54.1,24.0,1.0,1,0
S05141,4,0,1,69.63,31.51,19.0,0.0,0,0
S05142,1,1,1,79.02,44.95,17.0,5.0,0,0
S05143,6,0,1,76.99,46.63,9.0,0.0,0,0
S05144,5,0,0,76.2,,32.0,0.0,1,0
S05145,6,0,1,92.23,72.68,36.0,0.0,0,0
S05146,7,1,1,71.79,64.78,16.0,2.0,0,0
S05147,4,0,1,71.35,27.59,28.0,6.0,0,0
S05148,7,0,1,84.04,31.57,19.0,3.0,0,0
S05149,3,0,1,80.29,29.19,23.0,3.0,0,0
S05150,5,1,0,58.46,49.17,13.0,5.0,0,0
S05151,2,0,1,70.62,32.15,20.0,5.0,0,0
S05152,5,1,1,78.57,42.95,30.0,5.0,2,0
S05153,3,0,0,63.2,38.5,16.0,6.0,1,0
S05154,6,0,0,63.91,95.76894555141638,56.0,2.0,0,0
S05155,7,0,1,51.13,34.52,,0.0,0,0
S05156,7,0,0,28.76,9.02,7.0,4.0,2,1
S05157,8,0,1,66.39,48.99,16.0,0.0,2,0
S05158,1,1,1,,31.08,25.0,6.0,1,0
S05159,2,0,1,55.57,33.18,24.0,0.0,2,1
S05160,8,1,0,92.67,58.72,38.0,1.0,0,0
S05161,4,0,1,56.3,32.11,6.0,2.0,0,0
S05162,1,1,1,85.69,46.61,17.0,6.0,1,0
S05163,3,0,1,78.28,44.67,33.0,1.0,0,0
S05164,7,0,1,100.0,47.92,30.0,2.0,0,0
S05165,3,0,1,80.1,53.47,8.0,1.0,0,0
S05166,1,1,1,50.31,11.56,9.0,4.0,2,1
S05167,6,1,1,87.82,55.97,25.0,4.0,1,0
S05168,2,1,1,,41.08,29.0,4.0,0,0
S05169,3,1,1,45.42,32.25,19.0,0.0,1,1
S05170,1,0,1,81.59,51.13,18.0,0.0,0,0
S05171,5,0,1,84.9,37.98,35.0,1.0,0,0
S05172,4,0,0,68.81,46.23,24.0,1.0,0,1
S05173,7,1,1,35.67,7.8,0.0,1.0,1,0
S05174,3,0,1,67.56,12.81,18.0,4.0,1,0
S05175,2,0,1,63.28,44.82,23.0,3.0,1,0
S05176,2,1,0,94.95,42.85,31.0,2.0,0,0
S05177,2,0,1,70.67,98.61320270874687,25.0,3.0,0,0
S05178,4,1,0,65.82,19.01,15.0,3.0,0,1
S05179,1,0,1,,,24.0,4.0,1,0
S05180,4,1,1,76.89,55.3,21.0,1.0,1,0
S05181,7,1,1,72.85,68.38,43.0,0.0,0,0
S05182,7,1,1,60.15,19.57,,3.0,0,0
S05183,6,0,0,75.96,50.95,45.0,5.0,2,0
S05184,8,0,0,63.64,34.0,12.0,0.0,0,1
S05185,7,0,1,,12.07,19.0,0.0,1,1
S05186,6,0,0,,55.54,33.0,1.0,0,0
S05187,7,1,1,80.6,55.36,18.0,3.0,0,0
S05188,1,0,1,75.0,99.75857907957321,28.0,1.0,1,0
S05189,7,0,1,1.5083490080365887,96.51507053245534,16.0,0.0,1,1
S05190,3,0,1,70.92,28.22,24.0,2.0,2,0
S05191,6,1,1,84.29,44.68,28.0,6.0,0,0
S05192,8,0,1,62.52,57.95,16.0,0.0,0,1
S05193,4,0,1,84.89,64.54,24.0,0.0,0,0
S05194,1,0,1,49.88,,17.0,1.0,0,0
S05195,3,0,1,74.52,46.13,16.0,0.0,1,0
S05196,4,1,1,72.39,23.59,16.0,4.0,0,1
S05197,8,0,1,87.04,57.44,35.0,1.0,1,0
S05198,8,1,1,58.22,29.72,21.0,0.0,0,0
S05199,5,1,1,59.85,34.03,,6.0,1,0
S05200,8,1,1,51.08,27.18,7.0,6.0,0,0
S05201,4,1,1,,28.81,2.0,2.0,0,0
S05202,4,1,1,75.83,43.84,31.0,6.0,0,0
S05203,7,0,0,45.03,49.42,18.0,5.0,0,0
S05204,6,0,0,65.36,26.74,11.0,3.0,0,0
S05205,5,1,1,81.16,41.32,31.0,3.0,0,0
S05206,4,1,0,70.46,98.80296570956511,38.0,4.0,0,0
S05207,6,0,0,73.13,96.7927658544003,11.0,0.0,1,0
S05208,7,0,1,49.41,34.41,9.0,3.0,0,0
S05209,4,0,1,70.5,29.54,9.0,1.0,1,0
S05210,1,0,1,72.43,35.42,30.0,1.0,1,0
S05211,1,0,0,69.54,49.71,21.0,0.0,0,0
S05212,2,0,1,74.29,42.77,20.0,0.0,1,0
S05213,4,0,1,67.36,39.14,23.0,0.0,0,0
S05214,5,1,0,65.16,35.94,16.0,4.0,0,0
S05215,7,1,1,56.4,36.47,14.0,2.0,1,1
S05216,2,1,1,86.62,35.15,30.0,5.0,0,0
S05217,7,1,0,53.6,37.83,11.0,5.0,1,0
S05218,6,0,1,74.37,22.52,20.0,4.0,0,0
S05219,1,0,0,99.2,44.24,31.0,4.0,0,0
S05220,3,1,0,88.52,57.41,29.0,7.0,0,0
S05221,3,1,1,79.64,57.1,30.0,9.0,0,0
S05222,8,1,1,75.75,38.93,28.0,5.0,1,0
S05223,8,1,1,70.08,41.48,10.0,7.0,1,0
S05224,7,1,0,58.48,34.58,29.0,2.0,0,0
S05225,5,1,0,68.19,21.84,22.0,4.0,0,0
S05226,4,1,0,80.62,37.38,23.0,5.0,0,0
S05227,3,1,1,77.85,25.69,,3.0,0,0
S05228,7,0,0,,54.93,43.0,9.0,0,0
S05229,1,0,1,90.3,62.85,48.0,4.0,0,0
S05230,3,0,1,69.62,50.11,36.0,4.0,0,0
S05231,2,0,1,74.88,28.54,,2.0,1,0
S05232,4,1,0,43.51,29.22,15.0,0.0,2,1
S05233,3,0,1,100.0,67.61,44.0,0.0,0,0
S05234,2,0,1,65.79,99.93144178205304,18.0,5.0,0,0
S05235,4,1,1,81.78,42.05,30.0,2.0,1,0
S05236,7,0,1,65.78,26.6,22.0,1.0,2,0
S05237,5,1,1,65.43,35.59,35.0,4.0,0,0
S05238,7,0,0,68.44,45.78,33.0,1.0,0,0
S05239,8,0,0,53.32,28.47,15.0,1.0,1,0
S05240,8,0,1,34.8,22.58,21.0,6.0,2,0
S05241,3,0,0,89.4,44.5,29.0,0.0,0,0
S05242,8,0,1,80.19,48.53,21.0,2.0,0,0
S05243,8,0,1,58.26,36.16,15.0,0.0,1,0
S05244,8,0,1,78.78,41.73,26.0,1.0,0,0
S05245,3,0,1,84.36,67.56,21.0,1.0,0,0
S05246,2,1,1,61.6,18.77,15.0,3.0,2,0
S05247,5,0,1,78.18,97.6173383355882,13.0,1.0,1,0
S05248,8,0,1,,35.18,21.0,3.0,0,0
S05249,8,0,1,50.42,20.98,17.0,1.0,1,0
S05250,5,1,1,80.0,46.49,34.0,2.0,0,0
S05251,2,1,1,77.47,50.13,32.0,4.0,0,0
S05252,4,1,0,100.0,58.23,36.0,1.0,0,0
S05253,6,1,1,80.36,66.71,13.0,4.0,0,0
S05254,5,0,1,65.84,16.54,13.0,2.0,2,0
S05255,3,1,1,67.57,32.9,,3.0,0,0
S05256,3,0,1,100.0,66.32,40.0,4.0,0,0
S05257,1,1,1,66.68,6.62,16.0,3.0,0,0
S05258,3,0,1,80.79,47.52,16.0,0.0,0,0
S05259,6,0,1,68.42,57.87,33.0,2.0,1,0
S05260,2,1,0,88.22,42.9,22.0,4.0,0,0
S05261,8,1,0,88.96,38.65,20.0,2.0,0,0
S05262,1,1,1,71.66,35.62,24.0,6.0,0,0
S05263,5,0,1,65.9,39.69,20.0,0.0,0,0
S05264,4,0,0,65.54,35.63,16.0,0.0,1,0
S05265,7,0,1,46.09,30.92,13.0,1.0,1,0
S05266,8,0,0,73.51,28.98,16.0,0.0,1,0
S05267,5,0,1,73.21,47.88,19.0,0.0,0,0
S05268,6,0,1,59.76,31.63,18.0,1.0,1,0
S05269,6,1,1,44.48,43.19,0.0,3.0,0,0
S05270,5,0,1,75.09,35.45,31.0,2.0,0,0
S05271,2,1,1,76.99,51.41,13.0,6.0,0,0
S05272,4,1,1,77.92,32.51,17.0,2.0,0,0
S05273,2,1,1,57.15,22.7,25.0,6.0,1,1
S05274,4,0,1,77.95,45.46,29.0,0.0,1,0
S05275,5,0,1,69.32,26.91,22.0,2.0,1,0
S05276,2,0,1,84.97,44.06,13.0,5.0,0,0
S05277,2,1,1,57.38,38.82,12.0,1.0,0,0
S05278,7,0,1,89.25,44.39,27.0,0.0,0,0
S05279,4,0,1,94.65,44.03,29.0,3.0,1,0
S05280,2,1,0,73.74,55.26,32.0,3.0,0,0
S05281,6,1,1,,41.46,41.0,4.0,0,0
S05282,6,1,1,83.76,33.95,32.0,9.0,0,0
S05283,7,0,1,56.61,38.06,13.0,2.0,0,0
S05284,7,1,1,64.71,42.76,30.0,3.0,1,0
S05285,8,0,1,74.76,,19.0,0.0,1,0
S05286,5,0,1,,,12.0,4.0,0,0
S05287,3,1,0,54.06,31.21,6.0,5.0,0,0
S05288,7,1,0,96.57,52.17,,3.0,0,0
S05289,3,0,0,69.1,17.09,,5.0,0,0
S05290,3,0,1,71.48,68.07,21.0,0.0,0,0
S05291,7,0,0,,98.84738094611633,16.0,3.0,0,0
S05292,8,1,1,100.0,46.32,26.0,11.0,0,0
S05293,3,1,1,78.34,33.05,13.0,1.0,0,0
S05294,6,0,1,89.47,29.69,28.0,2.0,0,0
S05295,8,0,1,58.2,19.05,11.0,5.0,2,1
S05296,7,1,1,64.06,33.51,28.0,4.0,2,0
S05297,1,1,1,51.71,24.82,16.0,1.0,1,0
S05298,6,0,0,64.27,98.30461058224267,32.0,4.0,1,0
S05299,2,1,0,80.48,54.69,22.0,8.0,0,0
S05300,7,1,1,75.18,53.76,41.0,6.0,0,0
S05301,1,0,0,,64.4,32.0,2.0,0,0
S05302,8,1,1,100.0,50.65,28.0,2.0,0,0
S05303,2,1,1,69.95,55.2,41.0,6.0,0,0
S05304,4,0,0,61.8,28.67,4.0,3.0,0,1
S05305,2,1,1,89.4,55.32,24.0,7.0,0,0
S05306,7,1,1,90.96,33.86,16.0,3.0,0,0
S05307,4,0,1,78.62,48.24,10.0,2.0,0,0
S05308,6,0,1,82.58,39.89,10.0,7.0,0,0
S05309,1,1,0,80.24,47.45,30.0,6.0,0,0
S05310,4,0,1,57.17,39.72,6.0,0.0,0,0
S05311,8,0,1,53.72,25.65,14.0,1.0,1,0
S05312,8,0,1,71.24,39.34,29.0,1.0,1,0
S05313,2,1,1,68.99,53.29,25.0,0.0,0,0
S05314,4,1,1,76.15,40.05,27.0,3.0,0,1
S05315,4,1,0,70.03,41.47,31.0,2.0,0,0
S05316,5,1,1,46.45,16.46,26.0,9.0,1,0
S05317,5,0,0,40.32,7.43,1.0,0.0,0,1
S05318,1,0,1,83.06,58.3,30.0,0.0,0,0
S05319,7,1,1,62.06,35.76,17.0,1.0,0,0
S05320,2,0,1,2.624795545147398,97.58159477436305,20.0,4.0,0,0
S05321,3,1,1,63.63,23.03,7.0,4.0,3,0
S05322,7,0,0,58.3,20.44,13.0,6.0,1,0
S05323,6,0,1,57.9,33.74,14.0,1.0,1,0
S05324,4,1,1,87.3,59.05,39.0,5.0,1,0
S05325,8,0,0,68.41,27.28,12.0,0.0,0,1
S05326,4,0,0,81.52,25.5,7.0,5.0,0,1
S05327,5,0,1,83.54,30.15,27.0,2.0,0,0
S05328,2,0,1,76.75,52.15,14.0,1.0,1,0
S05329,2,0,0,84.03,43.82,26.0,8.0,0,0
S05330,4,1,0,,48.42,28.0,5.0,0,0
S05331,5,0,1,92.46,40.86,29.0,0.0,1,0
S05332,7,1,1,84.35,41.57,23.0,4.0,0,0
S05333,4,1,1,86.35,35.96,26.0,2.0,0,0
S05334,8,0,1,57.92,41.55,24.0,3.0,1,0
S05335,5,0,1,75.95,45.58,15.0,3.0,1,0
S05336,1,1,1,44.47,34.83,18.0,6.0,2,1
S05337,6,1,1,93.02,40.15,22.0,1.0,0,0
S05338,5,1,1,62.65,38.07,24.0,1.0,0,0
S05339,4,0,1,64.73,17.19,7.0,2.0,0,1
S05340,4,1,1,51.49,31.32,19.0,3.0,1,0
S05341,3,1,1,71.46,46.79,21.0,2.0,0,0
S05342,5,1,0,67.98,34.25,22.0,7.0,1,0
S05343,5,0,0,99.34,58.18,40.0,0.0,0,0
S05344,4,1,1,84.89,34.37,20.0,0.0,0,0
S05345,3,0,0,64.28,26.85,19.0,2.0,0,0
S05346,4,1,0,47.01,18.6,16.0,5.0,1,1
S05347,4,0,1,37.74,11.9,8.0,0.0,1,0
S05348,4,1,0,56.61,43.72,23.0,2.0,1,0
S05349,3,0,1,52.03,22.62,18.0,5.0,1,0
S05350,5,1,1,77.23,40.65,20.0,4.0,1,0
S05351,2,0,0,69.83,52.04,32.0,0.0,0,0
S05352,5,0,1,72.26,45.44,27.0,1.0,0,0
S05353,1,1,1,57.77,54.39,11.0,4.0,0,0
S05354,4,1,1,74.28,44.48,16.0,1.0,0,0
S05355,7,0,1,50.69,23.57,13.0,2.0,1,0
S05356,7,1,1,70.68,26.96,26.0,2.0,0,1
S05357,6,0,1,84.45,50.14,9.0,0.0,0,0
S05358,6,1,0,66.52,29.05,14.0,3.0,1,0
S05359,1,1,1,78.65,33.52,20.0,3.0,1,0
S05360,3,1,0,42.35,98.97299135391152,0.0,3.0,1,0
S05361,6,1,1,41.14,6.67,3.0,2.0,1,1
S05362,7,0,1,76.91,40.91,25.0,2.0,0,0
S05363,5,0,0,87.71,41.83,24.0,2.0,0,0
S05364,7,1,1,68.43,38.26,18.0,0.0,1,0
S05365,3,0,1,100.0,72.59,21.0,2.0,0,0
S05366,2,0,0,50.35,27.24,13.0,1.0,0,0
S05367,1,1,1,61.8,45.65,7.0,5.0,0,0
S05368,5,0,1,74.1,43.89,35.0,4.0,2,0
S05369,6,0,0,78.97,48.79,39.0,2.0,1,0
S05370,3,1,1,63.24,9.63,15.0,5.0,1,0
S05371,7,0,1,56.11,38.6,8.0,2.0,0,0
S05372,6,0,1,81.3,40.35,33.0,0.0,0,0
S05373,3,0,1,74.0,51.34,28.0,3.0,0,0
S05374,2,0,1,66.83,19.99,36.0,,1,0
S05375,6,1,1,79.48,45.85,42.0,6.0,1,0
S05376,6,1,1,69.95,31.66,5.0,2.0,0,0
S05377,2,1,0,69.9,41.25,31.0,5.0,0,0
S05378,3,0,0,69.35,29.24,20.0,0.0,0,0
S05379,4,0,1,59.68,36.75,22.0,0.0,0,0
S05380,5,0,1,58.16,42.62,24.0,4.0,0,0
S05381,2,1,1,64.11,23.55,25.0,4.0,1,0
S05382,8,1,1,72.48,49.34,31.0,1.0,0,0
S05383,4,0,1,43.93,32.24,,4.0,3,0
S05384,4,1,0,86.17,54.17,20.0,7.0,0,0
S05385,1,1,1,72.28,45.06,32.0,7.0,0,0
S05386,8,0,0,56.02,24.3,10.0,3.0,0,0
S05387,2,1,0,96.25,67.79,46.0,5.0,0,0
S05388,8,1,1,72.63,95.74935256621774,17.0,9.0,1,0
S05389,4,0,1,51.97,,12.0,4.0,0,0
S05390,7,0,1,95.58,75.88,29.0,2.0,0,0
S05391,2,1,1,92.32,33.63,17.0,0.0,0,0
S05392,2,1,0,58.37,29.24,5.0,6.0,1,1
S05393,7,1,1,67.16,39.94,28.0,4.0,0,0
S05394,7,1,1,65.14,8.94,6.0,3.0,1,1
S05395,5,1,0,43.66,37.38,32.0,2.0,0,0
S05396,1,0,0,76.87,40.83,23.0,4.0,1,0
S05397,8,0,1,84.68,51.63,19.0,1.0,0,0
S05398,4,0,0,81.85,56.19,29.0,2.0,0,0
S05399,8,1,1,72.49,32.2,3.0,8.0,0,0
S05400,7,1,1,86.13,56.28,25.0,3.0,0,0
S05401,7,1,1,54.97,16.99,15.0,2.0,0,0
S05402,6,0,1,,50.05,22.0,1.0,0,0
S05403,6,0,1,60.42,42.35,13.0,1.0,0,0
S05404,5,1,1,62.08,48.72,31.0,8.0,2,0
S05405,1,0,1,63.37,34.12,21.0,1.0,1,0
S05406,4,0,0,62.28,98.65617259165579,,2.0,1,0
S05407,6,1,1,69.11,27.06,15.0,1.0,0,0
S05408,7,1,1,68.53,,11.0,1.0,1,0
S05409,5,1,1,73.94,49.45,21.0,2.0,0,0
S05410,6,0,1,59.72,25.13,0.0,0.0,1,0
S05411,1,0,1,74.5,41.15,15.0,0.0,0,0
S05412,4,0,1,55.64,30.48,7.0,3.0,0,0
S05413,5,0,1,82.99,44.39,10.0,3.0,2,0
S05414,8,0,0,82.8,46.37,32.0,7.0,1,0
S05415,3,0,1,71.91,46.05,21.0,4.0,0,0
S05416,2,1,1,62.25,51.64,,2.0,1,1
S05417,3,0,0,76.67,53.96,29.0,6.0,0,0
S05418,2,0,0,58.69,22.14,4.0,0.0,0,0
S05419,5,0,1,72.52,31.6,12.0,1.0,0,0
S05420,6,1,0,69.72,45.68,31.0,6.0,0,0
S05421,7,0,1,100.0,80.65,51.0,2.0,0,0
S05422,8,0,1,53.59,36.46,21.0,8.0,0,0
S05423,1,0,1,31.99,0.9,12.0,1.0,1,1
S05424,2,0,1,62.44,21.91,14.0,3.0,0,1
S05425,3,1,0,46.27,12.99,9.0,0.0,1,1
S05426,2,0,1,61.1,40.84,20.0,4.0,0,0
S05427,7,0,0,52.54,21.46,26.0,2.0,0,0
S05428,2,1,0,58.43,44.65,21.0,0.0,0,0
S05429,1,0,1,56.03,51.38,24.0,5.0,2,0
S05430,7,1,1,86.44,53.31,20.0,3.0,0,0
S05431,8,0,1,71.27,21.59,27.0,3.0,1,1
S05432,2,1,0,88.13,38.33,23.0,5.0,0,0
S05433,3,0,1,72.61,38.44,24.0,0.0,1,0
S05434,5,0,0,85.93,96.25668600851533,32.0,6.0,0,0
S05435,5,0,1,67.47,,17.0,1.0,1,0
S05436,8,1,1,95.92,41.85,23.0,2.0,0,0
S05437,4,0,0,79.06,46.53,28.0,5.0,0,0
S05438,1,1,1,60.3,27.42,17.0,3.0,1,0
S05439,4,1,1,81.29,42.86,27.0,2.0,0,0
S05440,5,0,1,72.41,50.11,28.0,2.0,0,0
S05441,5,0,0,68.96,20.85,32.0,3.0,1,0
S05442,5,0,0,73.44,27.24,28.0,1.0,0,0
S05443,8,1,1,83.27,43.93,31.0,0.0,0,0
S05444,7,1,1,40.24,15.48,7.0,5.0,0,1
S05445,3,0,1,66.74,29.55,18.0,2.0,1,1
S05446,3,0,1,82.24,48.03,30.0,3.0,0,0
S05447,6,1,1,75.72,37.04,21.0,2.0,1,0
S05448,4,0,1,55.1,47.2,20.0,3.0,2,1
S05449,4,0,0,36.48,96.64689903624361,3.0,2.0,3,1
S05450,2,0,1,97.51,63.48,47.0,2.0,0,0
S05451,3,0,0,69.19,36.54,23.0,2.0,1,0
S05452,6,1,1,94.71,53.28,32.0,,0,0
S05453,7,1,1,83.92,41.8,23.0,2.0,1,0
S05454,7,0,1,60.1,49.33,33.0,9.0,1,0
S05455,3,0,1,34.48,17.51,0.0,1.0,1,1
S05456,2,1,1,65.07,21.75,14.0,3.0,0,0
S05457,2,0,0,71.44,55.31,29.0,1.0,1,1
S05458,4,0,1,,50.04,27.0,5.0,0,0
S05459,5,0,1,55.34,24.6,12.0,0.0,1,0
S05460,8,1,0,74.67,47.09,19.0,6.0,1,0
S05461,8,1,1,74.66,34.04,21.0,6.0,1,1
S05462,1,1,1,86.79,51.08,29.0,2.0,0,0
S05463,6,0,1,67.4,32.29,,2.0,0,0
S05464,3,1,1,78.64,54.2,30.0,1.0,0,0
S05465,2,0,1,,50.25,32.0,0.0,0,0
S05466,5,1,1,85.13,46.03,24.0,8.0,0,0
S05467,1,0,1,59.7,40.19,22.0,0.0,0,0
S05468,3,0,1,25.94,0.0,0.0,1.0,0,1
S05469,5,0,0,68.45,,23.0,2.0,0,0
S05470,3,0,1,68.54,30.74,22.0,0.0,0,0
S05471,5,0,1,54.64,,31.0,2.0,2,0
S05472,4,1,0,49.38,32.78,27.0,6.0,0,0
S05473,7,1,1,63.38,21.02,17.0,7.0,0,0
S05474,2,1,0,70.28,58.11,15.0,1.0,0,0
S05475,1,0,0,73.43,44.71,17.0,2.0,0,0
S05476,5,0,1,37.72,8.73,8.0,0.0,0,0
S05477,3,0,0,45.7,32.39,23.0,3.0,2,0
S05478,6,0,1,88.94,61.72,32.0,3.0,0,0
S05479,1,0,1,69.16,9.74,26.0,3.0,1,0
S05480,5,1,1,71.96,44.98,29.0,10.0,0,0
S05481,8,1,1,52.0,24.38,7.0,5.0,0,0
S05482,1,0,1,71.93,37.72,17.0,2.0,0,0
S05483,3,1,1,66.36,23.13,25.0,5.0,0,0
S05484,7,1,1,62.72,28.94,13.0,3.0,1,0
S05485,5,0,0,50.07,5.89,2.0,0.0,1,1
S05486,2,1,0,58.97,31.68,9.0,1.0,0,0
S05487,2,0,0,100.0,54.77,41.0,4.0,0,0
S05488,7,0,1,66.76,37.52,18.0,0.0,0,0
S05489,7,1,1,83.84,47.52,28.0,4.0,0,0
S05490,3,1,1,69.05,36.16,13.0,4.0,1,0
S05491,4,0,1,,34.06,24.0,0.0,0,0
S05492,7,0,1,62.46,33.46,17.0,0.0,2,0
S05493,2,1,1,92.18,55.1,33.0,4.0,0,0
S05494,2,0,0,77.6,55.17,21.0,4.0,1,0
S05495,7,1,1,60.16,37.84,22.0,3.0,0,0
S05496,2,1,0,66.09,41.56,16.0,5.0,2,0
S05497,7,0,0,88.14,56.57,28.0,0.0,0,0
S05498,4,1,1,29.42,97.2080813057107,56.0,3.0,0,1
S05499,8,1,1,76.66,48.87,24.0,1.0,0,0
S05500,1,1,1,80.06,50.65,28.0,2.0,0,0
S05501,8,0,0,60.75,14.29,14.0,3.0,1,1
S05502,2,0,1,74.32,46.88,22.0,2.0,0,0
S05503,1,0,1,79.53,55.78,27.0,0.0,0,0
S05504,6,1,0,53.53,35.7,20.0,4.0,0,0
S05505,5,1,1,84.63,36.68,26.0,4.0,0,0
S05506,7,1,1,76.46,30.65,17.0,5.0,0,0
S05507,1,1,1,69.71,30.93,22.0,0.0,1,0
S05508,1,0,1,73.57,46.63,28.0,0.0,0,0
S05509,5,0,0,82.61,49.21,16.0,3.0,0,0
S05510,8,1,1,100.0,30.48,22.0,3.0,0,0
S05511,4,0,1,,38.24,20.0,4.0,1,0
S05512,7,1,1,84.16,45.97,25.0,1.0,0,0
S05513,8,0,1,74.9,34.95,6.0,1.0,0,0
S05514,7,0,1,100.0,49.91,37.0,5.0,0,0
S05515,5,1,0,50.01,26.06,,4.0,0,0
S05516,6,0,1,45.94,97.4880837784656,0.0,3.0,0,0
S05517,5,0,1,74.3,97.43521723809177,14.0,0.0,0,1
S05518,6,1,0,81.9,47.61,24.0,3.0,0,0
S05519,5,1,0,33.38,11.71,0.0,,0,0
S05520,5,1,1,71.95,46.25,30.0,4.0,0,0
S05521,4,1,0,69.29,31.7,23.0,4.0,0,0
S05522,6,1,1,83.16,48.73,32.0,3.0,0,0
S05523,7,0,1,78.43,34.86,17.0,2.0,0,0
S05524,8,0,1,44.88,26.72,16.0,2.0,2,1
S05525,5,1,1,55.8,27.7,11.0,1.0,0,1
S05526,1,0,0,59.9,27.01,17.0,2.0,1,0
S05527,5,1,0,83.08,44.09,29.0,1.0,1,0
S05528,3,1,1,77.62,40.28,24.0,5.0,0,0
S05529,1,0,1,,34.96,26.0,0.0,1,0
S05530,1,0,0,74.17,21.89,24.0,2.0,1,1
S05531,5,1,1,56.13,41.63,13.0,3.0,0,0
S05532,8,0,1,100.0,95.2908433399516,39.0,0.0,0,0
S05533,5,0,1,80.62,54.77,34.0,1.0,0,0
S05534,4,1,1,83.79,29.73,27.0,4.0,1,0
S05535,1,0,1,92.65,59.17,41.0,2.0,0,0
S05536,6,0,1,87.24,45.84,26.0,2.0,0,0
S05537,1,1,1,,23.89,22.0,3.0,0,0
S05538,7,1,1,69.23,53.62,21.0,3.0,1,0
S05539,7,0,1,91.32,63.94,28.0,0.0,0,0
S05540,8,1,1,72.4,42.95,20.0,3.0,1,0
S05541,3,1,1,60.76,39.09,13.0,1.0,1,0
S05542,2,0,1,100.0,56.73,25.0,1.0,0,0
S05543,3,0,0,57.96,28.17,18.0,2.0,0,0
S05544,7,1,0,45.98,12.28,23.0,0.0,0,1
S05545,2,0,1,86.89,41.08,34.0,6.0,1,0
S05546,8,1,1,61.03,29.86,22.0,6.0,2,0
S05547,2,1,1,78.53,69.5,,2.0,0,0
S05548,1,0,1,99.26,46.56,32.0,2.0,0,0
S05549,2,1,1,51.38,20.66,7.0,8.0,0,0
S05550,7,0,0,71.39,38.66,19.0,1.0,0,0
S05551,5,1,1,94.25,57.45,30.0,0.0,0,0
S05552,3,0,1,82.23,41.74,,0.0,0,0
S05553,6,1,1,69.3,36.52,26.0,4.0,0,0
S05554,6,0,1,100.0,84.78,40.0,4.0,0,0
S05555,5,1,1,70.57,27.18,8.0,6.0,0,0
S05556,5,1,1,77.95,66.69,23.0,0.0,0,0
S05557,1,0,1,96.74,38.63,8.0,1.0,0,0
S05558,3,0,1,86.71,48.97,27.0,0.0,1,0
S05559,5,1,1,91.83,59.17,29.0,0.0,0,0
S05560,2,1,1,58.51,35.69,32.0,5.0,1,0
S05561,4,0,0,90.42,43.26,41.0,4.0,1,0
S05562,1,0,0,74.54,47.99,31.0,4.0,0,0
S05563,7,1,1,60.81,17.15,11.0,0.0,1,0
S05564,1,0,0,75.33,13.95,15.0,3.0,1,0
S05565,1,1,0,74.85,41.72,15.0,0.0,0,0
S05566,6,0,1,100.0,51.5,45.0,1.0,0,0
S05567,2,0,1,77.72,48.39,17.0,1.0,0,0
S05568,3,1,1,60.29,34.02,15.0,6.0,1,0
S05569,3,0,1,56.83,34.89,10.0,2.0,1,0
S05570,2,1,0,71.29,47.79,12.0,0.0,0,0
S05571,7,1,1,51.8,36.85,18.0,2.0,2,0
S05572,6,0,1,61.27,45.16,20.0,0.0,1,0
S05573,2,0,1,68.34,22.35,3.0,2.0,0,1
S05574,6,0,0,65.67,42.35,10.0,0.0,0,0
S05575,6,1,1,82.9,52.54,28.0,3.0,0,0
S05576,5,1,1,60.93,38.22,18.0,7.0,0,0
S05577,5,1,1,34.95,27.24,6.0,5.0,2,0
S05578,8,0,1,46.71,38.42,18.0,0.0,0,0
S05579,4,0,1,71.73,37.31,11.0,,0,0
S05580,4,0,1,,13.8,14.0,0.0,0,0
S05581,5,1,1,53.45,45.14,20.0,2.0,0,0
S05582,7,0,1,100.0,48.52,27.0,2.0,0,0
S05583,6,0,1,84.43,51.66,29.0,2.0,0,0
S05584,1,0,1,71.12,41.72,,3.0,2,0
S05585,4,0,1,75.5,17.65,17.0,0.0,0,1
S05586,6,1,1,68.02,27.34,7.0,0.0,0,0
S05587,2,1,1,,23.03,0.0,1.0,1,0
S05588,8,1,1,87.46,77.08,24.0,1.0,0,1
S05589,7,0,1,84.77,58.51,31.0,0.0,0,0
S05590,7,1,1,42.34,13.36,11.0,2.0,2,1
S05591,1,0,1,75.4,58.66,33.0,2.0,0,0
S05592,5,1,1,77.05,56.07,21.0,2.0,1,0
S05593,5,1,1,67.17,26.48,4.0,4.0,0,1
S05594,6,0,0,100.0,58.13,35.0,2.0,0,0
S05595,7,1,1,100.0,57.22,24.0,5.0,0,0
S05596,3,0,1,66.34,98.771554491979,21.0,6.0,1,1
S05597,5,0,0,,28.68,3.0,0.0,0,0
S05598,6,0,1,66.9,25.02,18.0,0.0,2,1
S05599,7,0,0,62.83,21.11,25.0,3.0,1,0
S05600,7,1,1,58.19,24.7,22.0,4.0,2,0
S05601,3,1,1,,37.88,23.0,0.0,0,0
S05602,8,1,0,100.0,54.63,32.0,1.0,0,0
S05603,1,1,1,95.25,58.72,27.0,0.0,0,0
S05604,4,1,0,,36.91,24.0,7.0,0,0
S05605,5,0,1,35.89,12.4,14.0,0.0,0,1
S05606,1,0,1,44.03,,6.0,1.0,2,1
S05607,4,0,1,87.96,38.81,23.0,0.0,0,0
S05608,5,1,1,96.29,41.39,19.0,2.0,0,0
S05609,5,1,1,80.31,46.29,31.0,6.0,1,0
S05610,1,1,0,67.42,33.68,18.0,5.0,0,0
S05611,3,0,1,92.28,35.49,20.0,0.0,0,0
S05612,2,0,0,,56.87,33.0,0.0,0,0
S05613,6,1,1,89.06,60.82,28.0,6.0,0,0
S05614,3,0,1,44.15,16.21,6.0,2.0,2,1
S05615,5,1,1,77.15,68.29,31.0,5.0,0,0
S05616,6,0,1,98.62,46.66,29.0,3.0,0,0
S05617,7,0,1,79.91,38.08,12.0,0.0,0,0
S05618,2,1,0,86.22,38.99,35.0,6.0,0,0
S05619,8,1,0,72.55,31.73,15.0,0.0,0,0
S05620,2,1,1,73.59,71.28,47.0,4.0,0,0
S05621,1,0,1,93.04,97.04046769209997,26.0,3.0,0,0
S05622,1,0,1,61.95,26.28,2.0,0.0,0,0
S05623,2,1,1,60.49,31.85,32.0,6.0,0,0
S05624,7,1,1,64.83,21.44,19.0,2.0,1,0
S05625,2,0,1,72.35,53.31,24.0,2.0,1,0
S05626,6,1,1,47.85,31.11,16.0,2.0,0,1
S05627,4,0,1,82.97,32.46,15.0,0.0,0,0
S05628,1,0,0,69.54,20.79,4.0,1.0,0,0
S05629,4,1,1,84.81,60.4,42.0,4.0,1,0
S05630,1,1,0,40.21,26.18,0.0,9.0,0,1
S05631,4,0,1,84.86,39.47,40.0,0.0,0,0
S05632,5,0,1,92.05,52.82,33.0,2.0,0,0
S05633,5,1,1,78.58,46.8,26.0,4.0,0,0
S05634,3,1,0,72.45,39.06,18.0,3.0,1,1
S05635,7,1,1,84.98,55.18,45.0,2.0,0,0
S05636,5,0,1,91.07,33.37,23.0,6.0,0,0
S05637,3,1,1,79.84,42.13,19.0,2.0,0,0
S05638,4,1,1,80.96,55.74,31.0,4.0,0,0
S05639,1,0,1,96.85,37.58,26.0,4.0,0,0
S05640,8,0,1,83.42,44.02,,8.0,1,0
S05641,7,1,0,60.0,36.72,17.0,4.0,0,0
S05642,3,1,0,91.0,42.26,34.0,2.0,0,0
S05643,6,1,1,70.14,39.88,36.0,0.0,1,0
S05644,6,1,1,72.5,39.88,39.0,8.0,0,0
S05645,5,1,0,73.6,33.83,8.0,3.0,0,0
S05646,1,0,1,86.53,41.58,36.0,0.0,0,0
S05647,8,0,0,98.23,34.35,,3.0,0,0
S05648,8,1,1,72.37,40.8,15.0,5.0,0,0
S05649,8,0,1,97.97,63.22,27.0,0.0,0,0
S05650,8,0,1,74.47,96.12794039388696,18.0,2.0,0,0
S05651,8,1,1,93.03,28.11,21.0,5.0,0,0
S05652,6,0,1,74.98,20.24,4.0,1.0,0,0
S05653,1,1,0,64.61,97.2462371200947,31.0,3.0,0,1
S05654,4,0,1,100.0,61.3,39.0,2.0,0,0
S05655,2,0,1,63.18,26.94,19.0,1.0,2,0
S05656,2,0,1,62.18,32.61,11.0,3.0,1,0
S05657,7,1,1,53.16,24.96,25.0,3.0,0,0
S05658,7,1,1,91.01,61.99,28.0,8.0,0,0
S05659,5,0,1,94.55,35.48,26.0,1.0,0,0
S05660,6,0,1,77.6,34.17,11.0,0.0,2,0
S05661,2,0,1,57.24,27.43,21.0,4.0,0,0
S05662,2,1,1,71.9,39.87,19.0,3.0,1,0
S05663,7,1,1,67.46,24.37,22.0,5.0,1,1
S05664,4,1,1,56.54,32.74,18.0,7.0,1,0
S05665,5,0,0,64.67,32.29,24.0,1.0,0,0
S05666,4,1,0,79.59,46.76,26.0,9.0,2,0
S05667,2,0,0,62.92,27.32,16.0,4.0,2,0
S05668,7,0,0,76.38,55.65,28.0,2.0,0,0
S05669,7,0,1,45.36,27.84,20.0,3.0,1,1
S05670,6,0,1,97.19,56.79,43.0,4.0,0,0
S05671,3,0,1,66.13,28.79,11.0,,0,0
S05672,6,1,1,,49.15,36.0,4.0,0,0
S05673,8,0,0,74.83,41.1,10.0,3.0,0,0
S05674,6,1,1,78.04,47.68,32.0,4.0,0,0
S05675,4,1,1,55.02,,11.0,2.0,1,0
S05676,3,1,1,60.59,43.99,25.0,1.0,1,0
S05677,5,0,0,60.93,60.21,30.0,2.0,1,0
S05678,3,1,1,72.38,34.16,24.0,2.0,0,0
S05679,5,0,1,91.89,53.57,29.0,4.0,0,0
S05680,1,0,1,,35.31,24.0,,0,0
S05681,2,0,1,58.49,35.49,14.0,1.0,0,0
S05682,7,1,1,73.31,58.26,32.0,2.0,1,0
S05683,4,1,1,70.79,24.95,21.0,2.0,0,0
S05684,4,1,1,66.74,99.49722898769929,3.0,4.0,0,0
S05685,5,1,1,71.77,26.48,29.0,4.0,0,0
S05686,4,0,1,83.46,44.01,33.0,2.0,0,0
S05687,7,1,0,61.2,33.02,,4.0,0,0
S05688,2,1,1,66.81,39.78,14.0,7.0,0,0
S05689,7,0,1,86.73,32.9,18.0,2.0,1,0
S05690,2,1,1,79.03,28.84,,2.0,1,0
S05691,3,1,0,91.19,44.47,31.0,5.0,0,0
S05692,5,0,1,93.54,46.59,15.0,3.0,0,0
S05693,8,0,1,51.59,14.79,18.0,4.0,0,0
S05694,2,0,0,76.32,67.02,25.0,1.0,3,0
S05695,5,1,1,64.38,33.63,30.0,8.0,0,0
S05696,1,0,1,54.02,23.71,22.0,1.0,2,1
S05697,1,0,1,60.16,16.7,12.0,3.0,0,0
S05698,7,1,1,67.49,35.49,7.0,3.0,0,0
S05699,6,1,0,67.58,28.55,14.0,0.0,0,0
S05700,4,1,1,62.9,45.68,30.0,2.0,0,0
S05701,5,1,0,71.8,96.25464608597424,25.0,5.0,0,0
S05702,4,0,0,100.0,77.39,37.0,1.0,0,0
S05703,3,0,1,46.12,10.5,8.0,5.0,1,0
S05704,4,1,1,89.06,50.96,32.0,2.0,0,0
S05705,3,0,1,71.72,,10.0,5.0,1,0
S05706,7,1,0,3.2270114096815075,97.84707514326011,28.0,9.0,1,0
S05707,4,1,1,41.73,22.09,2.0,5.0,1,0
S05708,3,1,1,83.44,35.79,11.0,3.0,0,0
S05709,5,1,0,50.39,43.88,33.0,,1,0
S05710,7,1,1,84.42,49.32,28.0,7.0,0,0
S05711,3,1,0,98.12,54.94,33.0,6.0,0,0
S05712,8,0,1,52.76,34.71,1.0,5.0,3,0
S05713,4,0,1,89.53,45.37,34.0,2.0,2,0
S05714,6,0,1,72.38,52.01,30.0,1.0,0,0
S05715,8,1,1,40.59,24.62,10.0,2.0,0,0
S05716,4,0,1,53.93,49.2,23.0,2.0,0,0
S05717,2,0,1,74.67,,33.0,4.0,0,0
S05718,6,1,1,78.02,68.14,29.0,7.0,1,0
S05719,1,0,0,48.29,14.71,0.0,2.0,0,0
S05720,4,1,1,72.48,95.86253160434778,13.0,2.0,0,0
S05721,8,0,1,84.35,47.56,40.0,1.0,0,0
S05722,4,0,1,86.98,57.08,28.0,6.0,0,0
S05723,6,0,1,65.81,31.41,21.0,2.0,0,0
S05724,5,0,1,78.58,67.0,18.0,1.0,1,0
S05725,2,1,1,88.09,48.61,23.0,3.0,0,0
S05726,3,1,1,84.79,51.5,37.0,8.0,0,0
S05727,5,1,1,85.37,44.32,39.0,0.0,1,0
S05728,1,1,1,73.7,23.84,29.0,4.0,1,0
S05729,4,1,0,70.58,44.46,26.0,2.0,0,0
S05730,4,1,1,76.08,34.12,29.0,6.0,0,0
S05731,7,0,0,60.54,40.43,18.0,5.0,1,0
S05732,1,0,1,88.68,18.09,,2.0,0,0
S05733,7,1,0,49.04,10.29,3.0,4.0,0,0
S05734,4,1,0,64.44,41.48,30.0,5.0,1,0
S05735,6,0,1,71.46,,22.0,1.0,2,0
S05736,5,0,1,79.05,45.26,29.0,0.0,0,0
S05737,3,0,1,81.86,48.39,28.0,0.0,1,0
S05738,8,0,1,,42.91,33.0,0.0,0,0
S05739,2,1,1,73.17,42.07,26.0,0.0,0,0
S05740,1,0,1,61.23,32.24,,2.0,0,0
S05741,7,1,1,69.82,51.75,,7.0,1,0
S05742,5,1,0,67.21,21.36,30.0,1.0,1,0
S05743,8,0,1,79.8,48.65,19.0,0.0,1,0
S05744,4,1,1,56.0,24.7,19.0,0.0,2,0
S05745,1,1,1,69.37,96.75759539206825,12.0,1.0,0,0
S05746,1,0,0,96.34,51.46,30.0,2.0,0,0
S05747,4,0,1,74.7,33.75,18.0,,0,0
S05748,2,1,1,56.21,20.02,17.0,0.0,1,0
S05749,8,0,1,66.9,24.17,26.0,5.0,0,0
S05750,1,0,1,38.51,45.69,,1.0,2,1
S05751,8,0,1,71.12,45.88,38.0,1.0,2,0
S05752,2,0,0,96.72,47.3,38.0,2.0,0,0
S05753,1,1,1,54.2,35.73,14.0,3.0,0,0
S05754,3,0,1,50.16,35.68,14.0,0.0,0,0
S05755,2,1,1,62.2,95.21738433458583,22.0,4.0,0,0
S05756,4,0,1,85.82,40.57,,4.0,0,0
S05757,3,1,0,97.57,59.38,22.0,5.0,0,0
S05758,5,0,1,78.72,,30.0,2.0,1,0
S05759,5,1,1,52.71,14.9,6.0,5.0,2,1
S05760,1,1,1,71.67,31.28,27.0,5.0,2,0
S05761,1,0,1,98.84,49.0,41.0,,0,0
S05762,2,1,0,67.34,45.65,23.0,4.0,0,0
S05763,2,0,1,74.11,26.71,5.0,0.0,0,0
S05764,1,1,0,75.61,,9.0,0.0,0,0
S05765,3,1,1,48.81,31.55,19.0,7.0,2,0
S05766,5,0,0,86.97,40.13,8.0,2.0,0,0
S05767,3,0,0,84.81,52.36,32.0,4.0,0,0
S05768,3,0,1,42.1,20.99,20.0,1.0,0,1
S05769,4,1,1,52.04,41.23,24.0,3.0,1,0
S05770,5,1,0,57.45,21.9,15.0,4.0,1,0
S05771,3,0,1,83.23,43.43,30.0,,0,0
S05772,2,0,1,60.73,43.02,20.0,1.0,0,0
S05773,4,0,0,78.02,51.29,13.0,3.0,0,1
S05774,1,1,0,69.27,61.95,27.0,4.0,2,0
S05775,4,0,1,73.07,98.64076608757107,55.0,2.0,1,0
S05776,8,0,0,79.44,52.73,31.0,1.0,0,0
S05777,4,1,1,76.09,22.28,20.0,1.0,0,0
S05778,1,0,1,,58.44,28.0,1.0,1,0
S05779,6,1,1,76.91,46.59,35.0,5.0,0,0
S05780,2,0,0,75.25,53.67,,0.0,0,0
S05781,2,0,1,68.85,98.51879037808729,30.0,0.0,1,0
S05782,2,1,1,,34.45,7.0,7.0,1,0
S05783,8,0,0,100.0,51.68,36.0,,0,0
S05784,8,0,1,65.36,31.28,25.0,0.0,0,1
S05785,5,1,1,,65.15,38.0,5.0,0,0
S05786,5,1,1,61.72,31.06,23.0,2.0,1,0
S05787,6,1,1,84.15,46.18,39.0,6.0,0,0
S05788,5,0,1,98.76,46.92,17.0,0.0,0,0
S05789,5,0,0,66.94,37.93,25.0,2.0,0,0
S05790,8,0,1,61.99,32.07,23.0,3.0,2,0
S05791,6,1,1,65.56,38.28,27.0,6.0,0,0
S05792,1,1,1,71.71,48.92,35.0,1.0,1,0
S05793,4,0,0,76.83,29.14,17.0,7.0,0,0
S05794,8,1,1,71.4,33.91,34.0,0.0,0,0
S05795,4,0,1,65.7,45.47,27.0,,0,0
S05796,2,1,1,100.0,,31.0,2.0,0,0
S05797,7,0,1,68.99,99.62708778975015,14.0,0.0,1,0
S05798,5,0,1,62.7,29.98,21.0,4.0,0,0
S05799,5,1,1,84.46,96.22821869252542,55.0,4.0,0,0
S05800,4,1,1,84.7,37.11,30.0,4.0,0,0
S05801,1,0,1,93.19,38.43,25.0,3.0,0,0
S05802,4,0,0,100.0,50.83,37.0,2.0,0,0
S05803,4,1,0,77.19,16.9,21.0,3.0,1,0
S05804,8,0,1,67.68,62.41,31.0,3.0,2,0
S05805,3,1,1,43.47,,,5.0,3,0
S05806,2,1,0,57.93,38.88,11.0,6.0,1,0
S05807,4,0,1,75.13,44.92,24.0,3.0,0,0
S05808,8,0,0,54.29,37.5,24.0,3.0,1,1
S05809,4,0,1,48.22,43.91,16.0,3.0,2,0
S05810,4,1,1,72.99,39.74,12.0,3.0,0,0
S05811,6,0,1,,49.92,34.0,0.0,0,0
S05812,6,1,0,68.3,50.19,16.0,6.0,1,0
S05813,3,0,1,85.45,27.19,29.0,5.0,0,0
S05814,8,1,1,81.25,54.28,18.0,2.0,1,0
S05815,5,0,1,89.24,54.16,35.0,2.0,0,0
S05816,1,0,0,100.0,,29.0,4.0,0,0
S05817,4,1,0,100.0,57.55,40.0,8.0,0,0
S05818,8,1,0,82.98,49.25,25.0,1.0,0,0
S05819,4,0,1,65.1,29.08,,0.0,0,0
S05820,5,0,0,72.93,32.56,26.0,3.0,0,0
S05821,5,1,1,95.6,50.0,22.0,4.0,0,0
S05822,6,0,1,58.6,,32.0,0.0,1,0
S05823,7,0,1,93.71,52.25,32.0,2.0,0,0
S05824,2,0,1,69.45,41.11,17.0,3.0,0,0
S05825,5,0,1,75.41,96.77349177808607,20.0,0.0,0,0
S05826,5,1,1,,39.59,18.0,0.0,0,0
S05827,2,1,0,52.14,38.07,23.0,2.0,0,0
S05828,6,0,0,67.82,40.33,14.0,1.0,0,0
S05829,1,1,1,91.55,53.02,27.0,7.0,0,0
S05830,4,0,0,61.47,,18.0,0.0,0,1
S05831,3,1,1,96.19,52.79,43.0,4.0,0,0
S05832,2,0,1,63.41,36.15,27.0,1.0,0,0
S05833,7,0,1,55.98,45.12,29.0,4.0,2,0
S05834,2,1,1,75.8,37.49,24.0,0.0,0,0
S05835,3,0,1,82.19,61.66,,2.0,0,0
S05836,7,0,1,74.82,61.26,34.0,4.0,1,0
S05837,8,0,0,74.26,66.18,29.0,2.0,0,0
S05838,1,1,1,96.04,63.24,37.0,2.0,0,0
S05839,3,0,0,73.42,31.72,18.0,0.0,0,0
S05840,6,1,0,64.94,47.39,35.0,4.0,0,0
S05841,7,1,1,55.01,37.31,14.0,1.0,0,0
S05842,8,1,1,91.1,38.44,34.0,1.0,0,0
S05843,5,0,1,65.61,51.2,26.0,0.0,0,0
S05844,1,1,1,67.08,26.77,10.0,3.0,1,0
S05845,7,0,1,87.78,51.15,28.0,4.0,0,0
S05846,2,1,1,100.0,46.72,34.0,4.0,0,0
S05847,1,1,1,75.77,52.49,,1.0,1,0
S05848,6,0,1,69.95,19.92,21.0,1.0,0,0
S05849,5,1,1,71.92,45.16,34.0,0.0,0,0
S05850,1,0,1,65.17,27.58,13.0,0.0,2,0
S05851,2,0,1,66.66,39.52,10.0,4.0,1,0
S05852,5,0,0,66.74,30.45,16.0,2.0,1,0
S05853,3,1,1,85.66,63.23,33.0,2.0,0,0
S05854,6,1,1,70.68,39.88,29.0,1.0,0,0
S05855,4,1,1,92.39,60.54,35.0,1.0,0,0
S05856,5,0,1,70.26,97.4097419851249,29.0,0.0,0,0
S05857,4,1,1,66.49,41.47,22.0,2.0,0,0
S05858,3,1,1,91.17,54.38,25.0,5.0,0,0
S05859,3,1,1,72.32,20.54,15.0,1.0,0,0
S05860,6,0,1,70.1,28.3,12.0,0.0,1,0
S05861,5,0,1,72.5,34.52,,2.0,0,0
S05862,5,1,0,94.0,99.83195129323767,37.0,4.0,0,0
S05863,5,0,1,76.59,55.41,26.0,0.0,1,0
S05864,2,0,1,90.74,53.58,29.0,1.0,0,0
S05865,8,0,1,68.48,30.86,13.0,2.0,1,1
S05866,5,0,1,3.293603469664224,99.01170712101444,49.0,,0,0
S05867,6,0,1,75.57,41.77,17.0,1.0,1,0
S05868,8,0,1,85.24,47.26,28.0,0.0,1,0
S05869,8,1,1,86.5,45.97,36.0,2.0,0,0
S05870,6,1,0,57.88,20.58,18.0,8.0,0,0
S05871,7,0,1,73.08,27.14,16.0,1.0,0,0
S05872,4,0,1,86.36,40.06,34.0,3.0,1,0
S05873,6,1,1,88.75,46.2,18.0,4.0,0,0
S05874,3,0,1,90.8,51.47,43.0,6.0,0,0
S05875,6,1,1,73.57,48.25,25.0,4.0,0,0
S05876,1,1,1,95.1,30.32,29.0,6.0,1,0
S05877,8,0,0,62.14,20.78,8.0,4.0,1,0
S05878,2,0,0,49.58,20.56,5.0,5.0,1,0
S05879,6,0,1,67.84,39.34,21.0,5.0,0,0
S05880,1,1,1,89.94,58.75,44.0,7.0,0,0
S05881,2,0,1,55.71,41.05,18.0,0.0,2,0
S05882,8,1,1,49.95,43.34,17.0,1.0,0,0
S05883,7,1,0,46.19,31.06,16.0,7.0,1,1
S05884,2,1,1,83.04,56.95,45.0,6.0,1,0
S05885,2,1,1,50.29,30.98,11.0,9.0,0,0
S05886,7,0,1,80.24,50.08,38.0,3.0,0,0
S05887,8,0,1,67.08,47.32,,6.0,0,0
S05888,2,1,1,60.44,30.25,13.0,6.0,0,1
S05889,6,0,1,57.02,28.89,16.0,0.0,0,0
S05890,3,0,1,75.09,46.5,23.0,8.0,1,0
S05891,6,0,1,60.69,29.1,,0.0,0,1
S05892,4,0,1,71.93,46.14,4.0,5.0,0,0
S05893,2,1,1,,29.15,26.0,6.0,2,0
S05894,3,0,0,81.19,32.64,21.0,2.0,1,0
S05895,5,1,1,86.01,56.38,22.0,2.0,0,0
S05896,7,1,1,74.47,52.6,13.0,3.0,0,0
S05897,1,0,1,56.25,97.89121376751326,14.0,2.0,2,0
S05898,8,1,1,78.99,36.72,21.0,10.0,1,0
S05899,6,0,1,81.84,43.41,23.0,0.0,0,0
S05900,8,0,1,69.28,34.94,8.0,0.0,1,0
S05901,8,0,1,67.68,42.59,22.0,2.0,1,0
S05902,2,0,1,100.0,63.74,26.0,3.0,0,0
S05903,1,0,1,52.6,26.57,2.0,2.0,1,0
S05904,7,0,1,79.41,68.21,21.0,2.0,1,0
S05905,2,0,1,87.69,57.34,22.0,2.0,0,0
S05906,2,0,1,66.88,98.4105690148426,21.0,0.0,1,0
S05907,4,1,0,69.47,27.62,17.0,2.0,0,0
S05908,8,0,0,65.98,40.08,9.0,5.0,0,0
S05909,7,1,1,72.0,47.92,15.0,3.0,0,0
S05910,5,1,1,85.49,50.27,13.0,1.0,0,0
S05911,2,1,1,69.03,25.86,30.0,5.0,0,0
S05912,3,1,1,100.0,54.09,43.0,5.0,0,0
S05913,6,1,1,65.21,34.29,31.0,2.0,0,1
S05914,2,1,0,92.66,48.13,25.0,5.0,0,0
S05915,5,1,1,80.16,47.37,36.0,5.0,0,0
S05916,1,1,1,73.63,73.75,26.0,8.0,0,0
S05917,3,0,0,94.06,45.05,24.0,0.0,0,0
S05918,2,1,1,48.0,24.55,9.0,6.0,0,0
S05919,6,1,1,78.38,49.56,23.0,4.0,1,0
S05920,8,0,1,61.25,,19.0,0.0,0,0
S05921,2,0,1,65.46,57.45,23.0,2.0,0,0
S05922,7,1,1,64.75,41.51,20.0,2.0,0,0
S05923,6,1,1,57.54,27.93,14.0,2.0,0,0
S05924,8,0,1,47.21,28.44,24.0,3.0,1,1
S05925,8,0,1,77.83,53.27,24.0,2.0,0,0
S05926,1,0,0,71.01,52.69,21.0,2.0,0,0
S05927,6,1,1,67.49,43.01,19.0,3.0,1,0
S05928,5,1,1,83.39,41.79,26.0,7.0,0,0
S05929,1,1,1,78.78,33.33,,0.0,0,0
S05930,3,0,1,68.0,40.42,13.0,1.0,0,0
S05931,8,0,0,100.0,82.82,52.0,0.0,0,0
S05932,5,1,0,87.27,50.82,15.0,3.0,0,0
S05933,3,1,0,100.0,54.74,,6.0,0,0
S05934,3,0,0,65.78,36.76,23.0,4.0,0,0
S05935,7,0,1,75.75,26.85,32.0,2.0,0,0
S05936,3,0,1,53.43,42.9,19.0,3.0,0,0
S05937,2,1,1,67.04,33.78,36.0,7.0,0,0
S05938,5,1,0,63.24,47.68,21.0,6.0,1,0
S05939,8,0,1,100.0,63.21,43.0,4.0,0,0
S05940,2,1,1,61.61,59.52,27.0,4.0,2,0
S05941,3,1,0,68.49,55.13,33.0,3.0,0,0
S05942,4,1,1,,31.85,15.0,2.0,2,1
S05943,2,0,0,80.01,46.83,28.0,1.0,0,0
S05944,6,0,1,58.5,25.31,15.0,3.0,1,0
S05945,3,1,0,85.78,50.17,29.0,5.0,0,0
S05946,2,1,1,45.18,24.51,14.0,3.0,1,1
S05947,3,1,1,70.18,16.4,5.0,1.0,0,0
S05948,8,1,1,44.31,36.65,11.0,1.0,0,0
S05949,8,0,1,64.64,37.15,27.0,3.0,0,0
S05950,5,0,1,67.69,29.6,10.0,3.0,0,0
S05951,4,0,0,63.01,13.21,11.0,3.0,0,0
S05952,7,1,0,64.5,36.62,29.0,1.0,0,1
S05953,2,0,0,86.57,61.51,38.0,2.0,1,0
S05954,6,1,1,100.0,46.83,,5.0,0,0
S05955,6,1,1,77.09,34.34,26.0,2.0,1,0
S05956,6,1,0,59.1,30.0,17.0,2.0,0,0
S05957,2,1,1,72.96,46.75,32.0,5.0,1,0
S05958,6,1,1,66.69,45.16,16.0,5.0,0,0
S05959,5,0,1,85.34,59.1,24.0,2.0,0,0
S05960,8,1,0,76.32,47.59,35.0,5.0,0,0
S05961,2,0,1,48.33,9.51,6.0,2.0,1,1
S05962,5,0,1,88.47,41.93,,6.0,0,0
S05963,7,1,1,86.5,,,3.0,0,0
S05964,3,1,1,94.43,48.23,43.0,2.0,0,0
S05965,6,0,1,64.25,99.61677027026221,10.0,1.0,1,0
S05966,1,0,1,76.51,63.21,,3.0,0,0
S05967,6,0,1,54.23,41.84,21.0,2.0,1,0
S05968,5,1,1,71.23,46.26,28.0,4.0,0,0
S05969,2,1,1,77.95,57.82,26.0,7.0,1,0
S05970,1,0,1,62.46,38.37,18.0,3.0,1,0
S05971,6,1,0,77.14,39.67,,3.0,0,1
S05972,2,1,1,74.52,99.34403330895081,11.0,8.0,0,0
S05973,4,1,1,65.25,25.98,21.0,4.0,0,0
S05974,1,0,1,92.96,45.4,42.0,5.0,0,0
S05975,8,1,0,68.48,31.63,11.0,6.0,0,0
S05976,5,0,0,73.99,31.12,17.0,1.0,0,0
S05977,8,0,1,50.0,18.38,11.0,0.0,1,1
S05978,2,0,1,79.79,32.89,23.0,2.0,0,0
S05979,2,0,1,64.85,40.73,35.0,1.0,0,0
S05980,5,1,0,86.36,37.42,,6.0,0,0
S05981,5,0,0,52.33,24.25,6.0,2.0,1,0
S05982,7,0,1,78.46,40.23,31.0,5.0,0,0
S05983,8,0,0,39.27,11.22,5.0,4.0,0,1
S05984,7,0,1,81.24,46.46,32.0,3.0,0,0
S05985,2,1,1,69.38,21.27,20.0,4.0,1,0
S05986,3,0,1,77.99,36.38,28.0,2.0,0,0
S05987,8,0,1,63.0,41.06,7.0,4.0,0,0
S05988,5,1,1,57.76,40.42,21.0,5.0,0,0
S05989,7,0,1,,37.32,22.0,0.0,2,0
S05990,5,1,1,74.88,25.35,21.0,1.0,2,0
S05991,1,1,1,80.65,29.81,16.0,5.0,0,0
S05992,4,1,0,76.56,41.09,26.0,5.0,0,0
S05993,7,1,1,57.95,38.57,23.0,1.0,1,0
S05994,6,0,0,99.57,47.58,28.0,5.0,0,0
S05995,2,1,1,76.99,46.41,20.0,6.0,0,0
S05996,2,1,1,,35.96,25.0,6.0,0,0
S05997,7,0,0,78.36,59.03,38.0,1.0,1,0
S05998,8,1,0,75.84,50.07,31.0,2.0,0,0
S05999,7,0,0,69.37,48.09,23.0,4.0,0,0
S06000,1,1,1,67.61,36.66,19.0,8.0,0,0
S06001,5,1,1,86.77,43.47,,5.0,0,0
S06002,7,0,1,97.92,58.18,21.0,0.0,0,0
S06003,6,1,1,41.46,23.17,10.0,6.0,1,0
S06004,5,1,0,90.46,57.08,38.0,7.0,0,0
S06005,4,1,1,72.3,45.16,23.0,0.0,1,0
S06006,2,0,1,75.55,51.34,19.0,4.0,0,0
S06007,3,1,1,92.27,53.14,24.0,0.0,0,0
S06008,6,1,0,32.18,27.44,8.0,0.0,2,1
S06009,1,0,1,84.22,19.09,17.0,1.0,0,0
S06010,1,1,1,91.24,52.63,22.0,0.0,1,0
S06011,4,1,1,61.67,54.39,31.0,2.0,0,0
S06012,7,1,0,51.09,34.54,7.0,6.0,0,0
S06013,6,1,0,96.6,41.27,25.0,5.0,0,0
S06014,5,0,1,45.65,19.2,15.0,3.0,1,0
S06015,5,1,0,78.28,59.2,21.0,2.0,0,0
S06016,1,1,1,87.35,73.55,29.0,2.0,0,0
S06017,3,0,1,77.95,51.6,,2.0,0,0
S06018,1,0,0,80.47,74.06,13.0,4.0,1,0
S06019,7,0,1,68.02,38.7,27.0,3.0,0,0
S06020,7,1,1,78.94,99.56120627218205,20.0,5.0,0,0
S06021,3,0,1,61.37,23.69,16.0,0.0,1,1
S06022,3,1,0,63.32,47.76,35.0,1.0,0,0
S06023,3,1,1,72.53,22.33,11.0,1.0,1,0
S06024,8,1,1,48.9,35.5,19.0,4.0,1,0
S06025,4,0,1,80.66,43.75,35.0,5.0,0,0
S06026,7,1,1,34.79,6.53,4.0,4.0,1,1
S06027,4,0,1,77.44,55.51,19.0,2.0,1,0
S06028,6,1,1,78.85,48.38,22.0,5.0,0,0
S06029,5,0,0,60.08,22.73,13.0,4.0,1,1
S06030,3,1,1,53.49,22.85,16.0,3.0,2,0
S06031,8,0,0,65.88,24.7,27.0,0.0,1,0
S06032,6,0,0,81.6,37.84,23.0,1.0,0,0
S06033,7,1,1,77.19,40.11,32.0,6.0,0,0
S06034,8,0,1,55.33,40.13,28.0,2.0,0,0
S06035,2,1,1,73.59,44.47,26.0,5.0,0,0
S06036,1,1,1,75.93,34.88,28.0,,0,0
S06037,5,0,1,75.29,29.68,19.0,5.0,1,0
S06038,3,0,1,57.2,40.95,0.0,0.0,0,0
S06039,4,1,1,74.34,52.51,28.0,0.0,0,0
S06040,2,1,1,85.77,60.61,34.0,1.0,0,0
S06041,4,1,1,80.05,45.19,27.0,2.0,0,0
S06042,4,0,1,,35.53,,2.0,0,0
S06043,3,1,0,96.64,56.0,,2.0,0,0
S06044,6,0,1,74.52,37.19,27.0,1.0,1,0
S06045,5,1,1,,99.10863606636836,30.0,5.0,0,0
S06046,4,1,1,59.42,27.65,23.0,3.0,1,0
S06047,1,1,1,74.64,60.99,34.0,8.0,0,0
S06048,5,0,1,50.44,29.96,25.0,0.0,0,0
S06049,2,0,1,67.34,32.4,11.0,4.0,0,0
S06050,3,0,1,78.96,61.5,31.0,1.0,0,0
S06051,4,0,1,89.57,36.84,24.0,3.0,0,0
S06052,2,0,1,48.84,34.57,5.0,2.0,1,0
S06053,4,1,0,73.49,35.31,21.0,1.0,0,0
S06054,3,0,1,70.98,97.26231795267749,,7.0,0,0
S06055,7,0,1,72.56,47.7,18.0,0.0,1,0
S06056,7,1,1,74.12,42.14,9.0,4.0,0,0
S06057,1,0,0,71.52,21.78,11.0,3.0,0,0
S06058,5,0,1,92.88,49.45,34.0,1.0,0,0
S06059,6,1,1,90.66,49.44,23.0,3.0,0,0
S06060,4,0,1,100.0,38.1,16.0,1.0,1,0
S06061,4,0,0,71.84,38.16,11.0,3.0,2,0
S06062,7,1,1,65.84,47.87,22.0,3.0,0,1
S06063,4,0,1,57.48,29.53,23.0,3.0,1,0
S06064,1,0,1,64.21,42.88,16.0,,0,0
S06065,3,0,1,82.72,48.66,31.0,0.0,0,0
S06066,3,0,1,85.03,,34.0,0.0,0,0
S06067,4,1,1,82.13,49.68,20.0,4.0,0,0
S06068,2,0,1,62.03,45.73,18.0,1.0,2,0
S06069,2,0,1,62.11,22.01,14.0,1.0,2,0
S06070,8,0,1,4.162311103213967,95.70856151490959,,0.0,1,0
S06071,2,1,0,59.52,39.27,13.0,2.0,1,0
S06072,6,0,1,93.25,48.96,20.0,1.0,0,0
S06073,6,1,0,78.07,33.37,25.0,4.0,0,0
S06074,5,0,0,,43.19,27.0,2.0,0,0
S06075,8,1,1,54.23,36.1,20.0,4.0,1,0
S06076,1,0,1,,36.26,27.0,5.0,2,0
S06077,3,0,1,78.26,55.06,32.0,4.0,1,0
S06078,2,0,1,58.36,25.7,18.0,6.0,1,0
S06079,5,0,1,95.32,57.57,26.0,4.0,0,0
S06080,6,1,1,68.88,35.18,14.0,4.0,2,0
S06081,8,1,1,82.51,48.0,14.0,5.0,1,0
S06082,4,1,1,81.3,99.0627632084864,35.0,3.0,1,0
S06083,2,0,1,96.33,25.43,29.0,6.0,0,0
S06084,8,1,0,65.43,16.26,6.0,2.0,0,0
S06085,6,0,1,73.59,46.67,33.0,0.0,0,0
S06086,7,1,1,,48.51,16.0,1.0,0,0
S06087,4,1,1,73.55,95.55217435136016,31.0,10.0,2,0
S06088,4,1,1,89.1,63.47,26.0,11.0,0,0
S06089,4,1,0,75.29,46.54,17.0,10.0,0,0
S06090,6,1,1,,37.69,36.0,8.0,0,0
S06091,2,1,0,79.8,47.49,29.0,5.0,0,0
S06092,8,0,0,63.89,27.75,17.0,3.0,1,0
S06093,2,1,1,78.84,40.06,35.0,4.0,0,0
S06094,4,0,1,,31.55,22.0,4.0,2,0
S06095,3,0,1,60.02,39.36,23.0,4.0,0,0
S06096,6,1,1,53.74,7.59,7.0,1.0,1,0
S06097,6,0,0,72.24,26.92,13.0,1.0,0,0
S06098,8,1,1,71.09,38.56,32.0,2.0,0,0
S06099,7,0,0,90.08,40.16,11.0,6.0,0,0
S06100,2,0,1,70.51,46.1,21.0,2.0,1,0
S06101,2,1,1,56.96,24.67,18.0,1.0,1,0
S06102,8,0,1,95.39,56.45,27.0,3.0,0,0
S06103,4,1,1,27.83,34.53,6.0,2.0,1,1
S06104,1,1,1,72.58,42.34,26.0,5.0,1,0
S06105,7,1,1,75.26,43.19,19.0,3.0,2,0
S06106,6,0,1,71.85,40.85,29.0,2.0,0,0
S06107,1,1,0,79.5,39.36,30.0,9.0,0,0
S06108,7,0,1,73.66,35.16,22.0,0.0,1,0
S06109,5,0,1,79.49,48.92,19.0,1.0,0,0
S06110,5,0,1,62.97,23.17,18.0,2.0,0,0
S06111,7,0,1,50.11,28.84,31.0,4.0,2,0
S06112,4,0,1,71.3,30.43,16.0,0.0,0,0
S06113,4,0,1,56.6,41.83,29.0,1.0,0,0
S06114,5,0,1,61.07,23.28,4.0,1.0,1,0
S06115,2,1,1,89.42,43.18,22.0,4.0,0,0
S06116,2,0,1,95.37,47.88,26.0,3.0,0,0
S06117,7,0,1,89.14,55.76,36.0,2.0,1,0
S06118,2,0,1,86.36,61.54,28.0,1.0,0,0
S06119,5,0,1,72.9,59.66,33.0,1.0,1,0
S06120,3,1,1,87.23,35.63,25.0,3.0,0,0
S06121,2,1,1,77.33,44.05,24.0,5.0,0,0
S06122,5,1,1,100.0,63.04,30.0,6.0,0,0
S06123,7,1,1,58.23,58.9,34.0,4.0,1,0
S06124,4,0,1,82.09,30.15,17.0,3.0,0,0
S06125,2,1,0,53.04,29.1,12.0,6.0,1,1
S06126,2,0,0,82.18,51.45,18.0,3.0,0,0
S06127,2,0,1,46.21,21.72,18.0,1.0,0,1
S06128,8,0,1,53.8,19.82,7.0,2.0,2,0
S06129,3,0,1,52.76,31.6,30.0,2.0,0,0
S06130,3,1,1,75.78,46.0,24.0,1.0,1,0
S06131,1,0,0,77.32,42.13,28.0,3.0,0,0
S06132,4,0,1,100.0,62.71,36.0,2.0,0,0
S06133,8,0,1,70.63,33.23,22.0,4.0,0,0
S06134,4,1,1,83.59,59.51,28.0,2.0,0,0
S06135,6,1,1,74.41,46.61,,6.0,1,0
S06136,2,1,1,82.33,30.13,30.0,3.0,0,0
S06137,2,1,1,74.15,44.39,17.0,3.0,0,0
S06138,6,1,0,88.49,30.32,20.0,2.0,0,0
S06139,1,0,1,56.21,28.31,,0.0,1,0
S06140,4,0,0,35.29,17.84,9.0,0.0,0,1
S06141,3,0,1,78.26,98.02596976037556,9.0,5.0,0,0
S06142,1,0,0,44.92,29.47,9.0,5.0,1,1
S06143,5,1,0,91.68,77.85,42.0,2.0,0,0
S06144,8,0,1,63.78,13.9,18.0,6.0,1,0
S06145,1,0,0,56.43,23.29,13.0,3.0,0,0
S06146,7,1,1,100.0,52.35,21.0,6.0,0,0
S06147,5,0,1,71.72,36.16,18.0,2.0,1,0
S06148,6,0,1,68.85,14.41,12.0,3.0,0,0
S06149,1,0,1,83.22,60.68,30.0,1.0,0,1
S06150,7,1,1,84.23,48.65,27.0,3.0,0,0
S06151,1,0,1,89.09,56.25,26.0,2.0,0,0
S06152,8,0,0,52.01,30.93,9.0,6.0,0,1
S06153,6,0,0,80.04,48.13,38.0,0.0,1,0
S06154,3,1,1,67.6,21.7,15.0,1.0,1,0
S06155,1,0,1,58.18,30.16,12.0,1.0,2,0
S06156,5,0,1,72.72,26.12,21.0,0.0,1,0
S06157,1,1,1,44.83,34.62,12.0,0.0,0,0
S06158,5,1,0,85.84,61.64,31.0,6.0,2,0
S06159,7,0,0,67.64,45.19,28.0,0.0,0,0
S06160,3,0,1,64.84,37.66,27.0,2.0,0,1
S06161,2,0,1,69.93,59.02,41.0,3.0,0,0
S06162,2,1,1,69.49,44.32,8.0,5.0,0,0
S06163,2,0,1,89.11,56.68,30.0,2.0,0,0
S06164,1,1,1,55.56,41.39,12.0,3.0,0,0
S06165,2,1,1,66.27,58.05,36.0,4.0,0,0
S06166,6,1,1,68.75,98.04756482778566,23.0,2.0,1,0
S06167,3,0,1,56.02,35.55,0.0,1.0,1,0
S06168,7,1,0,74.39,17.07,27.0,3.0,1,0
S06169,7,1,1,61.14,39.82,21.0,7.0,1,0
S06170,7,1,1,50.94,32.35,21.0,6.0,0,0
S06171,5,0,1,79.89,49.65,19.0,2.0,1,0
S06172,3,1,0,95.21,39.55,33.0,3.0,0,0
S06173,8,1,1,72.73,27.89,21.0,2.0,1,1
S06174,2,1,0,70.45,54.54,16.0,2.0,0,0
S06175,4,1,1,70.13,46.59,24.0,8.0,1,0
S06176,4,0,0,64.26,39.46,21.0,5.0,0,0
S06177,6,0,1,89.55,48.92,37.0,3.0,0,0
S06178,5,1,0,73.41,30.74,23.0,7.0,0,0
S06179,7,1,1,39.32,,15.0,6.0,0,1
S06180,8,1,0,89.98,38.43,19.0,2.0,0,0
S06181,4,0,1,86.31,,39.0,0.0,0,0
S06182,7,0,1,81.02,96.20590309468422,19.0,5.0,0,0
S06183,2,1,1,30.67,10.93,15.0,7.0,0,1
S06184,8,1,1,71.96,50.57,25.0,6.0,1,0
S06185,2,0,1,85.4,20.04,28.0,3.0,2,0
S06186,7,0,1,77.69,18.48,31.0,1.0,0,0
S06187,4,1,1,75.08,40.72,6.0,6.0,1,0
S06188,8,0,0,85.43,62.87,23.0,6.0,1,0
S06189,2,0,1,74.09,16.37,29.0,0.0,0,0
S06190,4,0,1,90.05,53.11,44.0,1.0,0,0
S06191,8,0,0,,59.19,23.0,2.0,0,0
S06192,1,0,1,73.23,14.77,3.0,0.0,0,0
S06193,3,1,1,85.39,56.09,,1.0,0,0
S06194,1,1,1,66.02,95.21080089560672,20.0,3.0,1,0
S06195,3,1,1,55.54,,25.0,4.0,1,0
S06196,4,1,1,,52.51,23.0,1.0,0,0
S06197,5,0,1,80.86,43.59,,0.0,0,0
S06198,3,0,0,85.88,43.24,35.0,3.0,1,0
S06199,2,0,1,85.96,40.54,32.0,5.0,0,0
S06200,2,0,1,70.97,31.42,16.0,8.0,2,0
S06201,8,1,1,69.43,24.5,27.0,4.0,0,0
S06202,8,0,1,63.12,,15.0,0.0,1,1
S06203,2,1,0,75.75,21.66,21.0,1.0,0,0
S06204,2,0,1,47.38,38.36,9.0,0.0,0,0
S06205,1,0,0,72.34,30.93,20.0,3.0,0,1
S06206,8,0,1,100.0,57.45,40.0,3.0,0,0
S06207,6,0,1,,13.84,0.0,5.0,1,0
S06208,7,1,1,74.35,62.69,32.0,1.0,0,0
S06209,3,1,1,77.67,49.37,26.0,3.0,1,0
S06210,6,0,1,79.6,53.4,22.0,3.0,1,0
S06211,1,1,1,57.5,26.22,17.0,1.0,1,0
S06212,6,1,1,79.73,48.05,18.0,0.0,0,0
S06213,5,0,1,63.98,36.27,6.0,1.0,0,0
S06214,3,0,1,50.59,24.88,8.0,1.0,0,0
S06215,6,0,1,86.28,42.84,12.0,0.0,0,0
S06216,6,0,1,81.97,,15.0,1.0,1,0
S06217,4,1,1,57.5,27.57,4.0,3.0,0,1
S06218,2,0,0,63.84,48.08,29.0,0.0,1,0
S06219,1,0,1,63.3,21.21,9.0,0.0,1,0
S06220,8,1,1,47.35,0.0,13.0,4.0,0,0
S06221,3,0,1,83.44,43.87,35.0,1.0,0,0
S06222,3,1,1,84.0,43.98,,3.0,0,0
S06223,6,0,1,67.01,38.26,18.0,0.0,0,0
S06224,3,0,0,71.58,39.52,20.0,5.0,0,0
S06225,4,0,0,73.72,35.56,24.0,1.0,1,0
S06226,6,0,1,75.67,,41.0,1.0,0,0
S06227,5,0,1,51.79,23.45,18.0,8.0,2,0
S06228,6,1,1,79.33,50.11,30.0,4.0,0,0
S06229,1,1,1,54.37,51.03,34.0,5.0,1,0
S06230,4,1,1,82.22,39.73,28.0,2.0,0,0
S06231,4,0,1,56.03,34.41,26.0,0.0,0,0
S06232,6,1,1,52.5,27.56,19.0,7.0,0,0
S06233,2,0,1,71.58,30.74,26.0,0.0,3,0
S06234,2,1,1,71.24,43.69,14.0,1.0,0,0
S06235,7,1,1,73.56,40.12,14.0,7.0,0,0
S06236,6,1,1,,56.31,14.0,2.0,0,0
S06237,7,0,1,75.04,33.73,31.0,0.0,1,0
S06238,3,1,1,76.45,44.44,31.0,4.0,0,0
S06239,8,1,1,89.49,55.93,39.0,1.0,0,0
S06240,3,0,0,74.78,33.22,23.0,1.0,0,0
S06241,6,1,1,63.01,48.27,,4.0,0,0
S06242,2,0,1,51.79,26.38,19.0,5.0,2,1
S06243,8,0,1,49.05,19.14,13.0,0.0,0,1
S06244,3,1,1,,50.53,22.0,5.0,0,0
S06245,7,1,1,83.9,31.03,15.0,3.0,0,0
S06246,3,0,1,58.65,,16.0,0.0,1,0
S06247,7,0,0,75.83,33.04,23.0,1.0,0,0
S06248,4,0,1,69.39,39.75,31.0,0.0,0,0
S06249,1,0,1,82.77,50.95,36.0,2.0,0,0
S06250,2,0,0,84.99,53.96,28.0,4.0,1,0
S06251,6,0,1,38.01,28.81,27.0,1.0,2,0
S06252,2,1,1,87.48,44.38,30.0,0.0,0,0
S06253,3,0,0,75.78,50.13,32.0,1.0,0,0
S06254,5,0,1,64.03,26.04,19.0,0.0,0,0
S06255,3,0,1,64.45,41.98,11.0,3.0,0,0
S06256,2,0,1,72.48,67.01,19.0,7.0,1,0
S06257,5,0,1,64.44,41.99,31.0,4.0,1,0
S06258,6,0,0,57.94,35.93,15.0,4.0,1,0
S06259,6,0,1,61.38,19.9,15.0,1.0,1,0
S06260,8,0,1,56.4,30.32,17.0,0.0,1,0
S06261,1,1,1,92.2,57.11,27.0,0.0,0,0
S06262,4,1,1,72.84,49.19,32.0,6.0,0,0
S06263,2,0,1,100.0,56.91,,0.0,0,0
S06264,8,0,1,77.57,37.89,24.0,3.0,0,0
S06265,5,0,1,80.83,44.44,30.0,0.0,0,0
S06266,1,0,1,,96.1145657843346,59.0,0.0,1,0
S06267,6,1,0,68.73,30.5,22.0,6.0,1,0
S06268,1,1,1,73.09,48.77,16.0,1.0,1,0
S06269,3,0,0,62.44,41.99,16.0,3.0,0,0
S06270,6,0,1,65.03,24.92,23.0,6.0,2,0
S06271,5,0,1,78.3,65.78,28.0,2.0,0,0
S06272,7,0,0,78.6,44.63,10.0,3.0,0,0
S06273,5,1,0,51.95,21.25,12.0,4.0,1,0
S06274,7,0,1,76.26,37.23,18.0,0.0,0,0
S06275,5,0,1,80.3,46.58,32.0,5.0,0,0
S06276,1,0,0,63.15,20.58,14.0,3.0,1,0
S06277,1,0,1,61.62,14.66,15.0,4.0,0,0
S06278,7,0,1,78.62,35.79,21.0,1.0,1,0
S06279,1,0,1,33.4,30.16,15.0,3.0,0,0
S06280,4,0,0,72.03,27.46,30.0,0.0,1,0
S06281,1,0,1,96.52,54.53,35.0,1.0,0,0
S06282,3,1,1,33.05,18.08,17.0,2.0,0,1
S06283,5,0,0,84.34,47.09,37.0,3.0,0,0
S06284,2,0,1,80.17,,11.0,0.0,0,0
S06285,4,1,0,50.43,36.67,19.0,1.0,0,0
S06286,8,0,1,79.81,99.14584809790809,22.0,1.0,1,0
S06287,1,1,1,87.02,39.58,18.0,2.0,0,0
S06288,1,1,1,54.35,33.35,14.0,1.0,0,0
S06289,3,0,1,61.39,27.75,24.0,2.0,1,0
S06290,7,0,1,72.39,53.26,34.0,0.0,0,0
S06291,4,1,0,86.67,99.83564907815672,17.0,6.0,1,0
S06292,6,0,1,63.88,31.83,24.0,3.0,1,0
S06293,1,0,1,,,38.0,2.0,0,0
S06294,6,1,1,62.03,33.52,33.0,4.0,1,0
S06295,1,0,1,,13.22,0.0,1.0,0,0
S06296,6,1,1,87.7,74.69,,10.0,0,0
S06297,2,1,1,73.59,45.26,,2.0,0,0
S06298,7,1,1,66.64,29.68,2.0,1.0,0,0
S06299,3,1,1,71.51,30.57,16.0,1.0,1,0
S06300,2,1,1,59.99,28.42,28.0,3.0,1,0
S06301,3,0,1,57.08,32.63,20.0,4.0,1,0
S06302,1,1,1,90.05,95.71340035754245,24.0,3.0,0,0
S06303,2,1,1,96.57,50.62,32.0,4.0,0,0
S06304,5,1,0,45.13,37.14,17.0,4.0,0,1
S06305,3,1,1,80.73,63.8,,3.0,0,0
S06306,3,1,1,84.88,45.5,26.0,3.0,0,0
S06307,7,0,0,53.82,33.81,23.0,2.0,2,0
S06308,1,1,1,,29.91,14.0,8.0,0,0
S06309,4,0,0,63.34,23.69,8.0,8.0,2,0
S06310,2,0,1,100.0,48.1,27.0,0.0,2,0
S06311,4,0,0,96.79,26.78,24.0,5.0,0,0
S06312,3,1,0,58.18,25.16,13.0,2.0,1,0
S06313,1,1,0,50.11,12.99,1.0,3.0,0,0
S06314,1,0,1,83.59,48.16,28.0,6.0,1,0
S06315,7,0,0,80.16,72.62,32.0,2.0,0,0
S06316,1,0,1,90.66,52.3,23.0,0.0,0,0
S06317,7,0,1,56.11,30.72,11.0,0.0,1,0
S06318,8,0,1,82.85,41.4,25.0,6.0,0,0
S06319,4,1,1,61.02,96.204894203345,11.0,1.0,0,0
S06320,3,0,0,81.35,49.71,34.0,6.0,0,0
S06321,7,0,0,71.44,27.72,15.0,3.0,0,1
S06322,8,0,1,100.0,58.43,28.0,1.0,0,0
S06323,1,0,1,78.71,31.42,,1.0,0,0
S06324,8,1,1,67.29,37.84,29.0,3.0,2,0
S06325,8,0,1,74.07,38.31,,6.0,0,0
S06326,2,0,0,70.49,44.46,38.0,0.0,0,0
S06327,1,1,1,54.68,47.51,19.0,1.0,2,0
S06328,6,0,0,100.0,70.82,42.0,2.0,0,0
S06329,1,1,1,95.98,40.72,28.0,5.0,0,0
S06330,5,1,1,69.36,25.27,14.0,3.0,1,0
S06331,1,1,1,82.5,48.42,26.0,0.0,0,0
S06332,6,1,1,100.0,67.9,27.0,7.0,1,0
S06333,2,0,0,90.55,39.32,13.0,4.0,0,0
S06334,1,0,0,67.39,28.13,29.0,1.0,1,0
S06335,1,0,0,70.68,41.73,,0.0,0,0
S06336,2,0,0,46.24,19.29,,3.0,1,1
S06337,5,0,1,83.62,68.67,30.0,0.0,0,0
S06338,1,0,1,90.64,43.02,,4.0,0,0
S06339,7,0,0,90.75,46.24,40.0,5.0,0,0
S06340,5,0,1,,43.51,30.0,1.0,0,0
S06341,3,1,0,77.29,32.51,23.0,2.0,0,0
S06342,8,0,1,57.03,97.54152067474878,23.0,1.0,1,1
S06343,6,0,0,76.8,40.16,,2.0,0,0
S06344,6,0,1,62.53,45.08,20.0,3.0,1,0
S06345,2,1,0,79.88,75.14,35.0,5.0,1,0
S06346,6,0,1,60.54,25.83,9.0,0.0,0,0
S06347,5,1,1,79.78,27.48,18.0,3.0,1,0
S06348,8,0,0,91.85,44.95,26.0,1.0,0,0
S06349,4,0,1,77.66,34.49,22.0,5.0,0,0
S06350,6,1,1,76.93,54.1,33.0,3.0,0,0
S06351,3,0,1,85.7,47.91,16.0,7.0,0,0
S06352,1,0,1,98.56,,32.0,1.0,0,0
S06353,2,0,1,70.39,35.63,17.0,1.0,0,0
S06354,7,0,1,79.82,48.23,39.0,4.0,0,0
S06355,6,0,1,94.67,66.34,38.0,1.0,0,0
S06356,3,0,1,82.04,57.9,28.0,2.0,1,0
S06357,6,0,0,41.96,,19.0,8.0,0,0
S06358,1,1,1,61.27,39.32,8.0,3.0,0,0
S06359,1,0,1,83.27,57.01,43.0,7.0,1,0
S06360,5,0,1,66.0,24.57,14.0,2.0,0,0
S06361,5,1,1,,67.48,40.0,0.0,0,0
S06362,8,0,0,99.87,58.62,37.0,4.0,0,0
S06363,7,1,1,63.15,38.64,21.0,4.0,0,0
S06364,3,0,1,56.51,36.33,27.0,10.0,0,0
S06365,7,1,1,66.58,19.39,28.0,2.0,1,0
S06366,4,1,0,,45.74,21.0,9.0,0,0
S06367,7,0,1,95.04,44.78,27.0,0.0,0,0
S06368,2,1,1,56.47,34.84,18.0,0.0,1,0
S06369,1,1,1,83.14,50.65,26.0,1.0,0,0
S06370,1,1,0,92.82,98.63696749367303,33.0,6.0,0,0
S06371,8,0,1,84.29,60.34,35.0,3.0,0,0
S06372,1,0,1,78.55,99.36981399827953,29.0,3.0,0,0
S06373,8,0,0,69.57,97.30012231454937,23.0,0.0,1,0
S06374,6,1,1,99.73,99.2861173225551,27.0,3.0,0,0
S06375,2,0,1,68.32,39.11,24.0,2.0,1,0
S06376,7,0,1,86.22,47.07,14.0,3.0,1,0
S06377,2,1,0,69.62,28.96,15.0,4.0,2,0
S06378,2,0,1,44.37,21.09,17.0,0.0,0,0
S06379,5,1,1,,40.6,28.0,3.0,2,0
S06380,3,0,0,69.66,31.38,21.0,0.0,0,1
S06381,3,1,1,69.85,33.12,23.0,0.0,1,1
S06382,2,0,1,62.1,41.07,22.0,3.0,1,0
S06383,5,0,1,81.39,,31.0,1.0,0,0
S06384,1,0,1,83.06,48.48,25.0,1.0,1,0
S06385,2,0,1,67.41,23.51,13.0,3.0,0,0
S06386,5,0,1,67.29,40.35,24.0,3.0,0,0
S06387,4,0,0,56.24,30.52,32.0,2.0,1,0
S06388,6,1,1,75.82,37.39,16.0,8.0,0,0
S06389,2,0,0,92.67,65.4,29.0,2.0,0,0
S06390,6,0,1,92.68,42.87,27.0,4.0,0,0
S06391,7,0,1,63.01,35.08,38.0,0.0,0,0
S06392,4,0,1,100.0,55.1,25.0,0.0,0,0
S06393,3,1,1,,32.97,19.0,1.0,0,0
S06394,5,0,1,56.76,58.77,14.0,0.0,0,0
S06395,5,1,1,51.57,7.7,5.0,2.0,0,1
S06396,1,1,1,,25.36,6.0,2.0,1,0
S06397,5,1,1,77.01,71.14,29.0,3.0,0,0
S06398,2,1,1,68.14,43.76,27.0,1.0,1,0
S06399,5,0,0,62.52,35.43,15.0,,0,0
S06400,8,1,1,59.29,22.8,29.0,6.0,1,0
S06401,5,1,1,55.71,18.75,0.0,7.0,1,0
S06402,7,1,1,58.65,96.33774548051933,8.0,4.0,0,0
S06403,3,0,1,87.23,,21.0,6.0,0,0
S06404,8,0,1,99.05,99.8830001131517,32.0,0.0,0,0
S06405,7,1,1,99.98,44.17,29.0,,0,0
S06406,8,0,1,82.31,57.86,25.0,5.0,0,0
S06407,6,1,1,64.62,18.8,24.0,4.0,0,0
S06408,6,0,0,61.98,45.84,30.0,4.0,1,1
S06409,5,0,1,83.34,59.16,33.0,1.0,0,0
S06410,8,0,1,68.3,27.22,22.0,3.0,0,0
S06411,7,0,0,78.18,51.51,24.0,3.0,0,0
S06412,4,0,1,100.0,58.64,41.0,2.0,0,0
S06413,1,1,1,75.25,98.61459083489939,39.0,6.0,0,0
S06414,1,1,1,100.0,98.02838490508431,38.0,3.0,0,0
S06415,2,1,0,55.1,95.21631802406374,12.0,2.0,0,0
S06416,1,1,1,78.71,46.41,27.0,1.0,0,0
S06417,2,1,1,76.71,51.96,29.0,3.0,0,1
S06418,1,0,0,57.24,28.13,13.0,3.0,0,0
S06419,8,1,1,84.02,98.57738904539666,34.0,,0,0
S06420,1,1,0,94.96,56.62,33.0,5.0,0,0
S06421,6,1,0,100.0,61.2,42.0,2.0,1,0
S06422,3,0,1,78.17,26.84,17.0,1.0,0,0
S06423,2,1,1,43.5,7.48,0.0,8.0,1,1
S06424,6,0,1,79.15,43.68,22.0,2.0,1,0
S06425,8,0,1,83.13,52.66,27.0,1.0,0,0
S06426,7,1,1,68.47,43.23,7.0,1.0,0,0
S06427,8,1,1,75.23,45.4,19.0,6.0,0,0
S06428,5,0,0,64.75,48.23,30.0,1.0,0,0
S06429,6,0,0,69.99,95.62375401766586,26.0,2.0,0,0
S06430,2,1,1,87.26,47.39,29.0,8.0,0,0
S06431,7,0,1,92.84,57.33,21.0,6.0,0,0
S06432,6,0,0,52.94,41.27,26.0,0.0,2,0
S06433,3,1,1,64.33,41.45,16.0,6.0,1,0
S06434,3,1,1,48.17,29.12,15.0,5.0,1,1
S06435,5,0,1,99.57,63.0,36.0,0.0,0,0
S06436,1,0,0,85.06,50.02,28.0,0.0,1,0
S06437,7,0,1,41.98,13.59,24.0,5.0,1,1
S06438,3,0,1,71.03,56.43,27.0,0.0,0,0
S06439,1,1,1,,49.31,24.0,4.0,1,0
S06440,3,1,1,60.66,,18.0,2.0,1,0
S06441,7,0,1,87.54,58.34,31.0,3.0,1,0
S06442,3,0,1,87.2,42.76,26.0,10.0,0,0
S06443,5,0,1,76.04,36.06,25.0,2.0,0,0
S06444,7,0,0,62.38,29.07,16.0,5.0,0,0
S06445,1,0,1,62.5,30.93,15.0,4.0,1,0
S06446,7,0,0,72.66,37.03,15.0,4.0,0,0
S06447,3,1,1,65.14,21.82,18.0,1.0,1,0
S06448,6,0,1,71.91,19.29,20.0,3.0,2,0
S06449,2,1,0,80.37,39.52,40.0,8.0,2,0
S06450,2,0,1,49.0,22.53,22.0,2.0,1,1
S06451,7,1,1,60.63,45.35,17.0,4.0,1,0
S06452,7,1,1,71.49,18.97,,3.0,0,0
S06453,8,0,1,95.48,98.17825239158498,57.0,0.0,0,0
S06454,6,0,1,84.68,45.02,43.0,2.0,0,0
S06455,4,1,0,71.95,39.39,29.0,9.0,0,0
S06456,2,0,0,78.03,38.73,11.0,4.0,1,1
S06457,3,0,1,70.48,43.3,29.0,3.0,0,0
S06458,6,0,0,88.16,97.93158986212345,37.0,4.0,0,0
S06459,3,1,1,78.51,24.61,42.0,2.0,0,0
S06460,4,0,1,91.18,70.3,27.0,1.0,0,0
S06461,2,0,1,51.67,37.78,16.0,4.0,0,1
S06462,4,0,0,59.91,28.12,22.0,2.0,0,0
S06463,2,1,1,76.12,95.66066492077005,58.0,2.0,0,0
S06464,1,0,0,79.4,53.67,18.0,2.0,0,0
S06465,2,1,1,100.0,90.28,36.0,2.0,0,0
S06466,5,1,1,44.88,26.88,0.0,3.0,1,1
S06467,3,0,1,71.5,32.93,12.0,2.0,1,0
S06468,1,0,0,70.83,40.6,29.0,0.0,0,0
S06469,5,1,0,75.57,32.73,28.0,3.0,0,0
S06470,2,1,1,98.0,71.87,42.0,4.0,0,0
S06471,1,0,1,85.14,54.68,31.0,,0,0
S06472,2,0,1,47.94,32.28,14.0,5.0,0,0
S06473,4,0,0,95.01,62.07,41.0,4.0,0,0
S06474,8,0,1,94.59,26.02,27.0,0.0,0,0
S06475,2,0,1,75.95,31.23,21.0,,1,0
S06476,3,0,1,47.73,0.0,13.0,2.0,1,1
S06477,2,0,1,69.73,44.83,25.0,0.0,1,0
S06478,3,1,1,79.03,36.7,24.0,0.0,0,0
S06479,6,1,0,86.95,41.96,16.0,8.0,0,0
S06480,3,1,1,45.44,21.47,11.0,,0,1
S06481,6,1,1,60.46,51.95,18.0,2.0,0,0
S06482,8,1,1,88.47,44.43,29.0,2.0,0,0
S06483,8,0,1,94.53,46.92,27.0,0.0,0,0
S06484,5,1,1,78.46,36.09,29.0,3.0,0,0
S06485,6,0,1,89.23,33.34,16.0,1.0,0,0
S06486,8,0,1,78.83,41.84,28.0,3.0,0,0
S06487,7,1,1,86.45,50.72,42.0,2.0,1,0
S06488,3,1,1,74.18,41.42,18.0,1.0,0,0
S06489,2,0,1,79.2,27.71,25.0,0.0,0,0
S06490,1,1,0,53.67,16.5,14.0,6.0,0,0
S06491,8,0,1,82.83,47.93,24.0,1.0,0,0
S06492,5,0,1,53.21,11.93,7.0,2.0,0,0
S06493,3,0,0,82.82,52.98,,3.0,0,0
S06494,3,0,0,65.42,39.92,23.0,5.0,1,0
S06495,3,1,1,77.55,38.36,19.0,2.0,0,0
S06496,7,0,1,57.71,25.56,11.0,0.0,0,0
S06497,5,0,1,64.45,37.26,20.0,6.0,2,0
S06498,8,1,1,77.52,25.61,7.0,2.0,0,0
S06499,3,0,1,83.31,69.56,35.0,7.0,0,0
S06500,4,0,1,88.41,40.1,24.0,0.0,0,0
S06501,1,0,1,54.75,41.0,19.0,2.0,2,0
S06502,8,0,1,49.48,36.15,18.0,6.0,0,0
S06503,5,0,1,57.37,97.78062823365337,25.0,1.0,0,1
S06504,5,1,0,56.02,20.91,21.0,2.0,0,0
S06505,4,1,1,95.5,60.26,,1.0,0,0
S06506,3,0,1,92.1,77.57,38.0,5.0,0,0
S06507,8,0,1,57.05,37.56,14.0,1.0,0,0
S06508,4,0,1,97.65,76.75,49.0,4.0,0,0
S06509,6,1,1,91.21,49.96,32.0,3.0,0,0
S06510,1,0,0,47.56,41.54,13.0,3.0,0,0
S06511,3,0,0,56.55,39.66,10.0,0.0,0,0
S06512,7,1,1,47.11,0.0,12.0,4.0,0,0
S06513,1,1,0,70.7,36.2,25.0,4.0,0,0
S06514,1,0,1,72.26,33.84,23.0,4.0,0,0
S06515,7,0,1,72.23,36.53,37.0,3.0,0,0
S06516,3,0,1,41.6,22.78,8.0,2.0,1,1
S06517,3,1,1,50.59,97.40292219798668,20.0,4.0,0,0
S06518,5,0,1,75.9,36.09,15.0,7.0,0,0
S06519,2,0,1,81.33,46.96,43.0,3.0,1,0
S06520,1,1,0,41.7,20.38,2.0,3.0,3,0
S06521,1,0,0,52.78,41.05,32.0,2.0,1,0
S06522,1,0,0,87.34,51.77,27.0,2.0,0,0
S06523,2,1,1,,8.46,0.0,5.0,0,0
S06524,6,0,0,71.78,57.93,33.0,0.0,0,0
S06525,3,1,0,52.21,12.99,16.0,3.0,0,0
S06526,1,1,1,84.47,34.22,23.0,3.0,0,0
S06527,1,0,1,41.75,32.93,17.0,0.0,0,0
S06528,4,1,0,67.43,52.82,26.0,5.0,0,0
S06529,7,1,1,86.1,45.09,31.0,6.0,0,0
S06530,3,1,1,81.15,43.76,35.0,2.0,0,0
S06531,1,1,0,65.04,30.75,22.0,5.0,0,0
S06532,2,0,1,61.52,25.34,24.0,0.0,1,0
S06533,4,0,1,68.51,29.98,17.0,4.0,1,0
S06534,2,1,1,52.66,22.77,22.0,4.0,1,1
S06535,8,0,1,,,18.0,5.0,0,0
S06536,7,0,1,70.76,,13.0,1.0,0,0
S06537,3,0,1,65.73,36.76,19.0,1.0,0,0
S06538,8,0,1,87.01,55.24,26.0,0.0,0,0
S06539,3,1,1,55.94,33.71,24.0,6.0,0,0
S06540,2,1,1,46.43,19.37,2.0,4.0,1,0
S06541,8,1,1,64.12,36.85,28.0,2.0,0,0
S06542,8,0,1,73.86,29.48,18.0,0.0,0,0
S06543,3,0,1,70.4,27.84,2.0,0.0,0,0
S06544,5,1,1,69.73,38.96,12.0,5.0,1,0
S06545,2,0,1,55.1,33.71,14.0,2.0,0,0
S06546,6,1,1,57.26,26.56,21.0,1.0,0,0
S06547,6,1,0,64.67,34.09,19.0,3.0,0,0
S06548,6,0,1,63.49,38.26,10.0,5.0,0,0
S06549,5,0,1,88.47,49.57,22.0,3.0,0,0
S06550,6,1,1,75.96,30.22,14.0,5.0,0,0
S06551,5,0,1,64.01,23.6,22.0,3.0,0,0
S06552,7,1,1,88.43,,28.0,6.0,0,0
S06553,2,1,0,78.69,59.67,30.0,4.0,1,0
S06554,4,0,1,51.64,44.11,1.0,3.0,1,0
S06555,4,1,1,23.37,17.24,1.0,3.0,0,0
S06556,5,0,1,52.11,27.75,31.0,2.0,0,0
S06557,2,0,1,80.92,44.7,31.0,0.0,0,0
S06558,3,1,1,85.37,40.3,25.0,8.0,0,0
S06559,8,1,1,47.1,18.63,6.0,0.0,0,0
S06560,1,1,1,81.88,53.39,35.0,5.0,1,0
S06561,6,1,1,81.31,95.50920826856297,,3.0,0,0
S06562,6,0,0,92.93,38.12,21.0,,0,1
S06563,4,0,1,86.26,47.23,19.0,3.0,0,0
S06564,1,0,1,92.28,96.7574056926131,32.0,0.0,0,0
S06565,1,0,1,79.33,60.21,28.0,,0,0
S06566,3,0,1,78.82,32.3,29.0,0.0,0,0
S06567,1,0,1,66.94,44.87,35.0,4.0,0,0
S06568,1,1,1,84.3,48.26,19.0,1.0,1,0
S06569,2,0,1,52.01,,16.0,6.0,0,0
S06570,2,1,0,69.92,46.61,27.0,5.0,1,0
S06571,7,1,1,,60.59,31.0,3.0,0,0
S06572,6,1,1,93.12,43.61,25.0,0.0,0,0
S06573,1,0,1,64.83,35.69,15.0,4.0,0,0
S06574,6,1,1,86.5,40.24,24.0,3.0,1,0
S06575,2,1,1,69.04,56.48,,1.0,0,0
S06576,4,0,1,86.81,43.21,20.0,2.0,0,0
S06577,1,0,1,59.98,,15.0,3.0,1,0
S06578,1,0,1,82.89,47.41,33.0,0.0,0,0
S06579,2,1,1,70.57,38.1,13.0,2.0,1,0
S06580,4,1,1,54.22,29.75,18.0,5.0,0,0
S06581,4,0,1,69.7,29.91,6.0,1.0,0,1
S06582,3,1,0,91.83,48.31,31.0,8.0,0,0
S06583,5,0,0,56.71,28.52,17.0,0.0,1,0
S06584,6,0,1,49.74,28.81,16.0,2.0,2,0
S06585,6,1,1,77.98,50.26,18.0,5.0,2,0
S06586,5,1,1,46.83,29.71,15.0,2.0,0,1
S06587,5,1,1,95.45,48.83,31.0,0.0,0,0
S06588,4,0,1,95.07,54.52,41.0,4.0,0,0
S06589,2,0,0,87.57,67.38,33.0,3.0,0,0
S06590,4,0,1,71.83,18.87,,1.0,0,0
S06591,1,0,1,96.97,37.76,25.0,1.0,0,0
S06592,8,0,1,92.18,41.76,25.0,3.0,0,0
S06593,3,1,1,64.01,42.44,21.0,3.0,1,0
S06594,7,1,1,93.58,43.01,29.0,4.0,0,0
S06595,8,0,1,58.32,99.39187419915281,16.0,1.0,0,1
S06596,4,0,1,69.04,59.14,44.0,2.0,0,0
S06597,7,0,1,45.1,7.93,9.0,6.0,0,1
S06598,4,0,1,74.19,53.57,34.0,3.0,0,0
S06599,2,1,1,67.58,49.36,20.0,3.0,0,1
S06600,1,0,0,65.22,,3.0,1.0,0,0
S06601,2,1,1,69.52,41.45,23.0,1.0,1,0
S06602,8,0,1,63.31,,,0.0,2,0
S06603,4,0,0,72.63,69.26,28.0,4.0,1,0
S06604,3,1,1,91.25,97.79514870052606,59.0,5.0,0,0
S06605,4,0,1,56.07,31.33,17.0,1.0,0,0
S06606,3,0,0,84.94,66.79,23.0,1.0,0,0
S06607,7,1,1,75.23,39.87,31.0,0.0,1,0
S06608,8,0,0,77.61,39.04,,0.0,0,0
S06609,1,0,1,71.54,55.45,17.0,3.0,0,0
S06610,6,0,1,61.24,45.08,,0.0,0,0
S06611,3,0,1,78.67,29.98,22.0,4.0,0,0
S06612,1,0,1,79.78,97.00534262179843,35.0,1.0,0,0
S06613,8,0,1,59.99,42.31,22.0,,1,0
S06614,1,1,1,51.92,24.53,9.0,2.0,0,0
S06615,2,1,1,73.28,35.15,14.0,1.0,0,0
S06616,1,0,1,83.32,31.23,22.0,2.0,1,0
S06617,4,0,1,87.08,,47.0,3.0,0,0
S06618,5,0,1,90.05,70.5,27.0,0.0,0,0
S06619,3,0,1,77.57,50.1,30.0,1.0,0,0
S06620,1,0,1,68.05,42.37,11.0,0.0,0,0
S06621,1,1,1,71.97,27.06,14.0,1.0,0,0
S06622,8,0,1,53.35,17.73,14.0,3.0,0,0
S06623,7,0,1,61.76,32.85,32.0,5.0,1,0
S06624,8,1,0,71.2,,12.0,4.0,2,0
S06625,5,1,0,68.0,36.41,16.0,2.0,1,0
S06626,5,0,1,73.38,28.19,30.0,3.0,0,0
S06627,7,0,1,51.38,31.09,28.0,1.0,0,0
S06628,5,1,0,54.73,32.38,20.0,4.0,1,1
S06629,4,0,1,83.63,52.91,32.0,3.0,0,0
S06630,3,1,1,59.5,30.01,11.0,6.0,1,0
S06631,4,1,1,61.86,37.58,8.0,2.0,1,0
S06632,1,0,1,73.43,22.72,14.0,0.0,0,0
S06633,2,0,0,58.03,46.58,10.0,0.0,1,0
S06634,6,0,1,88.59,30.29,30.0,0.0,0,0
S06635,7,0,1,53.15,35.12,6.0,2.0,1,0
S06636,1,0,1,72.02,54.33,24.0,3.0,0,0
S06637,1,1,1,60.77,22.57,16.0,1.0,0,1
S06638,1,1,1,74.34,58.47,19.0,0.0,1,0
S06639,7,1,0,64.54,37.93,27.0,4.0,0,1
S06640,3,1,1,71.65,34.48,15.0,4.0,0,0
S06641,3,1,1,90.32,65.69,,5.0,0,0
S06642,1,0,1,61.69,38.54,25.0,1.0,0,0
S06643,8,0,1,61.56,25.48,11.0,3.0,0,0
S06644,4,1,1,67.26,38.6,30.0,7.0,0,0
S06645,7,1,1,94.11,50.76,22.0,1.0,0,0
S06646,6,0,1,70.65,38.4,32.0,2.0,1,0
S06647,2,1,0,90.51,57.68,32.0,4.0,1,0
S06648,7,0,1,69.35,27.29,9.0,3.0,0,0
S06649,5,0,1,,40.53,18.0,2.0,0,0
S06650,5,1,0,78.11,37.52,21.0,2.0,0,0
S06651,2,0,0,80.32,28.35,32.0,1.0,1,0
S06652,7,0,1,50.46,,13.0,2.0,1,0
S06653,8,1,1,48.24,29.5,12.0,6.0,1,0
S06654,4,1,0,88.05,66.47,29.0,10.0,0,0
S06655,1,0,1,87.87,56.35,12.0,1.0,0,0
S06656,7,1,1,100.0,59.66,39.0,8.0,0,0
S06657,8,0,1,49.71,32.28,25.0,5.0,2,1
S06658,5,1,1,79.29,40.41,31.0,8.0,0,0
S06659,5,0,1,56.64,37.31,14.0,2.0,2,1
S06660,2,1,0,60.89,17.32,,5.0,1,0
S06661,1,1,1,64.47,22.49,11.0,1.0,0,0
S06662,8,0,0,77.74,23.57,,3.0,0,0
S06663,4,0,1,62.04,42.24,37.0,5.0,2,0
S06664,3,0,1,72.5,98.2355979085073,22.0,2.0,0,0
S06665,6,1,1,84.48,98.51833553883064,34.0,2.0,0,0
S06666,1,1,1,88.92,43.53,,5.0,0,0
S06667,1,1,1,82.39,52.17,27.0,7.0,0,0
S06668,2,1,1,78.78,37.57,,4.0,0,0
S06669,4,0,1,69.88,31.52,26.0,3.0,1,0
S06670,3,1,1,63.47,24.71,11.0,1.0,0,0
S06671,2,0,1,80.09,,30.0,3.0,0,0
S06672,3,1,1,56.24,,8.0,3.0,0,0
S06673,3,0,1,73.79,38.17,20.0,4.0,1,0
S06674,5,1,1,55.86,18.22,13.0,6.0,0,0
S06675,5,0,1,71.38,,33.0,3.0,1,0
S06676,8,0,0,56.19,4.61,0.0,7.0,1,0
S06677,7,0,0,65.99,36.94,39.0,2.0,0,1
S06678,3,1,1,61.86,37.01,12.0,3.0,1,0
S06679,8,0,1,60.05,24.73,17.0,4.0,1,1
S06680,5,0,1,70.69,30.56,25.0,4.0,0,0
S06681,2,0,1,35.64,10.95,12.0,0.0,1,1
S06682,3,0,0,44.96,23.02,19.0,6.0,1,0
S06683,6,1,1,84.06,60.06,32.0,0.0,0,0
S06684,7,1,0,74.21,95.22038231889242,40.0,4.0,1,0
S06685,3,1,1,61.15,30.44,24.0,6.0,0,0
S06686,2,1,0,86.61,36.28,27.0,3.0,0,0
S06687,2,0,1,62.41,41.72,15.0,1.0,0,0
S06688,1,0,1,63.3,32.37,15.0,0.0,0,0
S06689,6,1,0,60.25,24.53,29.0,3.0,0,0
S06690,5,1,1,100.0,98.62171083627346,47.0,6.0,0,0
S06691,4,0,1,75.53,50.2,32.0,9.0,0,0
S06692,6,1,1,74.94,40.71,0.0,2.0,1,0
S06693,7,0,0,79.0,28.79,7.0,3.0,2,0
S06694,7,0,0,44.21,30.3,12.0,2.0,0,0
S06695,2,0,1,63.09,37.95,,1.0,1,0
S06696,5,1,1,78.82,62.84,25.0,3.0,0,0
S06697,8,1,1,71.94,34.85,32.0,1.0,1,0
S06698,7,0,1,100.0,78.91,42.0,4.0,0,0
S06699,3,1,1,63.97,43.85,21.0,4.0,0,0
S06700,4,1,1,86.15,32.86,15.0,3.0,0,0
S06701,8,0,1,84.09,48.77,17.0,4.0,1,0
S06702,1,1,1,74.14,33.96,24.0,1.0,0,0
S06703,5,0,1,76.87,47.03,28.0,0.0,0,0
S06704,1,0,1,67.65,38.45,11.0,6.0,1,0
S06705,8,0,1,42.4,19.21,17.0,5.0,1,0
S06706,1,0,1,77.24,54.1,10.0,1.0,0,0
S06707,1,0,1,78.43,32.73,3.0,1.0,2,0
S06708,3,0,0,80.78,42.3,19.0,4.0,0,0
S06709,2,0,1,72.95,54.28,34.0,0.0,0,0
S06710,4,1,0,86.56,62.02,40.0,4.0,1,0
S06711,3,1,0,59.01,35.03,5.0,7.0,1,0
S06712,3,0,0,94.03,53.73,18.0,5.0,0,0
S06713,5,0,1,,55.92,23.0,0.0,1,0
S06714,5,0,1,70.38,39.62,18.0,2.0,0,0
S06715,8,1,1,82.21,53.37,37.0,,0,0
S06716,4,1,1,64.28,52.11,26.0,1.0,0,0
S06717,5,0,1,83.24,50.39,,2.0,1,0
S06718,6,1,1,66.86,22.13,14.0,2.0,0,0
S06719,2,1,1,73.77,38.08,27.0,4.0,0,0
S06720,6,1,1,69.28,41.82,38.0,0.0,0,0
S06721,7,0,0,63.35,52.31,20.0,2.0,0,0
S06722,3,0,1,100.0,48.3,32.0,4.0,0,0
S06723,2,1,1,59.4,18.84,14.0,5.0,2,0
S06724,3,0,0,37.71,23.77,0.0,2.0,1,1
S06725,3,0,1,59.95,98.01688579515962,9.0,4.0,0,0
S06726,5,0,1,73.97,23.33,16.0,1.0,1,0
S06727,7,0,0,66.35,51.07,7.0,4.0,0,0
S06728,5,1,0,87.28,33.38,16.0,6.0,0,0
S06729,2,1,1,86.73,20.43,8.0,4.0,0,0
S06730,3,0,1,67.22,18.98,,0.0,1,0
S06731,6,1,1,46.77,95.44793629182722,58.0,6.0,2,0
S06732,3,0,0,52.75,23.34,,3.0,0,0
S06733,5,1,0,71.52,37.71,20.0,3.0,0,0
S06734,6,0,1,48.53,23.91,20.0,3.0,1,1
S06735,3,1,0,66.48,97.17557989139756,34.0,4.0,0,0
S06736,6,1,1,93.32,68.03,48.0,4.0,0,0
S06737,4,1,1,77.14,37.92,25.0,4.0,0,0
S06738,2,1,1,72.69,50.33,20.0,5.0,0,0
S06739,3,0,1,56.39,35.83,13.0,1.0,0,0
S06740,4,1,0,74.73,40.27,28.0,5.0,0,0
S06741,1,1,1,68.12,31.95,20.0,6.0,0,0
S06742,8,0,1,75.58,19.85,22.0,4.0,0,0
S06743,5,1,1,82.91,54.47,26.0,3.0,1,0
S06744,1,0,0,85.47,96.39420173729773,20.0,1.0,0,0
S06745,7,0,1,73.93,36.29,4.0,1.0,0,0
S06746,7,1,0,79.68,32.65,20.0,3.0,0,0
S06747,1,0,1,64.32,41.28,31.0,0.0,0,0
S06748,2,0,0,88.99,43.11,40.0,2.0,1,0
S06749,3,0,1,58.69,25.58,25.0,0.0,1,0
S06750,5,1,1,68.89,49.2,17.0,2.0,2,0
S06751,6,1,0,90.55,44.12,23.0,2.0,0,0
S06752,4,0,1,64.78,40.88,33.0,,0,0
S06753,5,1,0,51.89,9.37,7.0,2.0,0,0
S06754,1,1,1,65.84,27.02,,0.0,1,0
S06755,6,1,1,92.88,47.15,43.0,2.0,0,0
S06756,8,1,0,37.94,17.56,11.0,7.0,1,0
S06757,5,1,0,73.54,33.49,21.0,8.0,0,0
S06758,4,0,1,62.49,35.48,28.0,4.0,0,0
S06759,3,0,1,69.49,44.03,22.0,1.0,0,0
S06760,8,1,0,66.77,51.99,22.0,3.0,0,0
S06761,1,0,1,86.41,59.12,40.0,1.0,1,0
S06762,3,0,0,72.81,19.59,2.0,0.0,2,0
S06763,2,0,1,87.16,95.28272561434795,31.0,0.0,0,0
S06764,7,0,1,91.26,37.82,23.0,2.0,0,0
S06765,4,1,1,72.45,40.92,,6.0,0,0
S06766,8,0,1,66.61,47.17,21.0,0.0,0,0
S06767,6,1,1,77.66,50.12,19.0,4.0,0,0
S06768,5,1,1,80.55,66.42,27.0,5.0,0,0
S06769,5,0,0,,30.26,19.0,2.0,2,1
S06770,2,0,1,75.54,37.29,25.0,2.0,0,0
S06771,5,0,0,68.2,37.63,22.0,3.0,0,0
S06772,6,0,1,65.69,17.5,19.0,4.0,1,0
S06773,8,0,1,61.64,95.94298931091289,18.0,1.0,0,0
S06774,5,1,1,62.61,31.38,20.0,7.0,1,0
S06775,8,0,1,90.83,35.22,22.0,0.0,0,0
S06776,8,0,1,66.54,54.92,31.0,2.0,1,0
S06777,5,0,1,89.16,42.2,28.0,4.0,0,0
S06778,4,0,1,73.97,34.6,20.0,1.0,1,0
S06779,2,0,1,55.01,15.91,19.0,2.0,0,0
S06780,3,1,1,74.86,42.93,23.0,8.0,0,0
S06781,8,0,1,54.18,54.12,26.0,2.0,0,0
S06782,2,0,1,81.11,50.94,33.0,0.0,0,0
S06783,4,1,1,68.88,49.45,22.0,7.0,0,0
S06784,6,1,1,84.83,44.78,35.0,3.0,1,0
S06785,2,1,0,93.5,59.96,32.0,3.0,0,0
S06786,8,0,0,45.97,12.78,4.0,5.0,2,1
S06787,6,1,1,65.08,28.9,27.0,0.0,0,0
S06788,1,0,1,53.86,26.29,,3.0,1,0
S06789,2,1,0,100.0,56.02,4.0,5.0,0,0
S06790,6,0,0,65.4,30.44,26.0,3.0,0,0
S06791,7,1,1,52.27,97.20093039095579,19.0,5.0,2,0
S06792,8,1,1,100.0,38.25,36.0,4.0,1,0
S06793,7,1,1,61.11,28.55,30.0,4.0,1,1
S06794,1,0,0,47.67,51.55,13.0,0.0,0,0
S06795,6,1,1,54.62,23.55,13.0,0.0,2,1
S06796,1,1,1,74.15,,30.0,0.0,0,0
S06797,1,0,0,72.69,43.82,17.0,5.0,0,0
S06798,6,0,1,59.46,21.06,16.0,1.0,0,0
S06799,4,0,1,64.72,43.01,22.0,6.0,0,0
S06800,6,0,1,72.8,47.85,25.0,0.0,2,0
S06801,7,1,1,91.86,46.81,27.0,3.0,0,0
S06802,1,0,1,77.0,55.26,20.0,3.0,0,0
S06803,5,1,0,63.55,14.5,10.0,,0,0
S06804,7,1,1,68.57,31.18,15.0,3.0,1,0
S06805,4,1,1,83.55,67.12,41.0,1.0,0,0
S06806,5,1,1,97.2,62.7,29.0,7.0,0,0
S06807,4,1,1,55.43,26.51,18.0,0.0,0,0
S06808,8,0,1,88.71,37.2,17.0,2.0,0,0
S06809,1,0,1,67.31,49.72,41.0,0.0,1,0
S06810,8,1,1,47.64,2.74,7.0,3.0,3,1
S06811,7,1,0,44.67,19.52,3.0,1.0,0,0
S06812,7,0,1,92.01,54.08,29.0,3.0,0,0
S06813,4,1,1,93.8,41.34,23.0,7.0,0,0
S06814,5,1,1,63.46,36.27,22.0,5.0,2,0
S06815,3,0,1,68.82,32.04,9.0,2.0,0,0
S06816,3,1,0,45.26,14.17,22.0,3.0,2,1
S06817,8,1,1,83.43,49.68,34.0,2.0,0,0
S06818,5,0,0,71.57,24.96,21.0,5.0,0,0
S06819,6,0,1,48.72,13.36,1.0,0.0,0,1
S06820,1,0,0,75.07,33.33,17.0,6.0,0,0
S06821,7,1,1,51.16,43.11,15.0,1.0,0,0
S06822,6,0,1,80.36,48.72,16.0,2.0,0,0
S06823,8,1,1,55.76,41.61,8.0,4.0,0,0
S06824,2,1,1,77.06,41.26,33.0,8.0,1,0
S06825,5,1,1,62.2,,20.0,1.0,0,0
S06826,5,0,1,36.51,22.73,11.0,3.0,0,1
S06827,5,0,1,,51.74,32.0,1.0,0,0
S06828,1,0,1,87.76,59.76,27.0,2.0,0,0
S06829,4,0,1,64.17,41.91,19.0,4.0,2,0
S06830,3,0,1,76.12,53.61,28.0,4.0,1,0
S06831,5,0,1,78.57,44.08,31.0,1.0,1,0
S06832,2,0,0,79.06,53.73,29.0,3.0,1,0
S06833,4,1,1,97.88,55.79,43.0,5.0,0,0
S06834,5,0,1,78.25,,25.0,0.0,1,0
S06835,1,0,1,66.64,28.55,10.0,3.0,0,0
S06836,7,1,1,78.42,49.3,33.0,3.0,0,0
S06837,6,0,1,65.55,42.91,18.0,0.0,0,0
S06838,1,1,0,56.02,51.94,11.0,5.0,1,1
S06839,1,1,1,90.3,64.37,35.0,0.0,0,0
S06840,7,0,0,80.01,37.5,28.0,2.0,1,0
S06841,3,1,1,44.08,29.33,2.0,4.0,2,1
S06842,7,1,0,61.75,20.78,24.0,0.0,0,1
S06843,4,1,1,,49.12,42.0,9.0,0,0
S06844,3,0,1,48.54,20.21,17.0,2.0,0,1
S06845,3,0,1,4.2217322567899185,95.0166571296146,16.0,,1,0
S06846,6,0,1,100.0,57.26,19.0,0.0,0,0
S06847,1,1,1,67.03,56.3,37.0,3.0,1,0
S06848,4,0,1,,59.82,24.0,0.0,2,0
S06849,3,0,1,94.51,42.25,19.0,1.0,0,0
S06850,2,0,1,58.37,17.88,18.0,2.0,0,0
S06851,3,0,0,76.0,51.26,32.0,,0,0
S06852,5,0,1,100.0,63.22,42.0,0.0,0,0
S06853,6,0,1,78.89,23.47,20.0,0.0,1,0
S06854,1,1,1,100.0,52.38,32.0,9.0,0,0
S06855,7,0,1,62.45,24.17,19.0,5.0,0,0
S06856,8,0,0,98.96,38.18,,4.0,0,0
S06857,6,0,0,72.25,43.95,27.0,3.0,1,0
S06858,8,0,1,67.09,31.85,23.0,4.0,1,0
S06859,4,1,1,81.6,42.88,33.0,10.0,1,0
S06860,7,0,0,70.33,34.36,11.0,4.0,1,1
S06861,6,1,1,,21.3,25.0,0.0,0,0
S06862,5,1,0,79.28,34.01,27.0,6.0,0,0
S06863,2,1,1,44.88,96.68043426635988,12.0,1.0,0,1
S06864,5,1,1,60.02,37.46,16.0,7.0,2,0
S06865,8,0,1,,60.13,27.0,2.0,0,0
S06866,8,1,1,86.87,48.31,23.0,5.0,1,0
S06867,4,0,0,,98.51065546535308,46.0,4.0,0,0
S06868,2,1,1,76.14,48.86,35.0,3.0,0,0
S06869,6,0,1,78.04,56.44,33.0,2.0,2,0
S06870,1,0,1,86.37,34.53,23.0,0.0,0,0
S06871,2,0,0,50.61,16.65,7.0,2.0,1,0
S06872,5,1,0,64.36,33.65,18.0,2.0,1,0
S06873,8,1,1,70.88,39.71,23.0,2.0,0,0
S06874,3,0,0,74.94,23.49,12.0,2.0,0,0
S06875,4,0,1,40.36,7.62,15.0,0.0,2,1
S06876,3,0,0,53.14,24.01,24.0,2.0,1,0
S06877,4,1,1,71.75,23.26,4.0,3.0,0,0
S06878,1,0,1,87.2,48.65,21.0,0.0,0,0
S06879,5,0,1,65.71,20.48,30.0,5.0,1,0
S06880,5,1,1,62.0,58.71,22.0,7.0,1,0
S06881,3,1,1,79.93,32.07,18.0,4.0,0,0
S06882,3,1,1,67.08,23.95,27.0,,0,0
S06883,7,1,1,85.21,31.44,22.0,4.0,0,0
S06884,2,1,0,68.68,35.42,19.0,2.0,1,0
S06885,1,0,1,55.27,16.03,7.0,0.0,2,1
S06886,1,0,1,,50.29,30.0,0.0,0,0
S06887,8,1,0,90.56,50.57,37.0,5.0,0,0
S06888,3,0,1,57.67,30.47,13.0,3.0,0,0
S06889,1,1,1,77.94,44.88,30.0,3.0,1,0
S06890,8,0,0,67.1,40.81,20.0,2.0,1,0
S06891,2,0,1,81.29,65.93,34.0,0.0,0,0
S06892,3,0,0,58.86,26.43,14.0,4.0,1,0
S06893,1,1,1,85.08,43.43,40.0,7.0,0,0
S06894,6,1,1,89.92,62.06,34.0,4.0,1,0
S06895,6,0,0,57.79,36.39,,2.0,1,0
S06896,7,0,1,73.02,40.46,25.0,4.0,1,0
S06897,3,0,1,90.24,50.32,25.0,5.0,0,0
S06898,3,0,0,56.98,23.66,13.0,7.0,3,0
S06899,8,0,0,61.97,48.61,21.0,0.0,0,1
S06900,7,1,0,81.93,50.07,16.0,6.0,0,0
S06901,1,0,1,69.59,38.83,17.0,2.0,1,0
S06902,6,0,1,48.37,19.0,6.0,3.0,1,1
S06903,7,0,1,67.2,21.68,25.0,2.0,1,0
S06904,5,0,0,98.2,65.51,37.0,7.0,0,0
S06905,6,0,1,100.0,96.34817444072368,43.0,3.0,0,0
S06906,1,1,1,62.44,42.7,,7.0,1,0
S06907,1,1,1,58.3,14.53,11.0,2.0,0,0
S06908,1,1,1,65.13,28.41,8.0,4.0,0,0
S06909,2,0,1,99.03,54.19,34.0,6.0,0,0
S06910,8,1,1,,34.09,38.0,3.0,0,0
S06911,6,1,1,93.96,37.49,30.0,8.0,0,0
S06912,7,1,1,86.98,51.42,28.0,1.0,0,0
S06913,3,1,1,52.21,54.3,15.0,3.0,0,0
S06914,8,0,0,57.77,45.45,19.0,7.0,0,0
S06915,2,1,1,61.56,19.87,27.0,2.0,1,0
S06916,8,1,1,,45.05,35.0,2.0,1,0
S06917,1,1,1,61.83,29.08,23.0,0.0,1,0
S06918,1,1,1,63.57,43.91,24.0,4.0,1,0
S06919,1,1,1,81.61,45.77,24.0,1.0,0,0
S06920,7,0,0,74.04,34.26,22.0,6.0,0,0
S06921,3,1,1,90.3,58.4,28.0,8.0,0,0
S06922,4,1,1,75.78,41.41,21.0,8.0,1,0
S06923,4,1,0,61.86,37.23,20.0,2.0,1,0
S06924,7,1,0,74.83,43.88,28.0,5.0,0,0
S06925,3,0,1,49.33,27.3,15.0,1.0,1,1
S06926,1,0,1,37.32,,8.0,0.0,0,0
S06927,4,0,1,81.65,59.36,27.0,2.0,0,0
S06928,3,1,1,87.27,53.82,20.0,2.0,0,0
S06929,6,1,1,73.08,55.5,29.0,5.0,0,0
S06930,7,1,1,66.13,14.6,17.0,3.0,0,0
S06931,1,1,1,51.87,28.06,6.0,5.0,0,0
S06932,7,1,1,89.5,41.29,32.0,6.0,0,0
S06933,1,0,1,79.39,48.1,29.0,2.0,1,0
S06934,5,1,1,76.37,50.86,,6.0,1,1
S06935,4,1,1,71.93,31.48,27.0,1.0,0,0
S06936,3,1,0,64.96,40.82,25.0,2.0,0,0
S06937,4,1,1,55.3,32.6,32.0,6.0,1,0
S06938,3,1,1,75.79,51.34,22.0,5.0,0,0
S06939,7,0,1,63.92,37.23,19.0,4.0,0,0
S06940,8,1,1,65.64,30.6,15.0,5.0,0,0
S06941,7,0,1,97.77,54.64,36.0,1.0,0,0
S06942,4,0,1,71.28,98.8022950171537,22.0,3.0,0,0
S06943,5,0,1,35.21,39.88,17.0,3.0,1,0
S06944,4,0,1,63.97,36.23,16.0,2.0,0,0
S06945,7,0,1,56.98,38.31,21.0,0.0,2,0
S06946,5,1,0,69.91,47.64,20.0,5.0,0,0
S06947,4,0,0,50.63,18.53,0.0,3.0,0,0
S06948,4,0,1,78.5,97.91726375923736,30.0,3.0,1,0
S06949,4,0,1,67.56,31.63,7.0,0.0,0,0
S06950,5,0,0,64.86,44.58,19.0,0.0,0,0
S06951,6,1,1,74.24,39.96,22.0,1.0,1,0
S06952,4,0,1,70.85,28.93,22.0,2.0,1,0
S06953,7,0,0,69.98,45.76,22.0,7.0,1,0
S06954,7,1,1,68.64,56.21,22.0,2.0,0,0
S06955,4,1,1,71.7,41.77,25.0,3.0,1,0
S06956,8,1,1,77.15,34.32,23.0,4.0,1,0
S06957,2,1,1,75.27,63.16,45.0,5.0,0,0
S06958,8,0,1,,95.04670520141867,56.0,1.0,1,0
S06959,3,1,1,63.8,36.41,10.0,3.0,1,0
S06960,5,0,1,75.57,99.61881643957585,55.0,2.0,1,0
S06961,3,0,1,100.0,60.85,,1.0,0,0
S06962,4,0,0,71.39,48.61,9.0,4.0,0,0
S06963,3,1,1,71.97,42.62,13.0,3.0,1,0
S06964,6,0,1,53.05,23.17,5.0,4.0,0,1
S06965,1,0,1,61.3,39.68,22.0,4.0,0,0
S06966,7,0,1,70.4,42.57,32.0,1.0,2,0
S06967,8,1,1,80.0,39.01,18.0,2.0,0,0
S06968,5,0,1,81.74,44.95,29.0,1.0,0,0
S06969,5,0,1,76.89,39.39,3.0,0.0,0,0
S06970,6,0,1,84.06,42.16,21.0,3.0,0,0
S06971,2,1,1,57.01,33.44,22.0,7.0,1,0
S06972,6,0,1,79.33,45.49,23.0,6.0,0,0
S06973,2,1,1,72.2,51.76,30.0,7.0,1,0
S06974,6,0,1,73.87,44.71,,4.0,0,0
S06975,3,0,0,66.57,99.80151168187854,15.0,4.0,1,0
S06976,6,0,1,57.7,39.07,21.0,1.0,1,0
S06977,7,0,1,53.77,36.99,19.0,0.0,0,0
S06978,2,0,1,76.81,46.55,28.0,1.0,0,0
S06979,5,0,1,79.47,28.17,27.0,1.0,0,0
S06980,4,1,1,70.06,34.3,13.0,3.0,1,0
S06981,3,0,1,71.78,38.74,16.0,3.0,0,0
S06982,5,0,1,61.2,56.01,37.0,5.0,0,0
S06983,8,0,0,79.55,51.58,15.0,0.0,1,1
S06984,1,0,0,72.91,41.19,11.0,0.0,0,0
S06985,8,0,1,66.52,63.71,26.0,0.0,0,0
S06986,7,0,1,84.99,97.90966885462292,19.0,5.0,1,0
S06987,5,0,1,81.68,47.98,40.0,0.0,0,0
S06988,5,0,1,48.96,47.17,36.0,3.0,1,0
S06989,3,1,1,,38.34,21.0,5.0,0,0
S06990,2,1,1,57.63,37.4,20.0,7.0,0,0
S06991,5,1,1,74.09,25.02,,4.0,0,0
S06992,7,0,1,24.72,11.63,14.0,2.0,1,1
S06993,2,1,1,74.96,18.29,6.0,1.0,1,0
S06994,6,0,1,82.68,41.3,16.0,0.0,0,0
S06995,6,0,0,70.34,33.15,23.0,0.0,0,0
S06996,7,1,1,54.53,55.2,21.0,2.0,1,0
S06997,3,0,1,100.0,62.93,21.0,0.0,0,0
S06998,4,0,1,89.34,43.29,24.0,3.0,0,0
S06999,4,1,1,64.03,21.15,6.0,2.0,1,0
S07000,7,1,1,68.08,29.38,18.0,8.0,2,0
S07001,8,0,1,42.28,11.44,5.0,0.0,0,1
S07002,4,0,1,79.1,32.32,20.0,2.0,0,0
S07003,8,0,1,51.46,29.93,20.0,0.0,0,1
S07004,5,1,1,82.0,98.45369154885296,28.0,2.0,2,0
S07005,4,0,1,,40.57,32.0,7.0,0,0
S07006,1,0,1,70.95,99.46032775675546,21.0,6.0,0,0
S07007,5,0,1,56.03,27.94,22.0,0.0,0,1
S07008,6,1,0,90.74,45.12,29.0,6.0,0,0
S07009,8,1,1,72.03,54.77,19.0,7.0,0,0
S07010,6,0,0,73.4,61.5,27.0,3.0,1,0
S07011,1,1,1,58.03,39.28,14.0,4.0,2,0
S07012,5,0,1,74.9,42.77,21.0,2.0,0,0
S07013,6,1,1,,35.53,30.0,4.0,1,0
S07014,4,0,1,52.07,42.89,23.0,0.0,2,0
S07015,4,0,1,92.1,45.14,27.0,0.0,0,0
S07016,7,0,1,98.39,44.52,39.0,2.0,0,0
S07017,5,1,1,87.27,39.69,,2.0,0,0
S07018,6,1,1,85.03,35.44,25.0,0.0,0,0
S07019,4,1,0,98.48,44.32,26.0,4.0,0,0
S07020,3,0,1,56.29,45.02,17.0,4.0,1,0
S07021,5,0,1,56.11,48.56,,2.0,2,0
S07022,8,0,1,65.78,31.83,25.0,0.0,0,0
S07023,5,0,0,76.47,37.44,27.0,3.0,0,0
S07024,6,0,0,67.61,29.41,22.0,4.0,1,0
S07025,1,1,1,56.7,48.24,16.0,3.0,0,0
S07026,8,1,1,72.08,60.37,32.0,2.0,0,0
S07027,2,1,1,70.58,26.72,10.0,3.0,0,0
S07028,8,0,1,84.62,55.84,22.0,4.0,0,0
S07029,4,0,0,72.67,44.67,26.0,5.0,0,0
S07030,8,0,1,43.43,33.6,24.0,5.0,2,0
S07031,8,0,1,77.78,48.4,22.0,2.0,1,0
S07032,7,1,1,95.73,50.67,29.0,4.0,0,0
S07033,8,1,0,72.43,31.97,12.0,5.0,0,1
S07034,5,0,1,86.8,62.78,23.0,1.0,0,0
S07035,7,0,1,64.42,38.41,25.0,3.0,0,0
S07036,2,1,1,80.49,55.24,38.0,5.0,0,0
S07037,1,0,1,60.83,51.18,16.0,3.0,1,0
S07038,5,0,0,68.3,40.19,15.0,0.0,0,0
S07039,7,1,1,68.42,39.39,22.0,5.0,0,0
S07040,7,1,0,79.15,33.85,,2.0,0,0
S07041,5,0,1,59.64,30.84,28.0,1.0,1,0
S07042,5,1,1,50.03,25.43,5.0,,0,0
S07043,5,1,1,79.05,39.05,27.0,6.0,0,0
S07044,7,0,1,78.49,42.13,27.0,1.0,0,0
S07045,7,0,0,73.69,25.63,28.0,4.0,1,1
S07046,1,1,1,85.99,53.99,30.0,4.0,0,0
S07047,5,1,1,68.96,30.25,21.0,5.0,2,0
S07048,4,0,1,76.22,63.81,27.0,2.0,0,0
S07049,7,0,1,66.75,32.49,27.0,1.0,0,0
S07050,5,1,0,68.12,41.48,35.0,6.0,0,0
S07051,8,0,0,77.1,38.0,15.0,4.0,0,0
S07052,4,0,1,100.0,45.37,18.0,1.0,0,0
S07053,6,0,1,83.13,22.63,14.0,,1,0
S07054,1,0,1,80.23,38.53,11.0,0.0,0,0
S07055,8,1,0,83.6,47.1,17.0,4.0,0,0
S07056,2,1,1,36.78,11.91,0.0,7.0,1,1
S07057,4,0,0,76.79,39.11,21.0,3.0,0,0
S07058,7,1,0,85.66,48.26,34.0,8.0,0,0
S07059,8,0,1,73.27,35.42,28.0,4.0,0,0
S07060,4,0,1,71.35,31.15,17.0,2.0,0,0
S07061,4,0,1,57.9,45.17,,1.0,2,0
S07062,1,1,1,65.5,49.16,36.0,5.0,1,0
S07063,8,1,1,59.5,43.97,23.0,6.0,1,0
S07064,1,1,1,86.99,44.4,29.0,6.0,0,0
S07065,1,0,1,94.53,63.65,32.0,0.0,0,0
S07066,4,0,1,100.0,66.97,30.0,2.0,0,0
S07067,1,0,0,59.25,37.31,,6.0,2,0
S07068,2,1,0,61.97,59.35,17.0,2.0,0,1
S07069,6,0,1,60.75,25.36,20.0,4.0,2,1
S07070,6,1,1,56.72,,4.0,5.0,1,0
S07071,3,1,1,56.96,,12.0,6.0,0,0
S07072,7,0,1,64.27,28.9,15.0,2.0,0,0
S07073,5,0,1,85.12,57.29,31.0,2.0,0,0
S07074,2,0,1,61.23,23.94,12.0,1.0,1,0
S07075,6,1,1,87.8,29.75,28.0,2.0,0,0
S07076,5,1,1,92.51,44.18,25.0,6.0,0,0
S07077,7,0,0,76.28,35.05,15.0,0.0,1,1
S07078,2,1,1,90.44,50.31,20.0,4.0,1,0
S07079,2,0,0,51.58,2.79,14.0,5.0,0,0
S07080,3,0,0,,32.35,20.0,0.0,1,0
S07081,3,1,1,74.84,40.55,22.0,0.0,0,0
S07082,8,1,1,75.35,39.27,17.0,4.0,1,0
S07083,6,0,0,93.44,59.2,29.0,0.0,1,0
S07084,5,1,1,57.02,20.54,14.0,3.0,0,0
S07085,5,1,1,63.95,29.79,11.0,0.0,0,0
S07086,8,1,1,70.73,40.7,23.0,0.0,0,0
S07087,4,1,1,64.22,,34.0,4.0,1,0
S07088,2,0,1,56.36,98.6678689830525,16.0,1.0,1,0
S07089,2,0,1,64.85,20.63,8.0,5.0,1,0
S07090,3,1,0,68.32,48.67,,2.0,1,0
S07091,6,0,1,93.71,55.07,40.0,3.0,0,0
S07092,4,0,0,56.7,44.44,28.0,3.0,0,0
S07093,4,0,0,84.23,58.27,26.0,0.0,0,0
S07094,4,0,1,91.08,56.67,23.0,0.0,0,0
S07095,8,0,0,64.31,19.19,13.0,0.0,0,0
S07096,8,0,1,75.9,40.42,,0.0,1,0
S07097,2,0,1,80.64,53.61,38.0,3.0,0,0
S07098,1,0,0,78.17,36.36,17.0,2.0,0,0
S07099,2,1,0,,24.57,3.0,8.0,1,0
S07100,7,1,1,61.82,,19.0,5.0,0,0
S07101,4,0,0,81.94,31.55,19.0,0.0,0,0
S07102,7,0,1,66.38,17.78,15.0,2.0,1,0
S07103,6,0,0,72.43,29.82,21.0,4.0,0,0
S07104,5,1,1,74.64,46.86,27.0,0.0,0,0
S07105,3,1,1,84.84,58.98,21.0,4.0,1,0
S07106,3,1,0,100.0,75.49,34.0,9.0,0,0
S07107,2,1,1,60.93,30.32,17.0,1.0,0,0
S07108,5,0,1,72.79,21.5,4.0,1.0,0,0
S07109,3,0,0,49.73,29.65,19.0,0.0,0,0
S07110,3,0,0,94.22,52.75,27.0,0.0,0,0
S07111,1,0,1,72.66,18.51,13.0,1.0,0,1
S07112,7,0,1,67.5,16.1,15.0,2.0,0,0
S07113,8,1,1,72.78,28.2,24.0,5.0,1,1
S07114,4,0,1,73.54,53.15,23.0,3.0,2,0
S07115,5,1,1,61.02,33.85,,4.0,0,1
S07116,8,0,1,89.82,46.48,32.0,4.0,0,0
S07117,5,0,1,81.67,46.19,17.0,2.0,1,0
S07118,5,1,0,83.76,45.77,3.0,2.0,1,0
S07119,4,0,0,,27.22,20.0,0.0,0,0
S07120,5,0,1,60.99,37.72,24.0,1.0,1,1
S07121,5,0,1,70.3,40.33,20.0,4.0,0,0
S07122,6,1,0,84.0,58.28,32.0,1.0,0,0
S07123,5,0,0,,40.21,17.0,2.0,0,0
S07124,5,1,1,60.33,17.04,15.0,5.0,0,0
S07125,1,1,1,82.02,42.04,,1.0,0,0
S07126,8,1,1,57.42,37.94,,6.0,0,0
S07127,8,0,1,62.08,29.51,12.0,0.0,0,0
S07128,2,1,1,74.37,43.03,40.0,2.0,0,0
S07129,3,0,1,54.43,96.81389501065362,12.0,1.0,0,0
S07130,8,1,0,57.55,46.2,24.0,4.0,0,0
S07131,3,0,0,95.28,58.82,27.0,2.0,0,0
S07132,7,0,1,92.49,57.34,40.0,3.0,0,0
S07133,7,0,1,100.0,51.2,43.0,5.0,0,0
S07134,7,1,1,78.76,49.38,22.0,9.0,0,0
S07135,1,1,1,81.67,41.03,28.0,2.0,1,0
S07136,4,0,1,69.68,26.31,32.0,0.0,1,0
S07137,5,0,0,66.74,96.15848380833216,23.0,0.0,0,0
S07138,7,1,1,85.08,23.56,20.0,7.0,0,0
S07139,2,1,1,92.43,49.54,30.0,3.0,0,0
S07140,3,1,1,83.8,51.72,21.0,5.0,1,0
S07141,2,0,1,59.4,34.77,19.0,3.0,0,0
S07142,7,1,0,77.87,47.13,18.0,5.0,1,0
S07143,8,1,0,60.45,45.4,21.0,3.0,1,0
S07144,2,0,1,67.13,20.27,6.0,0.0,0,0
S07145,2,0,0,,49.6,22.0,5.0,1,0
S07146,3,0,1,54.01,97.936417300588,59.0,0.0,1,1
S07147,8,0,0,100.0,54.46,31.0,5.0,0,0
S07148,4,1,1,80.24,45.25,13.0,6.0,0,0
S07149,3,0,1,65.01,38.86,13.0,5.0,1,0
S07150,3,0,1,73.02,53.7,29.0,3.0,0,0
S07151,5,0,0,61.73,,26.0,1.0,1,0
S07152,4,1,0,63.8,28.57,0.0,4.0,0,0
S07153,2,1,1,73.1,27.4,18.0,4.0,0,0
S07154,7,0,0,67.07,46.47,31.0,3.0,0,0
S07155,4,1,1,58.01,49.42,20.0,7.0,2,0
S07156,3,0,1,68.68,54.5,24.0,4.0,0,0
S07157,6,1,1,52.28,17.87,20.0,2.0,1,0
S07158,6,1,1,,98.61186802920803,8.0,3.0,1,0
S07159,2,0,1,52.77,33.85,17.0,1.0,1,0
S07160,1,1,1,97.07,50.59,,3.0,0,0
S07161,1,0,1,78.08,56.23,25.0,2.0,0,0
S07162,7,1,1,80.94,50.89,22.0,7.0,0,0
S07163,6,0,1,72.17,44.87,22.0,2.0,1,0
S07164,7,1,1,79.59,29.26,16.0,6.0,0,0
S07165,6,0,1,89.64,60.73,34.0,5.0,0,0
S07166,4,0,1,78.12,43.53,13.0,5.0,0,0
S07167,5,0,1,96.6,50.51,,2.0,0,0
S07168,6,1,0,71.44,27.91,28.0,3.0,1,0
S07169,4,0,0,80.98,61.26,28.0,0.0,1,0
S07170,8,1,1,82.56,32.56,22.0,5.0,1,0
S07171,8,0,0,58.02,10.25,4.0,0.0,2,1
S07172,7,1,1,72.64,44.86,22.0,4.0,1,0
S07173,8,0,0,44.38,31.48,7.0,2.0,1,0
S07174,4,1,1,70.05,33.6,26.0,0.0,2,0
S07175,1,1,1,67.81,26.11,17.0,1.0,0,0
S07176,4,0,1,66.92,33.5,7.0,0.0,0,0
S07177,6,0,0,65.89,49.75,9.0,5.0,0,0
S07178,7,1,1,79.68,,22.0,5.0,1,0
S07179,4,0,1,58.71,42.2,19.0,1.0,1,0
S07180,3,0,1,99.9,54.47,23.0,1.0,0,0
S07181,4,0,0,80.51,39.51,19.0,5.0,0,0
S07182,7,1,1,59.96,33.41,24.0,3.0,0,0
S07183,1,1,1,81.71,47.07,35.0,4.0,0,0
S07184,3,1,1,86.92,51.52,30.0,1.0,0,0
S07185,2,1,0,77.54,37.36,22.0,2.0,1,0
S07186,7,0,1,56.91,25.99,12.0,1.0,0,0
S07187,4,0,1,100.0,52.26,37.0,3.0,0,0
S07188,1,0,1,81.59,42.37,23.0,1.0,0,0
S07189,3,0,1,53.29,31.84,23.0,2.0,0,0
S07190,1,0,1,,47.96,31.0,0.0,0,0
S07191,4,1,1,68.7,45.41,25.0,2.0,1,0
S07192,8,0,1,72.1,67.18,18.0,3.0,0,0
S07193,5,0,1,54.09,40.51,13.0,2.0,1,0
S07194,7,0,1,72.81,45.51,10.0,5.0,1,0
S07195,6,0,1,59.53,45.98,18.0,1.0,0,0
S07196,8,0,0,66.76,,20.0,4.0,1,0
S07197,3,0,1,77.81,21.68,13.0,2.0,0,0
S07198,8,0,1,64.85,97.35036652346382,39.0,0.0,0,0
S07199,2,0,1,67.64,98.46691900915451,25.0,0.0,0,0
S07200,4,1,0,84.3,38.28,20.0,,0,0
S07201,6,1,0,58.67,25.46,34.0,3.0,0,0
S07202,3,1,0,62.27,18.44,15.0,1.0,0,0
S07203,3,1,1,53.18,30.31,22.0,7.0,0,0
S07204,2,1,1,59.66,36.21,19.0,5.0,0,0
S07205,1,0,1,73.94,39.35,19.0,3.0,2,0
S07206,5,1,0,81.59,39.86,23.0,2.0,0,0
S07207,8,0,1,59.91,43.99,30.0,0.0,1,0
S07208,2,0,1,81.15,56.1,33.0,5.0,1,0
S07209,4,0,1,73.58,45.82,22.0,0.0,1,0
S07210,8,0,1,51.26,26.34,0.0,1.0,0,1
S07211,7,1,1,74.62,,,8.0,0,0
S07212,1,0,0,89.92,27.49,,6.0,0,0
S07213,5,1,1,43.62,29.69,17.0,7.0,1,1
S07214,2,1,0,100.0,,27.0,3.0,0,0
S07215,2,0,1,62.84,50.48,14.0,1.0,0,0
S07216,2,0,1,47.26,34.24,8.0,1.0,1,1
S07217,5,0,1,74.08,48.03,31.0,0.0,0,0
S07218,2,0,1,84.47,38.31,13.0,4.0,0,0
S07219,3,1,1,67.79,19.01,27.0,4.0,0,0
S07220,2,1,1,76.67,32.67,27.0,14.0,1,0
S07221,3,1,1,100.0,51.23,32.0,5.0,0,0
S07222,6,0,1,75.08,43.75,20.0,0.0,0,1
S07223,4,1,1,100.0,54.12,36.0,4.0,0,0
S07224,3,1,1,90.97,64.12,,5.0,0,0
S07225,5,0,1,72.77,32.72,19.0,0.0,1,0
S07226,5,0,1,76.37,66.2,25.0,0.0,1,1
S07227,1,0,1,67.21,,,5.0,1,0
S07228,8,0,1,75.74,43.43,,0.0,2,0
S07229,8,1,1,80.42,45.56,29.0,9.0,1,0
S07230,5,1,0,65.94,32.73,19.0,4.0,1,1
S07231,5,0,1,51.3,26.36,13.0,2.0,0,0
S07232,6,1,1,91.82,37.2,17.0,5.0,1,0
S07233,4,0,0,86.6,44.31,14.0,,1,0
S07234,3,0,1,50.74,21.23,17.0,6.0,1,0
S07235,3,1,1,74.56,38.5,,6.0,1,0
S07236,2,1,1,87.41,,36.0,3.0,0,0
S07237,7,1,1,85.86,45.28,19.0,1.0,0,0
S07238,3,0,1,61.59,30.96,23.0,6.0,1,0
S07239,3,1,1,86.73,60.05,23.0,4.0,0,0
S07240,8,1,1,72.23,20.5,18.0,1.0,0,0
S07241,5,1,1,77.83,44.33,17.0,0.0,1,0
S07242,5,0,1,58.21,50.92,21.0,3.0,1,0
S07243,2,0,1,8.14,16.76,5.0,0.0,1,1
S07244,3,1,1,60.34,21.06,16.0,8.0,0,0
S07245,6,1,0,80.05,39.86,30.0,8.0,1,0
S07246,4,1,1,68.92,37.01,21.0,4.0,0,0
S07247,2,0,1,81.75,28.71,15.0,6.0,0,0
S07248,7,1,1,88.59,43.91,31.0,7.0,0,0
S07249,4,0,0,67.04,21.03,18.0,1.0,0,0
S07250,6,0,1,65.57,32.96,0.0,6.0,0,0
S07251,3,0,1,39.2,29.93,7.0,0.0,4,0
S07252,5,0,0,48.78,13.15,1.0,4.0,1,0
S07253,7,1,1,51.9,19.77,5.0,4.0,0,0
S07254,8,0,0,80.35,33.94,23.0,1.0,0,0
S07255,2,0,1,67.19,42.48,20.0,1.0,0,0
S07256,6,1,0,63.99,24.88,13.0,7.0,0,0
S07257,8,1,1,62.27,26.89,23.0,6.0,0,0
S07258,6,0,1,60.32,39.84,17.0,0.0,0,0
S07259,2,0,1,,58.23,24.0,2.0,0,0
S07260,2,1,1,73.4,42.0,23.0,5.0,0,0
S07261,2,0,1,86.87,36.46,37.0,2.0,0,0
S07262,1,0,0,39.1,26.77,,5.0,2,1
S07263,7,0,1,79.99,33.92,36.0,1.0,0,0
S07264,8,0,1,64.74,20.81,15.0,4.0,0,0
S07265,5,1,1,67.78,30.68,15.0,4.0,1,0
S07266,5,0,0,92.29,53.15,27.0,0.0,2,0
S07267,7,0,1,66.15,,13.0,0.0,0,0
S07268,4,0,1,79.38,53.23,17.0,,0,0
S07269,4,0,1,56.73,37.17,24.0,1.0,1,0
S07270,5,0,1,72.54,41.43,24.0,2.0,0,0
S07271,3,1,1,48.13,5.84,0.0,5.0,0,0
S07272,1,0,1,71.14,55.78,28.0,4.0,0,0
S07273,5,0,1,77.78,44.1,29.0,2.0,0,0
S07274,7,0,1,88.6,33.74,17.0,1.0,0,0
S07275,1,1,1,59.73,26.91,19.0,0.0,1,0
S07276,2,0,0,64.07,51.9,25.0,0.0,1,0
S07277,3,1,1,62.34,30.43,6.0,3.0,1,0
S07278,7,1,0,68.19,36.64,23.0,7.0,0,0
S07279,5,0,1,57.54,23.51,12.0,2.0,1,0
S07280,5,1,0,39.64,99.68104306403796,56.0,4.0,1,0
S07281,6,0,1,56.36,12.86,9.0,0.0,2,0
S07282,3,1,0,71.27,44.97,30.0,2.0,0,0
S07283,6,1,1,69.78,33.0,20.0,1.0,0,0
S07284,1,0,1,80.28,28.01,20.0,5.0,1,0
S07285,1,1,1,84.63,40.85,21.0,5.0,0,0
S07286,7,0,1,65.26,24.93,27.0,2.0,1,0
S07287,6,0,1,48.21,17.34,8.0,0.0,1,1
S07288,2,1,1,78.05,25.7,33.0,0.0,0,0
S07289,4,1,1,71.85,34.1,24.0,5.0,0,0
S07290,1,0,0,68.12,20.05,10.0,2.0,1,0
S07291,6,1,1,90.31,49.86,29.0,0.0,1,0
S07292,7,1,1,78.76,42.12,25.0,6.0,1,0
S07293,3,0,1,73.84,38.05,,2.0,0,0
S07294,3,1,1,74.46,53.2,23.0,1.0,0,0
S07295,2,1,1,84.75,61.63,31.0,7.0,0,0
S07296,4,1,1,61.66,34.86,28.0,4.0,2,1
S07297,3,1,0,58.8,36.48,26.0,0.0,1,0
S07298,2,0,0,68.49,37.25,40.0,2.0,0,0
S07299,4,0,1,54.33,27.87,16.0,3.0,2,1
S07300,7,0,1,71.32,55.58,27.0,1.0,0,0
S07301,7,0,0,73.45,29.14,18.0,3.0,0,1
S07302,3,0,1,70.97,66.45,37.0,0.0,1,0
S07303,8,1,1,66.58,13.23,13.0,0.0,0,0
S07304,2,0,1,96.8,63.36,46.0,6.0,0,0
S07305,8,1,0,86.11,46.4,41.0,4.0,0,0
S07306,3,0,1,70.54,96.5791753636947,16.0,2.0,0,0
S07307,5,0,1,73.4,54.15,31.0,0.0,1,0
S07308,2,1,0,92.65,54.81,34.0,2.0,0,0
S07309,7,1,0,63.23,37.52,16.0,4.0,1,0
S07310,3,0,1,57.52,23.32,16.0,3.0,1,0
S07311,7,1,1,75.4,99.81447158375863,26.0,1.0,0,0
S07312,1,0,0,78.21,40.78,28.0,2.0,0,1
S07313,5,0,1,79.33,59.77,37.0,2.0,0,0
S07314,2,0,0,84.42,44.3,31.0,1.0,0,0
S07315,8,1,1,61.01,39.92,12.0,3.0,0,0
S07316,4,0,1,50.87,34.88,21.0,4.0,1,1
S07317,6,1,0,,42.97,5.0,2.0,0,0
S07318,8,0,1,80.73,47.38,22.0,3.0,0,0
S07319,5,0,1,58.17,42.06,15.0,0.0,0,0
S07320,1,1,1,42.99,29.02,17.0,6.0,1,0
S07321,2,0,0,74.16,57.15,,4.0,0,0
S07322,2,0,1,63.49,36.84,21.0,0.0,0,0
S07323,8,0,1,46.09,96.7741100060823,10.0,2.0,1,1
S07324,8,0,1,73.12,,17.0,1.0,0,0
S07325,4,0,1,66.21,40.87,27.0,6.0,0,0
S07326,8,0,0,97.14,38.27,30.0,2.0,0,0
S07327,2,1,0,73.33,42.74,19.0,1.0,0,0
S07328,6,0,0,80.79,62.29,33.0,2.0,0,0
S07329,4,0,1,71.74,45.4,32.0,0.0,0,0
S07330,2,1,1,63.04,31.03,12.0,5.0,1,0
S07331,3,0,1,64.69,24.82,8.0,3.0,0,0
S07332,4,1,1,88.21,42.98,27.0,1.0,0,0
S07333,3,1,1,83.22,33.29,17.0,4.0,0,0
S07334,2,0,1,49.67,19.73,4.0,3.0,0,1
S07335,3,0,1,53.27,11.04,7.0,4.0,2,0
S07336,2,0,1,54.1,13.97,24.0,1.0,3,0
S07337,8,0,1,87.9,50.87,33.0,4.0,0,0
S07338,4,0,1,46.03,42.89,33.0,0.0,2,0
S07339,1,1,1,83.8,28.86,22.0,3.0,0,0
S07340,5,1,1,77.98,70.98,35.0,3.0,0,0
S07341,8,0,1,74.2,52.15,27.0,0.0,0,0
S07342,3,1,0,64.91,35.72,15.0,3.0,0,0
S07343,7,0,1,89.83,65.69,28.0,0.0,0,0
S07344,5,1,0,73.7,34.88,19.0,4.0,0,0
S07345,6,1,1,50.34,28.98,17.0,2.0,1,0
S07346,3,0,0,53.83,17.65,24.0,0.0,1,1
S07347,1,0,1,47.33,25.56,11.0,3.0,0,0
S07348,3,0,0,90.01,59.92,36.0,4.0,1,0
S07349,8,1,0,93.36,54.65,40.0,4.0,0,0
S07350,7,0,1,88.29,53.06,40.0,2.0,0,0
S07351,7,1,1,69.85,22.3,12.0,5.0,0,0
S07352,8,0,1,50.6,42.45,14.0,3.0,1,0
S07353,3,0,1,56.19,96.14108854206646,22.0,6.0,1,0
S07354,3,1,0,57.17,,8.0,,0,0
S07355,8,0,0,71.31,26.64,12.0,2.0,0,0
S07356,5,0,1,92.81,35.28,30.0,1.0,1,0
S07357,3,1,1,92.75,48.43,27.0,3.0,0,0
S07358,3,0,1,64.67,32.96,18.0,2.0,0,0
S07359,8,1,1,38.45,19.94,7.0,1.0,1,0
S07360,1,1,1,54.5,31.64,,5.0,1,0
S07361,1,0,1,89.83,64.05,25.0,4.0,0,0
S07362,6,0,0,75.47,50.73,28.0,6.0,1,0
S07363,1,0,1,66.67,39.93,25.0,3.0,0,0
S07364,2,1,0,65.62,26.76,7.0,0.0,0,0
S07365,8,1,1,60.74,64.86,30.0,5.0,0,0
S07366,4,1,1,53.94,29.07,21.0,1.0,1,0
S07367,6,1,1,100.0,55.97,34.0,1.0,0,0
S07368,4,0,1,97.78,55.11,40.0,4.0,0,0
S07369,1,0,1,59.67,44.71,18.0,0.0,1,0
S07370,2,0,0,45.69,29.11,20.0,5.0,1,0
S07371,7,1,1,74.54,,8.0,6.0,0,0
S07372,1,0,1,69.79,46.95,28.0,3.0,1,0
S07373,5,0,1,81.42,52.66,27.0,6.0,0,0
S07374,3,0,1,84.82,42.03,29.0,0.0,0,0
S07375,3,0,1,54.45,31.9,9.0,4.0,0,0
S07376,8,0,1,,71.99,28.0,6.0,0,0
S07377,5,0,1,66.7,,19.0,0.0,2,0
S07378,5,1,0,81.12,52.77,,0.0,0,0
S07379,3,1,1,68.08,40.82,24.0,4.0,2,1
S07380,4,0,1,85.84,55.41,40.0,5.0,1,0
S07381,6,1,1,36.57,26.08,0.0,3.0,1,0
S07382,1,0,1,83.08,30.65,30.0,0.0,0,0
S07383,2,1,1,59.52,29.71,15.0,2.0,1,0
S07384,5,0,1,73.1,31.44,19.0,3.0,0,0
S07385,5,1,0,90.67,,30.0,3.0,0,0
S07386,1,0,1,59.95,37.19,19.0,5.0,0,0
S07387,7,0,1,57.6,95.19247275476239,19.0,4.0,0,0
S07388,5,1,1,66.42,23.95,11.0,1.0,1,0
S07389,2,1,1,65.47,23.96,29.0,0.0,0,0
S07390,7,1,0,,41.88,17.0,2.0,2,1
S07391,8,0,1,73.59,,28.0,0.0,0,0
S07392,4,0,0,74.37,44.2,33.0,0.0,0,0
S07393,3,1,1,78.94,26.88,10.0,5.0,0,0
S07394,3,0,1,59.71,38.71,,2.0,1,0
S07395,5,0,1,57.84,22.87,16.0,3.0,1,0
S07396,1,0,1,70.22,37.87,30.0,1.0,0,1
S07397,4,0,1,68.32,43.64,15.0,2.0,1,0
S07398,1,0,0,68.61,47.65,29.0,0.0,1,0
S07399,1,0,1,61.39,34.1,10.0,5.0,0,0
S07400,4,1,1,76.95,54.5,27.0,3.0,1,0
S07401,6,1,1,57.86,22.05,20.0,4.0,0,0
S07402,8,1,1,70.17,47.66,21.0,7.0,1,0
S07403,1,1,1,67.4,42.5,13.0,1.0,0,0
S07404,2,0,1,71.5,49.98,19.0,1.0,0,0
S07405,4,1,1,89.78,57.7,36.0,2.0,0,0
S07406,5,1,1,52.28,96.9527033797981,27.0,5.0,1,0
S07407,8,0,1,36.13,32.93,25.0,3.0,1,1
S07408,6,0,1,63.09,48.02,23.0,4.0,0,0
S07409,5,1,1,54.73,31.32,18.0,6.0,2,0
S07410,1,1,1,26.81,24.84,10.0,6.0,1,0
S07411,1,1,1,98.2,30.44,47.0,,0,0
S07412,2,1,0,80.4,29.94,30.0,4.0,0,0
S07413,6,1,0,82.01,56.45,27.0,5.0,1,0
S07414,3,1,0,67.72,40.07,19.0,6.0,1,0
S07415,2,1,1,78.31,47.19,23.0,1.0,1,1
S07416,6,1,1,65.66,33.31,,0.0,0,0
S07417,7,1,0,84.21,27.04,21.0,9.0,1,0
S07418,4,0,1,74.84,50.98,18.0,0.0,0,0
S07419,8,1,1,71.45,46.81,22.0,4.0,2,0
S07420,6,0,1,,51.12,19.0,0.0,0,0
S07421,6,0,1,93.98,34.43,35.0,0.0,1,0
S07422,7,0,1,74.51,54.73,29.0,1.0,0,0
S07423,2,0,1,56.56,41.71,19.0,1.0,0,0
S07424,7,0,1,77.04,50.55,28.0,3.0,0,0
S07425,8,0,0,79.34,98.77988272471391,26.0,1.0,1,0
S07426,8,0,0,69.83,21.53,0.0,1.0,0,0
S07427,5,1,1,71.22,41.66,15.0,2.0,0,0
S07428,7,1,0,56.01,29.08,22.0,3.0,0,0
S07429,8,1,1,73.46,44.54,16.0,6.0,1,0
S07430,7,0,0,53.78,,23.0,3.0,1,0
S07431,8,0,1,68.24,,28.0,1.0,0,0
S07432,7,1,0,61.96,24.79,17.0,0.0,1,0
S07433,4,0,0,86.74,45.97,23.0,2.0,0,0
S07434,6,1,1,95.25,53.98,31.0,1.0,0,0
S07435,4,1,1,54.84,42.52,16.0,10.0,0,0
S07436,7,0,1,71.93,43.56,27.0,4.0,0,0
S07437,7,0,1,67.34,0.0,2.0,4.0,0,1
S07438,8,0,1,78.97,66.1,19.0,0.0,0,0
S07439,5,0,1,73.44,31.05,15.0,5.0,0,0
S07440,4,0,1,66.19,9.92,0.0,3.0,1,0
S07441,2,1,1,73.41,49.73,19.0,0.0,0,0
S07442,6,1,0,68.78,40.66,9.0,5.0,0,1
S07443,5,0,1,95.84,49.09,,0.0,0,0
S07444,5,0,0,60.1,18.88,14.0,4.0,0,0
S07445,6,0,1,75.86,46.47,27.0,0.0,0,0
S07446,7,0,1,79.64,39.38,23.0,1.0,1,1
S07447,2,1,1,78.58,37.39,11.0,3.0,0,0
S07448,4,1,0,,,24.0,2.0,2,0
S07449,6,1,1,92.52,42.39,49.0,4.0,1,0
S07450,7,0,1,40.67,20.61,20.0,2.0,0,1
S07451,7,0,1,55.59,28.64,22.0,1.0,2,0
S07452,7,1,1,81.95,43.91,24.0,1.0,0,0
S07453,7,1,1,58.8,30.76,14.0,2.0,0,0
S07454,8,1,1,57.92,13.26,13.0,4.0,2,0
S07455,5,0,1,64.99,30.8,22.0,2.0,3,0
S07456,2,1,0,60.22,95.22423786292582,9.0,6.0,1,0
S07457,5,0,1,81.56,99.52770410777995,28.0,2.0,0,0
S07458,6,0,1,85.57,55.67,22.0,4.0,0,0
S07459,1,1,1,73.32,40.9,9.0,3.0,0,0
S07460,7,0,0,87.82,74.39,23.0,3.0,0,0
S07461,5,1,1,51.2,22.28,25.0,1.0,0,0
S07462,8,0,1,73.14,50.44,24.0,0.0,0,0
S07463,2,0,1,92.22,40.79,1.0,3.0,0,0
S07464,8,0,0,86.65,42.48,22.0,1.0,1,0
S07465,4,1,1,93.54,59.43,37.0,5.0,0,0
S07466,5,1,0,63.15,45.56,,5.0,0,0
S07467,6,0,0,85.76,47.42,32.0,1.0,1,0
S07468,5,0,1,65.6,45.04,17.0,3.0,1,0
S07469,8,0,1,80.93,48.88,27.0,0.0,0,0
S07470,2,0,1,91.66,,30.0,1.0,0,0
S07471,6,1,1,60.09,54.2,13.0,3.0,0,0
S07472,8,0,1,44.16,17.19,17.0,5.0,1,0
S07473,2,0,1,99.71,97.05510786338877,45.0,6.0,0,0
S07474,3,0,1,79.32,56.87,28.0,3.0,0,0
S07475,4,1,1,70.39,44.26,23.0,5.0,0,0
S07476,6,1,1,69.57,32.58,15.0,2.0,0,0
S07477,8,1,1,40.56,28.22,19.0,0.0,0,1
S07478,7,1,1,75.13,25.95,19.0,3.0,1,0
S07479,7,1,1,64.04,28.94,24.0,0.0,1,0
S07480,4,0,1,72.79,52.22,29.0,2.0,1,0
S07481,6,1,0,72.45,38.41,30.0,5.0,0,0
S07482,2,1,1,21.33,,12.0,4.0,2,1
S07483,4,0,1,79.35,52.07,33.0,2.0,2,0
S07484,2,1,0,74.83,31.59,13.0,4.0,0,0
S07485,1,1,1,76.85,44.28,17.0,0.0,0,0
S07486,7,1,1,69.25,51.59,10.0,3.0,0,0
S07487,7,0,1,72.73,33.46,11.0,1.0,0,0
S07488,5,0,1,74.59,43.58,36.0,0.0,0,0
S07489,1,1,1,76.11,28.08,16.0,7.0,0,0
S07490,1,0,1,79.13,31.76,16.0,1.0,0,0
S07491,1,0,1,76.24,37.91,23.0,4.0,0,0
S07492,6,0,1,99.75,38.05,26.0,3.0,0,0
S07493,2,0,1,61.11,52.65,,1.0,1,0
S07494,3,1,1,66.38,32.5,18.0,8.0,1,0
S07495,7,1,0,97.39,61.99,35.0,4.0,0,0
S07496,8,1,1,69.68,39.56,15.0,4.0,0,0
S07497,7,0,1,85.97,46.3,14.0,1.0,0,0
S07498,3,0,1,74.03,35.82,17.0,1.0,1,0
S07499,5,0,1,68.58,43.7,15.0,2.0,2,0
S07500,2,0,1,86.79,55.49,22.0,2.0,1,0
S07501,7,1,1,79.78,40.37,12.0,0.0,0,0
S07502,1,0,1,48.99,15.1,15.0,8.0,0,1
S07503,6,0,1,74.6,53.01,,1.0,0,0
S07504,5,1,1,57.07,19.76,5.0,7.0,2,0
S07505,7,1,1,91.07,61.41,30.0,5.0,0,0
S07506,4,0,1,98.3,62.91,,0.0,0,0
S07507,2,1,1,100.0,52.05,42.0,8.0,0,0
S07508,7,0,0,,37.16,5.0,5.0,0,0
S07509,6,1,1,65.08,28.18,14.0,4.0,0,0
S07510,4,1,1,76.83,31.99,13.0,3.0,1,1
S07511,3,0,1,57.9,42.9,12.0,2.0,1,0
S07512,3,0,0,100.0,49.78,44.0,2.0,0,0
S07513,4,0,1,89.92,48.56,23.0,3.0,0,0
S07514,3,1,0,76.57,50.41,20.0,3.0,0,0
S07515,3,0,1,86.96,46.21,21.0,1.0,1,0
S07516,3,1,1,64.62,33.86,33.0,0.0,0,0
S07517,1,0,1,55.38,27.95,0.0,1.0,0,0
S07518,8,0,1,38.8,13.54,6.0,1.0,1,0
S07519,2,0,1,73.25,33.94,16.0,4.0,2,0
S07520,2,0,1,68.88,11.09,8.0,2.0,1,0
S07521,2,0,1,79.79,58.86,34.0,1.0,1,0
S07522,8,1,0,72.2,39.33,8.0,5.0,0,0
S07523,4,1,1,79.11,48.88,21.0,2.0,0,0
S07524,3,0,1,84.17,37.47,26.0,0.0,0,0
S07525,4,1,1,50.1,13.43,9.0,3.0,0,1
S07526,1,0,1,85.03,45.41,,3.0,0,0
S07527,3,1,1,65.9,37.77,19.0,7.0,1,0
S07528,2,0,1,79.76,60.71,19.0,0.0,1,0
S07529,7,1,1,87.33,58.28,34.0,3.0,0,0
S07530,1,0,1,87.44,42.12,32.0,5.0,0,0
S07531,4,0,1,73.94,39.45,39.0,4.0,1,0
S07532,7,1,1,74.68,44.72,24.0,4.0,1,0
S07533,7,0,1,85.38,56.98,32.0,0.0,0,0
S07534,5,0,1,49.48,36.59,11.0,1.0,0,0
S07535,2,0,0,57.73,42.44,31.0,6.0,2,0
S07536,3,1,1,67.81,31.38,21.0,2.0,1,0
S07537,2,0,1,52.01,23.5,14.0,5.0,0,0
S07538,6,0,1,67.92,27.53,25.0,1.0,1,1
S07539,3,1,1,67.1,46.48,15.0,0.0,1,1
S07540,6,1,0,73.31,39.39,19.0,3.0,1,0
S07541,6,0,1,71.15,10.39,26.0,5.0,0,0
S07542,8,1,0,88.04,58.06,,0.0,0,0
S07543,3,0,1,,46.85,30.0,2.0,0,0
S07544,8,0,1,70.93,33.61,21.0,0.0,0,0
S07545,4,0,1,67.0,40.86,23.0,2.0,0,0
S07546,6,1,1,71.29,45.95,30.0,3.0,1,0
S07547,6,1,1,71.55,42.6,14.0,2.0,0,0
S07548,7,0,1,100.0,60.64,33.0,1.0,0,0
S07549,4,0,0,50.14,23.28,0.0,7.0,0,1
S07550,7,0,1,58.11,30.81,23.0,1.0,0,0
S07551,3,0,1,2.213466147637318,95.45853493166025,10.0,3.0,1,0
S07552,4,0,1,76.04,19.21,18.0,0.0,1,0
S07553,4,1,1,75.45,44.41,23.0,0.0,0,0
S07554,6,0,1,63.4,26.02,24.0,2.0,0,1
S07555,5,1,1,85.44,54.77,46.0,6.0,0,0
S07556,1,0,1,77.54,42.66,12.0,8.0,2,0
S07557,7,0,1,86.07,41.37,21.0,5.0,0,0
S07558,7,0,0,90.05,49.31,31.0,0.0,0,0
S07559,1,1,1,40.03,26.74,5.0,3.0,1,1
S07560,8,0,0,82.28,36.71,33.0,2.0,0,0
S07561,6,0,1,52.65,35.58,14.0,0.0,1,0
S07562,1,0,1,75.74,43.75,31.0,2.0,2,0
S07563,4,1,1,70.91,51.96,20.0,3.0,0,0
S07564,7,1,1,71.55,34.11,27.0,2.0,0,0
S07565,3,0,1,53.93,30.99,8.0,2.0,0,0
S07566,8,0,1,87.46,60.96,43.0,5.0,0,0
S07567,4,0,1,52.64,3.83,2.0,1.0,1,1
S07568,2,0,1,2.427027904314537,98.27181954903682,21.0,3.0,1,0
S07569,3,1,0,50.52,28.03,3.0,3.0,1,1
S07570,5,0,1,71.73,38.03,29.0,2.0,0,0
S07571,6,1,1,99.07,70.97,36.0,2.0,0,0
S07572,8,1,1,100.0,38.83,23.0,4.0,0,0
S07573,2,1,1,47.72,18.21,22.0,4.0,1,1
S07574,8,0,1,61.43,24.99,13.0,0.0,2,1
S07575,5,1,1,64.16,28.79,23.0,5.0,1,0
S07576,2,0,1,100.0,61.71,37.0,0.0,0,0
S07577,8,0,1,70.98,45.83,20.0,5.0,0,0
S07578,3,1,0,88.12,41.05,36.0,7.0,0,0
S07579,5,0,1,76.5,36.8,23.0,0.0,0,0
S07580,6,0,0,54.01,27.7,19.0,2.0,0,0
S07581,1,0,1,44.1,26.82,10.0,5.0,1,0
S07582,2,0,0,62.8,14.89,4.0,4.0,1,1
S07583,6,1,0,100.0,42.82,32.0,0.0,0,0
S07584,3,1,0,75.86,38.6,17.0,4.0,0,0
S07585,1,1,1,87.82,57.1,,6.0,0,0
S07586,1,0,1,50.73,30.65,4.0,0.0,0,0
S07587,7,0,0,67.12,66.39,30.0,7.0,0,0
S07588,2,0,1,83.68,,25.0,5.0,1,0
S07589,1,0,1,55.63,24.43,20.0,2.0,0,0
S07590,5,1,1,,38.44,11.0,0.0,1,0
S07591,1,1,1,58.8,32.64,,0.0,0,0
S07592,6,1,1,84.4,,22.0,0.0,0,0
S07593,5,1,1,77.98,47.74,41.0,4.0,0,0
S07594,6,0,1,82.25,35.09,21.0,6.0,1,0
S07595,4,1,1,85.07,59.81,36.0,0.0,0,0
S07596,7,1,1,68.58,96.0261216796832,31.0,2.0,0,0
S07597,6,1,1,87.05,63.95,37.0,10.0,0,0
S07598,4,0,0,63.15,32.74,14.0,2.0,1,1
S07599,1,1,1,81.39,,,1.0,0,0
S07600,3,0,1,42.44,14.61,28.0,3.0,1,1
S07601,2,1,1,60.8,27.17,21.0,,1,0
S07602,1,1,1,100.0,62.84,29.0,3.0,0,0
S07603,3,1,1,81.16,63.12,19.0,3.0,0,0
S07604,2,0,1,81.17,61.66,29.0,1.0,0,0
S07605,1,0,1,59.64,50.27,18.0,2.0,1,0
S07606,3,1,1,55.59,29.57,18.0,6.0,0,0
S07607,5,1,1,68.03,36.85,10.0,5.0,0,0
S07608,2,1,0,70.99,42.83,22.0,2.0,0,0
S07609,3,0,1,100.0,56.01,42.0,1.0,0,0
S07610,1,1,1,87.28,52.32,34.0,3.0,1,0
S07611,1,1,1,73.63,41.99,20.0,7.0,0,0
S07612,2,0,1,72.99,31.72,22.0,3.0,0,0
S07613,4,0,1,83.37,45.13,15.0,2.0,0,0
S07614,6,1,0,52.22,30.9,10.0,4.0,1,0
S07615,7,0,1,43.18,13.57,9.0,0.0,3,1
S07616,6,1,1,83.15,40.74,32.0,4.0,0,0
S07617,5,1,1,73.08,37.37,17.0,4.0,0,0
S07618,8,0,1,52.32,26.32,7.0,4.0,0,0
S07619,3,0,1,40.58,95.49042808771809,17.0,0.0,0,1
S07620,7,1,1,85.41,60.26,,6.0,0,0
S07621,8,1,1,64.18,59.83,13.0,7.0,1,0
S07622,5,1,1,78.0,95.0708715605236,31.0,6.0,0,0
S07623,7,1,1,68.04,35.71,25.0,3.0,1,0
S07624,2,1,1,71.49,34.28,21.0,5.0,0,0
S07625,8,1,1,63.12,25.32,16.0,8.0,1,0
S07626,5,1,1,70.85,49.82,25.0,5.0,1,0
S07627,2,0,1,80.66,38.81,30.0,5.0,0,0
S07628,1,0,1,67.86,44.63,23.0,1.0,0,0
S07629,6,0,1,67.01,43.62,22.0,3.0,0,0
S07630,4,1,1,81.11,54.72,21.0,1.0,0,0
S07631,3,0,1,82.11,52.95,22.0,1.0,1,0
S07632,4,1,0,54.94,33.18,15.0,5.0,1,0
S07633,8,1,1,71.57,33.12,15.0,3.0,0,0
S07634,4,0,1,64.14,39.97,11.0,1.0,1,0
S07635,1,0,1,72.21,55.16,22.0,5.0,0,0
S07636,3,1,1,93.51,58.81,38.0,6.0,0,0
S07637,2,0,1,77.38,38.13,8.0,0.0,0,0
S07638,6,1,1,100.0,40.91,29.0,5.0,0,0
S07639,7,0,1,75.29,35.97,26.0,0.0,1,0
S07640,7,0,0,69.5,36.12,30.0,1.0,1,0
S07641,6,1,0,71.7,42.26,37.0,4.0,0,0
S07642,7,0,1,74.14,57.18,,0.0,0,0
S07643,4,0,1,76.84,46.67,40.0,3.0,0,1
S07644,6,0,0,57.12,35.72,21.0,2.0,1,0
S07645,1,0,1,68.5,98.08638830826482,28.0,4.0,0,0
S07646,5,1,0,61.13,35.71,10.0,2.0,3,0
S07647,5,0,1,87.44,45.98,32.0,3.0,0,0
S07648,1,0,1,43.11,12.28,19.0,2.0,0,0
S07649,5,0,1,74.35,49.43,18.0,0.0,0,0
S07650,6,0,1,49.23,23.22,0.0,2.0,2,1
S07651,3,0,0,78.48,54.25,26.0,0.0,1,0
S07652,5,1,1,66.02,47.18,19.0,3.0,0,0
S07653,3,0,1,44.75,21.56,23.0,4.0,1,1
S07654,3,1,1,86.13,48.78,23.0,10.0,0,0
S07655,2,0,0,34.25,7.83,3.0,0.0,1,1
S07656,3,0,1,71.53,12.64,13.0,3.0,0,0
S07657,7,0,1,82.37,38.01,,2.0,0,0
S07658,8,1,1,92.65,55.36,51.0,0.0,0,0
S07659,6,1,1,47.85,27.3,1.0,2.0,0,0
S07660,5,0,0,64.26,28.02,9.0,5.0,0,0
S07661,5,1,1,88.25,55.91,28.0,3.0,0,0
S07662,4,0,1,89.27,64.08,44.0,5.0,0,0
S07663,4,1,0,91.21,42.23,35.0,1.0,0,0
S07664,5,1,1,100.0,51.97,45.0,2.0,0,0
S07665,7,0,1,64.37,38.67,17.0,3.0,3,0
S07666,4,0,0,77.59,24.73,13.0,5.0,1,0
S07667,5,0,1,66.81,27.68,17.0,1.0,0,0
S07668,4,1,0,42.37,33.52,11.0,7.0,1,1
S07669,3,0,1,70.65,37.76,22.0,1.0,0,0
S07670,3,1,1,42.08,1.95,10.0,3.0,1,1
S07671,1,0,1,64.19,23.51,24.0,1.0,0,0
S07672,4,1,1,49.98,36.62,9.0,1.0,1,1
S07673,6,0,1,78.58,46.52,17.0,3.0,0,0
S07674,6,1,1,60.32,23.3,9.0,1.0,1,0
S07675,8,0,1,45.22,27.33,,0.0,0,0
S07676,1,0,1,84.98,57.18,28.0,1.0,0,0
S07677,7,0,1,62.94,30.03,28.0,5.0,0,0
S07678,7,1,1,65.52,46.92,,1.0,0,0
S07679,4,0,1,57.33,95.34796453432845,7.0,4.0,0,0
S07680,3,1,1,89.24,54.59,29.0,6.0,0,0
S07681,3,1,1,76.06,52.16,22.0,4.0,0,0
S07682,6,0,1,62.8,40.69,7.0,1.0,1,0
S07683,7,0,1,43.29,19.32,8.0,4.0,3,1
S07684,6,0,1,100.0,69.87,45.0,4.0,0,0
S07685,5,0,1,100.0,58.33,27.0,0.0,0,0
S07686,6,0,0,93.65,98.0269238767156,55.0,7.0,0,0
S07687,1,1,1,61.45,20.65,18.0,3.0,0,0
S07688,5,0,0,64.49,52.21,27.0,1.0,0,0
S07689,1,0,1,78.01,41.99,22.0,2.0,0,0
S07690,8,1,1,58.59,30.64,,6.0,1,0
S07691,8,0,1,57.16,28.14,0.0,0.0,0,0
S07692,5,1,1,93.88,76.31,35.0,1.0,0,0
S07693,3,1,1,71.17,19.78,24.0,4.0,0,0
S07694,6,0,1,55.2,52.6,23.0,3.0,0,0
S07695,6,0,1,86.29,39.76,13.0,0.0,0,0
S07696,6,1,1,63.39,34.91,17.0,1.0,0,0
S07697,5,1,1,,16.68,19.0,2.0,1,0
S07698,2,1,1,,12.2,,3.0,2,0
S07699,1,1,1,64.25,40.31,20.0,5.0,1,0
S07700,3,0,0,75.3,36.66,20.0,2.0,1,0
S07701,5,0,1,74.58,33.89,20.0,0.0,0,0
S07702,4,1,1,90.42,46.43,38.0,0.0,0,0
S07703,5,1,1,68.44,14.06,10.0,4.0,1,0
S07704,3,1,1,65.02,34.57,20.0,3.0,1,0
S07705,8,0,1,90.68,53.07,,6.0,0,0
S07706,3,1,0,86.68,59.19,35.0,4.0,0,0
S07707,7,0,1,68.8,39.8,20.0,4.0,1,0
S07708,4,0,1,76.38,46.93,32.0,4.0,0,0
S07709,4,0,1,64.87,24.53,19.0,0.0,1,0
S07710,5,0,1,54.57,39.56,17.0,1.0,0,0
S07711,3,1,1,100.0,52.94,33.0,0.0,0,0
S07712,2,0,0,63.87,40.03,25.0,0.0,1,0
S07713,4,1,1,76.42,37.28,28.0,5.0,0,0
S07714,7,0,1,49.27,30.96,5.0,2.0,0,0
S07715,2,0,1,83.05,96.39332017730403,28.0,4.0,1,0
S07716,4,0,1,53.91,25.7,20.0,4.0,1,0
S07717,6,0,1,97.17,76.45,43.0,1.0,0,0
S07718,6,1,1,98.96,61.56,24.0,7.0,0,0
S07719,4,0,1,80.48,67.75,30.0,1.0,0,0
S07720,1,0,1,73.72,53.05,20.0,0.0,1,0
S07721,1,0,1,69.19,39.49,23.0,1.0,0,0
S07722,4,0,1,71.29,23.39,14.0,4.0,0,0
S07723,7,0,1,78.14,48.28,25.0,3.0,1,0
S07724,1,1,1,73.35,25.94,25.0,6.0,1,0
S07725,8,0,0,86.73,55.02,20.0,4.0,1,0
S07726,6,0,1,58.23,40.46,29.0,2.0,1,0
S07727,1,1,1,94.92,41.71,18.0,2.0,0,0
S07728,3,1,0,65.66,36.2,24.0,5.0,0,1
S07729,2,0,1,60.81,37.88,0.0,0.0,0,0
S07730,8,1,1,77.44,46.37,22.0,8.0,1,0
S07731,5,1,1,78.4,45.68,29.0,7.0,1,0
S07732,3,0,0,45.95,97.48001929255774,19.0,2.0,1,1
S07733,3,0,1,64.78,37.33,19.0,2.0,1,0
S07734,5,1,1,39.42,28.7,9.0,5.0,1,1
S07735,1,1,0,61.86,41.66,23.0,3.0,1,0
S07736,3,1,1,62.51,28.56,27.0,3.0,0,0
S07737,2,0,1,76.46,53.5,35.0,0.0,0,0
S07738,5,1,1,60.18,,8.0,2.0,0,0
S07739,6,0,1,63.73,35.29,18.0,0.0,1,0
S07740,4,1,1,91.56,23.21,12.0,3.0,1,0
S07741,2,1,1,100.0,48.02,22.0,3.0,0,0
S07742,3,0,1,58.19,23.51,12.0,4.0,0,0
S07743,7,0,0,87.29,41.22,35.0,1.0,0,0
S07744,2,1,1,77.82,38.35,21.0,2.0,0,0
S07745,2,1,0,45.92,33.47,11.0,5.0,0,0
S07746,1,0,1,60.13,27.71,21.0,2.0,0,0
S07747,7,1,1,26.58,0.0,1.0,2.0,1,1
S07748,1,0,1,76.85,50.61,8.0,5.0,2,0
S07749,5,0,1,55.85,24.37,11.0,3.0,0,1
S07750,8,0,1,74.01,53.6,22.0,7.0,0,0
S07751,6,1,0,100.0,48.41,36.0,8.0,1,0
S07752,4,0,1,95.9,63.84,,1.0,0,0
S07753,2,1,1,60.49,44.06,22.0,2.0,0,0
S07754,1,0,1,56.87,43.48,24.0,0.0,2,0
S07755,2,1,1,91.39,,38.0,5.0,0,0
S07756,8,1,1,56.93,42.6,18.0,2.0,1,0
S07757,2,0,1,86.87,,19.0,5.0,0,0
S07758,1,0,0,100.0,49.8,23.0,3.0,0,0
S07759,7,0,1,82.13,49.26,17.0,3.0,2,0
S07760,4,0,1,89.76,63.47,20.0,4.0,0,0
S07761,3,1,1,88.02,79.57,29.0,4.0,0,0
S07762,6,1,0,63.64,45.25,35.0,6.0,0,0
S07763,5,0,0,76.35,36.49,26.0,0.0,0,0
S07764,8,1,1,57.65,30.9,17.0,8.0,0,0
S07765,4,0,1,91.35,48.18,37.0,3.0,0,0
S07766,6,0,1,55.72,27.36,10.0,4.0,0,0
S07767,8,0,0,82.51,50.69,35.0,1.0,0,0
S07768,4,0,0,88.98,56.97,36.0,4.0,0,0
S07769,3,1,1,64.63,40.19,20.0,4.0,0,0
S07770,8,0,1,61.19,45.62,35.0,8.0,1,0
S07771,2,1,1,69.45,29.03,30.0,5.0,1,0
S07772,1,0,1,58.61,25.38,18.0,1.0,1,0
S07773,5,1,1,74.35,30.86,22.0,1.0,0,0
S07774,8,0,1,58.25,37.26,14.0,4.0,0,0
S07775,1,0,1,59.33,13.37,17.0,1.0,0,0
S07776,7,0,1,80.2,57.79,25.0,1.0,0,0
S07777,7,0,1,81.26,50.71,23.0,5.0,0,0
S07778,8,0,1,67.6,39.22,19.0,,0,0
S07779,4,0,1,47.3,10.37,4.0,3.0,0,1
S07780,3,1,1,89.56,47.76,24.0,1.0,0,0
S07781,5,0,1,65.27,14.97,7.0,3.0,0,0
S07782,2,1,1,,67.06,,2.0,0,0
S07783,7,1,0,70.01,39.57,22.0,7.0,0,0
S07784,6,0,1,74.04,56.83,22.0,2.0,0,0
S07785,4,1,1,65.52,55.03,27.0,7.0,2,0
S07786,5,0,1,75.65,41.67,17.0,1.0,0,0
S07787,6,1,1,100.0,62.24,27.0,2.0,0,0
S07788,5,1,1,66.77,48.18,9.0,0.0,1,0
S07789,7,1,1,91.14,40.49,37.0,5.0,0,0
S07790,8,0,1,73.36,41.18,28.0,0.0,0,0
S07791,8,1,1,89.61,54.6,39.0,0.0,0,0
S07792,5,0,0,43.02,38.16,25.0,4.0,0,0
S07793,6,0,1,100.0,57.4,29.0,1.0,0,0
S07794,3,0,1,77.12,42.56,19.0,3.0,1,0
S07795,1,0,1,67.98,17.59,,,0,0
S07796,4,1,1,85.55,36.85,19.0,8.0,2,0
S07797,7,1,0,74.16,96.14285811999471,21.0,6.0,1,0
S07798,2,0,1,54.78,22.06,0.0,4.0,2,0
S07799,5,1,1,35.65,11.32,1.0,7.0,1,1
S07800,2,1,1,99.39,53.69,,0.0,0,0
S07801,4,1,1,68.66,50.99,28.0,3.0,1,0
S07802,2,1,1,62.81,36.78,13.0,6.0,0,0
S07803,6,0,1,63.97,30.36,21.0,0.0,1,0
S07804,7,0,0,93.97,80.01,45.0,0.0,0,0
S07805,7,1,1,64.65,28.89,5.0,3.0,1,0
S07806,6,0,1,81.67,43.56,35.0,1.0,0,0
S07807,2,1,0,66.98,31.6,24.0,4.0,0,0
S07808,5,1,0,53.18,39.96,26.0,3.0,2,1
S07809,1,1,1,85.52,61.73,35.0,0.0,1,0
S07810,3,0,1,88.55,,23.0,0.0,0,0
S07811,5,1,0,61.81,42.99,19.0,5.0,0,0
S07812,6,1,1,71.43,38.54,11.0,5.0,0,0
S07813,1,0,1,,28.9,19.0,3.0,0,0
S07814,7,0,1,78.68,53.96,25.0,3.0,0,0
S07815,4,0,0,100.0,60.71,35.0,6.0,0,0
S07816,8,0,1,67.14,48.72,27.0,0.0,1,0
S07817,5,1,1,67.05,46.19,33.0,5.0,0,0
S07818,5,1,1,69.37,35.62,18.0,5.0,1,0
S07819,6,0,1,57.87,35.73,26.0,4.0,1,0
S07820,7,0,1,46.17,29.44,,5.0,1,0
S07821,2,0,1,74.01,35.21,13.0,3.0,0,0
S07822,5,0,1,79.91,29.84,24.0,0.0,0,0
S07823,1,0,1,72.04,60.5,23.0,2.0,1,0
S07824,4,1,0,71.06,27.58,15.0,3.0,0,1
S07825,7,1,1,58.52,9.93,9.0,2.0,1,1
S07826,7,1,1,75.79,33.14,15.0,5.0,0,0
S07827,3,1,1,74.55,28.34,19.0,0.0,0,0
S07828,4,0,1,,69.99,18.0,4.0,0,0
S07829,5,1,1,76.86,46.15,34.0,5.0,0,0
S07830,4,0,1,77.91,43.26,5.0,1.0,0,0
S07831,2,0,0,91.78,53.2,30.0,4.0,0,0
S07832,3,0,1,80.58,25.36,30.0,0.0,1,0
S07833,4,0,1,79.21,50.62,17.0,2.0,0,0
S07834,5,0,1,45.86,12.14,11.0,0.0,1,1
S07835,8,0,0,87.8,52.41,25.0,3.0,0,0
S07836,5,0,1,67.53,22.35,20.0,,0,0
S07837,4,1,0,73.19,45.31,28.0,1.0,0,0
S07838,6,0,1,52.91,29.8,20.0,2.0,1,0
S07839,7,0,1,100.0,51.84,28.0,1.0,0,0
S07840,4,1,1,34.89,13.72,0.0,2.0,3,1
S07841,4,1,1,94.32,47.83,32.0,1.0,0,0
S07842,2,0,0,78.38,17.54,19.0,4.0,0,0
S07843,7,1,1,43.42,28.91,8.0,1.0,1,1
S07844,7,0,1,100.0,68.4,34.0,0.0,0,0
S07845,2,0,1,79.71,45.89,22.0,3.0,1,1
S07846,3,0,1,36.63,5.85,12.0,4.0,0,1
S07847,3,0,1,65.66,42.0,40.0,2.0,2,0
S07848,8,1,1,80.02,49.77,31.0,3.0,0,0
S07849,1,0,0,97.7,49.83,42.0,0.0,0,0
S07850,2,1,1,65.86,44.26,24.0,2.0,0,0
S07851,3,1,1,32.3,26.55,9.0,3.0,0,1
S07852,5,1,1,93.89,47.77,35.0,4.0,0,0
S07853,2,0,1,79.47,58.36,29.0,1.0,1,0
S07854,5,0,1,38.51,18.37,17.0,4.0,1,0
S07855,6,1,1,77.14,41.57,,2.0,0,0
S07856,7,1,1,,38.33,,4.0,0,0
S07857,1,0,1,67.13,43.12,9.0,0.0,0,0
S07858,2,0,0,59.59,32.66,22.0,6.0,3,0
S07859,1,1,1,62.85,43.64,10.0,4.0,0,0
S07860,8,1,1,67.12,31.32,26.0,4.0,1,0
S07861,6,1,0,77.32,71.48,35.0,3.0,0,0
S07862,5,1,0,83.83,,25.0,6.0,0,0
S07863,7,0,0,,,21.0,4.0,2,1
S07864,5,0,1,75.84,39.32,26.0,1.0,0,0
S07865,2,1,1,79.32,21.04,25.0,3.0,0,0
S07866,5,1,1,74.54,46.16,24.0,6.0,0,0
S07867,6,0,1,65.93,39.37,14.0,2.0,0,0
S07868,1,1,1,93.3,58.59,22.0,0.0,0,0
S07869,5,0,1,92.17,40.51,17.0,0.0,0,0
S07870,4,0,1,66.51,35.38,15.0,3.0,0,0
S07871,1,1,0,70.75,55.76,39.0,4.0,1,0
S07872,3,0,1,83.58,39.08,15.0,1.0,0,0
S07873,4,0,0,91.24,41.14,,4.0,0,0
S07874,3,1,0,59.77,31.72,12.0,6.0,0,0
S07875,3,0,1,56.31,43.83,11.0,3.0,0,0
S07876,6,0,0,,38.08,26.0,7.0,0,0
S07877,4,1,1,55.15,25.48,11.0,2.0,0,0
S07878,4,0,1,42.83,12.11,,2.0,0,0
S07879,7,1,0,59.69,30.71,11.0,5.0,1,0
S07880,1,0,1,78.26,52.16,21.0,1.0,0,0
S07881,3,0,1,95.3,37.28,30.0,3.0,0,0
S07882,1,1,0,61.37,30.88,18.0,1.0,0,0
S07883,8,0,1,70.14,57.2,38.0,0.0,0,0
S07884,2,1,1,74.33,36.36,23.0,7.0,1,0
S07885,7,1,1,62.27,27.06,17.0,2.0,0,0
S07886,2,1,1,,18.66,0.0,5.0,0,0
S07887,3,0,1,77.02,50.3,26.0,0.0,1,0
S07888,5,0,1,54.04,23.03,0.0,5.0,0,0
S07889,7,1,0,60.49,46.89,23.0,4.0,0,0
S07890,2,0,1,68.96,34.31,22.0,0.0,1,0
S07891,2,1,1,,47.19,31.0,0.0,0,0
S07892,8,1,1,49.27,23.4,9.0,8.0,0,0
S07893,3,0,1,70.04,97.33753033391376,22.0,2.0,1,0
S07894,2,0,1,52.64,15.86,21.0,1.0,2,1
S07895,6,1,1,61.74,30.63,11.0,5.0,0,0
S07896,1,1,1,83.83,54.09,32.0,5.0,0,0
S07897,7,0,1,70.89,9.72,27.0,,1,0
S07898,8,1,1,97.04,48.39,30.0,5.0,0,0
S07899,7,1,1,70.92,45.73,,6.0,2,0
S07900,3,0,1,86.52,,,2.0,0,0
S07901,1,0,1,83.92,53.43,13.0,1.0,0,0
S07902,4,1,1,71.8,66.37,30.0,5.0,0,0
S07903,3,1,1,52.27,27.71,10.0,5.0,0,1
S07904,8,1,0,70.42,48.73,28.0,2.0,0,0
S07905,6,0,1,64.01,34.81,22.0,2.0,0,0
S07906,8,1,1,63.43,33.07,0.0,1.0,1,1
S07907,7,1,1,74.34,42.71,28.0,0.0,0,0
S07908,6,1,1,50.26,46.68,,3.0,2,0
S07909,1,0,1,58.89,45.39,14.0,4.0,0,0
S07910,1,0,1,56.82,31.6,14.0,2.0,0,0
S07911,1,0,1,68.19,37.49,27.0,2.0,0,0
S07912,5,0,1,60.48,31.83,11.0,4.0,0,0
S07913,2,0,1,61.46,34.51,28.0,3.0,1,0
S07914,8,1,0,74.03,37.34,11.0,5.0,1,0
S07915,2,0,1,65.31,25.73,22.0,0.0,1,0
S07916,8,1,1,72.07,57.84,29.0,3.0,1,0
S07917,6,0,0,55.26,27.57,22.0,0.0,1,0
S07918,1,1,1,59.57,40.14,19.0,4.0,2,0
S07919,1,0,1,100.0,33.08,31.0,2.0,0,0
S07920,4,1,1,61.54,23.67,14.0,,0,1
S07921,3,1,0,40.4,34.83,1.0,6.0,1,0
S07922,3,1,1,77.13,44.61,19.0,0.0,0,0
S07923,5,0,0,61.38,46.89,11.0,2.0,1,0
S07924,2,0,1,75.66,37.64,15.0,0.0,0,0
S07925,2,1,1,,43.34,36.0,6.0,2,0
S07926,6,0,1,80.25,48.19,12.0,2.0,1,0
S07927,8,1,1,70.51,45.62,31.0,5.0,0,0
S07928,3,0,1,68.6,31.88,11.0,5.0,0,0
S07929,8,0,1,89.22,63.39,20.0,1.0,0,0
S07930,3,1,1,38.73,33.71,2.0,2.0,1,0
S07931,3,1,1,52.12,38.52,6.0,1.0,0,0
S07932,1,1,1,59.62,32.37,25.0,3.0,2,1
S07933,4,0,1,46.61,0.0,18.0,6.0,1,1
S07934,4,1,1,64.81,28.49,18.0,5.0,1,0
S07935,6,1,1,63.33,44.15,41.0,3.0,0,0
S07936,2,0,1,86.62,97.61903457920192,56.0,3.0,0,0
S07937,2,0,1,70.68,34.43,22.0,0.0,0,0
S07938,4,0,1,,43.59,16.0,3.0,3,0
S07939,1,1,1,66.3,21.45,14.0,3.0,0,0
S07940,2,0,1,56.22,18.62,12.0,2.0,1,1
S07941,6,1,1,85.36,47.38,34.0,6.0,1,0
S07942,8,0,1,90.15,52.75,34.0,3.0,0,0
S07943,5,1,1,53.82,53.57,,6.0,0,0
S07944,2,1,1,96.3,46.72,25.0,0.0,0,0
S07945,8,0,1,61.94,50.92,24.0,0.0,1,0
S07946,5,0,1,60.71,34.79,21.0,3.0,1,0
S07947,6,0,1,79.09,51.1,28.0,2.0,0,0
S07948,2,0,1,80.43,51.29,,2.0,2,0
S07949,5,0,1,70.93,59.66,14.0,1.0,2,1
S07950,1,1,0,66.81,31.62,25.0,3.0,0,0
S07951,6,0,0,89.59,58.38,36.0,2.0,0,0
S07952,2,0,0,62.65,40.05,14.0,0.0,1,1
S07953,8,0,0,70.97,29.3,27.0,2.0,0,0
S07954,1,0,0,97.41,43.63,41.0,1.0,0,0
S07955,6,1,1,51.94,9.32,12.0,0.0,0,0
S07956,2,0,1,65.12,9.74,8.0,0.0,0,0
S07957,6,0,1,87.38,36.48,17.0,2.0,0,0
S07958,4,0,1,79.92,49.28,20.0,0.0,0,0
S07959,8,1,1,85.41,40.43,24.0,1.0,0,0
S07960,6,1,0,52.16,25.98,15.0,,0,1
S07961,3,0,1,76.82,38.74,,3.0,1,0
S07962,1,1,1,67.72,45.47,19.0,2.0,0,0
S07963,5,1,1,100.0,65.9,38.0,5.0,0,0
S07964,4,1,1,84.14,47.64,21.0,5.0,0,0
S07965,1,0,1,71.67,59.96,32.0,0.0,0,0
S07966,5,1,1,76.29,43.57,31.0,2.0,0,0
S07967,2,1,1,72.81,50.15,30.0,3.0,1,0
S07968,2,0,1,82.49,98.21662147373522,21.0,3.0,0,0
S07969,1,0,1,59.16,20.96,17.0,5.0,1,0
S07970,3,0,1,92.48,60.28,36.0,3.0,0,0
S07971,2,0,1,52.13,28.11,14.0,1.0,2,0
S07972,1,0,1,75.08,37.02,18.0,0.0,0,0
S07973,4,1,1,59.64,32.68,12.0,7.0,0,0
S07974,2,1,1,72.64,95.99024415211814,17.0,6.0,0,1
S07975,2,0,0,86.82,42.27,18.0,2.0,0,0
S07976,4,0,1,46.31,17.13,36.0,4.0,1,0
S07977,1,1,1,69.46,22.97,6.0,3.0,1,0
S07978,8,0,1,50.4,22.32,7.0,1.0,0,0
S07979,4,0,1,67.81,42.48,26.0,0.0,0,0
S07980,8,1,1,50.36,27.05,9.0,8.0,0,0
S07981,8,0,0,74.43,29.73,20.0,0.0,0,0
S07982,8,0,1,65.61,34.61,23.0,3.0,1,0
S07983,5,1,1,83.21,19.3,35.0,5.0,0,0
S07984,4,1,1,90.43,53.2,27.0,3.0,0,0
S07985,6,0,0,72.16,53.05,30.0,1.0,0,0
S07986,1,1,0,85.4,53.96,14.0,3.0,1,0
S07987,7,1,1,92.74,38.24,25.0,2.0,0,0
S07988,3,0,1,58.17,23.0,21.0,9.0,0,0
S07989,1,1,1,93.52,70.64,46.0,4.0,1,0
S07990,2,0,1,,47.52,14.0,0.0,0,0
S07991,2,0,1,57.32,23.97,,4.0,0,0
S07992,1,0,1,76.48,45.62,27.0,1.0,1,0
S07993,6,0,0,70.92,45.15,22.0,3.0,0,0
S07994,1,0,1,50.89,11.96,9.0,0.0,1,0
S07995,7,1,0,55.48,31.43,7.0,6.0,0,0
S07996,4,0,1,96.56,62.02,27.0,,0,0
S07997,6,1,1,76.18,42.22,28.0,7.0,1,0
S07998,3,0,0,94.23,69.06,28.0,4.0,0,0
S07999,2,1,1,65.75,38.1,30.0,1.0,0,0
S08000,2,0,1,59.98,15.55,17.0,1.0,1,0
S08001,6,0,0,46.75,26.73,18.0,0.0,1,0
S08002,6,1,1,86.52,36.04,30.0,4.0,0,0
S08003,3,1,1,78.16,46.33,21.0,5.0,0,0
S08004,3,0,1,65.89,50.6,27.0,3.0,0,0
S08005,8,0,1,60.11,16.48,8.0,3.0,0,0
S08006,7,1,0,88.9,55.39,24.0,3.0,0,0
S08007,4,1,0,69.34,42.93,18.0,3.0,0,1
S08008,2,0,1,69.5,97.0815414520082,25.0,0.0,0,0
S08009,3,1,1,62.99,97.76492686534361,24.0,2.0,2,0
S08010,5,0,0,65.89,34.74,14.0,2.0,0,0
S08011,5,0,1,80.25,42.53,18.0,0.0,0,0
S08012,2,1,1,50.75,24.0,15.0,4.0,1,1
S08013,1,1,0,73.21,28.07,11.0,3.0,1,0
S08014,4,0,1,86.33,40.36,36.0,2.0,2,0
S08015,7,0,1,70.73,28.86,20.0,4.0,0,0
S08016,2,0,1,87.81,38.69,19.0,2.0,1,0
S08017,4,1,1,92.11,55.22,20.0,3.0,0,0
S08018,2,0,1,85.55,31.47,30.0,,0,0
S08019,2,0,1,63.94,35.52,22.0,5.0,0,0
S08020,5,0,1,,50.82,16.0,,0,0
S08021,3,1,0,77.19,18.49,23.0,3.0,0,0
S08022,3,0,1,64.95,34.68,11.0,0.0,1,1
S08023,8,1,1,64.45,30.83,18.0,3.0,0,0
S08024,2,0,1,63.55,41.1,31.0,6.0,0,0
S08025,2,0,1,4.651303686212348,96.77804904097205,50.0,2.0,0,0
S08026,8,0,1,67.93,49.01,19.0,6.0,0,0
S08027,5,0,1,88.03,46.82,32.0,2.0,1,0
S08028,1,0,1,58.96,,21.0,1.0,1,1
S08029,4,0,1,,44.07,18.0,0.0,0,0
S08030,5,0,1,66.32,36.69,11.0,0.0,1,0
S08031,3,0,0,72.79,27.74,4.0,5.0,0,0
S08032,5,0,0,44.51,28.29,16.0,5.0,1,1
S08033,6,0,1,88.75,65.56,44.0,3.0,1,0
S08034,3,0,1,92.0,54.53,38.0,4.0,0,0
S08035,7,0,1,,21.27,16.0,1.0,0,0
S08036,4,1,1,89.62,25.86,28.0,1.0,0,0
S08037,8,1,0,51.94,39.96,,5.0,1,0
S08038,1,1,1,81.48,56.13,34.0,5.0,0,0
S08039,3,0,1,,28.93,23.0,0.0,0,0
S08040,6,1,1,92.04,49.44,30.0,2.0,0,0
S08041,8,1,1,75.74,57.15,15.0,4.0,1,0
S08042,2,0,1,85.97,41.62,32.0,4.0,1,0
S08043,8,0,1,90.57,60.52,,2.0,1,0
S08044,2,1,0,67.63,55.63,24.0,0.0,1,0
S08045,4,1,1,71.57,,30.0,4.0,1,0
S08046,3,1,0,55.33,12.64,3.0,0.0,1,0
S08047,4,1,1,67.5,38.32,18.0,5.0,0,0
S08048,8,1,1,100.0,51.92,,1.0,1,0
S08049,6,1,0,83.34,46.86,22.0,7.0,0,0
S08050,7,0,1,56.33,20.59,8.0,0.0,0,1
S08051,3,0,1,96.47,45.18,25.0,1.0,0,0
S08052,8,1,0,77.84,44.95,16.0,2.0,0,0
S08053,4,0,1,84.46,30.9,34.0,2.0,0,0
S08054,6,0,0,79.36,48.47,28.0,6.0,0,0
S08055,6,0,1,78.3,38.65,27.0,5.0,0,0
S08056,6,0,1,42.03,17.38,0.0,6.0,1,0
S08057,5,0,1,88.6,40.8,44.0,3.0,0,0
S08058,4,1,1,38.18,37.94,7.0,3.0,1,1
S08059,6,0,1,87.24,57.74,42.0,2.0,0,0
S08060,8,1,0,73.49,53.87,29.0,5.0,0,0
S08061,4,0,1,84.53,35.5,25.0,3.0,0,0
S08062,5,1,1,74.38,43.26,40.0,1.0,0,0
S08063,2,1,0,87.66,52.31,33.0,2.0,0,0
S08064,3,1,1,,39.41,21.0,3.0,0,0
S08065,7,0,1,76.21,44.65,21.0,1.0,0,0
S08066,6,0,1,78.07,46.91,33.0,2.0,0,0
S08067,2,1,1,100.0,53.03,28.0,6.0,0,0
S08068,5,1,1,81.0,44.84,23.0,1.0,0,0
S08069,7,0,1,52.25,25.12,11.0,3.0,0,0
S08070,1,1,1,63.54,28.32,13.0,0.0,1,0
S08071,1,1,1,80.97,36.76,20.0,2.0,0,0
S08072,4,0,0,90.9,66.98,43.0,2.0,0,0
S08073,6,1,1,61.17,28.78,27.0,6.0,1,0
S08074,3,0,1,100.0,44.51,34.0,1.0,0,0
S08075,7,0,1,74.63,39.3,19.0,0.0,0,0
S08076,7,1,0,78.31,46.48,20.0,3.0,1,0
S08077,5,0,0,53.19,62.81,13.0,6.0,0,0
S08078,4,1,0,88.73,50.33,43.0,5.0,0,0
S08079,1,1,1,65.31,,22.0,6.0,1,0
S08080,7,1,1,60.81,32.37,24.0,5.0,2,0
S08081,8,0,1,67.24,38.35,22.0,0.0,0,0
S08082,4,0,1,92.74,54.68,23.0,4.0,0,0
S08083,5,0,1,78.99,36.63,26.0,0.0,0,1
S08084,7,1,1,58.66,31.57,9.0,1.0,1,0
S08085,6,0,1,64.04,31.94,29.0,0.0,0,0
S08086,2,1,1,93.14,44.9,,0.0,1,0
S08087,6,0,0,68.45,44.11,17.0,3.0,2,0
S08088,8,0,1,80.41,44.48,32.0,6.0,0,0
S08089,7,1,1,,42.72,21.0,3.0,0,0
S08090,4,1,1,20.72,19.92,2.0,8.0,0,1
S08091,5,0,1,90.97,61.84,8.0,3.0,0,0
S08092,3,1,1,59.21,41.68,15.0,0.0,0,0
S08093,6,0,1,66.59,39.41,25.0,1.0,0,0
S08094,2,1,1,95.09,42.85,26.0,4.0,0,0
S08095,3,0,1,,97.82793661664563,35.0,2.0,0,0
S08096,3,0,0,79.39,33.78,25.0,2.0,0,0
S08097,3,0,0,82.93,43.79,35.0,3.0,0,0
S08098,3,0,1,86.67,45.3,22.0,0.0,0,0
S08099,1,1,1,93.45,49.17,28.0,1.0,0,0
S08100,6,0,1,95.36,45.08,19.0,7.0,0,0
S08101,4,0,1,73.62,44.94,22.0,1.0,1,0
S08102,8,0,1,60.94,36.87,15.0,1.0,0,0
S08103,2,0,1,68.17,43.84,29.0,0.0,0,0
S08104,6,1,1,73.91,44.07,18.0,1.0,0,0
S08105,2,0,1,71.2,67.0,19.0,0.0,0,0
S08106,5,1,1,,34.39,12.0,1.0,1,0
S08107,4,1,1,78.55,54.57,25.0,2.0,1,0
S08108,4,0,1,48.48,42.46,30.0,1.0,2,0
S08109,6,1,1,73.28,26.37,0.0,7.0,0,0
S08110,7,0,1,74.24,50.54,23.0,0.0,0,0
S08111,3,0,1,73.73,38.73,32.0,3.0,1,0
S08112,7,0,1,84.77,33.72,23.0,3.0,0,0
S08113,2,0,1,82.78,59.65,31.0,6.0,0,0
S08114,3,0,1,100.0,95.87577453924126,42.0,0.0,2,0
S08115,3,0,1,64.23,99.40735166630273,17.0,0.0,0,0
S08116,8,1,0,76.19,46.11,19.0,10.0,1,0
S08117,1,0,0,75.23,31.82,31.0,,0,0
S08118,4,1,1,74.52,62.08,27.0,5.0,0,0
S08119,4,0,1,53.03,26.04,15.0,3.0,0,0
S08120,7,1,1,54.25,34.76,21.0,0.0,2,0
S08121,4,0,0,,41.36,30.0,5.0,0,0
S08122,8,0,1,48.36,24.93,13.0,3.0,1,1
S08123,6,0,1,66.99,95.97546216374553,23.0,0.0,1,0
S08124,6,1,1,62.29,27.88,23.0,0.0,0,0
S08125,7,1,1,67.53,35.68,17.0,7.0,0,0
S08126,2,0,1,88.98,58.41,38.0,1.0,0,0
S08127,4,1,1,55.82,36.83,8.0,4.0,1,0
S08128,5,1,1,85.05,47.72,26.0,0.0,0,0
S08129,2,1,1,63.43,61.58,25.0,0.0,0,0
S08130,1,0,1,65.3,37.6,12.0,5.0,0,0
S08131,2,1,0,78.98,54.46,32.0,7.0,0,0
S08132,7,1,1,67.89,31.13,22.0,1.0,2,0
S08133,6,0,1,58.61,48.33,28.0,6.0,2,0
S08134,3,0,1,66.45,44.63,25.0,1.0,0,0
S08135,6,0,1,45.35,39.35,12.0,3.0,0,1
S08136,6,1,1,77.72,30.51,26.0,5.0,1,0
S08137,7,0,1,25.47,0.0,8.0,2.0,1,1
S08138,8,0,1,85.32,56.56,43.0,6.0,0,0
S08139,8,0,1,81.23,52.7,26.0,2.0,0,0
S08140,2,1,1,,62.95,30.0,2.0,0,0
S08141,7,1,1,100.0,56.28,31.0,0.0,0,0
S08142,4,0,1,86.04,70.76,29.0,3.0,0,0
S08143,4,0,1,62.59,28.74,10.0,1.0,0,0
S08144,6,1,1,100.0,54.17,29.0,0.0,1,0
S08145,5,0,0,54.09,29.19,8.0,1.0,1,0
S08146,4,0,1,43.46,9.93,5.0,0.0,1,0
S08147,8,1,1,99.79,59.61,39.0,8.0,1,0
S08148,2,0,1,81.02,39.47,26.0,2.0,0,0
S08149,1,0,1,43.86,,6.0,1.0,1,0
S08150,1,0,1,,98.50696872738952,14.0,5.0,1,0
S08151,7,1,1,80.27,42.48,23.0,5.0,0,0
S08152,4,1,0,58.95,29.45,18.0,,1,0
S08153,4,0,1,61.11,31.51,6.0,0.0,0,0
S08154,6,1,0,100.0,65.75,24.0,6.0,0,0
S08155,4,1,1,100.0,42.6,21.0,,0,0
S08156,5,1,0,,38.11,16.0,3.0,0,0
S08157,1,0,1,69.74,43.84,16.0,5.0,0,0
S08158,2,0,1,85.54,47.75,19.0,3.0,0,0
S08159,8,1,1,63.58,53.3,26.0,4.0,0,1
S08160,4,0,1,38.54,8.22,25.0,2.0,0,1
S08161,2,0,1,,13.07,14.0,4.0,3,1
S08162,3,0,1,70.9,36.06,17.0,5.0,1,0
S08163,3,1,1,85.23,53.92,,0.0,0,0
S08164,3,0,1,72.24,37.77,22.0,0.0,1,0
S08165,3,0,1,84.15,41.74,22.0,4.0,0,0
S08166,6,1,1,85.65,52.13,38.0,6.0,0,0
S08167,1,0,1,92.79,57.02,46.0,4.0,1,0
S08168,3,0,1,74.79,48.84,,3.0,0,0
S08169,4,0,1,76.14,51.82,35.0,3.0,0,0
S08170,5,0,1,71.45,35.66,17.0,3.0,1,0
S08171,8,1,1,68.12,40.16,19.0,7.0,1,0
S08172,8,0,1,48.42,14.75,16.0,6.0,1,0
S08173,3,1,1,89.58,50.8,41.0,2.0,0,0
S08174,5,0,1,66.24,32.66,23.0,2.0,0,0
S08175,1,0,1,65.38,49.01,23.0,0.0,0,0
S08176,5,0,0,63.88,52.55,26.0,7.0,1,0
S08177,2,0,1,51.89,25.78,23.0,0.0,0,1
S08178,1,0,1,70.72,53.66,26.0,0.0,0,0
S08179,6,0,0,79.75,50.84,33.0,4.0,0,0
S08180,2,1,0,61.42,29.45,14.0,4.0,1,0
S08181,4,0,1,87.56,36.95,14.0,2.0,0,0
S08182,1,1,1,66.47,41.71,35.0,2.0,1,0
S08183,6,0,1,49.01,21.15,6.0,2.0,0,1
S08184,7,0,0,92.61,36.15,26.0,6.0,0,0
S08185,5,1,1,74.98,38.39,21.0,2.0,0,0
S08186,7,0,1,84.95,45.91,23.0,6.0,0,0
S08187,4,0,1,85.3,99.42346063887152,21.0,1.0,0,0
S08188,2,0,0,57.81,28.94,21.0,0.0,1,1
S08189,2,0,1,64.17,32.97,23.0,3.0,0,0
S08190,2,1,0,87.51,38.12,33.0,8.0,0,0
S08191,2,0,1,99.53,70.4,37.0,5.0,0,0
S08192,3,1,1,72.95,38.84,19.0,3.0,0,0
S08193,2,0,1,62.59,16.34,16.0,0.0,0,0
S08194,5,0,1,97.24,65.14,40.0,2.0,0,0
S08195,2,0,1,62.6,25.51,15.0,2.0,2,0
S08196,5,0,1,76.93,27.47,20.0,0.0,1,0
S08197,3,1,1,65.58,95.61975766311878,28.0,,0,0
S08198,6,1,1,76.04,59.84,24.0,3.0,0,0
S08199,5,0,0,57.82,29.39,13.0,2.0,0,1
S08200,8,0,1,66.38,28.36,16.0,0.0,0,0
S08201,4,1,1,62.59,46.0,28.0,5.0,1,0
S08202,3,0,1,81.93,40.42,31.0,0.0,0,0
S08203,5,0,1,74.45,57.68,25.0,1.0,1,0
S08204,6,0,1,85.2,42.23,18.0,6.0,0,1
S08205,4,0,0,59.61,40.52,20.0,3.0,1,1
S08206,5,0,1,68.87,20.51,20.0,5.0,0,1
S08207,4,0,1,81.38,41.85,18.0,0.0,0,0
S08208,3,1,0,84.88,33.98,22.0,5.0,2,0
S08209,3,0,0,50.31,27.11,20.0,3.0,1,0
S08210,8,1,0,,49.8,34.0,5.0,1,0
S08211,6,1,1,59.8,24.38,10.0,5.0,1,0
S08212,1,0,1,85.64,39.44,20.0,2.0,0,0
S08213,8,0,1,99.91,97.91543739385664,56.0,5.0,0,0
S08214,6,0,1,32.82,0.0,5.0,0.0,1,1
S08215,1,1,1,62.16,43.96,23.0,5.0,1,0
S08216,6,0,0,75.96,38.07,20.0,2.0,0,0
S08217,5,1,1,71.94,35.57,27.0,5.0,0,0
S08218,8,1,0,86.09,37.44,17.0,1.0,0,0
S08219,4,1,0,73.19,45.32,,5.0,0,0
S08220,5,0,1,64.05,32.13,3.0,2.0,0,1
S08221,3,1,1,56.7,28.42,24.0,3.0,0,0
S08222,3,1,0,54.17,,16.0,5.0,3,0
S08223,5,1,1,60.86,15.13,,1.0,0,0
S08224,7,0,1,63.52,45.52,21.0,1.0,3,0
S08225,8,1,1,77.76,,11.0,4.0,1,0
S08226,7,0,1,69.65,29.79,33.0,5.0,0,0
S08227,5,1,1,62.24,95.73983712960474,22.0,1.0,1,0
S08228,5,0,1,56.86,37.8,23.0,1.0,0,1
S08229,3,0,0,61.46,32.63,12.0,5.0,0,0
S08230,7,1,1,63.54,27.44,21.0,3.0,1,0
S08231,3,0,1,60.78,16.39,8.0,0.0,1,0
S08232,3,1,1,82.1,38.22,27.0,2.0,0,0
S08233,7,1,0,92.52,76.04,,5.0,0,0
S08234,5,1,1,54.36,45.9,56.0,7.0,1,0
S08235,3,1,1,88.79,58.68,33.0,3.0,0,0
S08236,7,0,1,82.4,58.98,37.0,3.0,0,0
S08237,8,0,0,74.7,58.15,21.0,1.0,0,0
S08238,3,1,1,94.9,59.82,,2.0,1,0
S08239,5,0,0,69.45,97.08240227168132,29.0,1.0,0,0
S08240,4,0,1,78.03,35.28,,3.0,1,0
S08241,6,0,0,73.86,30.88,18.0,1.0,0,0
S08242,8,0,1,72.74,48.48,30.0,2.0,0,0
S08243,5,1,1,78.88,51.09,23.0,4.0,0,0
S08244,7,0,1,72.7,45.72,17.0,3.0,1,0
S08245,5,0,1,78.99,50.08,20.0,0.0,0,0
S08246,8,1,0,61.95,51.39,9.0,3.0,0,0
S08247,4,1,1,62.42,36.64,3.0,5.0,0,0
S08248,4,0,0,61.88,12.7,5.0,6.0,0,1
S08249,4,1,1,66.53,30.42,21.0,3.0,0,0
S08250,8,0,0,87.2,68.71,33.0,6.0,1,0
S08251,5,1,1,65.07,41.71,40.0,2.0,0,0
S08252,2,0,0,81.79,97.67075491645488,26.0,5.0,0,0
S08253,1,0,1,75.98,31.89,14.0,0.0,1,0
S08254,5,0,1,65.38,23.09,20.0,4.0,0,0
S08255,7,1,1,91.64,57.49,35.0,1.0,0,0
S08256,4,0,1,83.04,62.74,35.0,3.0,0,0
S08257,5,0,1,72.03,41.76,30.0,1.0,0,0
S08258,7,1,0,70.78,19.86,27.0,3.0,1,0
S08259,5,0,0,73.41,39.64,24.0,6.0,0,0
S08260,8,1,1,49.06,27.21,20.0,7.0,0,1
S08261,6,0,0,59.63,27.77,8.0,2.0,0,0
S08262,6,0,1,78.94,30.43,9.0,2.0,1,0
S08263,7,0,1,48.26,19.28,31.0,3.0,0,0
S08264,6,0,1,60.79,25.31,,1.0,2,0
S08265,1,0,1,66.11,29.34,,1.0,0,0
S08266,4,0,1,100.0,53.02,10.0,0.0,0,0
S08267,2,1,1,82.11,52.18,38.0,3.0,1,0
S08268,5,0,1,88.46,61.85,38.0,4.0,0,0
S08269,2,0,1,59.92,23.54,6.0,0.0,0,1
S08270,5,1,0,77.43,36.33,22.0,7.0,0,0
S08271,3,0,1,45.6,22.12,15.0,5.0,0,1
S08272,1,1,0,67.04,24.19,11.0,2.0,2,0
S08273,1,1,0,79.58,52.09,29.0,3.0,0,0
S08274,5,0,1,50.74,13.51,23.0,0.0,2,0
S08275,1,1,1,77.9,41.6,27.0,3.0,0,0
S08276,7,1,1,79.14,33.82,12.0,2.0,0,0
S08277,7,0,0,62.96,27.9,11.0,7.0,0,0
S08278,6,1,1,59.48,36.46,17.0,9.0,0,0
S08279,2,0,0,61.27,15.52,17.0,3.0,1,0
S08280,7,1,1,66.8,40.2,19.0,1.0,1,0
S08281,6,0,1,67.25,38.07,19.0,0.0,1,0
S08282,4,0,1,79.64,41.69,11.0,0.0,0,0
S08283,1,1,1,63.98,43.45,26.0,4.0,1,0
S08284,5,0,1,96.03,54.06,36.0,2.0,0,0
S08285,7,1,1,95.92,57.34,35.0,3.0,0,0
S08286,1,1,1,75.54,57.37,27.0,5.0,0,0
S08287,1,1,1,66.83,18.24,18.0,7.0,0,0
S08288,4,1,1,,47.64,15.0,0.0,0,0
S08289,5,1,1,76.75,60.83,16.0,3.0,0,0
S08290,4,1,1,79.38,59.01,37.0,1.0,1,0
S08291,4,1,1,68.98,98.5568163655406,21.0,2.0,0,0
S08292,3,0,1,66.1,30.08,7.0,5.0,0,0
S08293,1,1,0,77.29,53.29,24.0,6.0,0,0
S08294,1,0,1,73.04,40.14,6.0,4.0,1,0
S08295,1,0,1,63.42,39.67,21.0,1.0,2,0
S08296,6,0,1,73.7,31.37,24.0,1.0,0,0
S08297,7,0,1,62.92,47.49,15.0,4.0,0,0
S08298,4,0,1,60.73,36.43,11.0,1.0,0,0
S08299,1,0,1,71.93,46.92,27.0,0.0,1,0
S08300,4,1,0,63.38,45.57,,3.0,0,0
S08301,8,1,1,61.01,24.95,3.0,5.0,1,0
S08302,2,1,0,87.69,58.0,38.0,0.0,0,0
S08303,4,1,1,66.12,27.88,13.0,4.0,0,0
S08304,5,1,1,99.65,95.72703798629806,22.0,4.0,1,0
S08305,3,1,1,81.4,57.19,37.0,5.0,1,0
S08306,4,0,1,59.69,37.85,26.0,0.0,0,0
S08307,4,1,1,89.4,50.08,25.0,3.0,0,0
S08308,4,0,1,61.25,27.0,9.0,6.0,0,0
S08309,6,0,0,,34.36,25.0,2.0,0,0
S08310,5,0,1,75.39,53.16,20.0,0.0,0,0
S08311,1,1,1,80.14,41.47,35.0,2.0,1,0
S08312,1,1,1,72.46,54.46,33.0,3.0,0,0
S08313,4,0,1,75.99,43.18,25.0,5.0,1,0
S08314,8,1,1,68.56,44.96,26.0,2.0,0,1
S08315,1,0,0,58.11,29.23,16.0,,1,0
S08316,1,0,1,77.1,35.65,17.0,4.0,1,0
S08317,6,0,1,87.37,33.33,16.0,0.0,0,0
S08318,4,0,1,54.14,44.31,19.0,0.0,2,0
S08319,2,1,1,95.11,64.67,38.0,4.0,1,0
S08320,2,0,1,81.02,48.21,22.0,0.0,0,0
S08321,6,0,1,65.45,48.93,30.0,3.0,1,0
S08322,5,0,1,65.18,39.0,17.0,1.0,0,0
S08323,6,1,1,99.96,45.24,33.0,0.0,0,0
S08324,3,1,1,86.08,53.58,26.0,0.0,1,0
S08325,5,1,1,89.1,50.61,38.0,6.0,0,0
S08326,7,1,1,68.23,45.13,25.0,1.0,0,0
S08327,3,1,0,80.33,38.39,25.0,1.0,0,0
S08328,4,0,1,77.24,22.77,25.0,0.0,0,0
S08329,2,0,1,69.38,97.52304375496827,12.0,1.0,0,0
S08330,6,0,0,73.64,27.3,5.0,1.0,1,0
S08331,1,0,1,88.65,61.62,24.0,3.0,1,0
S08332,2,0,0,95.99,61.07,30.0,4.0,0,0
S08333,6,0,1,68.23,69.8,25.0,1.0,2,0
S08334,1,0,1,52.3,28.98,14.0,1.0,0,0
S08335,8,0,1,96.65,51.77,28.0,4.0,0,0
S08336,4,0,1,96.84,41.49,8.0,1.0,0,0
S08337,4,0,0,78.01,45.99,29.0,2.0,1,1
S08338,5,1,1,98.89,,34.0,1.0,0,0
S08339,6,1,1,76.91,39.92,31.0,5.0,0,0
S08340,4,0,0,58.36,30.55,18.0,3.0,0,0
S08341,8,0,1,52.32,27.83,25.0,2.0,1,0
S08342,8,0,1,52.17,26.82,11.0,2.0,1,0
S08343,2,0,1,72.07,57.27,22.0,1.0,0,0
S08344,6,0,1,,49.26,22.0,1.0,0,0
S08345,3,0,1,63.32,68.98,25.0,0.0,0,1
S08346,8,1,0,70.4,42.61,25.0,3.0,1,0
S08347,3,1,1,84.87,63.0,31.0,5.0,0,0
S08348,3,1,0,63.79,34.4,22.0,4.0,1,0
S08349,6,1,1,61.27,38.95,17.0,3.0,1,0
S08350,7,1,1,64.78,37.69,27.0,3.0,2,0
S08351,2,1,1,85.81,63.85,14.0,7.0,0,0
S08352,5,1,1,70.95,36.79,17.0,0.0,0,1
S08353,3,1,1,76.2,43.42,37.0,6.0,3,0
S08354,5,1,1,95.3,54.07,25.0,6.0,0,0
S08355,5,1,0,100.0,51.88,32.0,1.0,0,0
S08356,8,1,1,81.61,72.57,37.0,4.0,1,0
S08357,8,0,1,80.12,48.18,24.0,3.0,0,0
S08358,6,0,1,54.23,47.66,9.0,2.0,0,0
S08359,6,0,1,77.53,51.1,34.0,2.0,0,0
S08360,8,0,1,72.93,42.29,20.0,5.0,1,0
S08361,2,0,1,85.38,50.09,25.0,0.0,0,1
S08362,6,0,0,66.12,31.85,4.0,5.0,0,1
S08363,7,0,0,75.01,48.38,22.0,2.0,0,0
S08364,2,1,0,81.08,53.67,31.0,5.0,0,0
S08365,8,0,1,,47.77,,2.0,0,0
S08366,6,0,0,95.46,49.9,21.0,3.0,0,0
S08367,3,0,0,90.99,46.93,25.0,6.0,1,0
S08368,4,0,1,82.91,,21.0,0.0,1,0
S08369,4,1,0,65.53,20.26,18.0,0.0,0,1
S08370,8,1,1,82.9,31.43,22.0,6.0,0,0
S08371,8,0,1,60.42,37.4,32.0,2.0,0,0
S08372,7,0,1,68.91,37.15,24.0,1.0,0,0
S08373,6,0,1,98.68,63.38,18.0,1.0,0,0
S08374,1,1,1,80.07,39.93,26.0,5.0,0,0
S08375,8,1,1,75.41,27.32,23.0,7.0,1,0
S08376,2,1,1,77.34,35.79,34.0,0.0,0,0
S08377,2,0,0,70.59,38.26,21.0,3.0,1,0
S08378,1,1,1,39.66,,9.0,1.0,0,0
S08379,8,1,1,,46.5,30.0,3.0,1,0
S08380,4,1,1,81.26,39.73,17.0,4.0,0,0
S08381,2,0,1,,55.42,24.0,0.0,0,0
S08382,1,0,0,70.39,34.45,22.0,4.0,1,0
S08383,4,0,1,53.59,15.85,12.0,3.0,0,0
S08384,6,0,1,61.22,27.22,13.0,4.0,0,0
S08385,8,1,0,71.94,34.07,33.0,7.0,0,0
S08386,5,0,1,4.886800798394898,95.64744517577145,31.0,2.0,0,0
S08387,5,0,1,,49.83,33.0,3.0,0,0
S08388,7,1,1,60.98,53.89,26.0,0.0,0,0
S08389,8,0,1,76.6,34.33,27.0,1.0,1,1
S08390,3,1,0,50.62,43.9,6.0,2.0,1,0
S08391,8,1,1,3.808323949281969,98.60762842395623,10.0,9.0,0,0
S08392,5,1,1,86.3,74.15,40.0,1.0,1,0
S08393,8,1,1,70.99,49.5,24.0,3.0,0,0
S08394,1,0,1,91.74,46.49,30.0,2.0,0,0
S08395,1,0,1,,51.38,41.0,4.0,1,0
S08396,8,1,1,75.62,36.55,15.0,2.0,0,0
S08397,6,0,1,68.25,24.52,1.0,4.0,0,0
S08398,2,0,1,63.99,44.36,5.0,3.0,0,0
S08399,8,1,1,50.13,21.7,10.0,2.0,1,0
S08400,1,0,1,52.57,10.52,16.0,1.0,0,0
S08401,6,0,1,86.92,52.09,39.0,5.0,1,0
S08402,2,0,0,94.71,54.25,37.0,2.0,0,0
S08403,1,0,1,55.78,20.03,0.0,3.0,0,0
S08404,7,1,0,73.02,52.56,45.0,5.0,0,0
S08405,7,0,1,48.38,27.69,11.0,1.0,1,1
S08406,1,0,1,57.35,51.86,27.0,0.0,1,0
S08407,1,0,1,75.9,49.96,28.0,6.0,0,0
S08408,5,1,1,64.22,14.55,20.0,3.0,0,0
S08409,1,0,1,43.26,11.2,10.0,4.0,0,1
S08410,6,0,0,97.78,47.27,23.0,5.0,0,0
S08411,8,1,0,71.26,41.46,12.0,3.0,1,0
S08412,7,0,1,55.43,33.16,15.0,1.0,1,0
S08413,2,1,1,73.92,25.17,12.0,3.0,0,0
S08414,2,0,1,70.79,52.33,35.0,4.0,0,0
S08415,6,0,1,78.33,49.92,25.0,4.0,0,0
S08416,1,0,1,66.9,56.23,37.0,2.0,1,0
S08417,5,1,1,76.71,36.43,21.0,1.0,2,0
S08418,4,0,1,86.15,53.18,23.0,2.0,0,0
S08419,6,0,1,52.23,33.63,20.0,5.0,0,0
S08420,2,0,1,61.6,17.91,17.0,3.0,1,0
S08421,7,0,1,84.59,59.78,35.0,1.0,2,0
S08422,6,1,1,63.73,41.71,31.0,3.0,1,0
S08423,2,1,1,70.77,50.22,31.0,4.0,1,0
S08424,3,0,1,64.94,19.47,31.0,0.0,1,0
S08425,1,0,0,65.88,38.4,27.0,3.0,0,0
S08426,4,0,1,64.61,27.14,15.0,3.0,0,0
S08427,3,1,1,53.12,45.67,25.0,7.0,0,0
S08428,1,0,1,78.89,43.98,30.0,3.0,0,0
S08429,5,0,1,87.93,47.22,23.0,0.0,0,0
S08430,5,1,1,69.35,,18.0,2.0,0,0
S08431,1,1,1,86.24,51.92,27.0,2.0,0,0
S08432,2,0,1,64.63,40.71,29.0,2.0,0,0
S08433,1,0,0,63.75,30.13,20.0,2.0,1,0
S08434,6,1,1,78.16,48.83,25.0,7.0,1,0
S08435,3,1,1,78.41,42.81,23.0,0.0,0,0
S08436,1,0,1,70.31,33.35,19.0,3.0,0,0
S08437,2,0,1,82.15,37.46,17.0,1.0,1,0
S08438,8,0,1,52.7,40.47,22.0,0.0,0,0
S08439,3,0,1,67.44,37.02,,8.0,1,0
S08440,6,0,1,86.47,35.26,28.0,4.0,1,0
S08441,4,1,1,86.43,46.24,24.0,7.0,0,0
S08442,2,0,1,84.54,65.75,33.0,3.0,0,0
S08443,3,0,0,87.31,40.99,25.0,2.0,0,0
S08444,1,1,1,66.41,34.03,12.0,5.0,1,0
S08445,6,0,1,46.42,19.66,,0.0,0,1
S08446,3,0,1,68.12,30.39,14.0,1.0,0,0
S08447,4,1,1,81.54,44.32,27.0,5.0,0,0
S08448,2,0,1,83.99,58.24,37.0,0.0,0,0
S08449,7,1,1,64.11,27.42,,2.0,2,0
S08450,2,0,1,57.48,46.36,16.0,5.0,1,0
S08451,5,0,1,58.97,20.62,14.0,4.0,1,0
S08452,7,1,1,63.84,39.13,21.0,5.0,1,0
S08453,6,0,1,43.54,8.53,12.0,3.0,1,1
S08454,5,0,0,64.09,40.53,27.0,2.0,1,0
S08455,8,0,1,,48.97,18.0,0.0,1,0
S08456,2,1,1,70.53,47.61,32.0,2.0,0,0
S08457,8,0,1,67.05,31.27,33.0,3.0,2,0
S08458,5,1,1,61.66,,21.0,8.0,0,0
S08459,4,1,1,63.41,42.35,,4.0,1,0
S08460,3,0,0,63.67,31.68,19.0,4.0,1,0
S08461,6,0,1,82.58,46.65,25.0,4.0,0,0
S08462,8,0,0,71.99,49.03,37.0,1.0,1,0
S08463,6,1,1,100.0,40.55,32.0,2.0,0,0
S08464,1,0,1,67.01,35.54,32.0,3.0,0,0
S08465,4,1,1,78.57,44.65,,8.0,0,0
S08466,6,0,0,67.35,51.37,21.0,1.0,0,0
S08467,4,0,1,66.98,29.19,,0.0,1,1
S08468,7,1,0,95.44,50.67,29.0,6.0,0,0
S08469,6,0,1,86.96,61.55,35.0,2.0,0,0
S08470,1,0,1,45.68,28.48,7.0,0.0,2,1
S08471,5,1,1,56.66,49.31,25.0,3.0,1,0
S08472,2,1,1,69.96,51.88,33.0,10.0,0,0
S08473,4,0,0,64.24,36.52,15.0,2.0,1,0
S08474,4,0,0,,95.01129694926921,24.0,2.0,2,1
S08475,7,0,1,73.74,58.11,31.0,2.0,0,1
S08476,7,1,1,43.83,20.8,19.0,7.0,2,1
S08477,4,0,1,73.9,46.22,18.0,0.0,0,0
S08478,5,1,1,82.95,41.36,25.0,0.0,0,0
S08479,6,1,1,85.09,43.44,26.0,3.0,0,0
S08480,6,1,0,69.84,49.24,38.0,2.0,1,1
S08481,6,0,1,94.66,52.98,30.0,0.0,0,0
S08482,7,0,0,76.97,36.66,23.0,3.0,0,0
S08483,8,0,0,84.69,41.35,18.0,0.0,0,0
S08484,7,0,1,60.96,29.41,11.0,1.0,1,0
S08485,2,0,1,94.82,55.98,25.0,5.0,0,0
S08486,4,1,1,71.96,41.47,25.0,3.0,1,0
S08487,4,0,1,95.65,52.46,20.0,3.0,0,0
S08488,5,0,1,92.37,52.63,24.0,0.0,0,0
S08489,5,0,1,75.86,29.14,9.0,4.0,0,0
S08490,6,1,1,78.09,52.86,36.0,1.0,0,0
S08491,4,0,0,69.3,14.05,22.0,4.0,1,0
S08492,3,1,1,59.71,,20.0,11.0,1,0
S08493,4,1,1,80.93,62.6,17.0,8.0,0,0
S08494,7,0,0,80.16,51.6,35.0,3.0,1,0
S08495,3,1,1,47.72,25.92,26.0,6.0,1,0
S08496,1,0,1,70.76,44.76,23.0,2.0,0,0
S08497,8,0,1,85.02,99.26357071046363,23.0,4.0,1,0
S08498,2,0,1,93.99,97.52999682125966,59.0,2.0,0,0
S08499,5,0,1,82.88,54.45,32.0,1.0,0,0
S08500,7,1,1,49.24,23.22,21.0,6.0,0,1
S08501,3,1,1,56.18,21.63,22.0,4.0,0,0
S08502,3,0,1,66.81,16.8,28.0,0.0,0,0
S08503,3,1,1,92.98,53.73,24.0,2.0,0,0
S08504,2,0,1,62.89,22.45,,0.0,0,0
S08505,2,0,0,87.88,43.67,25.0,3.0,0,0
S08506,2,1,1,62.65,24.69,,0.0,0,0
S08507,4,0,1,79.99,37.7,22.0,2.0,0,0
S08508,5,1,1,57.9,15.94,13.0,6.0,2,1
S08509,1,0,1,69.09,39.59,23.0,2.0,0,0
S08510,7,1,0,55.03,33.75,23.0,7.0,0,0
S08511,6,0,0,93.65,52.12,32.0,1.0,0,0
S08512,1,0,1,61.58,59.29,35.0,5.0,0,0
S08513,7,1,1,48.79,43.49,10.0,2.0,1,1
S08514,1,0,1,47.61,17.3,0.0,0.0,0,1
S08515,5,0,1,70.72,48.77,24.0,3.0,0,0
S08516,4,1,1,65.13,29.4,16.0,5.0,2,1
S08517,5,0,1,81.73,26.29,17.0,3.0,2,1
S08518,8,0,1,68.47,40.76,19.0,0.0,0,0
S08519,8,0,1,89.49,32.84,22.0,0.0,0,1
S08520,3,1,1,66.22,44.91,15.0,3.0,1,0
S08521,5,1,1,87.4,54.43,40.0,3.0,0,0
S08522,8,1,1,57.71,28.97,18.0,6.0,1,0
S08523,6,0,1,49.45,15.79,12.0,2.0,1,1
S08524,8,0,1,59.65,39.24,,3.0,1,0
S08525,4,0,0,55.07,25.14,14.0,3.0,0,0
S08526,3,0,1,53.39,8.37,6.0,0.0,0,1
S08527,5,1,0,78.2,35.98,,6.0,1,0
S08528,7,0,1,68.04,37.08,20.0,2.0,1,0
S08529,8,1,1,74.13,39.36,10.0,7.0,1,0
S08530,6,1,1,79.91,34.7,16.0,,0,0
S08531,6,1,1,46.71,22.58,10.0,2.0,2,0
S08532,5,0,0,80.55,45.13,35.0,2.0,0,0
S08533,3,0,1,53.92,29.84,26.0,4.0,0,0
S08534,4,1,1,63.35,34.04,25.0,7.0,2,0
S08535,4,1,0,43.62,26.01,12.0,10.0,0,0
S08536,7,0,0,81.82,39.72,21.0,2.0,0,0
S08537,5,1,1,46.66,23.4,16.0,3.0,1,0
S08538,7,1,1,54.0,46.46,30.0,0.0,1,0
S08539,1,0,0,55.09,30.89,17.0,1.0,0,0
S08540,7,1,1,70.07,45.71,18.0,9.0,1,0
S08541,5,0,0,69.61,98.56392081081343,20.0,4.0,1,0
S08542,8,1,1,84.18,98.70018647136752,25.0,4.0,0,0
S08543,4,0,0,70.43,44.2,26.0,2.0,0,0
S08544,4,0,0,86.49,44.24,22.0,5.0,0,0
S08545,2,0,0,77.69,,28.0,2.0,0,0
S08546,7,1,1,57.82,50.12,22.0,2.0,1,1
S08547,6,1,1,61.99,27.18,22.0,5.0,2,0
S08548,7,0,1,,29.09,22.0,3.0,0,0
S08549,1,0,1,90.41,52.35,28.0,2.0,0,0
S08550,2,0,1,84.36,29.48,23.0,0.0,0,0
S08551,8,0,1,86.33,37.88,27.0,4.0,0,0
S08552,1,1,0,78.98,62.15,20.0,5.0,2,0
S08553,5,0,1,77.03,36.73,34.0,4.0,1,0
S08554,4,1,1,72.75,27.8,24.0,1.0,0,0
S08555,8,1,1,97.48,55.52,19.0,7.0,0,0
S08556,7,0,0,65.03,38.01,9.0,1.0,0,0
S08557,8,0,1,75.6,99.55842987886238,33.0,7.0,0,0
S08558,3,1,1,46.38,,12.0,7.0,2,0
S08559,5,1,1,50.54,22.95,12.0,3.0,0,0
S08560,6,1,1,99.23,66.78,41.0,0.0,0,0
S08561,8,0,1,81.25,40.55,25.0,2.0,0,0
S08562,1,0,0,68.81,47.18,12.0,7.0,2,0
S08563,8,1,1,73.17,31.59,14.0,2.0,2,1
S08564,3,0,1,51.63,27.54,20.0,2.0,1,1
S08565,2,1,0,65.58,40.73,36.0,9.0,0,0
S08566,5,1,1,50.13,42.15,21.0,1.0,1,0
S08567,7,0,1,67.57,39.84,18.0,2.0,1,0
S08568,2,0,1,82.2,41.11,24.0,2.0,0,0
S08569,1,0,1,78.8,35.92,25.0,3.0,1,0
S08570,8,1,1,95.84,47.03,15.0,4.0,1,0
S08571,8,0,0,76.42,46.32,24.0,5.0,0,1
S08572,2,0,0,34.82,23.29,14.0,0.0,0,0
S08573,8,1,1,100.0,63.59,47.0,4.0,0,0
S08574,8,1,1,59.39,40.2,27.0,3.0,0,0
S08575,8,0,1,74.43,42.91,39.0,4.0,0,0
S08576,2,1,0,73.53,49.13,36.0,1.0,0,0
S08577,5,0,1,75.61,97.03423886450153,35.0,5.0,0,0
S08578,8,1,1,72.72,95.9314438544314,23.0,7.0,0,0
S08579,8,1,1,72.99,42.57,26.0,0.0,0,0
S08580,5,0,1,52.18,22.13,2.0,0.0,2,0
S08581,2,0,1,100.0,44.15,34.0,3.0,0,0
S08582,1,0,1,81.77,56.89,30.0,0.0,0,0
S08583,3,1,1,72.78,34.58,,4.0,1,0
S08584,1,1,1,99.63,50.27,20.0,0.0,0,0
S08585,2,0,1,55.92,29.34,29.0,0.0,2,0
S08586,1,1,1,85.03,99.73715417139815,30.0,5.0,1,0
S08587,7,0,1,63.67,63.44,33.0,4.0,0,0
S08588,5,1,1,78.03,51.49,31.0,1.0,0,0
S08589,5,1,1,78.37,46.87,36.0,4.0,0,0
S08590,7,0,1,36.95,12.42,19.0,5.0,1,1
S08591,4,0,1,50.53,21.04,9.0,,2,1
S08592,4,1,1,95.8,47.01,27.0,4.0,0,0
S08593,2,1,1,68.22,40.22,18.0,6.0,1,0
S08594,4,0,1,100.0,45.83,25.0,2.0,0,0
S08595,2,1,0,91.65,66.09,44.0,5.0,0,0
S08596,5,0,1,68.7,36.26,22.0,0.0,1,0
S08597,8,0,1,3.413485518694889,98.94078464074359,24.0,0.0,0,0
S08598,5,1,1,96.73,59.79,21.0,6.0,0,0
S08599,3,0,0,100.0,55.63,39.0,6.0,0,0
S08600,6,1,1,67.7,28.15,18.0,4.0,0,0
S08601,7,1,0,95.07,57.96,41.0,4.0,0,0
S08602,4,0,1,87.45,49.84,22.0,1.0,0,0
S08603,3,0,1,90.04,50.74,40.0,0.0,0,0
S08604,6,0,1,73.52,50.77,30.0,3.0,2,0
S08605,2,0,1,61.91,23.04,15.0,0.0,0,0
S08606,8,1,1,56.18,48.01,28.0,5.0,0,0
S08607,3,0,1,52.44,17.41,25.0,3.0,0,0
S08608,3,1,1,100.0,52.55,36.0,1.0,1,0
S08609,6,0,1,72.16,46.91,15.0,4.0,1,0
S08610,1,0,1,54.83,27.77,23.0,2.0,0,0
S08611,2,1,0,87.04,44.81,28.0,3.0,0,0
S08612,2,0,1,64.82,20.42,20.0,5.0,0,0
S08613,4,1,0,62.24,43.85,19.0,1.0,1,0
S08614,5,1,0,100.0,,32.0,2.0,0,0
S08615,2,1,0,52.04,31.95,,2.0,0,1
S08616,3,0,1,75.53,39.66,,1.0,1,0
S08617,7,0,1,63.14,10.19,5.0,1.0,0,0
S08618,8,1,0,60.74,16.27,21.0,1.0,1,0
S08619,1,0,1,50.04,13.85,0.0,1.0,2,1
S08620,6,1,1,72.89,99.83980739118077,29.0,7.0,0,0
S08621,1,1,1,58.89,31.31,22.0,7.0,1,0
S08622,5,1,1,80.87,60.87,23.0,1.0,0,0
S08623,8,1,1,71.29,29.56,30.0,2.0,0,0
S08624,7,1,1,67.31,42.56,19.0,2.0,0,0
S08625,2,0,1,58.97,40.57,21.0,0.0,0,0
S08626,3,1,0,93.46,31.09,14.0,,0,0
S08627,7,1,1,,18.43,8.0,7.0,0,0
S08628,7,0,1,61.78,47.69,17.0,3.0,1,1
S08629,3,1,1,51.61,20.45,18.0,3.0,0,0
S08630,1,0,1,43.68,39.48,20.0,2.0,2,0
S08631,4,0,1,89.06,41.81,27.0,0.0,0,0
S08632,5,1,1,85.64,59.17,29.0,4.0,0,0
S08633,4,1,0,87.7,50.39,34.0,1.0,0,0
S08634,8,0,1,70.2,47.28,,3.0,0,0
S08635,7,1,1,84.09,56.24,31.0,,0,0
S08636,7,0,1,87.41,59.07,19.0,7.0,0,0
S08637,1,0,1,,46.86,9.0,3.0,2,0
S08638,7,0,1,66.63,41.65,16.0,3.0,1,0
S08639,7,1,1,57.36,31.4,23.0,6.0,3,0
S08640,4,0,0,78.39,23.11,,0.0,1,0
S08641,5,0,1,80.39,95.05515604839503,31.0,1.0,0,0
S08642,7,1,0,65.9,29.69,12.0,5.0,0,0
S08643,8,0,0,67.67,50.31,16.0,0.0,1,0
S08644,5,0,1,68.74,52.47,23.0,0.0,0,0
S08645,1,0,1,83.87,,21.0,2.0,0,0
S08646,5,1,1,51.39,31.82,11.0,1.0,0,0
S08647,6,1,1,55.42,40.04,0.0,6.0,0,0
S08648,1,1,0,55.71,26.61,23.0,4.0,0,0
S08649,7,0,1,69.77,41.06,21.0,0.0,0,0
S08650,2,0,1,76.73,31.71,17.0,1.0,0,0
S08651,8,1,1,55.97,45.28,31.0,3.0,1,0
S08652,5,0,1,85.64,39.78,21.0,1.0,0,0
S08653,3,0,0,93.94,32.87,26.0,0.0,0,0
S08654,1,0,1,78.21,51.89,17.0,4.0,2,0
S08655,1,0,1,88.84,53.34,37.0,0.0,0,0
S08656,6,0,1,58.27,51.85,29.0,1.0,2,0
S08657,4,1,1,58.63,50.0,28.0,0.0,0,0
S08658,7,0,1,79.72,53.12,36.0,3.0,0,0
S08659,2,1,1,71.42,22.53,17.0,5.0,0,0
S08660,8,0,1,58.6,43.27,31.0,2.0,0,0
S08661,8,1,0,93.38,99.13986075376067,59.0,7.0,0,0
S08662,1,1,1,76.48,59.62,12.0,7.0,0,0
S08663,6,1,1,82.53,50.33,23.0,2.0,0,0
S08664,8,0,1,61.89,50.29,21.0,5.0,2,0
S08665,3,1,1,97.2,54.7,26.0,,0,0
S08666,1,0,1,69.66,53.67,23.0,0.0,1,0
S08667,8,1,1,87.29,57.71,32.0,,0,0
S08668,4,1,1,63.26,33.78,23.0,4.0,1,0
S08669,1,1,1,74.53,56.31,29.0,6.0,0,0
S08670,7,1,1,80.37,28.75,24.0,1.0,0,0
S08671,6,1,1,100.0,68.61,27.0,1.0,0,0
S08672,1,1,1,65.4,46.05,8.0,6.0,1,0
S08673,3,0,1,75.04,47.4,23.0,4.0,1,0
S08674,1,0,0,80.88,37.92,21.0,1.0,0,0
S08675,8,1,1,,16.37,14.0,4.0,0,0
S08676,1,1,1,39.38,24.49,0.0,2.0,2,0
S08677,7,0,1,57.06,31.69,,4.0,1,0
S08678,5,0,1,86.51,31.3,32.0,3.0,1,0
S08679,5,0,1,97.75,44.66,19.0,3.0,0,0
S08680,7,0,1,58.16,15.33,,4.0,0,0
S08681,8,0,0,53.75,25.43,9.0,4.0,0,0
S08682,2,0,1,95.02,44.57,24.0,6.0,0,0
S08683,1,0,1,63.52,35.85,20.0,2.0,1,0
S08684,1,1,1,66.42,26.35,21.0,,0,0
S08685,6,0,1,93.89,68.7,35.0,4.0,0,0
S08686,5,0,1,91.42,30.26,21.0,5.0,0,0
S08687,1,0,0,86.01,53.78,20.0,9.0,1,0
S08688,2,0,1,46.33,40.72,22.0,2.0,0,0
S08689,5,0,0,53.12,15.42,14.0,5.0,0,1
S08690,6,0,1,88.81,46.56,31.0,5.0,1,0
S08691,3,0,1,76.77,41.33,20.0,0.0,1,0
S08692,8,1,1,60.33,17.25,22.0,1.0,0,0
S08693,8,0,1,66.83,25.05,1.0,2.0,1,0
S08694,7,0,1,88.66,39.79,38.0,0.0,0,0
S08695,4,0,1,,49.48,27.0,0.0,0,0
S08696,8,0,1,71.91,28.52,12.0,3.0,0,0
S08697,6,0,1,61.7,31.6,10.0,0.0,0,0
S08698,5,0,1,67.87,32.7,19.0,,1,0
S08699,4,0,1,92.15,54.64,29.0,5.0,0,0
S08700,7,0,1,91.85,45.04,31.0,1.0,2,0
S08701,5,1,1,,3.09,14.0,0.0,1,0
S08702,2,0,1,64.06,,27.0,0.0,0,0
S08703,8,0,1,88.24,32.66,24.0,0.0,0,0
S08704,1,0,1,96.34,61.44,27.0,0.0,0,0
S08705,6,0,1,50.2,14.11,13.0,2.0,1,1
S08706,6,1,0,68.51,50.78,,2.0,0,0
S08707,5,0,1,89.34,96.043831238164,28.0,0.0,0,0
S08708,1,0,1,73.11,96.44496729123516,18.0,3.0,1,0
S08709,4,1,0,64.67,46.38,17.0,3.0,0,0
S08710,8,0,1,74.78,21.43,33.0,2.0,0,0
S08711,2,0,1,77.56,46.21,33.0,0.0,2,0
S08712,6,1,1,55.1,31.0,,13.0,1,0
S08713,7,1,1,73.36,36.91,24.0,1.0,0,0
S08714,8,0,0,77.51,52.55,43.0,2.0,0,0
S08715,5,1,1,64.64,35.05,23.0,4.0,1,0
S08716,3,0,1,60.31,20.16,20.0,6.0,1,0
S08717,6,1,1,63.93,39.41,18.0,5.0,1,0
S08718,4,0,0,57.44,,20.0,0.0,1,0
S08719,6,1,1,84.76,38.14,,3.0,0,0
S08720,6,0,1,57.25,35.81,25.0,2.0,1,0
S08721,6,0,1,74.84,45.98,13.0,1.0,0,0
S08722,2,0,0,66.39,51.88,15.0,2.0,0,0
S08723,7,1,1,61.41,10.54,7.0,5.0,0,0
S08724,5,1,1,92.57,60.09,24.0,0.0,0,0
S08725,8,1,0,70.04,99.55649553026346,19.0,1.0,0,0
S08726,6,1,1,61.96,41.34,26.0,0.0,0,0
S08727,8,0,1,60.52,48.35,29.0,4.0,0,0
S08728,8,1,1,77.09,68.35,40.0,9.0,0,0
S08729,8,0,1,84.4,41.81,28.0,,0,0
S08730,6,1,1,91.06,83.65,28.0,3.0,0,0
S08731,5,1,1,69.49,29.0,28.0,7.0,2,0
S08732,1,0,1,68.58,31.27,14.0,0.0,0,0
S08733,4,0,0,73.96,43.41,15.0,0.0,2,0
S08734,4,1,1,74.51,34.79,20.0,3.0,0,0
S08735,7,1,1,60.42,32.22,18.0,0.0,1,0
S08736,5,1,1,93.94,50.17,14.0,8.0,1,0
S08737,4,0,0,72.33,46.76,31.0,5.0,0,0
S08738,2,0,1,80.02,62.93,27.0,3.0,0,0
S08739,6,1,1,78.37,60.7,31.0,8.0,0,0
S08740,4,1,1,78.06,32.2,12.0,2.0,0,0
S08741,1,0,0,56.94,32.04,12.0,3.0,2,0
S08742,3,1,0,71.9,46.85,17.0,2.0,0,0
S08743,8,1,1,100.0,,31.0,4.0,1,1
S08744,1,1,1,95.81,56.05,31.0,2.0,0,0
S08745,4,1,1,74.36,40.95,30.0,4.0,1,0
S08746,5,1,1,,36.67,21.0,7.0,1,0
S08747,1,1,1,38.73,36.97,5.0,0.0,0,1
S08748,2,0,1,64.54,52.94,37.0,1.0,0,0
S08749,8,0,1,70.82,42.99,20.0,0.0,3,1
S08750,5,1,1,67.24,26.33,13.0,5.0,1,0
S08751,2,1,0,68.28,42.18,6.0,5.0,0,0
S08752,2,0,1,81.34,35.06,27.0,0.0,0,0
S08753,4,1,0,56.99,33.07,23.0,2.0,0,0
S08754,6,0,1,76.09,42.17,15.0,2.0,0,0
S08755,6,0,1,70.35,44.45,27.0,3.0,0,0
S08756,2,1,0,58.77,28.83,18.0,5.0,2,0
S08757,6,1,1,97.11,40.42,17.0,3.0,0,0
S08758,8,0,1,83.22,,31.0,2.0,0,0
S08759,2,0,1,60.2,19.74,16.0,0.0,1,0
S08760,1,0,0,2.008544883704504,97.01968384506432,16.0,3.0,1,0
S08761,8,0,1,51.16,29.47,23.0,4.0,0,1
S08762,5,0,1,62.05,28.61,26.0,4.0,0,0
S08763,7,0,1,91.91,43.84,20.0,0.0,0,0
S08764,3,0,1,77.27,42.16,27.0,,1,0
S08765,3,1,1,76.07,32.04,26.0,5.0,0,0
S08766,2,1,0,86.8,62.6,27.0,3.0,0,0
S08767,2,1,1,81.17,46.41,22.0,2.0,1,0
S08768,4,0,1,68.01,27.04,20.0,0.0,1,0
S08769,1,0,1,86.05,44.45,35.0,0.0,0,1
S08770,7,0,0,46.67,8.87,,3.0,0,0
S08771,5,1,1,61.99,29.42,3.0,4.0,1,0
S08772,8,0,1,70.55,97.33406753428253,5.0,4.0,1,0
S08773,5,1,1,80.22,22.4,11.0,0.0,0,0
S08774,3,0,1,67.13,22.06,10.0,0.0,1,0
S08775,5,1,1,45.24,15.25,7.0,2.0,1,0
S08776,2,0,1,43.13,12.56,,4.0,0,0
S08777,7,0,1,70.98,64.86,22.0,4.0,0,0
S08778,6,1,1,64.83,45.8,20.0,2.0,0,0
S08779,2,0,1,58.35,19.0,17.0,0.0,0,0
S08780,5,1,1,55.84,41.44,26.0,0.0,0,0
S08781,5,0,1,74.01,32.76,10.0,7.0,0,0
S08782,2,1,1,91.53,54.41,32.0,,0,0
S08783,1,1,1,74.01,38.83,26.0,,0,0
S08784,7,0,0,91.73,52.61,19.0,1.0,0,0
S08785,3,1,1,66.39,52.48,25.0,6.0,0,0
S08786,5,1,1,78.65,46.78,28.0,3.0,0,0
S08787,2,1,1,92.28,98.92037186961039,29.0,0.0,0,0
S08788,6,0,0,69.63,29.33,2.0,4.0,0,0
S08789,1,0,1,72.39,51.98,30.0,2.0,0,0
S08790,3,1,1,66.38,46.71,22.0,5.0,0,0
S08791,5,0,0,80.89,44.09,29.0,6.0,0,0
S08792,4,1,1,85.53,19.8,0.0,4.0,0,0
S08793,5,0,1,77.27,52.37,20.0,1.0,0,0
S08794,2,1,1,68.56,30.7,10.0,4.0,0,0
S08795,4,0,1,49.5,36.36,,2.0,0,0
S08796,7,1,1,71.27,54.76,13.0,1.0,1,0
S08797,3,0,1,69.12,49.95,33.0,,0,0
S08798,2,0,1,75.54,52.52,31.0,6.0,1,0
S08799,7,0,1,73.75,40.48,25.0,2.0,0,0
S08800,7,1,1,95.59,65.42,40.0,4.0,0,0
S08801,6,0,1,61.55,8.5,11.0,1.0,0,0
S08802,7,1,1,48.37,0.76,8.0,3.0,0,1
S08803,7,0,1,54.86,35.99,24.0,1.0,2,0
S08804,6,1,1,62.5,14.95,11.0,2.0,1,0
S08805,5,1,1,88.23,61.26,18.0,3.0,0,0
S08806,1,0,1,52.54,37.96,13.0,1.0,0,0
S08807,5,0,0,54.54,,9.0,4.0,0,0
S08808,3,0,1,78.21,47.61,40.0,4.0,0,0
S08809,7,1,1,84.74,53.57,33.0,2.0,0,0
S08810,4,1,0,48.76,23.22,9.0,7.0,2,1
S08811,8,0,1,45.42,17.51,5.0,3.0,0,0
S08812,5,1,0,60.2,24.5,21.0,4.0,1,0
S08813,5,1,1,81.86,47.3,35.0,2.0,1,0
S08814,8,1,1,74.15,34.73,26.0,4.0,1,0
S08815,4,0,1,60.75,34.7,11.0,0.0,0,0
S08816,4,1,1,83.09,35.05,15.0,0.0,0,0
S08817,3,0,1,73.86,52.34,,4.0,0,0
S08818,8,1,1,70.39,31.85,24.0,4.0,1,0
S08819,7,0,1,47.78,21.5,10.0,4.0,1,1
S08820,2,1,0,60.44,40.91,26.0,4.0,2,0
S08821,4,1,1,100.0,57.88,37.0,4.0,1,0
S08822,3,1,1,66.96,32.42,23.0,0.0,0,0
S08823,6,0,1,57.65,41.36,21.0,4.0,2,1
S08824,1,1,1,66.27,27.68,9.0,2.0,1,0
S08825,6,0,0,73.79,49.96,19.0,6.0,0,0
S08826,6,1,1,85.25,42.72,19.0,2.0,0,0
S08827,2,0,1,81.32,53.13,29.0,,0,0
S08828,2,1,1,61.85,34.61,11.0,3.0,0,0
S08829,6,0,1,91.07,34.83,30.0,2.0,0,0
S08830,3,0,1,84.22,65.19,26.0,4.0,0,0
S08831,8,0,1,65.32,23.13,25.0,1.0,0,0
S08832,7,0,1,70.08,44.6,12.0,4.0,0,0
S08833,8,0,1,81.01,42.9,29.0,3.0,0,0
S08834,5,1,1,88.12,44.93,20.0,5.0,0,0
S08835,8,1,1,49.22,16.91,7.0,1.0,1,0
S08836,1,1,1,73.06,49.94,22.0,5.0,0,0
S08837,3,1,1,71.53,37.08,32.0,3.0,0,0
S08838,1,0,0,63.44,20.66,13.0,0.0,0,0
S08839,6,0,1,63.36,41.35,5.0,1.0,0,0
S08840,5,0,1,,59.41,21.0,3.0,0,0
S08841,3,0,1,80.02,41.97,22.0,2.0,0,0
S08842,3,1,1,100.0,51.6,47.0,7.0,0,0
S08843,6,1,1,63.45,31.77,22.0,4.0,0,0
S08844,2,1,0,74.06,33.92,17.0,4.0,1,0
S08845,5,1,1,76.65,95.8388976183665,23.0,1.0,1,0
S08846,5,0,1,85.44,70.25,40.0,3.0,0,0
S08847,2,1,1,92.38,56.69,28.0,0.0,0,0
S08848,2,0,1,73.4,38.07,21.0,0.0,0,0
S08849,3,1,1,55.58,17.71,13.0,3.0,2,0
S08850,5,0,1,61.34,42.07,24.0,2.0,1,0
S08851,3,0,1,74.14,46.27,19.0,2.0,0,0
S08852,4,0,1,88.84,39.33,,5.0,0,0
S08853,5,0,1,50.3,29.95,23.0,3.0,0,0
S08854,2,0,1,,39.54,21.0,2.0,0,0
S08855,5,0,1,83.36,42.34,25.0,2.0,0,0
S08856,2,1,1,52.6,23.49,4.0,4.0,1,0
S08857,2,1,1,55.12,38.81,15.0,4.0,0,0
S08858,2,0,1,89.05,47.64,23.0,0.0,0,0
S08859,3,0,1,68.68,12.15,15.0,0.0,1,0
S08860,1,1,0,67.53,48.09,19.0,7.0,0,0
S08861,8,0,1,92.52,58.57,34.0,0.0,0,0
S08862,3,1,1,56.06,12.75,12.0,0.0,1,0
S08863,7,0,0,53.04,32.9,5.0,0.0,0,0
S08864,8,0,1,96.44,41.96,24.0,5.0,0,0
S08865,7,0,0,75.5,57.56,37.0,6.0,0,0
S08866,7,0,1,82.2,34.35,30.0,1.0,0,0
S08867,1,1,1,67.33,39.33,13.0,4.0,2,0
S08868,3,1,1,70.4,46.63,32.0,5.0,0,0
S08869,6,0,1,61.44,23.07,17.0,2.0,0,0
S08870,5,1,1,,99.13633467236383,42.0,4.0,2,0
S08871,1,0,1,84.47,63.82,29.0,4.0,0,0
S08872,5,0,1,74.94,63.39,28.0,0.0,0,0
S08873,7,1,0,87.91,49.73,,4.0,0,0
S08874,7,1,1,81.94,62.07,38.0,1.0,0,0
S08875,4,0,1,56.27,13.39,13.0,2.0,1,0
S08876,2,0,0,69.83,57.84,33.0,,0,0
S08877,3,0,0,65.27,43.87,15.0,0.0,0,0
S08878,3,0,0,83.3,62.14,24.0,0.0,0,0
S08879,3,1,1,78.92,38.95,25.0,2.0,1,0
S08880,3,0,0,73.91,39.38,30.0,6.0,0,0
S08881,4,1,1,87.2,59.16,25.0,3.0,0,0
S08882,1,0,1,,34.08,26.0,6.0,0,0
S08883,3,0,1,62.95,40.42,30.0,2.0,0,0
S08884,3,0,1,64.23,43.96,20.0,1.0,1,0
S08885,2,0,0,75.78,,16.0,2.0,0,0
S08886,8,1,1,80.29,49.18,33.0,4.0,0,0
S08887,6,1,1,71.98,41.55,6.0,1.0,0,1
S08888,8,1,1,52.28,36.28,21.0,2.0,1,0
S08889,5,1,1,78.1,95.52280389568685,18.0,4.0,0,0
S08890,1,0,1,73.92,31.81,33.0,1.0,0,0
S08891,8,1,1,49.97,17.42,3.0,2.0,1,1
S08892,4,1,1,67.57,37.96,16.0,0.0,1,0
S08893,6,1,1,77.61,30.49,28.0,0.0,0,0
S08894,4,0,1,96.8,,36.0,3.0,0,0
S08895,4,0,1,55.66,14.04,12.0,5.0,2,0
S08896,4,1,1,,44.89,24.0,5.0,0,0
S08897,3,0,0,55.85,33.55,24.0,2.0,0,0
S08898,5,0,0,52.94,19.94,24.0,6.0,0,0
S08899,6,0,1,53.83,18.11,13.0,0.0,0,1
S08900,1,1,1,81.08,54.74,21.0,4.0,0,0
S08901,2,0,1,,41.35,12.0,4.0,0,0
S08902,7,1,1,67.28,43.88,23.0,6.0,0,0
S08903,5,1,1,78.87,33.85,31.0,5.0,0,0
S08904,8,0,0,72.61,45.76,24.0,2.0,0,1
S08905,5,0,0,73.66,33.05,16.0,3.0,1,0
S08906,6,1,1,67.45,29.66,35.0,3.0,0,0
S08907,8,0,1,56.59,9.93,0.0,0.0,0,0
S08908,6,0,0,97.37,96.08532618195447,39.0,5.0,0,0
S08909,3,0,1,93.01,35.9,32.0,3.0,0,0
S08910,5,0,0,95.85,81.66,35.0,3.0,0,0
S08911,2,1,0,63.91,12.87,13.0,8.0,0,0
S08912,3,0,0,61.77,44.25,18.0,2.0,0,1
S08913,6,1,1,65.78,40.61,23.0,2.0,0,0
S08914,2,0,1,88.11,56.79,28.0,1.0,0,0
S08915,6,1,1,72.0,39.3,8.0,0.0,0,0
S08916,5,1,0,63.85,52.36,33.0,4.0,1,0
S08917,3,0,1,77.46,45.21,30.0,0.0,0,0
S08918,1,1,1,60.95,37.37,19.0,8.0,0,0
S08919,6,0,1,51.67,31.95,16.0,3.0,0,0
S08920,7,1,1,73.94,53.63,37.0,4.0,0,0
S08921,6,1,1,64.26,98.03337638538547,14.0,6.0,1,0
S08922,4,0,0,71.79,47.08,15.0,3.0,1,0
S08923,6,0,1,31.73,7.78,15.0,2.0,1,1
S08924,4,1,1,58.62,40.59,21.0,0.0,1,0
S08925,3,1,1,71.32,,14.0,1.0,0,0
S08926,3,0,1,49.25,31.82,23.0,6.0,0,0
S08927,2,0,1,49.76,50.94,17.0,0.0,0,0
S08928,8,0,0,72.58,49.59,15.0,2.0,0,0
S08929,6,1,0,82.52,31.4,30.0,5.0,0,0
S08930,2,1,1,58.62,29.29,20.0,1.0,1,0
S08931,7,1,0,68.07,30.0,20.0,4.0,0,0
S08932,2,1,1,68.41,45.94,24.0,5.0,0,0
S08933,5,1,1,48.57,40.91,19.0,3.0,2,0
S08934,2,0,1,89.76,43.84,36.0,0.0,0,0
S08935,3,1,1,69.26,36.38,22.0,8.0,0,0
S08936,6,0,1,69.42,38.53,19.0,2.0,1,0
S08937,8,1,1,77.59,37.99,26.0,6.0,1,0
S08938,8,0,1,48.6,32.63,24.0,0.0,2,1
S08939,8,1,1,85.8,58.17,32.0,4.0,0,0
S08940,2,1,1,87.76,96.58873911892458,25.0,2.0,0,0
S08941,1,1,1,74.11,36.39,24.0,1.0,0,0
S08942,8,0,0,78.93,66.11,38.0,1.0,0,0
S08943,8,1,1,67.11,18.25,27.0,7.0,1,0
S08944,3,0,1,84.95,26.52,28.0,2.0,0,0
S08945,1,0,1,59.66,32.72,27.0,1.0,0,0
S08946,6,1,1,71.51,40.9,18.0,4.0,0,0
S08947,1,1,1,72.41,30.86,25.0,6.0,0,0
S08948,1,0,1,71.42,71.29,37.0,6.0,0,0
S08949,8,1,1,,53.28,33.0,0.0,1,0
S08950,4,0,1,100.0,60.87,45.0,3.0,0,0
S08951,1,1,1,,48.67,21.0,5.0,1,0
S08952,6,1,1,79.06,26.66,21.0,6.0,1,0
S08953,3,1,1,59.96,51.84,27.0,1.0,0,0
S08954,5,1,0,87.48,29.53,13.0,4.0,0,0
S08955,8,1,1,64.24,23.43,21.0,4.0,0,0
S08956,2,1,1,100.0,61.75,41.0,0.0,0,0
S08957,6,0,1,46.94,22.32,18.0,4.0,1,0
S08958,7,0,1,100.0,55.65,16.0,0.0,0,0
S08959,4,1,1,86.87,39.23,17.0,8.0,0,0
S08960,8,0,1,55.17,38.46,15.0,4.0,0,0
S08961,4,1,1,100.0,64.34,36.0,4.0,0,0
S08962,4,0,1,58.07,37.87,22.0,0.0,1,0
S08963,8,1,1,67.29,95.83808520382279,21.0,1.0,0,0
S08964,6,0,0,52.55,,21.0,1.0,1,1
S08965,7,1,1,69.8,,25.0,4.0,0,0
S08966,7,1,1,71.21,39.42,21.0,2.0,0,0
S08967,6,0,1,84.45,,31.0,1.0,0,0
S08968,2,1,1,100.0,55.14,27.0,2.0,0,0
S08969,4,0,1,64.31,31.88,25.0,0.0,1,0
S08970,7,1,1,30.71,20.25,1.0,6.0,2,1
S08971,5,1,0,81.73,42.99,30.0,5.0,1,0
S08972,3,0,1,63.75,51.57,23.0,2.0,0,0
S08973,3,0,1,99.28,60.03,30.0,0.0,0,0
S08974,7,0,1,71.48,56.0,27.0,1.0,0,0
S08975,2,0,0,60.61,39.58,31.0,6.0,0,0
S08976,1,1,1,56.81,33.76,9.0,5.0,0,1
S08977,7,0,0,81.34,48.67,33.0,3.0,0,0
S08978,3,1,1,,36.23,30.0,6.0,0,0
S08979,7,1,1,94.02,59.16,29.0,5.0,1,0
S08980,5,1,0,68.84,35.79,28.0,5.0,0,0
S08981,8,1,1,93.22,,28.0,5.0,0,0
S08982,5,0,1,51.3,,25.0,3.0,0,0
S08983,7,1,1,45.92,31.78,0.0,2.0,1,0
S08984,7,1,0,84.44,49.07,38.0,1.0,0,0
S08985,2,1,0,65.03,27.43,11.0,2.0,0,0
S08986,8,0,1,68.05,32.57,22.0,3.0,2,0
S08987,6,0,0,56.82,23.82,10.0,4.0,0,0
S08988,1,1,1,55.72,29.77,29.0,4.0,0,0
S08989,1,1,1,,97.8858399489894,24.0,5.0,0,0
S08990,3,0,1,71.72,43.79,18.0,2.0,2,0
S08991,1,1,1,56.1,29.14,26.0,3.0,1,0
S08992,3,0,1,83.86,59.94,33.0,1.0,0,0
S08993,8,1,0,89.62,49.86,26.0,4.0,0,0
S08994,4,0,1,70.37,14.42,14.0,0.0,2,0
S08995,1,0,0,87.05,50.4,19.0,1.0,0,0
S08996,4,0,1,56.97,36.42,27.0,0.0,0,0
S08997,2,0,1,80.66,47.62,29.0,4.0,0,0
S08998,7,0,0,74.43,49.11,25.0,3.0,0,0
S08999,1,0,1,60.13,26.82,22.0,2.0,0,0
S09000,7,0,1,100.0,61.24,17.0,0.0,0,0
S09001,4,1,1,,36.92,21.0,4.0,0,0
S09002,1,1,1,63.14,50.37,17.0,5.0,1,0
S09003,6,1,1,72.29,32.0,30.0,5.0,1,0
S09004,4,0,1,58.95,16.24,6.0,1.0,0,0
S09005,7,0,1,54.65,36.24,25.0,0.0,0,0
S09006,5,1,1,65.26,46.8,34.0,7.0,1,0
S09007,7,1,1,66.27,29.22,7.0,6.0,0,0
S09008,4,1,0,59.94,34.48,18.0,3.0,1,0
S09009,1,1,1,90.77,62.11,33.0,6.0,0,0
S09010,2,1,0,60.51,33.92,25.0,3.0,0,0
S09011,4,1,0,58.02,12.44,0.0,6.0,1,0
S09012,4,0,1,54.21,45.07,19.0,0.0,0,0
S09013,7,1,0,52.77,39.72,14.0,4.0,0,0
S09014,4,1,1,87.41,58.13,26.0,3.0,0,0
S09015,7,1,1,75.87,38.13,40.0,6.0,0,0
S09016,2,0,0,82.35,99.97176472008495,24.0,2.0,1,0
S09017,4,0,0,87.28,56.08,32.0,3.0,0,0
S09018,7,0,1,67.0,54.71,20.0,3.0,0,0
S09019,1,0,1,94.08,97.76482597108756,32.0,0.0,0,0
S09020,3,1,1,62.6,34.89,23.0,4.0,0,0
S09021,7,1,0,55.56,25.98,24.0,4.0,0,0
S09022,5,0,1,77.6,29.35,18.0,2.0,0,0
S09023,7,1,1,74.17,38.75,24.0,0.0,1,0
S09024,5,0,1,74.14,69.72,25.0,0.0,0,0
S09025,7,1,1,87.23,32.04,15.0,4.0,0,0
S09026,8,0,1,73.59,97.64189843718675,15.0,2.0,2,0
S09027,8,0,1,76.7,38.25,,2.0,0,0
S09028,1,1,1,92.39,52.76,26.0,9.0,0,0
S09029,5,1,1,76.0,34.6,,1.0,0,0
S09030,1,1,1,79.41,99.54719675263472,33.0,5.0,0,0
S09031,2,0,1,50.73,19.42,18.0,0.0,1,0
S09032,3,1,1,100.0,50.34,45.0,5.0,0,0
S09033,6,0,1,48.14,20.58,20.0,0.0,1,0
S09034,4,0,1,63.91,36.06,21.0,0.0,0,0
S09035,7,1,1,63.46,43.21,8.0,4.0,1,0
S09036,3,1,1,100.0,,38.0,1.0,0,0
S09037,5,1,1,62.99,32.19,30.0,5.0,1,0
S09038,7,0,0,78.63,46.24,20.0,2.0,1,0
S09039,8,1,0,63.56,37.89,5.0,3.0,0,0
S09040,2,0,1,56.4,14.56,8.0,2.0,1,0
S09041,6,1,1,80.56,43.89,,4.0,1,0
S09042,1,1,1,61.22,26.62,19.0,4.0,1,0
S09043,5,1,1,75.11,44.5,,2.0,0,0
S09044,4,1,1,81.4,43.39,26.0,3.0,0,0
S09045,8,1,0,100.0,55.8,29.0,4.0,0,0
S09046,7,0,1,53.07,34.07,33.0,3.0,2,0
S09047,8,1,0,69.71,42.87,19.0,4.0,0,1
S09048,7,1,1,70.33,34.89,20.0,1.0,0,1
S09049,4,0,1,72.01,25.81,26.0,5.0,1,0
S09050,6,0,1,100.0,60.4,,3.0,0,0
S09051,1,0,1,69.4,33.01,28.0,2.0,0,0
S09052,5,1,0,34.19,14.96,12.0,3.0,2,1
S09053,1,1,1,69.02,47.71,25.0,2.0,1,0
S09054,6,1,1,70.22,40.33,17.0,1.0,1,0
S09055,8,0,0,68.38,25.8,8.0,4.0,0,0
S09056,6,0,1,61.22,41.98,12.0,4.0,0,0
S09057,7,0,1,52.18,36.16,9.0,7.0,0,0
S09058,2,0,1,100.0,44.2,35.0,2.0,0,0
S09059,8,0,1,76.77,10.66,,2.0,2,1
S09060,5,0,0,69.12,96.68726140660195,10.0,3.0,0,0
S09061,6,0,1,100.0,49.54,23.0,0.0,0,0
S09062,7,0,1,58.97,42.52,21.0,4.0,0,0
S09063,6,1,1,81.04,61.97,31.0,2.0,1,0
S09064,3,0,1,53.26,42.84,12.0,2.0,2,1
S09065,5,0,1,83.26,64.9,23.0,1.0,0,0
S09066,6,1,1,54.98,21.67,21.0,2.0,1,0
S09067,7,1,1,79.06,59.24,26.0,5.0,1,1
S09068,4,1,1,100.0,44.32,42.0,1.0,0,0
S09069,5,1,1,73.4,99.05375210759543,,4.0,0,0
S09070,5,1,1,39.11,4.75,4.0,2.0,0,1
S09071,1,1,1,72.54,45.35,31.0,2.0,1,0
S09072,1,1,1,79.21,47.2,23.0,3.0,0,0
S09073,1,0,1,85.51,40.49,21.0,4.0,0,0
S09074,6,1,1,94.1,55.62,38.0,5.0,0,0
S09075,4,0,1,94.87,60.54,42.0,0.0,0,0
S09076,7,0,1,70.04,39.23,23.0,1.0,1,0
S09077,6,0,1,2.502151364595996,99.54401735538558,11.0,2.0,1,1
S09078,2,0,1,55.22,37.85,29.0,3.0,0,0
S09079,1,0,1,63.9,51.84,,6.0,1,0
S09080,3,1,1,79.15,43.26,27.0,3.0,0,0
S09081,8,0,1,51.77,13.21,12.0,3.0,0,0
S09082,1,0,0,58.1,53.65,,3.0,0,0
S09083,2,0,1,80.43,41.42,17.0,1.0,2,0
S09084,1,0,1,62.3,26.84,9.0,2.0,2,1
S09085,4,1,1,77.55,67.01,40.0,4.0,0,0
S09086,8,0,1,59.79,21.21,11.0,3.0,0,0
S09087,6,0,1,76.32,49.56,32.0,4.0,0,0
S09088,4,0,1,60.42,21.25,,4.0,2,0
S09089,2,0,1,43.47,99.1566655520007,14.0,1.0,3,1
S09090,3,0,1,86.34,,21.0,4.0,0,0
S09091,5,0,1,61.56,34.89,24.0,1.0,0,0
S09092,3,1,0,68.27,97.69480904624933,32.0,1.0,0,0
S09093,6,1,1,61.63,33.32,21.0,3.0,1,0
S09094,8,1,1,80.17,47.02,19.0,7.0,0,0
S09095,2,0,1,77.0,44.23,27.0,0.0,1,0
S09096,3,0,0,80.13,28.86,14.0,5.0,0,0
S09097,2,1,0,63.76,40.97,12.0,0.0,0,0
S09098,6,0,1,71.25,99.02910972884536,20.0,8.0,1,0
S09099,4,1,1,78.26,50.52,25.0,0.0,1,0
S09100,3,0,0,95.18,42.34,21.0,4.0,0,0
S09101,2,0,1,76.6,27.61,26.0,1.0,0,0
S09102,1,0,1,56.95,33.62,21.0,2.0,4,0
S09103,4,1,1,76.02,50.75,22.0,1.0,0,0
S09104,6,1,1,69.53,25.35,4.0,6.0,0,0
S09105,2,1,1,42.02,16.15,12.0,0.0,0,0
S09106,1,0,1,44.32,34.49,27.0,2.0,2,0
S09107,4,1,1,71.0,,26.0,1.0,1,0
S09108,6,0,1,72.27,21.15,23.0,5.0,0,0
S09109,3,0,1,67.58,43.38,18.0,4.0,0,0
S09110,3,1,1,85.26,51.54,32.0,0.0,1,0
S09111,2,1,1,57.97,36.84,19.0,3.0,0,0
S09112,6,0,1,51.21,32.18,21.0,1.0,2,0
S09113,7,0,0,59.61,13.8,9.0,2.0,2,1
S09114,7,0,1,62.85,27.84,20.0,4.0,0,0
S09115,5,0,1,71.13,34.03,18.0,4.0,1,0
S09116,6,0,0,60.04,39.51,21.0,4.0,0,0
S09117,4,1,1,39.87,99.49044239768048,0.0,3.0,1,1
S09118,1,0,1,33.46,20.49,5.0,0.0,1,0
S09119,3,1,1,73.85,34.91,27.0,1.0,0,0
S09120,6,0,0,55.06,47.86,22.0,5.0,0,0
S09121,6,0,1,41.92,23.56,11.0,4.0,0,1
S09122,8,0,1,81.37,40.91,9.0,1.0,0,0
S09123,8,0,1,95.18,60.97,36.0,0.0,0,0
S09124,2,0,0,70.58,20.61,35.0,4.0,0,0
S09125,1,1,0,76.03,42.52,17.0,4.0,0,0
S09126,3,1,1,76.15,39.87,21.0,1.0,1,0
S09127,8,0,1,37.3,19.66,16.0,0.0,0,1
S09128,7,1,1,85.33,54.68,,3.0,0,0
S09129,1,1,1,90.6,50.45,38.0,2.0,0,0
S09130,2,0,1,99.55,72.76,40.0,2.0,0,0
S09131,5,1,0,65.44,48.09,8.0,6.0,0,0
S09132,6,1,1,54.97,29.53,12.0,2.0,2,0
S09133,8,1,0,92.38,62.1,35.0,2.0,0,0
S09134,7,1,1,79.48,96.1966363556706,58.0,1.0,1,0
S09135,2,1,0,85.12,37.75,30.0,3.0,2,0
S09136,1,0,1,62.29,37.81,18.0,0.0,0,0
S09137,6,1,1,76.07,98.46787337186122,20.0,4.0,1,0
S09138,5,1,0,56.2,22.99,15.0,8.0,1,0
S09139,8,0,1,71.92,35.0,,3.0,0,1
S09140,5,1,0,66.78,32.97,15.0,9.0,1,0
S09141,5,0,1,100.0,55.45,32.0,0.0,0,0
S09142,3,0,0,80.23,55.49,25.0,1.0,0,0
S09143,1,1,0,39.72,33.22,15.0,1.0,3,0
S09144,8,1,1,71.98,48.46,20.0,5.0,0,0
S09145,7,1,1,77.52,51.82,38.0,4.0,1,0
S09146,2,1,1,64.89,28.2,30.0,2.0,0,0
S09147,6,0,1,55.46,24.93,,0.0,0,0
S09148,3,1,1,81.91,40.3,28.0,3.0,0,0
S09149,4,1,1,57.58,37.75,27.0,1.0,1,1
S09150,7,1,1,80.63,53.42,20.0,3.0,0,0
S09151,7,0,1,56.31,31.44,11.0,2.0,1,0
S09152,2,0,1,63.99,39.13,30.0,0.0,0,0
S09153,3,1,0,86.34,58.08,33.0,4.0,0,0
S09154,7,0,0,79.34,47.99,34.0,2.0,1,0
S09155,8,0,1,72.47,39.74,25.0,0.0,0,0
S09156,1,1,1,71.55,45.62,20.0,0.0,1,0
S09157,7,1,1,73.36,39.89,12.0,,1,0
S09158,4,1,1,60.13,26.94,19.0,5.0,0,0
S09159,5,1,1,49.25,17.45,24.0,3.0,0,0
S09160,1,1,1,80.54,51.44,35.0,2.0,0,0
S09161,6,0,1,94.95,54.07,39.0,2.0,0,0
S09162,6,1,1,81.06,44.0,32.0,6.0,1,0
S09163,6,1,1,75.81,,41.0,2.0,0,0
S09164,7,1,1,53.87,21.92,3.0,6.0,0,1
S09165,8,0,1,85.16,48.93,29.0,2.0,0,0
S09166,7,0,1,79.22,35.13,18.0,2.0,1,0
S09167,6,1,0,83.4,44.57,39.0,3.0,0,0
S09168,8,1,1,,29.77,24.0,6.0,0,0
S09169,6,0,1,95.79,58.13,39.0,0.0,0,0
S09170,6,1,1,55.28,35.97,13.0,1.0,1,0
S09171,5,1,1,52.67,31.88,19.0,4.0,0,1
S09172,7,0,1,74.22,99.3570992186686,22.0,3.0,1,1
S09173,1,1,1,58.16,23.15,17.0,2.0,0,0
S09174,5,1,1,55.56,21.17,19.0,7.0,1,0
S09175,4,0,1,90.3,45.05,36.0,1.0,1,0
S09176,8,0,1,,23.33,16.0,0.0,0,0
S09177,1,0,1,71.83,36.61,29.0,1.0,1,0
S09178,6,1,1,47.53,52.83,22.0,4.0,0,0
S09179,2,0,0,72.95,33.04,19.0,3.0,0,0
S09180,8,0,1,89.74,38.16,44.0,3.0,0,0
S09181,7,0,0,90.2,63.59,35.0,4.0,0,0
S09182,2,1,1,87.67,48.68,25.0,2.0,0,0
S09183,7,1,1,70.82,96.98415735421887,27.0,4.0,0,0
S09184,4,0,0,88.67,53.1,37.0,1.0,0,0
S09185,8,1,1,78.45,59.16,29.0,3.0,1,0
S09186,6,0,1,65.42,38.72,22.0,0.0,0,0
S09187,1,0,0,77.73,40.63,0.0,3.0,1,0
S09188,2,0,1,85.29,52.79,19.0,2.0,0,0
S09189,4,1,0,52.08,27.56,21.0,2.0,1,0
S09190,2,1,1,56.09,28.86,9.0,2.0,0,0
S09191,2,0,1,69.85,52.55,26.0,4.0,1,0
S09192,8,1,1,53.67,37.89,23.0,7.0,1,0
S09193,7,1,1,53.46,38.98,,2.0,0,0
S09194,4,1,0,65.69,53.46,6.0,7.0,0,0
S09195,2,1,1,86.88,40.81,22.0,5.0,0,0
S09196,2,1,1,86.6,47.88,33.0,5.0,0,0
S09197,8,0,0,76.82,32.18,34.0,5.0,1,0
S09198,3,0,0,74.7,22.8,7.0,6.0,0,0
S09199,1,1,1,100.0,49.33,33.0,8.0,0,0
S09200,4,1,1,63.91,32.98,8.0,2.0,0,0
S09201,4,0,0,75.62,39.84,24.0,4.0,1,0
S09202,5,1,1,63.17,28.53,18.0,4.0,0,0
S09203,3,1,1,52.69,,34.0,4.0,0,0
S09204,8,1,1,89.77,42.6,25.0,2.0,0,0
S09205,6,1,1,67.42,38.47,29.0,4.0,0,0
S09206,8,0,0,82.42,35.18,34.0,4.0,1,0
S09207,3,1,1,68.31,51.0,20.0,3.0,1,0
S09208,6,1,0,90.7,48.77,30.0,1.0,0,0
S09209,3,0,1,57.04,25.31,17.0,0.0,2,0
S09210,6,0,1,89.46,44.73,23.0,3.0,0,0
S09211,6,1,1,85.41,35.81,21.0,3.0,1,0
S09212,3,0,0,45.08,,9.0,4.0,2,1
S09213,8,0,1,64.25,16.9,11.0,2.0,1,0
S09214,7,0,1,87.31,47.88,24.0,5.0,0,0
S09215,8,0,1,96.56,69.72,30.0,0.0,0,0
S09216,2,0,1,82.73,39.26,28.0,1.0,1,0
S09217,6,1,1,66.05,17.15,24.0,6.0,0,0
S09218,1,1,1,57.47,29.61,16.0,0.0,0,0
S09219,1,1,1,80.5,39.7,19.0,6.0,0,0
S09220,8,0,1,65.61,36.82,24.0,4.0,0,1
S09221,2,0,1,66.25,33.59,27.0,5.0,2,0
S09222,7,0,1,68.64,38.41,17.0,0.0,0,0
S09223,4,1,0,85.23,51.89,19.0,1.0,0,0
S09224,3,1,0,99.1,97.44433656480328,29.0,3.0,0,0
S09225,1,0,1,87.4,50.51,27.0,0.0,1,0
S09226,6,1,1,72.14,37.59,32.0,5.0,2,0
S09227,6,0,1,58.51,55.87,23.0,5.0,0,0
S09228,4,0,1,82.01,56.27,26.0,2.0,3,0
S09229,7,1,1,96.98,81.38,47.0,4.0,0,0
S09230,3,0,1,87.05,57.62,28.0,5.0,1,0
S09231,5,1,1,75.12,34.58,35.0,3.0,1,1
S09232,3,0,1,64.66,33.41,30.0,2.0,0,0
S09233,5,1,1,77.18,54.1,33.0,5.0,0,0
S09234,2,0,1,89.32,48.0,31.0,2.0,0,0
S09235,4,0,1,75.48,49.43,25.0,5.0,0,0
S09236,5,0,1,70.45,37.22,22.0,3.0,1,0
S09237,5,1,1,61.69,45.71,26.0,3.0,2,0
S09238,4,1,0,100.0,72.62,26.0,4.0,0,0
S09239,6,1,1,58.64,18.18,16.0,7.0,0,0
S09240,5,0,1,57.25,21.73,30.0,4.0,0,0
S09241,3,0,0,,41.03,28.0,3.0,0,0
S09242,2,0,1,68.97,41.51,29.0,1.0,0,0
S09243,6,1,1,87.35,38.62,18.0,6.0,0,0
S09244,8,0,1,87.86,51.46,25.0,1.0,0,0
S09245,7,0,1,53.79,27.62,19.0,5.0,1,0
S09246,6,1,1,60.67,25.21,18.0,4.0,1,0
S09247,8,1,1,58.87,30.21,8.0,2.0,0,0
S09248,8,0,0,83.77,57.88,33.0,1.0,0,0
S09249,5,0,1,78.43,49.99,,2.0,0,0
S09250,1,0,1,66.43,54.59,18.0,1.0,1,0
S09251,6,1,1,75.25,41.72,30.0,2.0,2,0
S09252,5,0,1,55.11,29.56,33.0,0.0,1,0
S09253,3,1,1,60.86,42.5,31.0,1.0,0,0
S09254,7,0,1,52.5,9.84,13.0,0.0,0,0
S09255,7,1,1,74.18,56.44,14.0,5.0,0,0
S09256,3,1,1,74.13,58.84,25.0,0.0,0,0
S09257,4,0,1,57.23,54.18,36.0,6.0,1,0
S09258,2,0,0,78.32,25.73,35.0,1.0,0,0
S09259,2,0,1,87.86,44.95,28.0,1.0,0,0
S09260,3,1,1,56.54,36.77,29.0,2.0,0,0
S09261,3,0,1,67.11,42.7,30.0,2.0,0,0
S09262,3,1,0,79.7,,10.0,7.0,3,1
S09263,2,0,1,71.9,54.87,,0.0,1,0
S09264,4,0,1,51.42,44.83,16.0,3.0,0,0
S09265,5,1,0,65.39,40.17,13.0,4.0,0,0
S09266,3,1,1,64.89,35.06,21.0,3.0,1,0
S09267,5,1,1,69.44,39.86,25.0,5.0,0,0
S09268,3,1,1,70.08,42.83,15.0,6.0,0,0
S09269,6,1,1,95.49,41.25,30.0,7.0,0,0
S09270,6,0,1,68.87,35.36,19.0,3.0,0,0
S09271,8,1,0,46.23,44.8,20.0,1.0,0,0
S09272,1,1,1,73.37,46.5,21.0,7.0,0,0
S09273,7,1,1,98.22,58.93,18.0,3.0,0,0
S09274,3,1,1,69.49,39.79,18.0,3.0,2,0
S09275,1,0,1,65.43,42.12,12.0,0.0,0,0
S09276,6,1,1,67.42,37.18,10.0,,0,0
S09277,2,1,0,80.76,68.55,35.0,,0,0
S09278,2,0,1,67.36,36.24,27.0,0.0,1,0
S09279,8,1,0,49.27,15.9,7.0,8.0,0,0
S09280,2,0,1,61.92,11.92,9.0,3.0,1,0
S09281,5,0,1,71.03,38.67,21.0,1.0,0,0
S09282,2,0,1,80.03,48.71,15.0,4.0,0,0
S09283,1,1,0,63.26,46.37,17.0,4.0,1,0
S09284,1,1,1,67.56,37.96,21.0,3.0,1,0
S09285,1,0,1,72.67,55.33,25.0,3.0,0,0
S09286,4,0,1,60.34,37.69,21.0,2.0,1,0
S09287,4,1,1,70.62,24.67,16.0,6.0,0,0
S09288,1,0,1,79.01,53.66,,1.0,0,0
S09289,3,0,0,54.2,28.84,26.0,0.0,1,0
S09290,3,0,1,76.6,29.79,7.0,4.0,0,0
S09291,5,1,1,55.65,44.88,19.0,2.0,2,0
S09292,8,0,1,55.95,39.04,7.0,2.0,1,0
S09293,6,1,1,62.06,44.1,30.0,3.0,1,0
S09294,8,1,1,92.48,47.64,36.0,0.0,0,0
S09295,2,0,1,46.27,,19.0,7.0,0,1
S09296,2,1,1,65.04,37.43,13.0,1.0,0,0
S09297,7,0,1,71.6,43.4,24.0,3.0,0,0
S09298,3,0,0,89.51,48.52,32.0,0.0,0,0
S09299,7,0,1,100.0,52.31,14.0,1.0,0,0
S09300,4,1,1,65.67,38.23,21.0,2.0,0,0
S09301,2,1,1,,41.79,30.0,5.0,0,0
S09302,7,1,1,70.58,23.12,11.0,3.0,0,0
S09303,5,1,1,70.49,41.24,27.0,4.0,0,0
S09304,7,0,1,76.1,39.42,25.0,1.0,0,0
S09305,4,1,1,48.22,28.42,25.0,0.0,1,0
S09306,2,0,1,71.28,37.17,19.0,2.0,0,0
S09307,6,0,1,78.76,44.58,26.0,5.0,0,0
S09308,1,1,0,59.1,28.79,21.0,5.0,1,0
S09309,6,0,0,78.86,38.88,2.0,4.0,0,0
S09310,4,0,1,46.07,20.17,10.0,0.0,1,1
S09311,7,0,1,73.4,44.63,24.0,2.0,0,0
S09312,7,0,0,92.13,33.7,11.0,0.0,0,0
S09313,4,1,1,68.72,36.04,27.0,2.0,1,0
S09314,8,0,1,57.33,99.08724390436906,18.0,0.0,1,0
S09315,1,1,1,50.62,14.28,15.0,0.0,0,0
S09316,1,0,0,77.86,58.93,30.0,1.0,0,0
S09317,8,1,0,85.92,52.12,24.0,1.0,0,0
S09318,5,1,1,71.16,39.88,22.0,0.0,0,0
S09319,4,1,1,65.04,44.69,27.0,3.0,0,0
S09320,2,0,1,,11.17,12.0,5.0,0,1
S09321,3,1,1,,37.13,8.0,1.0,0,0
S09322,6,1,1,61.66,17.2,19.0,1.0,1,0
S09323,7,1,1,62.52,44.26,20.0,2.0,0,0
S09324,8,0,1,96.25,48.35,38.0,1.0,0,0
S09325,4,0,1,44.98,31.08,,0.0,0,0
S09326,4,1,1,46.98,12.06,6.0,0.0,0,1
S09327,2,0,1,75.47,38.64,16.0,2.0,0,0
S09328,1,0,0,66.22,43.32,32.0,3.0,1,0
S09329,4,1,1,64.22,37.21,22.0,9.0,1,0
S09330,5,0,1,76.09,53.78,35.0,4.0,0,1
S09331,1,0,1,75.84,37.75,36.0,4.0,0,0
S09332,4,1,0,57.4,10.03,11.0,3.0,1,0
S09333,6,0,0,63.12,24.63,13.0,1.0,1,1
S09334,7,0,1,72.74,50.75,22.0,0.0,0,0
S09335,8,0,1,74.51,39.93,28.0,2.0,1,0
S09336,3,0,0,79.25,32.37,14.0,5.0,0,0
S09337,4,0,1,,54.89,23.0,1.0,0,0
S09338,7,1,1,,34.38,28.0,2.0,1,0
S09339,6,0,0,86.26,,19.0,2.0,0,0
S09340,3,0,1,72.7,25.86,14.0,0.0,2,0
S09341,6,1,0,,30.17,25.0,3.0,1,0
S09342,2,0,1,68.47,55.0,,1.0,0,0
S09343,4,0,0,62.74,40.05,17.0,4.0,1,1
S09344,3,0,0,57.93,24.86,20.0,1.0,0,0
S09345,8,0,1,67.53,14.38,16.0,3.0,1,0
S09346,1,0,1,78.76,43.58,27.0,3.0,0,0
S09347,7,0,1,58.66,28.28,,1.0,1,1
S09348,3,1,0,70.87,57.62,20.0,3.0,0,0
S09349,1,1,1,69.13,35.71,41.0,3.0,1,0
S09350,6,1,1,98.67,53.54,33.0,6.0,0,0
S09351,6,0,0,82.84,39.03,14.0,2.0,0,0
S09352,2,1,1,82.6,,31.0,7.0,0,0
S09353,1,1,1,85.8,46.05,36.0,5.0,1,0
S09354,1,0,1,63.81,32.93,25.0,5.0,0,0
S09355,4,1,0,92.65,49.34,28.0,3.0,0,0
S09356,2,1,1,74.39,40.78,16.0,,1,0
S09357,6,0,0,71.33,44.95,15.0,0.0,0,0
S09358,1,1,1,53.78,98.57134607460866,14.0,2.0,1,0
S09359,7,0,0,65.98,29.35,17.0,2.0,0,0
S09360,7,0,1,45.51,33.29,8.0,7.0,0,0
S09361,6,0,1,68.28,45.83,31.0,5.0,1,0
S09362,8,0,0,63.36,41.64,27.0,1.0,1,0
S09363,8,1,0,66.02,33.33,30.0,4.0,0,0
S09364,1,1,1,51.21,36.78,9.0,2.0,0,1
S09365,3,0,1,82.55,43.25,19.0,4.0,1,0
S09366,7,1,1,80.89,54.11,26.0,7.0,0,0
S09367,3,1,1,97.35,52.5,35.0,5.0,0,0
S09368,6,1,1,96.92,47.23,32.0,4.0,0,0
S09369,7,1,0,74.34,27.46,26.0,2.0,0,0
S09370,8,1,1,87.35,56.43,41.0,2.0,0,0
S09371,3,1,1,75.92,31.36,22.0,3.0,1,0
S09372,3,0,1,65.59,98.49140936834894,27.0,0.0,2,0
S09373,1,1,1,67.83,48.34,25.0,2.0,1,0
S09374,3,0,1,81.58,51.08,27.0,4.0,0,0
S09375,3,0,0,100.0,50.72,39.0,4.0,0,0
S09376,4,0,1,89.5,20.12,23.0,6.0,0,0
S09377,4,0,1,75.7,26.12,16.0,0.0,0,0
S09378,7,1,1,79.26,66.86,28.0,3.0,1,0
S09379,7,1,1,79.12,,12.0,3.0,0,0
S09380,6,0,1,70.65,34.0,26.0,0.0,0,0
S09381,1,1,1,83.35,49.59,17.0,2.0,0,0
S09382,4,0,1,69.67,37.83,34.0,0.0,1,0
S09383,6,1,1,56.83,19.64,14.0,4.0,0,0
S09384,2,0,1,79.22,52.49,37.0,0.0,0,0
S09385,4,0,1,81.23,45.41,24.0,2.0,1,0
S09386,6,1,1,69.81,24.42,20.0,5.0,0,0
S09387,7,0,1,76.65,42.85,31.0,0.0,0,0
S09388,7,0,1,,38.83,,0.0,0,0
S09389,4,0,1,71.22,42.65,22.0,2.0,1,0
S09390,4,0,1,65.29,33.02,17.0,0.0,2,0
S09391,4,1,1,61.36,42.42,15.0,2.0,0,0
S09392,6,0,1,68.19,34.97,40.0,3.0,0,0
S09393,4,0,1,95.02,49.53,17.0,3.0,0,1
S09394,4,1,0,69.02,27.33,12.0,4.0,0,1
S09395,2,1,1,77.39,55.08,34.0,1.0,0,0
S09396,4,0,1,67.13,19.31,,4.0,0,0
S09397,2,1,1,65.85,44.9,13.0,7.0,2,0
S09398,5,0,1,58.81,,4.0,4.0,0,0
S09399,8,0,1,73.5,47.55,33.0,4.0,1,0
S09400,7,1,1,64.24,47.12,11.0,0.0,0,0
S09401,4,0,0,91.1,43.98,25.0,0.0,0,0
S09402,8,0,1,70.39,53.64,23.0,3.0,1,0
S09403,8,1,1,71.33,42.53,14.0,5.0,1,0
S09404,4,1,1,69.3,40.26,29.0,4.0,0,0
S09405,7,1,1,77.57,59.48,25.0,3.0,0,0
S09406,3,1,1,94.36,52.73,23.0,3.0,0,0
S09407,8,0,1,56.4,24.66,10.0,3.0,1,1
S09408,3,1,1,76.17,55.81,34.0,9.0,0,0
S09409,3,0,0,48.47,95.34643135521809,12.0,0.0,0,0
S09410,2,1,0,90.35,42.1,,8.0,1,0
S09411,7,0,1,70.38,42.77,22.0,7.0,1,0
S09412,3,0,1,49.58,22.84,0.0,7.0,0,0
S09413,7,0,1,52.86,32.95,22.0,0.0,1,1
S09414,1,1,1,84.21,50.85,,4.0,0,0
S09415,5,0,0,47.03,95.35385134902175,58.0,1.0,1,1
S09416,4,1,1,76.17,26.92,9.0,6.0,0,0
S09417,4,1,0,65.57,36.65,0.0,4.0,0,0
S09418,2,1,1,69.08,42.28,26.0,6.0,1,0
S09419,1,0,1,61.89,32.65,14.0,0.0,0,0
S09420,3,0,0,57.71,12.1,6.0,2.0,0,0
S09421,4,1,0,64.69,44.23,21.0,5.0,0,0
S09422,7,1,0,80.58,36.45,22.0,5.0,1,0
S09423,4,0,1,67.61,27.44,11.0,3.0,0,0
S09424,2,1,1,78.32,49.14,24.0,2.0,0,0
S09425,3,0,1,68.37,33.21,26.0,0.0,1,0
S09426,5,0,1,81.17,96.49723326060699,,2.0,0,0
S09427,4,0,1,,45.45,26.0,2.0,0,0
S09428,8,0,1,63.89,39.09,23.0,2.0,0,0
S09429,4,0,0,57.69,26.56,4.0,3.0,0,0
S09430,5,1,0,86.33,51.18,27.0,3.0,0,0
S09431,1,0,1,59.8,43.31,20.0,0.0,1,0
S09432,2,1,1,79.51,96.4349801655471,22.0,4.0,1,0
S09433,7,1,1,72.47,52.29,16.0,2.0,1,0
S09434,3,1,1,65.05,30.66,14.0,2.0,0,0
S09435,4,0,1,78.44,42.56,22.0,2.0,0,0
S09436,5,1,0,92.52,78.19,37.0,2.0,0,0
S09437,1,0,1,81.38,44.39,38.0,1.0,2,0
S09438,5,1,1,73.94,,34.0,5.0,0,0
S09439,3,0,1,96.32,44.75,19.0,2.0,0,1
S09440,2,1,1,46.89,98.49940412764425,6.0,3.0,1,1
S09441,4,0,1,55.32,38.51,22.0,4.0,0,0
S09442,4,1,1,65.03,49.64,30.0,2.0,0,0
S09443,2,0,1,93.29,45.75,22.0,0.0,0,0
S09444,5,0,1,86.14,40.59,29.0,0.0,1,0
S09445,6,1,1,46.26,10.91,4.0,1.0,0,1
S09446,3,0,1,65.45,34.19,22.0,3.0,1,0
S09447,8,1,0,52.14,96.69118890800078,10.0,3.0,0,0
S09448,5,1,0,71.39,39.11,24.0,4.0,0,0
S09449,7,1,0,85.53,47.22,18.0,3.0,1,0
S09450,1,1,0,86.63,22.38,15.0,4.0,0,0
S09451,7,1,0,,98.09170793721015,49.0,1.0,1,0
S09452,3,1,0,65.62,30.36,21.0,1.0,1,1
S09453,6,0,1,70.57,50.19,,5.0,0,0
S09454,7,1,1,82.25,68.85,38.0,2.0,1,0
S09455,3,1,1,100.0,59.59,19.0,3.0,0,0
S09456,3,0,0,54.22,26.55,19.0,2.0,2,0
S09457,1,0,0,95.83,35.73,21.0,3.0,0,0
S09458,5,0,1,75.66,45.03,,2.0,1,0
S09459,7,1,0,84.3,41.26,12.0,6.0,1,0
S09460,4,0,1,74.78,37.53,11.0,0.0,0,0
S09461,2,1,1,93.06,43.41,23.0,3.0,0,0
S09462,3,1,1,76.95,48.08,20.0,2.0,2,0
S09463,4,1,1,62.27,32.12,,5.0,0,0
S09464,8,0,1,78.75,27.3,17.0,4.0,0,0
S09465,1,1,1,88.9,63.89,30.0,5.0,0,0
S09466,3,1,1,72.0,47.82,32.0,4.0,0,0
S09467,6,0,1,40.89,34.94,13.0,0.0,0,1
S09468,2,0,0,70.28,46.79,21.0,3.0,1,0
S09469,8,0,1,73.47,50.21,26.0,1.0,2,0
S09470,8,1,1,71.33,56.89,11.0,5.0,0,0
S09471,4,0,1,64.57,47.21,27.0,4.0,0,0
S09472,6,0,0,91.85,33.68,20.0,1.0,0,0
S09473,7,0,1,36.41,15.63,22.0,2.0,2,0
S09474,6,0,1,73.41,41.03,29.0,2.0,0,0
S09475,2,0,1,73.62,28.46,27.0,2.0,0,0
S09476,1,1,1,100.0,96.44828921567,37.0,5.0,0,0
S09477,3,0,1,71.78,52.79,22.0,1.0,1,0
S09478,2,1,1,78.68,49.38,19.0,10.0,1,0
S09479,3,0,0,73.88,45.71,16.0,3.0,1,0
S09480,6,0,1,73.42,96.92353670757858,37.0,2.0,1,0
S09481,5,1,0,98.44,98.19098949362721,33.0,5.0,0,0
S09482,2,1,1,55.33,22.73,7.0,3.0,0,0
S09483,1,1,1,61.99,46.22,23.0,3.0,1,0
S09484,2,0,1,83.31,46.14,29.0,1.0,0,0
S09485,4,0,1,75.85,48.51,21.0,2.0,0,0
S09486,7,1,1,67.75,50.59,14.0,1.0,1,0
S09487,3,0,0,70.94,39.25,28.0,4.0,0,0
S09488,3,1,1,,40.38,35.0,5.0,0,0
S09489,5,0,0,79.28,63.92,28.0,1.0,0,0
S09490,1,0,1,61.31,39.16,19.0,1.0,0,0
S09491,2,1,1,75.57,29.62,17.0,3.0,1,0
S09492,1,1,1,71.25,33.84,26.0,3.0,1,0
S09493,5,1,1,79.06,52.18,20.0,4.0,0,0
S09494,4,1,1,67.18,30.35,11.0,1.0,0,0
S09495,5,0,1,53.88,23.47,25.0,8.0,2,0
S09496,5,1,1,,30.25,18.0,4.0,0,0
S09497,4,1,1,80.23,44.42,10.0,7.0,0,0
S09498,7,0,1,93.23,63.56,41.0,3.0,0,0
S09499,8,0,1,52.26,37.98,1.0,2.0,0,0
S09500,1,1,1,70.94,97.45941684101395,19.0,1.0,0,1
S09501,8,0,1,68.54,34.45,12.0,0.0,1,0
S09502,2,1,1,66.06,25.15,14.0,4.0,0,0
S09503,2,0,0,,21.16,32.0,0.0,1,0
S09504,5,1,0,56.01,28.8,16.0,3.0,0,0
S09505,1,1,1,76.06,47.61,27.0,,1,0
S09506,3,1,0,64.5,49.14,26.0,4.0,2,0
S09507,2,1,1,59.6,48.07,13.0,4.0,0,0
S09508,4,0,1,93.46,46.76,39.0,2.0,0,0
S09509,7,1,0,100.0,60.57,36.0,1.0,0,0
S09510,8,1,1,71.15,37.39,,7.0,1,0
S09511,2,1,1,49.47,,9.0,3.0,1,1
S09512,5,1,1,77.95,57.06,28.0,5.0,1,0
S09513,4,1,0,40.72,31.99,11.0,5.0,0,0
S09514,4,1,1,51.75,36.3,24.0,1.0,0,0
S09515,6,1,0,78.2,46.54,,5.0,0,0
S09516,8,1,1,51.24,,31.0,4.0,1,0
S09517,4,1,0,67.56,42.52,24.0,5.0,2,0
S09518,1,0,1,49.75,28.13,13.0,2.0,1,1
S09519,8,0,1,72.84,37.28,21.0,3.0,2,0
S09520,8,1,0,88.85,57.12,28.0,6.0,0,0
S09521,3,0,1,62.81,26.24,14.0,0.0,1,1
S09522,5,0,1,71.71,53.11,28.0,2.0,0,0
S09523,7,0,0,59.76,,18.0,2.0,0,0
S09524,5,1,0,60.81,47.22,34.0,6.0,1,0
S09525,4,1,1,59.53,96.00278499410864,14.0,5.0,1,0
S09526,8,1,1,83.79,44.26,26.0,3.0,0,0
S09527,7,1,1,50.8,21.77,11.0,6.0,0,0
S09528,5,1,1,67.02,48.35,36.0,3.0,0,0
S09529,2,0,1,78.15,28.91,13.0,0.0,0,0
S09530,4,0,0,85.65,99.64352769117258,28.0,6.0,0,0
S09531,6,0,1,78.61,35.63,27.0,1.0,1,0
S09532,3,0,1,70.91,,13.0,0.0,0,0
S09533,5,1,1,63.47,36.41,40.0,4.0,1,0
S09534,6,0,0,85.88,32.59,20.0,8.0,0,0
S09535,1,1,1,58.99,25.37,18.0,1.0,0,1
S09536,5,1,1,59.22,38.17,31.0,4.0,0,0
S09537,6,0,1,92.29,47.47,27.0,0.0,0,0
S09538,2,1,1,77.4,46.27,26.0,,0,0
S09539,5,1,1,77.93,52.24,22.0,5.0,0,0
S09540,6,1,1,80.98,47.62,25.0,5.0,0,0
S09541,1,1,1,70.58,32.74,31.0,0.0,0,0
S09542,6,1,1,50.43,35.86,11.0,3.0,1,1
S09543,3,1,1,75.77,30.7,3.0,9.0,1,0
S09544,4,1,1,4.941433738621113,97.84266917118234,22.0,5.0,1,1
S09545,6,0,1,59.11,36.38,18.0,3.0,1,0
S09546,1,1,1,55.66,33.5,18.0,2.0,0,0
S09547,1,0,1,71.3,57.01,21.0,2.0,1,0
S09548,4,0,1,51.63,23.28,8.0,5.0,0,0
S09549,8,0,1,69.85,47.78,20.0,2.0,0,0
S09550,1,0,0,68.04,44.98,35.0,2.0,1,0
S09551,7,0,1,70.21,39.51,21.0,3.0,0,0
S09552,1,0,1,78.04,43.13,30.0,0.0,2,0
S09553,4,0,0,81.33,26.47,18.0,3.0,1,0
S09554,4,1,1,61.33,38.51,16.0,2.0,0,0
S09555,4,1,0,85.05,50.65,,6.0,0,0
S09556,1,1,0,68.71,15.82,32.0,3.0,1,0
S09557,7,0,1,98.3,48.43,19.0,5.0,0,0
S09558,3,1,1,63.22,37.33,,1.0,0,0
S09559,7,0,0,47.83,27.0,16.0,0.0,1,1
S09560,6,0,1,84.5,52.77,29.0,0.0,0,0
S09561,5,0,1,,30.42,,3.0,1,0
S09562,3,1,1,90.02,44.35,13.0,5.0,0,0
S09563,6,1,1,76.64,60.59,25.0,3.0,1,0
S09564,8,1,0,100.0,35.9,25.0,1.0,0,0
S09565,8,1,1,69.17,40.84,16.0,5.0,0,0
S09566,8,0,1,87.69,44.27,25.0,4.0,0,0
S09567,2,1,1,,26.1,11.0,3.0,2,0
S09568,5,0,1,79.38,52.34,15.0,3.0,2,0
S09569,4,0,1,82.17,46.58,26.0,4.0,0,0
S09570,8,1,1,84.49,37.87,12.0,0.0,0,0
S09571,8,1,1,83.64,46.31,23.0,6.0,0,0
S09572,7,0,1,23.45,0.0,0.0,1.0,1,1
S09573,2,0,0,70.97,52.01,22.0,0.0,0,0
S09574,3,0,1,,49.81,38.0,0.0,1,0
S09575,6,0,1,66.33,26.53,13.0,0.0,0,0
S09576,6,0,1,67.75,34.29,24.0,5.0,1,0
S09577,3,1,1,86.66,49.75,29.0,6.0,1,0
S09578,2,0,1,75.04,52.87,28.0,1.0,2,0
S09579,2,0,1,,25.76,18.0,1.0,1,0
S09580,6,0,0,49.98,24.79,26.0,3.0,1,1
S09581,4,1,1,95.0,61.59,36.0,7.0,0,0
S09582,4,0,1,62.29,31.81,25.0,1.0,0,0
S09583,7,0,1,70.04,29.53,10.0,2.0,2,0
S09584,1,1,1,100.0,59.73,33.0,5.0,0,0
S09585,7,1,1,,16.8,15.0,5.0,1,0
S09586,3,0,0,67.86,42.6,14.0,4.0,0,0
S09587,8,1,1,75.48,,19.0,3.0,2,0
S09588,8,0,1,47.91,96.09809647043403,57.0,1.0,3,1
S09589,5,1,1,46.17,45.55,17.0,5.0,0,0
S09590,3,0,1,64.78,53.97,28.0,1.0,0,0
S09591,2,1,1,65.29,31.93,27.0,4.0,0,0
S09592,2,1,1,74.01,31.6,25.0,1.0,1,0
S09593,8,1,1,57.33,29.56,18.0,5.0,1,0
S09594,2,1,0,78.51,50.85,22.0,7.0,0,0
S09595,4,0,0,39.65,28.54,9.0,3.0,1,1
S09596,4,1,1,70.95,34.64,16.0,4.0,1,0
S09597,6,0,1,77.4,17.09,21.0,3.0,0,0
S09598,7,0,1,76.93,45.76,27.0,0.0,1,0
S09599,5,0,1,,29.32,34.0,,0,0
S09600,7,1,1,2.2439805093460037,97.9708904493298,18.0,3.0,0,0
S09601,5,1,1,69.12,34.98,15.0,2.0,0,0
S09602,4,1,1,90.51,44.46,37.0,2.0,0,0
S09603,2,1,1,63.01,44.51,3.0,5.0,0,0
S09604,2,1,1,86.67,53.52,36.0,5.0,0,0
S09605,4,1,1,89.06,51.19,17.0,4.0,0,0
S09606,1,1,1,45.96,37.99,18.0,7.0,0,0
S09607,3,0,0,70.08,29.41,18.0,7.0,0,0
S09608,4,0,1,57.33,35.57,20.0,0.0,1,0
S09609,4,1,1,49.47,20.92,31.0,10.0,0,0
S09610,7,1,1,83.88,42.41,20.0,5.0,0,0
S09611,8,0,1,79.1,32.93,17.0,6.0,0,0
S09612,6,0,1,75.95,41.43,24.0,0.0,0,0
S09613,1,0,1,55.72,35.3,29.0,3.0,0,0
S09614,4,0,1,75.16,34.67,,2.0,1,0
S09615,6,1,0,52.34,38.19,16.0,3.0,2,0
S09616,5,0,1,73.16,46.33,24.0,3.0,0,0
S09617,4,0,1,62.08,29.2,11.0,2.0,0,0
S09618,4,1,1,87.76,75.65,,9.0,0,0
S09619,4,0,1,66.55,23.83,17.0,7.0,0,0
S09620,5,0,1,75.47,99.80145150526944,34.0,2.0,1,0
S09621,2,1,1,75.5,59.84,30.0,1.0,1,0
S09622,5,0,1,70.86,42.97,11.0,3.0,1,0
S09623,2,1,1,73.58,51.4,21.0,6.0,0,0
S09624,6,1,1,76.56,59.1,28.0,1.0,0,0
S09625,7,1,1,58.55,42.39,10.0,7.0,0,0
S09626,5,0,1,78.04,31.13,16.0,0.0,0,0
S09627,4,1,1,84.96,44.14,23.0,1.0,0,0
S09628,8,1,1,77.96,51.84,27.0,6.0,1,0
S09629,6,1,1,66.69,27.92,29.0,5.0,0,0
S09630,4,0,1,74.62,,25.0,0.0,0,0
S09631,1,0,1,66.54,64.56,40.0,3.0,1,0
S09632,1,0,0,70.22,99.41658217172876,16.0,3.0,1,1
S09633,2,1,1,54.18,37.79,22.0,1.0,0,0
S09634,2,1,0,92.7,98.04244475534325,21.0,1.0,0,0
S09635,6,0,1,100.0,67.17,45.0,1.0,0,0
S09636,5,1,1,61.44,26.73,29.0,5.0,0,0
S09637,8,1,1,83.79,54.56,,1.0,0,0
S09638,5,1,1,93.87,28.68,16.0,2.0,0,0
S09639,8,0,0,57.64,31.31,,2.0,0,0
S09640,5,1,1,39.62,16.67,4.0,2.0,1,0
S09641,3,1,1,94.75,57.31,34.0,2.0,0,0
S09642,6,1,0,71.85,46.45,11.0,7.0,0,0
S09643,4,1,1,64.21,28.06,22.0,3.0,1,0
S09644,3,1,1,72.71,48.33,20.0,6.0,0,1
S09645,4,0,1,66.46,47.84,14.0,2.0,0,0
S09646,6,1,0,100.0,51.22,37.0,5.0,0,0
S09647,4,0,1,64.04,,19.0,0.0,1,0
S09648,6,1,1,76.91,39.04,23.0,3.0,0,0
S09649,8,1,1,,98.19637412065316,35.0,2.0,0,0
S09650,4,1,0,1.143426008154186,99.99597242137327,,3.0,0,0
S09651,3,1,0,88.44,43.75,31.0,5.0,0,0
S09652,4,0,0,65.61,30.85,6.0,4.0,0,0
S09653,7,0,1,69.72,39.79,9.0,3.0,1,0
S09654,2,1,1,39.38,31.35,11.0,4.0,0,0
S09655,8,0,0,70.88,50.8,30.0,0.0,0,0
S09656,4,0,1,72.49,55.26,24.0,0.0,0,0
S09657,7,1,0,83.13,56.77,31.0,6.0,0,0
S09658,7,0,0,98.93,55.24,32.0,2.0,0,0
S09659,7,0,1,82.67,52.77,34.0,1.0,0,0
S09660,8,0,1,88.06,54.08,33.0,1.0,0,0
S09661,2,1,1,71.74,42.57,14.0,2.0,1,0
S09662,5,0,1,91.26,38.86,,0.0,0,0
S09663,1,1,1,72.17,28.02,10.0,3.0,0,1
S09664,3,0,1,89.11,55.24,32.0,0.0,0,0
S09665,1,0,1,84.07,54.96,25.0,0.0,0,0
S09666,6,0,1,2.0869536122117602,97.27401854166881,26.0,5.0,1,0
S09667,5,0,1,48.89,4.52,17.0,4.0,0,0
S09668,6,1,1,88.4,63.06,,0.0,0,0
S09669,2,0,1,77.67,50.58,36.0,2.0,1,0
S09670,3,0,1,82.54,30.98,26.0,1.0,0,0
S09671,6,0,1,76.7,36.99,26.0,2.0,0,0
S09672,7,0,0,79.29,33.67,36.0,4.0,0,0
S09673,8,0,1,,62.58,45.0,0.0,0,0
S09674,1,0,0,64.89,96.49844874844892,20.0,4.0,1,0
S09675,4,1,1,79.01,37.22,21.0,3.0,0,0
S09676,1,0,1,60.34,54.33,15.0,1.0,0,0
S09677,7,1,1,80.65,,29.0,0.0,0,0
S09678,1,1,1,75.77,51.56,22.0,1.0,0,0
S09679,7,0,1,62.54,25.28,,0.0,1,0
S09680,2,1,0,73.4,45.87,32.0,7.0,0,0
S09681,1,1,1,63.47,37.74,26.0,1.0,0,0
S09682,8,1,0,66.33,96.63547923831635,55.0,4.0,1,0
S09683,4,1,1,77.32,58.02,35.0,4.0,0,0
S09684,4,1,1,76.03,,25.0,,0,0
S09685,6,0,1,43.19,15.8,14.0,1.0,1,1
S09686,3,1,1,77.56,60.82,32.0,1.0,0,0
S09687,6,0,1,67.45,33.82,11.0,0.0,0,0
S09688,4,1,1,65.79,16.82,17.0,5.0,0,0
S09689,3,1,0,55.09,54.94,16.0,3.0,1,0
S09690,4,1,1,71.32,47.35,30.0,4.0,0,0
S09691,1,1,1,64.15,34.22,15.0,5.0,0,0
S09692,3,0,1,91.1,30.02,24.0,2.0,0,0
S09693,5,1,1,45.76,31.56,10.0,0.0,0,0
S09694,2,0,1,57.54,19.73,21.0,0.0,0,0
S09695,1,1,1,56.53,48.72,16.0,1.0,1,0
S09696,6,1,1,75.88,14.07,12.0,7.0,0,0
S09697,4,0,0,89.6,53.84,19.0,2.0,1,0
S09698,2,1,0,79.55,60.14,26.0,3.0,0,0
S09699,6,0,1,55.58,99.81042135807466,18.0,0.0,1,0
S09700,7,0,1,65.56,37.59,20.0,0.0,1,0
S09701,1,1,1,59.86,34.13,14.0,3.0,0,0
S09702,2,1,1,79.62,,,0.0,3,0
S09703,3,1,1,65.26,32.17,23.0,1.0,0,0
S09704,6,0,0,50.81,31.79,17.0,1.0,1,0
S09705,1,0,0,80.77,55.55,29.0,2.0,1,0
S09706,7,0,1,90.95,66.25,42.0,2.0,0,0
S09707,3,0,1,69.32,24.21,13.0,0.0,0,0
S09708,2,0,1,73.81,47.36,20.0,3.0,0,0
S09709,7,0,1,49.41,32.93,12.0,4.0,0,0
S09710,1,1,1,41.11,6.55,21.0,5.0,0,0
S09711,2,0,0,44.26,6.87,,7.0,1,1
S09712,8,1,0,71.33,45.94,16.0,2.0,1,0
S09713,5,1,1,67.38,37.05,20.0,5.0,1,0
S09714,4,0,0,,56.5,26.0,3.0,1,0
S09715,6,1,1,69.04,,,3.0,0,0
S09716,6,0,1,86.82,60.1,25.0,5.0,0,0
S09717,5,0,0,,40.13,22.0,4.0,0,0
S09718,1,1,1,67.16,29.26,13.0,4.0,0,0
S09719,5,0,1,56.95,28.89,14.0,0.0,0,0
S09720,3,0,1,43.26,39.74,33.0,9.0,1,1
S09721,7,1,1,93.5,66.17,,5.0,0,0
S09722,5,0,1,57.86,17.17,22.0,1.0,1,0
S09723,1,1,1,49.55,28.26,,1.0,0,0
S09724,8,1,1,73.95,51.03,24.0,2.0,0,0
S09725,3,0,1,49.69,43.33,21.0,4.0,0,0
S09726,3,1,1,73.93,56.46,28.0,0.0,1,0
S09727,8,0,1,66.96,21.31,23.0,0.0,0,0
S09728,7,0,0,85.86,31.09,28.0,1.0,1,0
S09729,7,1,1,84.55,95.94279806878563,24.0,7.0,0,0
S09730,6,0,1,88.55,69.03,32.0,6.0,0,0
S09731,8,1,0,75.09,44.9,24.0,2.0,0,0
S09732,1,0,0,59.12,41.1,35.0,5.0,0,0
S09733,5,0,1,56.45,,25.0,2.0,1,1
S09734,3,1,1,64.04,25.72,14.0,,0,1
S09735,4,1,1,100.0,42.41,23.0,7.0,0,0
S09736,2,0,1,68.26,33.87,18.0,5.0,1,0
S09737,2,1,1,74.42,31.08,15.0,2.0,0,0
S09738,4,0,1,94.78,57.51,27.0,0.0,0,0
S09739,8,0,1,75.82,51.24,,1.0,0,0
S09740,6,1,1,60.77,29.6,16.0,4.0,0,0
S09741,3,1,1,82.95,40.1,24.0,8.0,0,0
S09742,4,0,1,65.57,31.01,21.0,2.0,1,0
S09743,5,1,0,76.34,59.34,,5.0,0,0
S09744,2,0,1,79.68,29.88,18.0,4.0,1,0
S09745,5,1,1,64.59,42.04,29.0,5.0,0,0
S09746,6,1,1,74.8,32.29,27.0,1.0,0,0
S09747,2,0,1,96.0,96.50449996822177,27.0,2.0,0,0
S09748,5,0,1,62.6,26.9,12.0,4.0,1,1
S09749,6,1,1,91.75,46.55,18.0,7.0,1,0
S09750,5,1,1,63.14,19.69,7.0,4.0,0,0
S09751,3,0,1,99.03,,41.0,1.0,0,0
S09752,5,0,1,59.17,24.05,25.0,4.0,0,0
S09753,7,0,1,66.09,31.78,16.0,7.0,0,1
S09754,2,1,1,94.62,56.52,41.0,2.0,0,0
S09755,5,1,1,95.28,70.58,36.0,4.0,0,0
S09756,6,1,1,84.28,56.55,28.0,3.0,1,0
S09757,3,0,0,55.77,33.27,23.0,3.0,1,0
S09758,4,1,1,73.24,30.4,28.0,,1,0
S09759,8,0,1,72.02,28.82,24.0,2.0,0,1
S09760,3,0,1,59.16,36.7,16.0,1.0,0,0
S09761,5,0,1,82.45,68.16,25.0,2.0,2,0
S09762,2,0,0,60.35,24.37,5.0,1.0,0,0
S09763,8,1,1,52.64,8.22,9.0,6.0,0,0
S09764,5,0,0,47.69,39.86,28.0,4.0,0,0
S09765,7,0,1,97.68,63.25,25.0,0.0,0,0
S09766,5,1,1,64.34,31.54,5.0,2.0,0,1
S09767,3,0,1,64.66,95.44934722441843,27.0,0.0,1,0
S09768,3,0,0,56.54,24.46,19.0,3.0,0,0
S09769,6,0,1,92.52,43.87,32.0,6.0,0,0
S09770,7,0,1,,31.94,14.0,0.0,0,1
S09771,2,0,0,53.94,24.04,23.0,2.0,0,0
S09772,7,1,1,67.17,46.74,33.0,5.0,0,0
S09773,7,0,1,71.68,29.58,18.0,0.0,1,0
S09774,1,0,1,81.88,57.64,31.0,9.0,0,0
S09775,1,1,0,,34.68,28.0,2.0,1,0
S09776,6,0,1,95.17,49.96,26.0,2.0,0,0
S09777,7,1,1,61.97,44.8,31.0,0.0,1,0
S09778,4,0,0,56.87,47.64,26.0,1.0,1,0
S09779,6,1,1,55.44,33.36,7.0,1.0,2,0
S09780,8,0,1,60.39,40.61,31.0,0.0,2,0
S09781,3,1,1,54.47,25.82,7.0,7.0,1,0
S09782,2,1,1,83.26,32.68,21.0,6.0,0,0
S09783,8,1,1,56.99,31.27,22.0,0.0,1,0
S09784,3,1,1,70.01,57.42,30.0,5.0,1,0
S09785,4,0,1,56.56,32.91,18.0,3.0,0,0
S09786,4,0,1,54.38,19.78,11.0,3.0,1,0
S09787,5,1,1,88.6,56.09,26.0,1.0,1,0
S09788,3,1,1,96.04,54.25,28.0,4.0,0,0
S09789,6,0,1,1.1889481609859311,96.78655951360908,,0.0,0,0
S09790,6,1,1,49.93,16.9,,9.0,0,0
S09791,2,1,0,52.01,13.81,,7.0,1,1
S09792,4,1,0,100.0,40.15,21.0,4.0,0,0
S09793,1,1,0,68.19,28.77,16.0,6.0,1,0
S09794,2,1,0,51.38,33.85,14.0,8.0,0,1
S09795,8,0,0,88.23,35.15,19.0,4.0,1,0
S09796,5,1,1,73.01,20.33,,4.0,0,0
S09797,5,0,1,80.54,56.09,33.0,3.0,0,0
S09798,8,0,1,38.43,15.12,2.0,1.0,1,1
S09799,6,1,1,67.11,40.36,10.0,5.0,1,0
S09800,7,1,1,86.23,55.79,40.0,5.0,0,0
S09801,6,0,1,62.39,75.16,26.0,2.0,0,0
S09802,4,1,1,90.53,95.47739974356038,37.0,2.0,0,0
S09803,6,0,1,52.25,22.0,19.0,1.0,1,0
S09804,3,0,1,70.31,46.58,32.0,1.0,1,0
S09805,8,1,1,96.67,99.3908911684191,,7.0,0,0
S09806,2,1,0,54.74,31.72,13.0,3.0,0,0
S09807,8,0,1,76.07,34.76,15.0,1.0,1,0
S09808,8,0,1,80.78,51.86,15.0,2.0,0,0
S09809,2,1,1,73.37,52.92,22.0,5.0,0,0
S09810,6,0,1,68.25,27.32,12.0,5.0,0,0
S09811,8,1,0,58.86,36.15,11.0,3.0,0,0
S09812,5,0,1,74.95,49.89,22.0,1.0,0,0
S09813,3,1,0,,55.13,33.0,0.0,0,0
S09814,8,0,1,50.46,95.227254849797,3.0,0.0,0,1
S09815,5,0,0,88.5,54.1,29.0,1.0,1,0
S09816,1,0,1,58.35,16.42,7.0,0.0,0,0
S09817,2,1,1,50.85,20.23,10.0,9.0,3,0
S09818,6,1,1,63.06,39.68,27.0,2.0,0,0
S09819,4,0,1,58.61,22.75,11.0,2.0,0,1
S09820,2,0,0,68.13,36.87,19.0,0.0,1,1
S09821,7,0,1,53.36,38.38,17.0,1.0,1,1
S09822,1,1,1,78.72,99.5183467157627,30.0,1.0,0,0
S09823,2,0,1,92.72,44.9,25.0,3.0,1,0
S09824,4,1,1,73.59,47.73,33.0,0.0,1,0
S09825,1,0,0,50.34,27.8,11.0,3.0,1,0
S09826,4,1,1,58.3,39.56,21.0,0.0,0,0
S09827,8,1,1,75.32,31.59,22.0,1.0,1,0
S09828,8,0,1,42.5,23.24,18.0,1.0,1,1
S09829,7,0,1,53.51,37.58,32.0,0.0,2,0
S09830,3,1,0,47.29,40.24,11.0,3.0,0,0
S09831,1,0,1,73.73,33.18,23.0,0.0,1,0
S09832,7,1,1,100.0,57.24,29.0,2.0,0,0
S09833,3,1,0,53.09,21.76,11.0,3.0,1,0
S09834,6,0,1,84.24,33.99,21.0,3.0,0,0
S09835,1,1,1,,39.01,19.0,8.0,1,0
S09836,6,0,1,52.2,19.61,9.0,4.0,1,0
S09837,5,1,1,95.46,60.65,25.0,3.0,0,0
S09838,8,0,0,100.0,35.45,7.0,3.0,0,0
S09839,1,0,1,78.18,48.33,36.0,6.0,1,0
S09840,4,0,1,77.44,52.58,38.0,5.0,0,0
S09841,8,0,1,72.93,43.1,28.0,1.0,0,0
S09842,4,0,1,69.78,,15.0,0.0,0,0
S09843,6,0,1,77.1,24.6,14.0,,0,0
S09844,2,1,1,82.14,44.74,14.0,3.0,0,0
S09845,6,0,1,96.95,69.8,37.0,3.0,1,0
S09846,3,0,1,64.16,28.16,30.0,2.0,0,0
S09847,5,0,0,73.91,18.01,24.0,3.0,0,0
S09848,8,0,1,70.67,46.9,29.0,3.0,0,0
S09849,6,0,0,87.36,56.66,32.0,3.0,0,0
S09850,4,0,1,100.0,61.27,26.0,4.0,0,0
S09851,2,1,0,87.88,57.1,36.0,6.0,0,0
S09852,3,1,1,83.97,57.49,34.0,4.0,0,0
S09853,7,1,1,85.62,63.25,19.0,5.0,0,0
S09854,2,0,1,91.01,48.04,36.0,0.0,0,0
S09855,6,1,0,100.0,95.30493921454375,31.0,3.0,0,0
S09856,4,1,0,46.72,42.55,11.0,6.0,3,0
S09857,3,1,1,80.99,47.95,29.0,12.0,1,0
S09858,6,0,1,33.28,16.73,11.0,9.0,0,1
S09859,3,0,1,86.27,46.17,35.0,7.0,0,0
S09860,3,0,1,80.27,28.35,19.0,5.0,2,0
S09861,5,0,1,,6.94,24.0,2.0,0,0
S09862,7,1,1,31.95,24.18,0.0,9.0,2,1
S09863,7,0,0,71.78,34.65,21.0,3.0,1,1
S09864,6,0,1,,40.01,23.0,1.0,0,0
S09865,6,0,1,71.05,33.52,30.0,0.0,1,0
S09866,7,0,1,62.68,33.0,19.0,2.0,1,0
S09867,3,0,1,58.55,41.84,15.0,6.0,0,0
S09868,3,0,1,71.22,39.06,34.0,3.0,0,0
S09869,4,0,1,59.97,50.37,,3.0,0,0
S09870,6,0,1,84.14,42.99,23.0,3.0,0,0
S09871,6,1,1,70.82,32.94,7.0,2.0,0,0
S09872,2,1,1,46.13,,11.0,9.0,1,0
S09873,7,1,1,74.65,46.61,16.0,4.0,1,0
S09874,3,1,1,78.21,51.76,23.0,2.0,0,0
S09875,8,0,0,96.27,97.83686628066089,33.0,2.0,0,0
S09876,6,1,0,85.92,52.57,19.0,4.0,0,0
S09877,8,1,1,58.52,30.47,11.0,5.0,0,0
S09878,6,0,1,93.39,54.68,17.0,3.0,1,0
S09879,5,0,0,51.21,97.4319889059749,11.0,5.0,1,0
S09880,2,1,1,72.42,38.43,15.0,3.0,0,0
S09881,4,0,1,83.31,77.56,44.0,3.0,0,0
S09882,7,1,0,93.88,54.63,42.0,4.0,0,0
S09883,4,0,1,100.0,97.401525799315,55.0,0.0,1,0
S09884,1,0,0,91.12,40.3,19.0,5.0,1,0
S09885,2,1,0,69.95,29.39,20.0,3.0,0,0
S09886,5,1,1,80.7,35.21,16.0,5.0,1,0
S09887,6,1,1,75.37,66.19,38.0,6.0,1,0
S09888,8,1,0,61.36,41.21,25.0,4.0,2,0
S09889,8,1,1,70.27,95.361923071099,,3.0,0,0
S09890,5,0,1,98.97,54.51,35.0,1.0,0,0
S09891,5,1,1,81.69,37.32,14.0,3.0,0,0
S09892,7,0,1,,56.94,31.0,2.0,0,0
S09893,1,0,1,55.76,21.17,15.0,2.0,0,0
S09894,5,1,0,66.28,98.13265637643917,26.0,1.0,1,0
S09895,4,0,1,78.23,58.57,33.0,3.0,1,0
S09896,7,1,1,83.14,45.82,27.0,0.0,0,0
S09897,7,0,1,70.25,24.94,20.0,1.0,1,0
S09898,6,0,0,84.01,36.68,1.0,3.0,0,0
S09899,6,0,1,83.89,40.71,39.0,3.0,0,0
S09900,6,1,1,51.18,11.04,10.0,3.0,1,0
S09901,5,1,1,83.3,98.88831642988495,27.0,4.0,0,0
S09902,2,0,1,88.1,34.64,46.0,1.0,0,0
S09903,3,0,1,76.44,39.2,14.0,3.0,0,0
S09904,6,0,0,44.4,32.93,13.0,2.0,1,1
S09905,5,0,1,67.85,61.23,25.0,4.0,0,0
S09906,2,1,0,78.57,31.6,34.0,3.0,1,0
S09907,8,1,1,59.01,,18.0,5.0,0,0
S09908,8,0,1,85.77,44.71,37.0,5.0,1,0
S09909,6,0,1,82.94,49.64,23.0,3.0,0,0
S09910,2,1,1,74.02,33.21,27.0,7.0,0,0
S09911,8,0,1,72.26,64.1,26.0,0.0,2,0
S09912,2,0,1,74.89,31.77,23.0,6.0,0,0
S09913,4,1,1,71.94,42.26,25.0,8.0,1,0
S09914,7,0,1,52.72,31.35,8.0,3.0,0,0
S09915,5,0,1,65.55,40.64,18.0,4.0,1,0
S09916,2,0,1,73.09,33.38,13.0,0.0,0,0
S09917,1,1,1,93.28,34.11,27.0,0.0,0,0
S09918,3,0,1,82.38,47.83,,1.0,0,0
S09919,6,1,1,94.08,38.98,34.0,4.0,0,0
S09920,6,0,1,50.93,28.01,17.0,0.0,0,0
S09921,2,0,1,66.66,33.73,8.0,6.0,0,0
S09922,2,1,1,100.0,96.92461560790137,35.0,8.0,0,0
S09923,6,0,1,60.86,28.84,18.0,2.0,3,0
S09924,2,0,1,60.56,24.37,23.0,1.0,2,0
S09925,1,0,0,67.92,69.81,32.0,2.0,2,0
S09926,4,1,1,100.0,60.09,29.0,1.0,0,0
S09927,5,0,1,61.93,96.03253161809043,16.0,1.0,0,0
S09928,2,1,1,80.36,99.16073501861715,33.0,1.0,0,0
S09929,2,0,1,77.88,45.73,,5.0,0,0
S09930,2,0,1,43.07,4.23,13.0,0.0,2,0
S09931,3,0,0,71.76,23.58,6.0,2.0,1,0
S09932,1,0,1,63.71,42.58,17.0,0.0,0,0
S09933,1,1,1,,61.02,37.0,1.0,1,0
S09934,3,0,0,98.09,59.09,34.0,1.0,0,0
S09935,1,1,0,66.83,40.59,28.0,3.0,0,0
S09936,3,0,1,66.83,56.62,28.0,0.0,2,0
S09937,5,0,1,100.0,50.37,43.0,0.0,0,0
S09938,1,0,0,61.33,25.69,16.0,1.0,1,0
S09939,5,1,1,51.85,49.04,23.0,8.0,4,0
S09940,5,0,1,92.66,60.05,48.0,5.0,0,0
S09941,5,1,0,71.24,44.72,22.0,3.0,0,1
S09942,6,1,1,76.25,38.11,13.0,9.0,0,0
S09943,7,1,1,100.0,82.05,28.0,1.0,0,0
S09944,1,0,1,50.96,24.68,19.0,4.0,1,0
S09945,2,1,1,69.07,41.41,8.0,1.0,1,0
S09946,3,0,1,53.46,8.75,10.0,2.0,1,0
S09947,6,0,1,,44.67,22.0,4.0,0,0
S09948,7,0,1,63.7,47.13,20.0,1.0,0,0
S09949,8,1,0,54.41,45.74,30.0,8.0,3,1
S09950,5,0,1,82.98,54.58,32.0,2.0,0,0
S09951,4,1,1,72.15,43.94,14.0,3.0,1,0
S09952,4,1,0,53.23,38.29,,7.0,0,0
S09953,1,0,1,54.14,37.87,16.0,0.0,1,0
S09954,4,0,1,,54.99,10.0,1.0,0,0
S09955,5,1,1,46.94,14.96,5.0,1.0,1,0
S09956,2,0,1,75.41,54.32,15.0,4.0,2,0
S09957,7,0,1,92.09,97.5434619858848,19.0,1.0,0,0
S09958,7,0,1,82.01,52.1,30.0,3.0,0,0
S09959,3,1,1,62.65,0.51,0.0,5.0,0,0
S09960,8,0,1,76.12,34.41,32.0,0.0,0,0
S09961,1,0,1,53.23,31.92,22.0,1.0,0,0
S09962,8,0,1,74.04,51.36,20.0,1.0,0,0
S09963,7,0,1,67.1,35.52,28.0,1.0,0,0
S09964,2,1,1,56.41,19.33,8.0,3.0,1,0
S09965,6,0,1,81.36,37.23,19.0,9.0,1,0
S09966,3,1,1,42.34,45.7,16.0,5.0,0,1
S09967,7,1,1,54.21,39.02,14.0,3.0,0,0
S09968,2,0,0,56.02,26.11,12.0,3.0,0,1
S09969,2,1,0,64.43,35.44,,7.0,0,0
S09970,3,1,1,91.49,,40.0,0.0,0,0
S09971,2,1,1,83.31,41.83,37.0,7.0,0,0
S09972,3,1,1,73.58,32.53,26.0,6.0,1,0
S09973,5,0,0,72.87,36.73,20.0,0.0,0,0
S09974,6,1,1,,54.82,27.0,2.0,0,0
S09975,5,0,1,92.58,45.41,23.0,2.0,0,0
S09976,2,1,0,44.76,17.42,22.0,2.0,1,0
S09977,2,0,1,83.57,46.49,34.0,4.0,0,0
S09978,8,1,1,64.38,,35.0,0.0,0,0
S09979,3,1,1,79.54,39.51,19.0,3.0,0,0
S09980,1,1,0,79.62,39.96,18.0,2.0,1,0
S09981,4,0,1,83.0,53.6,31.0,,0,0
S09982,1,1,1,95.75,42.67,29.0,4.0,0,0
S09983,3,1,1,51.43,46.5,23.0,3.0,1,0
S09984,7,1,1,87.08,45.27,38.0,0.0,0,0
S09985,3,1,0,71.04,50.39,36.0,1.0,0,0
S09986,6,1,1,65.09,,20.0,6.0,1,0
S09987,4,1,1,100.0,49.89,40.0,3.0,0,0
S09988,3,0,0,82.53,55.26,22.0,4.0,0,0
S09989,6,0,1,65.74,45.17,22.0,0.0,0,0
S09990,5,1,1,86.36,60.19,27.0,6.0,1,0
S09991,3,1,0,71.31,49.59,21.0,,1,0
S09992,2,0,1,65.51,24.13,35.0,7.0,1,0
S09993,8,0,1,62.91,34.69,8.0,0.0,0,0
S09994,2,0,1,76.57,44.31,24.0,3.0,1,0
S09995,8,1,1,62.79,24.57,20.0,5.0,2,0
S09996,4,1,1,74.33,36.42,28.0,2.0,0,0
S09997,8,1,1,85.31,32.62,,7.0,0,0
S09998,3,0,1,73.66,44.9,21.0,4.0,0,0
S09999,5,0,1,,64.24,28.0,1.0,0,0
S10000,5,1,1,72.2,31.16,4.0,,0,0
